"","landscape","site","year","uniqueID","spring.start","spring.end","spring.gap.start","spring.gap.end","spring.exposure","summer.start","summer.end","summer.gap.start","summer.gap.end","summer.exposure","total.exposure","honey.bee.abund"
"1","FBG","FBG01",2010,"FBG012010",2010-05-02,2010-06-07,NA,NA,36,2010-08-02,2010-09-13,NA,NA,42,78,11
"2","FBG","FBG02",2010,"FBG022010",2010-05-02,2010-06-07,NA,NA,36,2010-08-02,2010-09-13,NA,NA,42,78,22
"3","FBG","FBG03",2010,"FBG032010",2010-05-02,2010-06-07,NA,NA,36,2010-08-02,2010-09-13,NA,NA,42,78,4
"4","FBG","FBG04",2010,"FBG042010",2010-05-02,2010-06-07,NA,NA,36,2010-08-02,2010-09-13,NA,NA,42,78,2
"5","FBG","FBG05",2010,"FBG052010",2010-05-02,2010-06-07,NA,NA,36,2010-08-02,2010-09-13,NA,NA,42,78,10
"6","FBG","FBG06",2010,"FBG062010",2010-05-02,2010-06-07,NA,NA,36,2010-08-02,2010-09-13,NA,NA,42,78,7
"7","FBG","FBG07",2010,"FBG072010",2010-05-02,2010-06-07,NA,NA,36,2010-08-02,2010-09-13,NA,NA,42,78,19
"8","FBG","FBG08",2010,"FBG082010",2010-05-02,2010-06-07,NA,NA,36,2010-08-02,2010-09-13,NA,NA,42,78,6
"9","FBG","FBG09",2010,"FBG092010",2010-05-02,2010-06-07,NA,NA,36,2010-08-02,2010-09-13,NA,NA,42,78,6
"10","FBG","FBG10",2010,"FBG102010",2010-05-02,2010-06-07,NA,NA,36,2010-08-02,2010-09-13,NA,NA,42,78,8
"11","FBG","FBG11",2010,"FBG112010",2010-05-02,2010-06-07,NA,NA,36,2010-08-02,2010-09-13,NA,NA,42,78,7
"12","FBG","FBG12",2010,"FBG122010",2010-05-02,2010-06-07,NA,NA,36,2010-08-02,2010-08-16,NA,NA,14,50,1
"13","FBG","FBG13",2010,"FBG132010",2010-05-02,2010-06-07,NA,NA,36,2010-08-02,2010-09-13,NA,NA,42,78,12
"14","FBG","FBG14",2010,"FBG142010",2010-05-02,2010-06-07,NA,NA,36,2010-08-02,2010-09-13,NA,NA,42,78,2
"15","FBG","FBG15",2010,"FBG152010",2010-05-02,2010-06-07,NA,NA,36,2010-08-02,2010-09-13,NA,NA,42,78,9
"16","FBG","FBG16",2010,"FBG162010",2010-05-02,2010-06-07,NA,NA,36,2010-08-02,2010-09-13,NA,NA,42,78,10
"17","GFH","GFH01",2010,"GFH012010",2010-05-04,2010-06-09,NA,NA,36,2010-08-04,2010-09-15,NA,NA,42,78,5
"18","GFH","GFH02",2010,"GFH022010",2010-05-04,2010-06-09,NA,NA,36,2010-08-04,2010-09-15,NA,NA,42,78,3
"19","GFH","GFH03",2010,"GFH032010",2010-05-04,2010-06-09,NA,NA,36,2010-08-04,2010-09-15,NA,NA,42,78,1
"20","GFH","GFH04",2010,"GFH042010",2010-05-04,2010-05-26,NA,NA,22,2010-08-04,2010-09-15,NA,NA,42,64,5
"21","GFH","GFH05",2010,"GFH052010",2010-05-04,2010-06-09,NA,NA,36,2010-08-04,2010-09-15,NA,NA,42,78,5
"22","GFH","GFH06",2010,"GFH062010",2010-05-04,2010-06-09,NA,NA,36,2010-08-04,2010-09-15,NA,NA,42,78,0
"23","GFH","GFH07",2010,"GFH072010",2010-05-04,2010-06-09,NA,NA,36,2010-08-04,2010-09-15,NA,NA,42,78,6
"24","GFH","GFH08",2010,"GFH082010",2010-05-04,2010-06-09,NA,NA,36,2010-08-04,2010-09-15,NA,NA,42,78,6
"25","GFH","GFH09",2010,"GFH092010",2010-05-04,2010-06-09,NA,NA,36,2010-08-04,2010-09-15,NA,NA,42,78,7
"26","GFH","GFH10",2010,"GFH102010",2010-05-04,2010-06-09,NA,NA,36,2010-08-04,2010-09-15,NA,NA,42,78,4
"27","GFH","GFH11",2010,"GFH112010",2010-05-04,2010-06-09,NA,NA,36,2010-08-04,2010-09-15,NA,NA,42,78,6
"28","GFH","GFH12",2010,"GFH122010",2010-05-04,2010-06-09,NA,NA,36,2010-08-04,2010-09-15,NA,NA,42,78,8
"29","GFH","GFH13",2010,"GFH132010",2010-05-04,2010-06-09,NA,NA,36,2010-08-04,2010-09-15,NA,NA,42,78,23
"30","GFH","GFH14",2010,"GFH142010",2010-05-04,2010-06-09,NA,NA,36,2010-08-04,2010-09-15,NA,NA,42,78,10
"31","GFH","GFH15",2010,"GFH152010",2010-05-04,2010-06-09,NA,NA,36,2010-08-04,2010-09-15,NA,NA,42,78,14
"32","GFH","GFH16",2010,"GFH162010",2010-05-04,2010-06-09,NA,NA,36,2010-08-04,2010-09-15,NA,NA,42,78,9
"33","HAR","HAR01",2010,"HAR012010",2010-05-11,2010-06-08,NA,NA,28,2010-08-03,2010-09-14,NA,NA,42,70,5
"34","HAR","HAR02",2010,"HAR022010",2010-05-11,2010-06-08,NA,NA,28,2010-08-03,2010-09-14,NA,NA,42,70,7
"35","HAR","HAR03",2010,"HAR032010",2010-05-11,2010-06-08,NA,NA,28,2010-08-03,2010-09-14,NA,NA,42,70,11
"36","HAR","HAR04",2010,"HAR042010",2010-05-11,2010-06-08,NA,NA,28,2010-08-03,2010-09-14,NA,NA,42,70,7
"37","HAR","HAR05",2010,"HAR052010",2010-05-25,2010-06-08,NA,NA,14,2010-08-03,2010-09-14,NA,NA,42,56,7
"38","HAR","HAR06",2010,"HAR062010",2010-05-11,2010-06-08,NA,NA,28,2010-08-03,2010-09-14,NA,NA,42,70,32
"39","HAR","HAR07",2010,"HAR072010",2010-05-11,2010-06-08,NA,NA,28,2010-08-03,2010-09-14,NA,NA,42,70,42
"40","HAR","HAR08",2010,"HAR082010",2010-05-11,2010-06-08,NA,NA,28,2010-08-17,2010-09-14,NA,NA,28,56,9
"41","HAR","HAR09",2010,"HAR092010",2010-05-11,2010-06-08,NA,NA,28,2010-08-03,2010-09-14,NA,NA,42,70,26
"42","HAR","HAR10",2010,"HAR102010",2010-05-11,2010-06-08,NA,NA,28,2010-08-03,2010-09-14,NA,NA,42,70,22
"43","HAR","HAR11",2010,"HAR112010",2010-05-11,2010-06-08,NA,NA,28,2010-08-03,2010-09-14,NA,NA,42,70,52
"44","HAR","HAR12",2010,"HAR122010",2010-05-11,2010-06-08,NA,NA,28,2010-08-17,2010-09-14,NA,NA,28,56,24
"45","HAR","HAR13",2010,"HAR132010",2010-05-11,2010-06-08,NA,NA,28,2010-08-03,2010-09-14,NA,NA,42,70,23
"46","HAR","HAR14",2010,"HAR142010",2010-05-11,2010-06-08,NA,NA,28,2010-08-03,2010-09-14,NA,NA,42,70,25
"47","HAR","HAR15",2010,"HAR152010",2010-05-11,2010-06-08,NA,NA,28,2010-08-03,2010-09-14,NA,NA,42,70,37
"48","HAR","HAR16",2010,"HAR162010",2010-05-11,2010-06-08,NA,NA,28,2010-08-03,2010-09-14,NA,NA,42,70,22
"49","SIP","SIP01",2010,"SIP012010",2010-05-04,2010-06-09,NA,NA,36,2010-08-04,2010-09-01,NA,NA,28,64,14
"50","SIP","SIP02",2010,"SIP022010",2010-05-04,2010-06-09,NA,NA,36,2010-08-04,2010-09-15,NA,NA,42,78,1
"51","SIP","SIP03",2010,"SIP032010",2010-05-04,2010-06-09,NA,NA,36,2010-08-04,2010-09-15,NA,NA,42,78,0
"52","SIP","SIP05",2010,"SIP052010",2010-05-04,2010-06-09,NA,NA,36,2010-08-04,2010-09-15,NA,NA,42,78,7
"53","SIP","SIP06",2010,"SIP062010",2010-05-04,2010-06-09,NA,NA,36,2010-08-04,2010-09-15,NA,NA,42,78,5
"54","SIP","SIP07",2010,"SIP072010",2010-05-04,2010-06-09,NA,NA,36,2010-08-04,2010-09-15,NA,NA,42,78,2
"55","SIP","SIP08",2010,"SIP082010",2010-05-04,2010-06-09,NA,NA,36,2010-08-04,2010-09-15,NA,NA,42,78,0
"56","SIP","SIP09",2010,"SIP092010",2010-05-04,2010-06-09,NA,NA,36,2010-08-04,2010-09-15,NA,NA,42,78,1
"57","SIP","SIP10",2010,"SIP102010",2010-05-04,2010-06-09,NA,NA,36,2010-08-04,2010-09-15,NA,NA,42,78,4
"58","SIP","SIP11",2010,"SIP112010",2010-05-04,2010-06-09,NA,NA,36,2010-08-04,2010-09-15,NA,NA,42,78,3
"59","SIP","SIP12",2010,"SIP122010",2010-05-04,2010-06-09,NA,NA,36,2010-08-04,2010-09-15,NA,NA,42,78,4
"60","SIP","SIP13",2010,"SIP132010",2010-05-04,2010-06-09,NA,NA,36,2010-08-04,2010-09-15,NA,NA,42,78,0
"61","SIP","SIP14",2010,"SIP142010",2010-05-04,2010-06-09,NA,NA,36,2010-08-04,2010-09-15,NA,NA,42,78,1
"62","SIP","SIP15",2010,"SIP152010",2010-05-04,2010-06-09,NA,NA,36,2010-08-04,2010-09-15,NA,NA,42,78,1
"63","SIP","SIP16",2010,"SIP162010",2010-05-04,2010-06-09,NA,NA,36,2010-08-04,2010-09-01,NA,NA,28,64,3
"64","SST","SST01",2010,"SST012010",2010-05-02,2010-06-07,NA,NA,36,2010-08-02,2010-09-13,NA,NA,42,78,0
"65","SST","SST02",2010,"SST022010",2010-05-02,2010-06-07,NA,NA,36,2010-08-02,2010-09-13,NA,NA,42,78,3
"66","SST","SST03",2010,"SST032010",2010-05-02,2010-06-07,NA,NA,36,2010-08-02,2010-09-13,NA,NA,42,78,8
"67","SST","SST04",2010,"SST042010",2010-05-02,2010-06-07,NA,NA,36,2010-08-02,2010-09-13,NA,NA,42,78,3
"68","SST","SST05",2010,"SST052010",2010-05-02,2010-06-07,NA,NA,36,2010-08-02,2010-09-13,NA,NA,42,78,12
"69","SST","SST06",2010,"SST062010",2010-05-02,2010-06-07,NA,NA,36,2010-08-02,2010-09-13,NA,NA,42,78,2
"70","SST","SST07",2010,"SST072010",2010-05-02,2010-06-07,NA,NA,36,2010-08-02,2010-09-13,2010-08-16,2010-08-30,28,64,0
"71","SST","SST08",2010,"SST082010",2010-05-02,2010-06-07,NA,NA,36,2010-08-02,2010-09-13,NA,NA,42,78,1
"72","SST","SST09",2010,"SST092010",2010-05-02,2010-06-07,NA,NA,36,2010-08-02,2010-09-13,NA,NA,42,78,5
"73","SST","SST10",2010,"SST102010",2010-05-02,2010-06-07,NA,NA,36,2010-08-02,2010-09-13,NA,NA,42,78,0
"74","SST","SST11",2010,"SST112010",2010-05-02,2010-06-07,NA,NA,36,2010-08-02,2010-09-13,NA,NA,42,78,2
"75","SST","SST12",2010,"SST122010",2010-05-17,2010-06-07,NA,NA,21,2010-08-02,2010-09-13,NA,NA,42,63,9
"76","SST","SST13",2010,"SST132010",2010-05-02,2010-06-07,NA,NA,36,2010-08-02,2010-09-13,NA,NA,42,78,21
"77","SST","SST14",2010,"SST142010",2010-05-02,2010-06-07,NA,NA,36,2010-08-02,2010-09-13,NA,NA,42,78,1
"78","SST","SST15",2010,"SST152010",2010-05-02,2010-06-07,NA,NA,36,2010-08-02,2010-09-13,NA,NA,42,78,4
"79","SST","SST16",2010,"SST162010",2010-05-02,2010-06-07,NA,NA,36,2010-08-02,2010-09-13,NA,NA,42,78,0
"80","WAN","WAN01",2010,"WAN012010",2010-05-03,2010-06-08,NA,NA,36,2010-08-03,2010-08-31,NA,NA,28,64,1
"81","WAN","WAN02",2010,"WAN022010",2010-05-03,2010-06-08,NA,NA,36,2010-08-03,2010-08-31,NA,NA,28,64,0
"82","WAN","WAN03",2010,"WAN032010",2010-05-03,2010-06-08,NA,NA,36,2010-08-03,2010-09-14,2010-08-17,2010-08-31,28,64,4
"83","WAN","WAN04",2010,"WAN042010",2010-05-03,2010-06-08,NA,NA,36,2010-08-03,2010-08-31,NA,NA,28,64,0
"84","WAN","WAN05",2010,"WAN052010",2010-05-03,2010-06-08,NA,NA,36,2010-08-03,2010-08-17,NA,NA,14,50,0
"85","WAN","WAN06",2010,"WAN062010",2010-05-03,2010-06-08,NA,NA,36,2010-08-03,2010-09-14,NA,NA,42,78,0
"86","WAN","WAN07",2010,"WAN072010",2010-05-03,2010-06-08,NA,NA,36,2010-08-03,2010-09-14,NA,NA,42,78,0
"87","WAN","WAN08",2010,"WAN082010",2010-05-03,2010-06-08,NA,NA,36,2010-08-03,2010-08-31,NA,NA,28,64,0
"88","WAN","WAN09",2010,"WAN092010",2010-05-03,2010-06-08,NA,NA,36,2010-08-17,2010-09-14,NA,NA,28,64,1
"89","WAN","WAN10",2010,"WAN102010",2010-05-03,2010-06-08,NA,NA,36,2010-08-03,2010-09-14,NA,NA,42,78,12
"90","WAN","WAN11",2010,"WAN112010",2010-05-03,2010-06-08,NA,NA,36,2010-08-03,2010-09-14,NA,NA,42,78,0
"91","WAN","WAN12",2010,"WAN122010",2010-05-03,2010-06-08,NA,NA,36,2010-08-03,2010-09-14,NA,NA,42,78,2
"92","WAN","WAN13",2010,"WAN132010",2010-05-03,2010-06-08,NA,NA,36,2010-08-17,2010-09-14,NA,NA,28,64,1
"93","WAN","WAN14",2010,"WAN142010",2010-05-03,2010-06-08,NA,NA,36,2010-08-03,2010-09-14,NA,NA,42,78,3
"94","WAN","WAN15",2010,"WAN152010",2010-05-03,2010-06-08,NA,NA,36,2010-08-03,2010-09-14,NA,NA,42,78,3
"95","WAN","WAN16",2010,"WAN162010",2010-05-03,2010-06-08,NA,NA,36,2010-08-03,2010-09-14,2010-08-17,2010-08-31,28,64,9
"96","FBG","FBG01",2011,"FBG012011",2011-05-02,2011-06-14,NA,NA,43,2011-08-01,2011-09-12,NA,NA,42,85,14
"97","FBG","FBG02",2011,"FBG022011",2011-05-02,2011-06-14,NA,NA,43,2011-08-01,2011-09-12,NA,NA,42,85,41
"98","FBG","FBG03",2011,"FBG032011",2011-05-02,2011-06-14,NA,NA,43,2011-08-01,2011-09-12,2011-08-15,2011-08-29,28,71,7
"99","FBG","FBG04",2011,"FBG042011",2011-05-02,2011-06-14,2011-05-16,2011-05-30,29,2011-08-01,2011-09-12,NA,NA,42,71,25
"100","FBG","FBG05",2011,"FBG052011",2011-05-02,2011-06-14,NA,NA,43,2011-08-01,2011-09-12,NA,NA,42,85,34
"101","FBG","FBG06",2011,"FBG062011",2011-05-02,2011-06-14,NA,NA,43,2011-08-01,2011-09-12,NA,NA,42,85,25
"102","FBG","FBG07",2011,"FBG072011",2011-05-02,2011-06-14,NA,NA,43,2011-08-15,2011-09-12,NA,NA,28,71,23
"103","FBG","FBG08",2011,"FBG082011",2011-05-02,2011-06-14,NA,NA,43,2011-08-01,2011-09-12,NA,NA,42,85,26
"104","FBG","FBG09",2011,"FBG092011",2011-05-02,2011-06-14,NA,NA,43,2011-08-01,2011-09-12,NA,NA,42,85,33
"105","FBG","FBG10",2011,"FBG102011",2011-05-02,2011-06-14,NA,NA,43,2011-08-01,2011-08-15,NA,NA,14,57,11
"106","FBG","FBG11",2011,"FBG112011",2011-05-02,2011-06-14,2011-05-16,2011-05-30,29,2011-08-01,2011-08-29,NA,NA,28,57,9
"107","FBG","FBG12",2011,"FBG122011",2011-05-02,2011-05-30,NA,NA,28,2011-08-01,2011-09-12,NA,NA,42,70,6
"108","FBG","FBG13",2011,"FBG132011",2011-05-02,2011-06-14,NA,NA,43,2011-08-01,2011-09-12,NA,NA,42,85,61
"109","FBG","FBG14",2011,"FBG142011",2011-05-02,2011-06-14,NA,NA,43,2011-08-01,2011-09-12,NA,NA,42,85,29
"110","FBG","FBG15",2011,"FBG152011",2011-05-16,2011-06-14,NA,NA,29,2011-08-01,2011-09-12,NA,NA,42,71,16
"111","FBG","FBG16",2011,"FBG162011",2011-05-02,2011-06-14,NA,NA,43,2011-08-01,2011-09-12,NA,NA,42,85,21
"112","GFH","GFH01",2011,"GFH012011",2011-05-04,2011-06-16,NA,NA,43,2011-08-03,2011-08-31,NA,NA,28,71,5
"113","GFH","GFH02",2011,"GFH022011",2011-05-04,2011-06-16,NA,NA,43,2011-08-03,2011-08-31,NA,NA,28,71,5
"114","GFH","GFH03",2011,"GFH032011",2011-05-04,2011-06-16,NA,NA,43,2011-08-03,2011-09-14,NA,NA,42,85,10
"115","GFH","GFH04",2011,"GFH042011",2011-05-04,2011-06-16,NA,NA,43,2011-08-03,2011-09-14,NA,NA,42,85,14
"116","GFH","GFH05",2011,"GFH052011",2011-05-04,2011-06-16,NA,NA,43,2011-08-03,2011-09-14,NA,NA,42,85,16
"117","GFH","GFH06",2011,"GFH062011",2011-05-04,2011-06-16,NA,NA,43,2011-08-03,2011-09-14,2011-08-17,2011-08-31,28,71,3
"118","GFH","GFH07",2011,"GFH072011",2011-05-04,2011-06-16,NA,NA,43,2011-08-03,2011-09-14,NA,NA,42,85,12
"119","GFH","GFH08",2011,"GFH082011",2011-05-04,2011-06-16,NA,NA,43,2011-08-03,2011-09-14,NA,NA,42,85,17
"120","GFH","GFH09",2011,"GFH092011",2011-05-04,2011-06-16,NA,NA,43,2011-08-03,2011-09-14,NA,NA,42,85,14
"121","GFH","GFH10",2011,"GFH102011",2011-05-04,2011-06-16,NA,NA,43,2011-08-03,2011-09-14,NA,NA,42,85,11
"122","GFH","GFH11",2011,"GFH112011",2011-05-04,2011-06-16,NA,NA,43,2011-08-03,2011-09-14,NA,NA,42,85,29
"123","GFH","GFH12",2011,"GFH122011",2011-05-04,2011-06-16,NA,NA,43,2011-08-03,2011-09-14,NA,NA,42,85,8
"124","GFH","GFH13",2011,"GFH132011",2011-05-04,2011-06-16,NA,NA,43,2011-08-03,2011-09-14,NA,NA,42,85,22
"125","GFH","GFH14",2011,"GFH142011",2011-05-04,2011-06-16,NA,NA,43,2011-08-03,2011-09-14,NA,NA,42,85,13
"126","GFH","GFH15",2011,"GFH152011",2011-05-04,2011-06-16,NA,NA,43,2011-08-03,2011-09-14,NA,NA,42,85,43
"127","GFH","GFH16",2011,"GFH162011",2011-05-04,2011-06-16,NA,NA,43,2011-08-03,2011-09-14,NA,NA,42,85,47
"128","HAR","HAR01",2011,"HAR012011",2011-05-03,2011-06-15,NA,NA,43,2011-08-02,2011-09-13,NA,NA,42,85,8
"129","HAR","HAR02",2011,"HAR022011",2011-05-03,2011-06-15,NA,NA,43,2011-08-02,2011-08-30,NA,NA,28,71,7
"130","HAR","HAR03",2011,"HAR032011",2011-05-03,2011-06-15,NA,NA,43,2011-08-02,2011-09-13,NA,NA,42,85,17
"131","HAR","HAR04",2011,"HAR042011",2011-05-03,2011-06-15,NA,NA,43,2011-08-02,2011-09-13,2011-08-16,2011-08-30,28,71,3
"132","HAR","HAR05",2011,"HAR052011",2011-05-03,2011-06-15,NA,NA,43,2011-08-02,2011-09-13,NA,NA,42,85,22
"133","HAR","HAR06",2011,"HAR062011",2011-05-03,2011-05-31,NA,NA,28,2011-08-02,2011-09-13,NA,NA,42,70,11
"134","HAR","HAR07",2011,"HAR072011",2011-05-03,2011-06-15,NA,NA,43,2011-08-02,2011-09-13,NA,NA,42,85,6
"135","HAR","HAR08",2011,"HAR082011",2011-05-03,2011-06-15,NA,NA,43,2011-08-02,2011-09-13,NA,NA,42,85,10
"136","HAR","HAR09",2011,"HAR092011",2011-05-03,2011-06-15,NA,NA,43,2011-08-02,2011-09-13,NA,NA,42,85,26
"137","HAR","HAR10",2011,"HAR102011",2011-05-03,2011-06-15,NA,NA,43,2011-08-02,2011-09-13,NA,NA,42,85,10
"138","HAR","HAR11",2011,"HAR112011",2011-05-03,2011-06-15,NA,NA,43,2011-08-02,2011-09-13,NA,NA,42,85,18
"139","HAR","HAR12",2011,"HAR122011",2011-05-03,2011-06-15,NA,NA,43,2011-08-02,2011-09-13,NA,NA,42,85,56
"140","HAR","HAR13",2011,"HAR132011",2011-05-03,2011-06-15,NA,NA,43,2011-08-16,2011-09-13,NA,NA,28,71,28
"141","HAR","HAR14",2011,"HAR142011",2011-05-03,2011-06-15,NA,NA,43,2011-08-02,2011-09-13,NA,NA,42,85,28
"142","HAR","HAR15",2011,"HAR152011",2011-05-03,2011-06-15,NA,NA,43,2011-08-02,2011-09-13,NA,NA,42,85,58
"143","HAR","HAR16",2011,"HAR162011",2011-05-03,2011-06-15,NA,NA,43,2011-08-02,2011-09-13,NA,NA,42,85,406
"144","SIP","SIP01",2011,"SIP012011",2011-05-04,2011-06-16,NA,NA,43,2011-08-03,2011-09-14,NA,NA,42,85,0
"145","SIP","SIP02",2011,"SIP022011",2011-05-04,2011-06-16,NA,NA,43,2011-08-03,2011-09-14,NA,NA,42,85,0
"146","SIP","SIP03",2011,"SIP032011",2011-05-18,2011-06-16,NA,NA,29,2011-08-03,2011-09-14,NA,NA,42,71,1
"147","SIP","SIP05",2011,"SIP052011",2011-05-04,2011-06-16,NA,NA,43,2011-08-03,2011-08-31,NA,NA,28,71,0
"148","SIP","SIP06",2011,"SIP062011",2011-05-04,2011-06-16,NA,NA,43,2011-08-03,2011-09-14,NA,NA,42,85,5
"149","SIP","SIP07",2011,"SIP072011",2011-05-04,2011-06-16,NA,NA,43,2011-08-03,2011-08-31,NA,NA,28,71,1
"150","SIP","SIP08",2011,"SIP082011",2011-05-04,2011-06-16,NA,NA,43,2011-08-03,2011-09-14,NA,NA,42,85,0
"151","SIP","SIP09",2011,"SIP092011",2011-05-04,2011-06-16,NA,NA,43,2011-08-03,2011-09-14,NA,NA,42,85,0
"152","SIP","SIP10",2011,"SIP102011",2011-05-04,2011-06-16,NA,NA,43,2011-08-03,2011-08-31,NA,NA,28,71,5
"153","SIP","SIP11",2011,"SIP112011",2011-05-04,2011-06-16,NA,NA,43,2011-08-03,2011-08-17,NA,NA,14,57,2
"154","SIP","SIP12",2011,"SIP122011",2011-05-04,2011-06-16,NA,NA,43,2011-08-03,2011-09-14,NA,NA,42,85,8
"155","SIP","SIP13",2011,"SIP132011",2011-05-04,2011-06-16,NA,NA,43,2011-08-03,2011-09-14,NA,NA,42,85,0
"156","SIP","SIP14",2011,"SIP142011",2011-05-04,2011-06-16,NA,NA,43,2011-08-03,2011-09-14,NA,NA,42,85,0
"157","SIP","SIP15",2011,"SIP152011",2011-05-04,2011-06-16,NA,NA,43,2011-08-03,2011-09-14,NA,NA,42,85,3
"158","SIP","SIP16",2011,"SIP162011",2011-05-04,2011-06-16,NA,NA,43,2011-08-03,2011-09-14,NA,NA,42,85,0
"159","SST","SST01",2011,"SST012011",2011-05-02,2011-06-14,NA,NA,43,2011-08-15,2011-09-12,NA,NA,28,71,1
"160","SST","SST02",2011,"SST022011",2011-05-02,2011-06-14,NA,NA,43,2011-08-01,2011-09-12,NA,NA,42,85,1
"161","SST","SST03",2011,"SST032011",2011-05-02,2011-06-14,NA,NA,43,2011-08-01,2011-09-12,NA,NA,42,85,12
"162","SST","SST04",2011,"SST042011",2011-05-02,2011-06-14,NA,NA,43,2011-08-01,2011-08-29,NA,NA,28,71,5
"163","SST","SST05",2011,"SST052011",2011-05-02,2011-06-14,NA,NA,43,2011-08-15,2011-09-12,NA,NA,28,71,7
"164","SST","SST06",2011,"SST062011",2011-05-02,2011-06-14,NA,NA,43,2011-08-01,2011-09-12,NA,NA,42,85,1
"165","SST","SST07",2011,"SST072011",2011-05-02,2011-06-14,NA,NA,43,2011-08-01,2011-09-12,NA,NA,42,85,1
"166","SST","SST08",2011,"SST082011",2011-05-02,2011-06-14,NA,NA,43,2011-08-01,2011-09-12,NA,NA,42,85,10
"167","SST","SST09",2011,"SST092011",2011-05-02,2011-06-14,NA,NA,43,2011-08-01,2011-09-12,NA,NA,42,85,0
"168","SST","SST10",2011,"SST102011",2011-05-02,2011-06-14,NA,NA,43,2011-08-01,2011-08-29,NA,NA,28,71,2
"169","SST","SST11",2011,"SST112011",2011-05-02,2011-06-14,NA,NA,43,2011-08-01,2011-08-29,NA,NA,28,71,2
"170","SST","SST12",2011,"SST122011",2011-05-02,2011-06-14,NA,NA,43,2011-08-01,2011-09-12,NA,NA,42,85,5
"171","SST","SST13",2011,"SST132011",2011-05-02,2011-06-14,NA,NA,43,2011-08-01,2011-09-12,NA,NA,42,85,9
"172","SST","SST14",2011,"SST142011",2011-05-02,2011-06-14,NA,NA,43,2011-08-01,2011-09-12,NA,NA,42,85,2
"173","SST","SST15",2011,"SST152011",2011-05-02,2011-06-14,NA,NA,43,2011-08-01,2011-08-29,NA,NA,28,71,0
"174","SST","SST16",2011,"SST162011",2011-05-02,2011-06-14,NA,NA,43,2011-08-01,2011-09-12,NA,NA,42,85,2
"175","WAN","WAN01",2011,"WAN012011",2011-05-03,2011-06-15,NA,NA,43,2011-08-02,2011-09-13,NA,NA,42,85,15
"176","WAN","WAN02",2011,"WAN022011",2011-05-03,2011-06-15,NA,NA,43,2011-08-02,2011-09-13,2011-08-16,2011-08-30,28,71,6
"177","WAN","WAN03",2011,"WAN032011",2011-05-03,2011-06-15,NA,NA,43,2011-08-02,2011-09-13,2011-08-16,2011-08-30,28,71,9
"178","WAN","WAN04",2011,"WAN042011",2011-05-03,2011-06-15,NA,NA,43,2011-08-02,2011-09-13,NA,NA,42,85,132
"179","WAN","WAN05",2011,"WAN052011",2011-05-03,2011-06-15,NA,NA,43,2011-08-02,2011-08-30,NA,NA,28,71,1
"180","WAN","WAN06",2011,"WAN062011",2011-05-03,2011-06-15,NA,NA,43,2011-08-02,2011-09-13,NA,NA,42,85,8
"181","WAN","WAN07",2011,"WAN072011",2011-05-03,2011-06-15,NA,NA,43,2011-08-02,2011-09-13,NA,NA,42,85,10
"182","WAN","WAN08",2011,"WAN082011",2011-05-03,2011-06-15,NA,NA,43,2011-08-02,2011-09-13,NA,NA,42,85,40
"183","WAN","WAN09",2011,"WAN092011",2011-05-03,2011-06-15,NA,NA,43,2011-08-02,2011-09-13,NA,NA,42,85,8
"184","WAN","WAN10",2011,"WAN102011",2011-05-03,2011-06-15,NA,NA,43,2011-08-02,2011-09-13,NA,NA,42,85,21
"185","WAN","WAN11",2011,"WAN112011",2011-05-03,2011-06-15,NA,NA,43,2011-08-02,2011-08-30,NA,NA,28,71,3
"186","WAN","WAN12",2011,"WAN122011",2011-05-03,2011-06-15,NA,NA,43,2011-08-02,2011-09-13,NA,NA,42,85,10
"187","WAN","WAN13",2011,"WAN132011",2011-05-03,2011-06-15,NA,NA,43,2011-08-02,2011-09-13,NA,NA,42,85,9
"188","WAN","WAN14",2011,"WAN142011",2011-05-03,2011-06-15,NA,NA,43,2011-08-02,2011-09-13,NA,NA,42,85,7
"189","WAN","WAN15",2011,"WAN152011",2011-05-03,2011-06-15,NA,NA,43,2011-08-16,2011-09-13,NA,NA,28,71,1
"190","WAN","WAN16",2011,"WAN162011",2011-05-03,2011-06-15,NA,NA,43,2011-08-02,2011-09-13,NA,NA,42,85,19
"191","FBG","FBG01",2012,"FBG012012",2012-05-02,2012-06-12,2012-05-15,2012-05-14,42,2012-07-31,2012-09-11,NA,NA,42,84,16
"192","FBG","FBG02",2012,"FBG022012",2012-05-02,2012-06-12,2012-05-15,2012-05-29,27,2012-07-31,2012-09-11,NA,NA,42,69,20
"193","FBG","FBG03",2012,"FBG032012",2012-05-02,2012-06-12,2012-05-15,2012-05-14,42,2012-07-31,2012-09-11,NA,NA,42,84,13
"194","FBG","FBG04",2012,"FBG042012",2012-05-02,2012-06-12,2012-05-15,2012-05-14,42,2012-07-31,2012-09-11,NA,NA,42,84,53
"195","FBG","FBG05",2012,"FBG052012",2012-05-02,2012-05-29,2012-05-15,2012-05-14,28,2012-07-31,2012-09-11,NA,NA,42,70,26
"196","FBG","FBG06",2012,"FBG062012",2012-05-02,2012-06-12,2012-05-15,2012-05-14,42,2012-07-31,2012-09-11,NA,NA,42,84,4
"197","FBG","FBG07",2012,"FBG072012",2012-05-02,2012-06-12,2012-05-15,2012-05-14,42,2012-07-31,2012-09-11,NA,NA,42,84,27
"198","FBG","FBG08",2012,"FBG082012",2012-05-02,2012-06-12,2012-05-15,2012-05-14,42,2012-07-31,2012-09-11,NA,NA,42,84,8
"199","FBG","FBG09",2012,"FBG092012",2012-05-02,2012-06-12,2012-05-15,2012-05-14,42,2012-07-31,2012-09-11,NA,NA,42,84,11
"200","FBG","FBG10",2012,"FBG102012",2012-05-02,2012-06-12,2012-05-15,2012-05-14,42,2012-07-31,2012-09-11,NA,NA,42,84,15
"201","FBG","FBG11",2012,"FBG112012",2012-05-02,2012-06-12,2012-05-15,2012-05-14,42,2012-07-31,2012-09-11,NA,NA,42,84,13
"202","FBG","FBG12",2012,"FBG122012",2012-05-02,2012-06-12,2012-05-15,2012-05-14,42,2012-07-31,2012-08-28,NA,NA,28,70,5
"203","FBG","FBG13",2012,"FBG132012",2012-05-02,2012-06-12,2012-05-15,2012-05-14,42,2012-07-31,2012-09-11,NA,NA,42,84,37
"204","FBG","FBG14",2012,"FBG142012",2012-05-02,2012-06-12,2012-05-15,2012-05-14,42,2012-07-31,2012-09-11,NA,NA,42,84,29
"205","FBG","FBG15",2012,"FBG152012",2012-05-02,2012-06-12,2012-05-15,2012-05-14,42,2012-07-31,2012-09-11,NA,NA,42,84,10
"206","FBG","FBG16",2012,"FBG162012",2012-05-02,2012-06-12,2012-05-15,2012-05-14,42,2012-07-31,2012-09-11,NA,NA,42,84,15
"207","GFH","GFH01",2012,"GFH012012",2012-05-04,2012-06-14,2012-05-17,2012-05-16,42,2012-08-02,2012-09-13,NA,NA,42,84,5
"208","GFH","GFH02",2012,"GFH022012",2012-05-04,2012-06-14,2012-05-17,2012-05-16,42,2012-08-02,2012-09-13,NA,NA,42,84,7
"209","GFH","GFH03",2012,"GFH032012",2012-05-04,2012-06-14,2012-05-17,2012-05-16,42,2012-08-02,2012-09-13,NA,NA,42,84,29
"210","GFH","GFH04",2012,"GFH042012",2012-05-04,2012-06-14,2012-05-17,2012-05-16,42,2012-08-02,2012-09-13,NA,NA,42,84,15
"211","GFH","GFH05",2012,"GFH052012",2012-05-04,2012-06-14,2012-05-17,2012-05-16,42,2012-08-02,2012-09-13,NA,NA,42,84,7
"212","GFH","GFH06",2012,"GFH062012",2012-05-04,2012-06-14,2012-05-17,2012-05-16,42,2012-08-02,2012-09-13,NA,NA,42,84,4
"213","GFH","GFH07",2012,"GFH072012",2012-05-04,2012-06-14,2012-05-17,2012-05-16,42,2012-08-02,2012-09-13,NA,NA,42,84,22
"214","GFH","GFH08",2012,"GFH082012",2012-05-04,2012-06-14,2012-05-17,2012-05-16,42,2012-08-02,2012-09-13,NA,NA,42,84,56
"215","GFH","GFH09",2012,"GFH092012",2012-05-04,2012-06-14,2012-05-17,2012-05-16,42,2012-08-02,2012-09-13,NA,NA,42,84,15
"216","GFH","GFH10",2012,"GFH102012",2012-05-04,2012-06-14,2012-05-17,2012-05-16,42,2012-08-02,2012-09-13,NA,NA,42,84,5
"217","GFH","GFH11",2012,"GFH112012",2012-05-04,2012-06-14,2012-05-17,2012-05-16,42,2012-08-02,2012-09-13,NA,NA,42,84,47
"218","GFH","GFH12",2012,"GFH122012",2012-05-04,2012-06-14,2012-05-17,2012-05-16,42,2012-08-02,2012-09-13,NA,NA,42,84,26
"219","GFH","GFH13",2012,"GFH132012",2012-05-04,2012-06-14,2012-05-17,2012-05-16,42,2012-08-02,2012-08-30,NA,NA,28,70,19
"220","GFH","GFH14",2012,"GFH142012",2012-05-04,2012-06-14,2012-05-17,2012-05-16,42,2012-08-02,2012-09-13,NA,NA,42,84,18
"221","GFH","GFH15",2012,"GFH152012",2012-05-04,2012-06-14,2012-05-17,2012-05-16,42,2012-08-02,2012-08-30,NA,NA,28,70,45
"222","GFH","GFH16",2012,"GFH162012",2012-05-04,2012-06-14,2012-05-17,2012-05-16,42,2012-08-02,2012-09-13,NA,NA,42,84,29
"223","HAR","HAR01",2012,"HAR012012",2012-05-03,2012-06-13,2012-05-16,2012-05-15,42,2012-08-01,2012-09-12,NA,NA,42,84,4
"224","HAR","HAR02",2012,"HAR022012",2012-05-03,2012-06-13,2012-05-16,2012-05-15,42,2012-08-29,2012-09-12,NA,NA,14,56,4
"225","HAR","HAR03",2012,"HAR032012",2012-05-03,2012-06-13,2012-05-16,2012-05-15,42,2012-08-01,2012-09-12,NA,NA,42,84,3
"226","HAR","HAR04",2012,"HAR042012",2012-05-03,2012-06-13,2012-05-16,2012-05-15,42,2012-08-01,2012-08-15,NA,NA,14,56,8
"227","HAR","HAR05",2012,"HAR052012",2012-05-03,2012-06-13,2012-05-16,2012-05-15,42,2012-08-01,2012-09-12,2012-08-15,2012-08-29,28,70,31
"228","HAR","HAR06",2012,"HAR062012",2012-05-03,2012-06-13,2012-05-16,2012-05-15,42,2012-08-01,2012-09-12,NA,NA,42,84,19
"229","HAR","HAR07",2012,"HAR072012",2012-05-03,2012-06-13,2012-05-16,2012-05-15,42,2012-08-01,2012-09-12,NA,NA,42,84,26
"230","HAR","HAR08",2012,"HAR082012",2012-05-03,2012-06-13,2012-05-16,2012-05-15,42,2012-08-15,2012-09-12,NA,NA,28,70,8
"231","HAR","HAR09",2012,"HAR092012",2012-05-03,2012-06-13,2012-05-16,2012-05-15,42,2012-08-01,2012-09-12,NA,NA,42,84,6
"232","HAR","HAR10",2012,"HAR102012",2012-05-03,2012-06-13,2012-05-16,2012-05-15,42,2012-08-01,2012-09-12,NA,NA,42,84,86
"233","HAR","HAR11",2012,"HAR112012",2012-05-03,2012-06-13,2012-05-16,2012-05-15,42,2012-08-01,2012-09-12,NA,NA,42,84,244
"234","HAR","HAR12",2012,"HAR122012",2012-05-03,2012-06-13,2012-05-16,2012-05-15,42,2012-08-01,2012-09-12,NA,NA,42,84,35
"235","HAR","HAR13",2012,"HAR132012",2012-05-03,2012-06-13,2012-05-16,2012-05-15,42,2012-08-15,2012-09-12,NA,NA,28,70,24
"236","HAR","HAR14",2012,"HAR142012",2012-05-03,2012-06-13,2012-05-16,2012-05-15,42,2012-08-01,2012-09-12,NA,NA,42,84,20
"237","HAR","HAR15",2012,"HAR152012",2012-05-03,2012-06-13,2012-05-16,2012-05-15,42,2012-08-01,2012-09-12,NA,NA,42,84,40
"238","HAR","HAR16",2012,"HAR162012",2012-05-03,2012-06-13,2012-05-16,2012-05-15,42,2012-08-01,2012-08-29,NA,NA,28,70,95
"239","SIP","SIP01",2012,"SIP012012",2012-05-04,2012-06-14,2012-05-17,2012-05-16,42,2012-08-02,2012-08-30,NA,NA,28,70,0
"240","SIP","SIP02",2012,"SIP022012",2012-05-04,2012-06-14,2012-05-17,2012-05-16,42,2012-08-02,2012-09-13,NA,NA,42,84,0
"241","SIP","SIP03",2012,"SIP032012",2012-05-04,2012-06-14,2012-05-17,2012-05-16,42,2012-08-02,2012-09-13,NA,NA,42,84,2
"242","SIP","SIP05",2012,"SIP052012",2012-05-04,2012-06-14,2012-05-17,2012-05-16,42,2012-08-02,2012-09-13,NA,NA,42,84,2
"243","SIP","SIP06",2012,"SIP062012",2012-05-04,2012-06-14,2012-05-17,2012-05-16,42,2012-08-16,2012-09-13,NA,NA,28,70,2
"244","SIP","SIP07",2012,"SIP072012",2012-05-04,2012-06-14,2012-05-17,2012-05-16,42,2012-08-02,2012-09-13,NA,NA,42,84,12
"245","SIP","SIP08",2012,"SIP082012",2012-05-04,2012-06-14,2012-05-17,2012-05-16,42,2012-08-02,2012-09-13,2012-08-16,2012-08-30,28,70,5
"246","SIP","SIP09",2012,"SIP092012",2012-05-04,2012-06-14,2012-05-17,2012-05-16,42,2012-08-02,2012-09-13,NA,NA,42,84,0
"247","SIP","SIP10",2012,"SIP102012",2012-05-04,2012-06-14,2012-05-17,2012-05-16,42,2012-08-02,2012-08-16,NA,NA,14,56,11
"248","SIP","SIP11",2012,"SIP112012",2012-05-04,2012-06-14,2012-05-17,2012-05-16,42,2012-08-02,2012-09-13,NA,NA,42,84,12
"249","SIP","SIP12",2012,"SIP122012",2012-05-04,2012-06-14,2012-05-17,2012-05-16,42,2012-08-02,2012-08-30,NA,NA,28,70,17
"250","SIP","SIP13",2012,"SIP132012",2012-05-04,2012-06-14,2012-05-17,2012-05-16,42,2012-08-02,2012-08-30,NA,NA,28,70,1
"251","SIP","SIP14",2012,"SIP142012",2012-05-04,2012-06-14,2012-05-17,2012-05-16,42,2012-08-02,2012-09-13,NA,NA,42,84,0
"252","SIP","SIP15",2012,"SIP152012",2012-05-04,2012-06-14,2012-05-17,2012-05-16,42,2012-08-02,2012-09-13,NA,NA,42,84,0
"253","SIP","SIP16",2012,"SIP162012",2012-05-04,2012-06-14,2012-05-17,2012-05-16,42,2012-08-02,2012-09-13,NA,NA,42,84,5
"254","SST","SST01",2012,"SST012012",2012-05-02,2012-06-12,2012-05-15,2012-05-14,42,2012-07-31,2012-09-11,NA,NA,42,84,5
"255","SST","SST02",2012,"SST022012",2012-05-02,2012-06-12,2012-05-15,2012-05-14,42,2012-07-31,2012-09-11,NA,NA,42,84,1
"256","SST","SST03",2012,"SST032012",2012-05-02,2012-06-12,2012-05-15,2012-05-14,42,2012-07-31,2012-09-11,NA,NA,42,84,8
"257","SST","SST04",2012,"SST042012",2012-05-02,2012-06-12,2012-05-15,2012-05-14,42,2012-07-31,2012-09-11,NA,NA,42,84,18
"258","SST","SST05",2012,"SST052012",2012-05-02,2012-06-12,2012-05-15,2012-05-14,42,2012-07-31,2012-09-11,NA,NA,42,84,4
"259","SST","SST06",2012,"SST062012",2012-05-02,2012-06-12,2012-05-15,2012-05-14,42,2012-07-31,2012-09-11,NA,NA,42,84,1
"260","SST","SST07",2012,"SST072012",2012-05-02,2012-06-12,2012-05-15,2012-05-14,42,2012-07-31,2012-09-11,NA,NA,42,84,1
"261","SST","SST08",2012,"SST082012",2012-05-02,2012-06-12,2012-05-15,2012-05-14,42,2012-07-31,2012-09-11,NA,NA,42,84,12
"262","SST","SST09",2012,"SST092012",2012-05-02,2012-06-12,2012-05-15,2012-05-14,42,2012-07-31,2012-09-11,NA,NA,42,84,3
"263","SST","SST10",2012,"SST102012",2012-05-02,2012-06-12,2012-05-15,2012-05-14,42,2012-07-31,2012-09-11,2012-08-14,2012-08-28,28,70,6
"264","SST","SST11",2012,"SST112012",2012-05-02,2012-06-12,2012-05-15,2012-05-14,42,2012-07-31,2012-09-11,NA,NA,42,84,1
"265","SST","SST12",2012,"SST122012",2012-05-02,2012-06-12,2012-05-15,2012-05-14,42,2012-07-31,2012-09-11,NA,NA,42,84,11
"266","SST","SST13",2012,"SST132012",2012-05-02,2012-06-12,2012-05-15,2012-05-14,42,2012-07-31,2012-09-11,NA,NA,42,84,4
"267","SST","SST14",2012,"SST142012",2012-05-02,2012-06-12,2012-05-15,2012-05-14,42,2012-07-31,2012-09-11,NA,NA,42,84,1
"268","SST","SST15",2012,"SST152012",2012-05-02,2012-06-12,2012-05-15,2012-05-14,42,2012-07-31,2012-09-11,2012-08-14,2012-08-28,28,70,0
"269","SST","SST16",2012,"SST162012",2012-05-02,2012-06-12,2012-05-15,2012-05-14,42,2012-07-31,2012-09-11,NA,NA,42,84,2
"270","WAN","WAN01",2012,"WAN012012",2012-05-03,2012-06-13,2012-05-16,2012-05-15,42,2012-08-01,2012-09-12,NA,NA,42,84,26
"271","WAN","WAN02",2012,"WAN022012",2012-05-03,2012-06-13,2012-05-16,2012-05-15,42,2012-08-01,2012-09-12,NA,NA,42,84,3
"272","WAN","WAN03",2012,"WAN032012",2012-05-03,2012-06-13,2012-05-16,2012-05-15,42,2012-08-01,2012-09-12,NA,NA,42,84,6
"273","WAN","WAN04",2012,"WAN042012",2012-05-03,2012-06-13,2012-05-16,2012-05-15,42,2012-08-01,2012-09-12,NA,NA,42,84,4
"274","WAN","WAN05",2012,"WAN052012",2012-05-03,2012-06-13,2012-05-16,2012-05-15,42,2012-08-01,2012-09-12,2012-08-15,2012-08-29,28,70,2
"275","WAN","WAN06",2012,"WAN062012",2012-05-03,2012-06-13,2012-05-16,2012-05-15,42,2012-08-15,2012-09-12,NA,NA,28,70,10
"276","WAN","WAN07",2012,"WAN072012",2012-05-03,2012-06-13,2012-05-16,2012-05-15,42,2012-08-01,2012-09-12,NA,NA,42,84,3
"277","WAN","WAN08",2012,"WAN082012",2012-05-03,2012-06-13,2012-05-16,2012-05-15,42,2012-08-15,2012-08-29,NA,NA,14,56,3
"278","WAN","WAN09",2012,"WAN092012",2012-05-03,2012-06-13,2012-05-16,2012-05-15,42,2012-08-01,2012-09-12,NA,NA,42,84,16
"279","WAN","WAN10",2012,"WAN102012",2012-05-03,2012-06-13,2012-05-16,2012-05-15,42,2012-08-01,2012-09-12,NA,NA,42,84,14
"280","WAN","WAN11",2012,"WAN112012",2012-05-03,2012-06-13,2012-05-16,2012-05-15,42,2012-08-01,2012-08-29,NA,NA,28,70,1
"281","WAN","WAN12",2012,"WAN122012",2012-05-03,2012-06-13,2012-05-16,2012-05-15,42,2012-08-01,2012-09-12,2012-08-15,2012-08-29,28,70,15
"282","WAN","WAN13",2012,"WAN132012",2012-05-03,2012-06-13,2012-05-16,2012-05-15,42,2012-08-01,2012-08-29,NA,NA,28,70,244
"283","WAN","WAN14",2012,"WAN142012",2012-05-03,2012-06-13,2012-05-16,2012-05-15,42,2012-08-01,2012-08-29,NA,NA,28,70,64
"284","WAN","WAN15",2012,"WAN152012",2012-05-03,2012-06-13,2012-05-16,2012-05-15,42,2012-08-01,2012-09-12,NA,NA,42,84,8
"285","WAN","WAN16",2012,"WAN162012",2012-05-03,2012-06-13,2012-05-16,2012-05-15,42,2012-08-01,2012-09-12,2012-08-15,2012-08-29,28,70,6
"286","FBG","FBG01",2013,"FBG012013",2013-04-29,2013-06-10,NA,NA,42,2013-08-05,2013-09-16,NA,NA,42,84,10
"287","FBG","FBG02",2013,"FBG022013",2013-04-29,2013-06-10,NA,NA,42,2013-08-19,2013-09-16,NA,NA,28,70,16
"288","FBG","FBG03",2013,"FBG032013",2013-04-29,2013-06-10,NA,NA,42,2013-08-05,2013-09-16,NA,NA,42,84,4
"289","FBG","FBG04",2013,"FBG042013",2013-04-29,2013-06-10,NA,NA,42,2013-08-05,2013-09-16,NA,NA,42,84,1
"290","FBG","FBG05",2013,"FBG052013",2013-04-29,2013-06-10,2013-05-13,2013-05-27,28,NA,NA,NA,NA,NA,NA,1
"291","FBG","FBG06",2013,"FBG062013",2013-04-29,2013-06-10,NA,NA,42,2013-08-05,2013-09-16,NA,NA,42,84,6
"292","FBG","FBG07",2013,"FBG072013",2013-04-29,2013-06-10,NA,NA,42,2013-08-05,2013-09-16,NA,NA,42,84,5
"293","FBG","FBG08",2013,"FBG082013",2013-04-29,2013-06-10,NA,NA,42,2013-08-05,2013-09-16,NA,NA,42,84,2
"294","FBG","FBG09",2013,"FBG092013",2013-04-29,2013-06-10,NA,NA,42,2013-08-05,2013-09-16,NA,NA,42,84,8
"295","FBG","FBG10",2013,"FBG102013",2013-04-29,2013-06-10,NA,NA,42,2013-08-05,2013-09-16,NA,NA,42,84,9
"296","FBG","FBG11",2013,"FBG112013",2013-04-29,2013-06-10,NA,NA,42,2013-08-05,2013-09-16,NA,NA,42,84,8
"297","FBG","FBG12",2013,"FBG122013",2013-04-29,2013-06-10,NA,NA,42,2013-08-05,2013-09-16,NA,NA,42,84,8
"298","FBG","FBG13",2013,"FBG132013",2013-04-29,2013-06-10,NA,NA,42,2013-08-05,2013-09-16,NA,NA,42,84,17
"299","FBG","FBG14",2013,"FBG142013",2013-04-29,2013-06-10,NA,NA,42,2013-08-05,2013-09-16,NA,NA,42,84,18
"300","FBG","FBG15",2013,"FBG152013",2013-04-29,2013-06-10,NA,NA,42,2013-08-05,2013-09-16,NA,NA,42,84,6
"301","FBG","FBG16",2013,"FBG162013",2013-04-29,2013-06-10,NA,NA,42,2013-08-05,2013-09-16,2013-08-19,2013-09-02,28,70,5
"302","GFH","GFH01",2013,"GFH012013",2013-05-02,2013-06-13,NA,NA,42,2013-08-07,2013-09-04,NA,NA,28,70,2
"303","GFH","GFH02",2013,"GFH022013",2013-05-02,2013-06-13,NA,NA,42,2013-08-07,2013-09-18,NA,NA,42,84,6
"304","GFH","GFH03",2013,"GFH032013",2013-05-02,2013-06-13,NA,NA,42,2013-08-07,2013-09-18,NA,NA,42,84,14
"305","GFH","GFH04",2013,"GFH042013",2013-05-02,2013-06-13,NA,NA,42,2013-08-07,2013-09-18,NA,NA,42,84,3
"306","GFH","GFH05",2013,"GFH052013",2013-05-02,2013-06-13,NA,NA,42,2013-08-07,2013-09-04,NA,NA,28,70,8
"307","GFH","GFH06",2013,"GFH062013",2013-05-02,2013-06-13,NA,NA,42,2013-08-07,2013-09-18,2013-08-21,2013-09-04,28,70,0
"308","GFH","GFH07",2013,"GFH072013",2013-05-02,2013-06-13,NA,NA,42,2013-08-07,2013-09-18,NA,NA,42,84,6
"309","GFH","GFH08",2013,"GFH082013",2013-05-02,2013-06-13,NA,NA,42,2013-08-07,2013-09-18,NA,NA,42,84,23
"310","GFH","GFH09",2013,"GFH092013",2013-05-02,2013-06-13,NA,NA,42,2013-08-07,2013-09-18,2013-08-21,2013-09-04,28,70,9
"311","GFH","GFH10",2013,"GFH102013",2013-05-02,2013-06-13,NA,NA,42,2013-08-07,2013-09-18,NA,NA,42,84,11
"312","GFH","GFH11",2013,"GFH112013",2013-05-02,2013-06-13,NA,NA,42,2013-08-07,2013-09-18,NA,NA,42,84,26
"313","GFH","GFH12",2013,"GFH122013",2013-05-02,2013-06-13,NA,NA,42,2013-08-07,2013-09-18,NA,NA,42,84,52
"314","GFH","GFH13",2013,"GFH132013",2013-05-02,2013-06-13,NA,NA,42,2013-08-07,2013-09-18,NA,NA,42,84,48
"315","GFH","GFH14",2013,"GFH142013",2013-05-02,2013-06-13,NA,NA,42,2013-08-07,2013-09-18,NA,NA,42,84,9
"316","GFH","GFH15",2013,"GFH152013",2013-05-02,2013-06-13,NA,NA,42,2013-08-07,2013-09-18,NA,NA,42,84,102
"317","GFH","GFH16",2013,"GFH162013",2013-05-02,2013-06-13,NA,NA,42,2013-08-07,2013-09-18,NA,NA,42,84,39
"318","HAR","HAR01",2013,"HAR012013",2013-04-30,2013-06-11,NA,NA,42,2013-08-06,2013-09-17,NA,NA,42,84,0
"319","HAR","HAR02",2013,"HAR022013",2013-04-30,2013-06-11,NA,NA,42,2013-08-06,2013-09-17,NA,NA,42,84,2
"320","HAR","HAR03",2013,"HAR032013",2013-04-30,2013-06-11,NA,NA,42,2013-08-06,2013-09-17,NA,NA,42,84,4
"321","HAR","HAR04",2013,"HAR042013",2013-04-30,2013-06-11,NA,NA,42,2013-08-20,2013-09-03,NA,NA,14,56,0
"322","HAR","HAR05",2013,"HAR052013",2013-04-30,2013-06-11,NA,NA,42,2013-08-06,2013-09-17,NA,NA,42,84,5
"323","HAR","HAR06",2013,"HAR062013",2013-04-30,2013-06-11,NA,NA,42,2013-08-06,2013-09-03,NA,NA,28,70,4
"324","HAR","HAR07",2013,"HAR072013",2013-04-30,2013-06-11,NA,NA,42,2013-08-06,2013-09-03,NA,NA,28,70,0
"325","HAR","HAR08",2013,"HAR082013",2013-04-30,2013-06-11,NA,NA,42,2013-08-20,2013-09-03,NA,NA,14,56,2
"326","HAR","HAR09",2013,"HAR092013",2013-04-30,2013-06-11,NA,NA,42,2013-08-06,2013-09-17,NA,NA,42,84,5
"327","HAR","HAR10",2013,"HAR102013",2013-04-30,2013-06-11,NA,NA,42,2013-08-06,2013-09-17,NA,NA,42,84,8
"328","HAR","HAR11",2013,"HAR112013",2013-04-30,2013-06-11,NA,NA,42,2013-08-06,2013-09-17,2013-08-20,2013-09-03,28,70,1
"329","HAR","HAR12",2013,"HAR122013",2013-04-30,2013-06-11,NA,NA,42,2013-08-06,2013-09-17,NA,NA,42,84,8
"330","HAR","HAR13",2013,"HAR132013",2013-04-30,2013-06-11,NA,NA,42,2013-08-06,2013-09-17,NA,NA,42,84,1
"331","HAR","HAR14",2013,"HAR142013",2013-04-30,2013-06-11,NA,NA,42,2013-08-06,2013-09-17,NA,NA,42,84,6
"332","HAR","HAR15",2013,"HAR152013",2013-04-30,2013-06-11,NA,NA,42,2013-08-06,2013-09-17,NA,NA,42,84,26
"333","HAR","HAR16",2013,"HAR162013",2013-04-30,2013-06-11,NA,NA,42,2013-08-06,2013-09-03,NA,NA,28,70,2
"334","SIP","SIP01",2013,"SIP012013",2013-05-02,2013-06-13,NA,NA,42,2013-08-07,2013-09-18,NA,NA,42,84,3
"335","SIP","SIP02",2013,"SIP022013",2013-05-02,2013-06-13,NA,NA,42,2013-08-07,2013-09-18,NA,NA,42,84,0
"336","SIP","SIP03",2013,"SIP032013",2013-05-02,2013-06-13,NA,NA,42,2013-08-07,2013-09-18,NA,NA,42,84,0
"337","SIP","SIP05",2013,"SIP052013",2013-05-02,2013-06-13,NA,NA,42,2013-08-07,2013-09-04,NA,NA,28,70,1
"338","SIP","SIP06",2013,"SIP062013",2013-05-02,2013-06-13,2013-05-16,2013-06-03,24,2013-08-07,2013-09-18,NA,NA,42,66,2
"339","SIP","SIP07",2013,"SIP072013",2013-05-02,2013-06-13,NA,NA,42,2013-08-07,2013-09-18,2013-08-21,2013-09-04,28,70,2
"340","SIP","SIP08",2013,"SIP082013",2013-05-02,2013-06-13,NA,NA,42,2013-08-07,2013-09-18,NA,NA,42,84,0
"341","SIP","SIP09",2013,"SIP092013",2013-05-02,2013-06-13,NA,NA,42,2013-08-07,2013-09-18,NA,NA,42,84,0
"342","SIP","SIP10",2013,"SIP102013",2013-05-02,2013-06-13,NA,NA,42,2013-08-07,2013-09-18,NA,NA,42,84,2
"343","SIP","SIP11",2013,"SIP112013",2013-05-02,2013-06-13,NA,NA,42,2013-08-07,2013-09-04,NA,NA,28,70,2
"344","SIP","SIP12",2013,"SIP122013",2013-05-02,2013-06-13,NA,NA,42,2013-08-07,2013-09-18,NA,NA,42,84,2
"345","SIP","SIP13",2013,"SIP132013",2013-05-02,2013-06-13,NA,NA,42,2013-08-07,2013-09-04,NA,NA,28,70,1
"346","SIP","SIP14",2013,"SIP142013",2013-05-02,2013-06-13,NA,NA,42,2013-08-07,2013-09-18,2013-08-21,2013-09-04,28,70,0
"347","SIP","SIP15",2013,"SIP152013",2013-05-02,2013-06-13,NA,NA,42,2013-08-07,2013-09-18,NA,NA,42,84,4
"348","SIP","SIP16",2013,"SIP162013",2013-05-02,2013-06-13,NA,NA,42,2013-08-07,2013-09-18,NA,NA,42,84,0
"349","SST","SST01",2013,"SST012013",2013-04-29,2013-06-10,NA,NA,42,2013-08-05,2013-09-16,NA,NA,42,84,0
"350","SST","SST02",2013,"SST022013",2013-04-29,2013-06-10,NA,NA,42,2013-08-05,2013-09-16,NA,NA,42,84,1
"351","SST","SST03",2013,"SST032013",2013-04-29,2013-06-10,NA,NA,42,2013-08-05,2013-09-16,NA,NA,42,84,7
"352","SST","SST04",2013,"SST042013",2013-04-29,2013-06-10,NA,NA,42,2013-08-05,2013-09-16,NA,NA,42,84,29
"353","SST","SST05",2013,"SST052013",2013-04-29,2013-06-10,NA,NA,42,2013-08-05,2013-09-16,NA,NA,42,84,0
"354","SST","SST06",2013,"SST062013",2013-04-29,2013-06-10,NA,NA,42,2013-08-19,2013-09-02,NA,NA,14,56,0
"355","SST","SST07",2013,"SST072013",2013-04-29,2013-06-10,NA,NA,42,2013-08-05,2013-08-19,NA,NA,14,56,0
"356","SST","SST08",2013,"SST082013",2013-04-29,2013-06-10,NA,NA,42,2013-08-05,2013-09-16,NA,NA,42,84,2
"357","SST","SST09",2013,"SST092013",2013-04-29,2013-06-10,NA,NA,42,2013-08-05,2013-08-19,NA,NA,14,56,0
"358","SST","SST10",2013,"SST102013",2013-04-29,2013-06-10,NA,NA,42,2013-08-05,2013-09-16,NA,NA,42,84,4
"359","SST","SST11",2013,"SST112013",2013-04-29,2013-06-10,NA,NA,42,2013-08-05,2013-09-16,NA,NA,42,84,1
"360","SST","SST12",2013,"SST122013",2013-04-29,2013-06-10,NA,NA,42,2013-08-05,2013-09-16,NA,NA,42,84,3
"361","SST","SST13",2013,"SST132013",2013-04-29,2013-06-10,NA,NA,42,2013-08-05,2013-09-16,NA,NA,42,84,3
"362","SST","SST14",2013,"SST142013",2013-04-29,2013-06-10,NA,NA,42,2013-08-05,2013-09-16,NA,NA,42,84,1
"363","SST","SST15",2013,"SST152013",2013-04-29,2013-06-10,NA,NA,42,2013-08-05,2013-09-16,NA,NA,42,84,1
"364","SST","SST16",2013,"SST162013",2013-04-29,2013-06-10,NA,NA,42,2013-08-05,2013-09-02,NA,NA,28,70,0
"365","WAN","WAN01",2013,"WAN012013",2013-04-30,2013-06-11,NA,NA,42,2013-08-06,2013-09-17,NA,NA,42,84,16
"366","WAN","WAN02",2013,"WAN022013",2013-04-30,2013-06-11,NA,NA,42,2013-08-06,2013-09-17,NA,NA,42,84,4
"367","WAN","WAN03",2013,"WAN032013",2013-04-30,2013-06-11,NA,NA,42,2013-08-06,2013-09-03,NA,NA,28,70,3
"368","WAN","WAN04",2013,"WAN042013",2013-04-30,2013-06-11,NA,NA,42,2013-08-06,2013-09-03,NA,NA,28,70,3
"369","WAN","WAN05",2013,"WAN052013",2013-04-30,2013-06-11,NA,NA,42,2013-08-06,2013-09-17,2013-08-20,2013-09-03,28,70,3
"370","WAN","WAN06",2013,"WAN062013",2013-04-30,2013-06-11,NA,NA,42,2013-08-06,2013-09-17,NA,NA,42,84,8
"371","WAN","WAN07",2013,"WAN072013",2013-04-30,2013-06-11,NA,NA,42,2013-08-06,2013-09-17,NA,NA,42,84,14
"372","WAN","WAN08",2013,"WAN082013",2013-04-30,2013-06-11,NA,NA,42,NA,NA,NA,NA,NA,NA,0
"373","WAN","WAN09",2013,"WAN092013",2013-04-30,2013-06-11,NA,NA,42,2013-08-06,2013-09-03,NA,NA,28,70,88
"374","WAN","WAN10",2013,"WAN102013",2013-04-30,2013-06-11,NA,NA,42,2013-08-06,2013-09-17,NA,NA,42,84,46
"375","WAN","WAN11",2013,"WAN112013",2013-04-30,2013-05-28,NA,NA,28,2013-08-20,2013-09-03,NA,NA,14,42,2
"376","WAN","WAN12",2013,"WAN122013",2013-04-30,2013-06-11,NA,NA,42,2013-08-06,2013-09-17,NA,NA,42,84,11
"377","WAN","WAN13",2013,"WAN132013",2013-04-30,2013-06-11,NA,NA,42,2013-08-06,2013-09-17,NA,NA,42,84,331
"378","WAN","WAN14",2013,"WAN142013",2013-04-30,2013-06-11,NA,NA,42,2013-08-06,2013-09-17,NA,NA,42,84,53
"379","WAN","WAN15",2013,"WAN152013",2013-04-30,2013-06-11,NA,NA,42,2013-08-06,2013-09-03,NA,NA,28,70,4
"380","WAN","WAN16",2013,"WAN162013",2013-04-30,2013-06-11,NA,NA,42,2013-08-20,2013-09-03,NA,NA,14,56,1
"381","FBG","FBG01",2014,"FBG012014",2014-04-14,2014-05-26,NA,NA,42,2014-07-14,2014-08-26,NA,NA,43,85,6
"382","FBG","FBG02",2014,"FBG022014",2014-04-14,2014-05-26,NA,NA,42,2014-07-14,2014-08-26,NA,NA,43,85,20
"383","FBG","FBG03",2014,"FBG032014",2014-04-14,2014-05-26,NA,NA,42,2014-07-14,2014-08-26,2014-07-28,2014-08-13,27,69,2
"384","FBG","FBG04",2014,"FBG042014",2014-04-14,2014-05-26,NA,NA,42,2014-07-14,2014-08-26,NA,NA,43,85,6
"385","FBG","FBG05",2014,"FBG052014",2014-04-14,2014-05-26,NA,NA,42,2014-07-28,2014-08-26,NA,NA,29,71,7
"386","FBG","FBG06",2014,"FBG062014",2014-04-14,2014-05-26,NA,NA,42,2014-07-14,2014-08-26,NA,NA,43,85,7
"387","FBG","FBG07",2014,"FBG072014",2014-04-14,2014-05-26,NA,NA,42,2014-07-14,2014-08-26,NA,NA,43,85,13
"388","FBG","FBG08",2014,"FBG082014",2014-04-14,2014-05-26,NA,NA,42,2014-07-14,2014-08-26,NA,NA,43,85,0
"389","FBG","FBG09",2014,"FBG092014",2014-04-14,2014-05-26,NA,NA,42,2014-07-14,2014-08-26,NA,NA,43,85,7
"390","FBG","FBG10",2014,"FBG102014",2014-04-14,2014-05-26,NA,NA,42,2014-07-14,2014-08-26,NA,NA,43,85,7
"391","FBG","FBG11",2014,"FBG112014",2014-04-14,2014-05-26,NA,NA,42,2014-07-14,2014-08-26,NA,NA,43,85,4
"392","FBG","FBG12",2014,"FBG122014",2014-04-14,2014-05-26,NA,NA,42,2014-07-14,2014-08-26,NA,NA,43,85,4
"393","FBG","FBG13",2014,"FBG132014",2014-04-14,2014-05-26,NA,NA,42,2014-07-14,2014-08-26,NA,NA,43,85,12
"394","FBG","FBG14",2014,"FBG142014",2014-04-14,2014-05-26,NA,NA,42,2014-07-14,2014-08-26,NA,NA,43,85,7
"395","FBG","FBG15",2014,"FBG152014",2014-04-14,2014-05-26,NA,NA,42,2014-07-14,2014-08-26,NA,NA,43,85,7
"396","FBG","FBG16",2014,"FBG162014",2014-04-14,2014-05-26,NA,NA,42,2014-07-14,2014-08-26,NA,NA,43,85,6
"397","GFH","GFH01",2014,"GFH012014",2014-04-16,2014-05-28,NA,NA,42,2014-07-14,2014-08-12,NA,NA,29,71,2
"398","GFH","GFH02",2014,"GFH022014",2014-04-16,2014-05-28,NA,NA,42,2014-07-14,2014-07-30,NA,NA,16,58,1
"399","GFH","GFH03",2014,"GFH032014",2014-04-16,2014-05-28,NA,NA,42,2014-07-14,2014-08-27,NA,NA,44,86,17
"400","GFH","GFH04",2014,"GFH042014",2014-04-16,2014-05-28,NA,NA,42,2014-07-14,2014-08-27,NA,NA,44,86,18
"401","GFH","GFH05",2014,"GFH052014",2014-04-16,2014-05-28,NA,NA,42,2014-07-14,2014-08-12,NA,NA,29,71,5
"402","GFH","GFH06",2014,"GFH062014",2014-04-16,2014-05-28,NA,NA,42,2014-07-14,2014-08-27,NA,NA,44,86,0
"403","GFH","GFH07",2014,"GFH072014",2014-04-16,2014-05-28,NA,NA,42,2014-07-14,2014-08-27,NA,NA,44,86,9
"404","GFH","GFH08",2014,"GFH082014",2014-04-16,2014-05-28,NA,NA,42,2014-07-14,2014-08-27,NA,NA,44,86,15
"405","GFH","GFH09",2014,"GFH092014",2014-04-16,2014-05-28,NA,NA,42,2014-07-14,2014-08-27,NA,NA,44,86,5
"406","GFH","GFH10",2014,"GFH102014",2014-04-16,2014-05-28,NA,NA,42,2014-07-14,2014-07-30,NA,NA,16,58,1
"407","GFH","GFH11",2014,"GFH112014",2014-04-16,2014-05-28,NA,NA,42,2014-07-14,2014-08-27,NA,NA,44,86,14
"408","GFH","GFH12",2014,"GFH122014",2014-04-16,2014-05-28,NA,NA,42,2014-07-14,2014-08-27,NA,NA,44,86,30
"409","GFH","GFH13",2014,"GFH132014",2014-04-16,2014-05-28,NA,NA,42,2014-07-14,2014-08-27,NA,NA,44,86,9
"410","GFH","GFH14",2014,"GFH142014",2014-04-16,2014-05-28,NA,NA,42,2014-07-14,2014-08-27,NA,NA,44,86,3
"411","GFH","GFH15",2014,"GFH152014",2014-04-16,2014-05-28,NA,NA,42,2014-07-14,2014-08-27,NA,NA,44,86,51
"412","GFH","GFH16",2014,"GFH162014",2014-04-16,2014-05-28,NA,NA,42,2014-07-14,2014-08-12,NA,NA,29,71,5
"413","HAR","HAR01",2014,"HAR012014",2014-04-15,2014-05-27,NA,NA,42,2014-07-15,2014-08-14,NA,NA,30,72,0
"414","HAR","HAR02",2014,"HAR022014",2014-04-15,2014-05-27,NA,NA,42,2014-07-15,2014-08-14,NA,NA,30,72,1
"415","HAR","HAR03",2014,"HAR032014",2014-04-15,2014-05-27,NA,NA,42,2014-07-15,2014-08-25,NA,NA,41,83,8
"416","HAR","HAR04",2014,"HAR042014",2014-04-15,2014-05-27,NA,NA,42,2014-07-15,2014-08-25,2014-07-29,2014-08-14,25,67,5
"417","HAR","HAR05",2014,"HAR052014",2014-04-15,2014-05-27,NA,NA,42,2014-07-15,2014-08-25,2014-07-29,2014-08-14,25,67,19
"418","HAR","HAR06",2014,"HAR062014",2014-04-15,2014-05-27,NA,NA,42,2014-07-15,2014-08-25,2014-07-29,2014-08-14,25,67,14
"419","HAR","HAR07",2014,"HAR072014",2014-04-15,2014-05-27,NA,NA,42,2014-07-29,2014-08-25,NA,NA,27,69,20
"420","HAR","HAR08",2014,"HAR082014",2014-04-15,2014-05-27,NA,NA,42,2014-07-15,2014-08-25,NA,NA,41,83,4
"421","HAR","HAR09",2014,"HAR092014",2014-04-15,2014-05-27,NA,NA,42,2014-07-15,2014-08-25,NA,NA,41,83,7
"422","HAR","HAR10",2014,"HAR102014",2014-04-15,2014-05-27,NA,NA,42,2014-07-15,2014-08-25,NA,NA,41,83,36
"423","HAR","HAR11",2014,"HAR112014",2014-04-15,2014-05-27,NA,NA,42,2014-07-15,2014-08-14,NA,NA,30,72,196
"424","HAR","HAR12",2014,"HAR122014",2014-04-15,2014-05-27,NA,NA,42,2014-07-15,2014-08-25,NA,NA,41,83,25
"425","HAR","HAR13",2014,"HAR132014",2014-04-15,2014-05-27,NA,NA,42,2014-07-15,2014-08-25,NA,NA,41,83,27
"426","HAR","HAR14",2014,"HAR142014",2014-04-15,2014-05-27,NA,NA,42,2014-07-15,2014-08-25,NA,NA,41,83,26
"427","HAR","HAR15",2014,"HAR152014",2014-04-15,2014-05-27,NA,NA,42,2014-07-15,2014-08-25,NA,NA,41,83,16
"428","HAR","HAR16",2014,"HAR162014",2014-04-15,2014-05-27,NA,NA,42,2014-07-15,2014-08-25,NA,NA,41,83,381
"429","SIP","SIP01",2014,"SIP012014",2014-04-16,2014-05-28,NA,NA,42,2014-07-14,2014-08-27,NA,NA,44,86,1
"430","SIP","SIP02",2014,"SIP022014",2014-04-16,2014-05-28,NA,NA,42,2014-07-14,2014-08-27,NA,NA,44,86,10
"431","SIP","SIP03",2014,"SIP032014",2014-04-16,2014-05-28,NA,NA,42,2014-07-14,2014-08-27,NA,NA,44,86,0
"432","SIP","SIP05",2014,"SIP052014",2014-04-16,2014-05-28,NA,NA,42,2014-07-14,2014-08-27,NA,NA,44,86,0
"433","SIP","SIP06",2014,"SIP062014",2014-04-16,2014-05-28,NA,NA,42,2014-07-14,2014-08-27,NA,NA,44,86,1
"434","SIP","SIP07",2014,"SIP072014",2014-04-16,2014-05-28,NA,NA,42,2014-07-14,2014-08-12,NA,NA,29,71,3
"435","SIP","SIP08",2014,"SIP082014",2014-04-16,2014-05-28,NA,NA,42,2014-07-14,2014-08-27,NA,NA,44,86,0
"436","SIP","SIP09",2014,"SIP092014",2014-04-16,2014-05-28,NA,NA,42,2014-07-14,2014-07-30,NA,NA,16,58,0
"437","SIP","SIP10",2014,"SIP102014",2014-04-16,2014-05-28,NA,NA,42,2014-07-30,2014-08-12,NA,NA,13,55,0
"438","SIP","SIP11",2014,"SIP112014",2014-04-16,2014-05-28,NA,NA,42,2014-07-14,2014-08-27,NA,NA,44,86,2
"439","SIP","SIP12",2014,"SIP122014",2014-04-16,2014-05-28,NA,NA,42,2014-07-14,2014-08-27,NA,NA,44,86,3
"440","SIP","SIP13",2014,"SIP132014",2014-04-16,2014-05-28,NA,NA,42,2014-07-14,2014-07-30,NA,NA,16,58,0
"441","SIP","SIP14",2014,"SIP142014",2014-04-16,2014-05-28,NA,NA,42,2014-07-14,2014-08-27,NA,NA,44,86,1
"442","SIP","SIP15",2014,"SIP152014",2014-04-16,2014-05-28,NA,NA,42,2014-07-14,2014-08-27,NA,NA,44,86,4
"443","SIP","SIP16",2014,"SIP162014",2014-04-16,2014-05-28,NA,NA,42,2014-07-30,2014-08-27,NA,NA,28,70,2
"444","SST","SST01",2014,"SST012014",2014-04-28,2014-05-26,NA,NA,28,2014-07-14,2014-08-26,NA,NA,43,71,5
"445","SST","SST02",2014,"SST022014",2014-04-14,2014-05-26,NA,NA,42,2014-07-14,2014-08-26,NA,NA,43,85,1
"446","SST","SST03",2014,"SST032014",2014-04-14,2014-05-26,NA,NA,42,2014-07-14,2014-08-26,NA,NA,43,85,14
"447","SST","SST04",2014,"SST042014",2014-04-14,2014-05-26,NA,NA,42,2014-07-14,2014-08-26,NA,NA,43,85,31
"448","SST","SST05",2014,"SST052014",2014-04-14,2014-05-26,NA,NA,42,2014-07-14,2014-08-26,NA,NA,43,85,10
"449","SST","SST06",2014,"SST062014",2014-04-14,2014-05-26,NA,NA,42,2014-07-14,2014-08-26,NA,NA,43,85,3
"450","SST","SST07",2014,"SST072014",2014-04-14,2014-05-26,NA,NA,42,2014-07-14,2014-08-26,NA,NA,43,85,2
"451","SST","SST08",2014,"SST082014",2014-04-14,2014-05-26,NA,NA,42,2014-07-14,2014-08-26,NA,NA,43,85,6
"452","SST","SST09",2014,"SST092014",2014-04-14,2014-05-26,NA,NA,42,2014-07-14,2014-08-26,NA,NA,43,85,1
"453","SST","SST10",2014,"SST102014",2014-04-14,2014-05-26,NA,NA,42,2014-07-14,2014-08-26,NA,NA,43,85,31
"454","SST","SST11",2014,"SST112014",2014-04-14,2014-05-26,NA,NA,42,2014-07-14,2014-08-13,NA,NA,30,72,0
"455","SST","SST12",2014,"SST122014",2014-04-14,2014-05-26,NA,NA,42,2014-07-14,2014-08-26,2014-07-28,2014-08-13,27,69,1
"456","SST","SST13",2014,"SST132014",2014-04-14,2014-05-26,NA,NA,42,2014-07-14,2014-08-26,NA,NA,43,85,8
"457","SST","SST14",2014,"SST142014",2014-04-14,2014-05-26,NA,NA,42,2014-07-14,2014-08-13,NA,NA,30,72,1
"458","SST","SST15",2014,"SST152014",2014-04-14,2014-05-26,NA,NA,42,2014-07-28,2014-08-13,NA,NA,16,58,2
"459","SST","SST16",2014,"SST162014",2014-04-14,2014-05-26,NA,NA,42,2014-07-14,2014-08-26,2014-07-28,2014-08-13,27,69,1
"460","WAN","WAN01",2014,"WAN012014",2014-04-15,2014-05-27,NA,NA,42,2014-07-15,2014-08-25,NA,NA,41,83,12
"461","WAN","WAN02",2014,"WAN022014",2014-04-15,2014-05-27,NA,NA,42,2014-07-15,2014-08-25,NA,NA,41,83,11
"462","WAN","WAN03",2014,"WAN032014",2014-04-15,2014-05-27,NA,NA,42,2014-07-29,2014-08-25,NA,NA,27,69,10
"463","WAN","WAN04",2014,"WAN042014",2014-04-15,2014-05-27,NA,NA,42,2014-07-29,2014-08-25,NA,NA,27,69,6
"464","WAN","WAN05",2014,"WAN052014",2014-04-15,2014-05-27,NA,NA,42,2014-07-29,2014-08-25,NA,NA,27,69,2
"465","WAN","WAN06",2014,"WAN062014",2014-04-15,2014-05-27,NA,NA,42,2014-07-15,2014-08-25,NA,NA,41,83,15
"466","WAN","WAN07",2014,"WAN072014",2014-04-15,2014-05-27,NA,NA,42,2014-07-15,2014-08-25,NA,NA,41,83,12
"467","WAN","WAN08",2014,"WAN082014",2014-04-15,2014-05-27,NA,NA,42,2014-07-15,2014-08-25,2014-07-29,2014-08-14,25,67,1
"468","WAN","WAN09",2014,"WAN092014",2014-04-15,2014-05-27,NA,NA,42,2014-07-15,2014-08-25,NA,NA,41,83,4
"469","WAN","WAN10",2014,"WAN102014",2014-04-15,2014-05-27,NA,NA,42,2014-07-15,2014-08-25,NA,NA,41,83,7
"470","WAN","WAN11",2014,"WAN112014",2014-04-15,2014-05-13,NA,NA,28,2014-07-15,2014-08-25,NA,NA,41,69,3
"471","WAN","WAN12",2014,"WAN122014",2014-04-15,2014-05-27,NA,NA,42,2014-07-15,2014-08-25,NA,NA,41,83,32
"472","WAN","WAN13",2014,"WAN132014",2014-04-15,2014-05-27,NA,NA,42,2014-07-15,2014-08-25,NA,NA,41,83,6
"473","WAN","WAN14",2014,"WAN142014",2014-04-15,2014-05-27,NA,NA,42,2014-07-15,2014-08-25,2014-07-29,2014-08-14,25,67,7
"474","WAN","WAN15",2014,"WAN152014",2014-04-15,2014-05-27,NA,NA,42,2014-07-29,2014-08-25,NA,NA,27,69,5
"475","WAN","WAN16",2014,"WAN162014",2014-04-15,2014-05-27,NA,NA,42,2014-07-15,2014-08-25,NA,NA,41,83,5
"476","FBG","FBG01",2015,"FBG012015",2015-04-20,2015-06-01,NA,NA,42,2015-07-23,2015-09-02,NA,NA,41,83,3
"477","FBG","FBG02",2015,"FBG022015",2015-04-20,2015-06-01,2015-05-04,2015-05-18,28,2015-07-23,2015-09-02,NA,NA,41,69,18
"478","FBG","FBG03",2015,"FBG032015",2015-04-20,2015-06-01,NA,NA,42,2015-08-03,2015-09-02,NA,NA,30,72,1
"479","FBG","FBG04",2015,"FBG042015",2015-04-20,2015-06-01,NA,NA,42,2015-07-23,2015-09-02,NA,NA,41,83,5
"480","FBG","FBG05",2015,"FBG052015",2015-04-20,2015-06-01,NA,NA,42,2015-07-23,2015-09-02,NA,NA,41,83,7
"481","FBG","FBG06",2015,"FBG062015",2015-04-20,2015-06-01,NA,NA,42,2015-07-23,2015-09-02,NA,NA,41,83,7
"482","FBG","FBG07",2015,"FBG072015",2015-04-20,2015-06-01,NA,NA,42,2015-07-23,2015-09-02,NA,NA,41,83,1
"483","FBG","FBG08",2015,"FBG082015",2015-04-20,2015-06-01,NA,NA,42,2015-07-23,2015-09-02,NA,NA,41,83,0
"484","FBG","FBG09",2015,"FBG092015",2015-04-20,2015-06-01,NA,NA,42,2015-07-23,2015-09-02,NA,NA,41,83,3
"485","FBG","FBG10",2015,"FBG102015",2015-04-20,2015-06-01,NA,NA,42,2015-07-23,2015-09-02,NA,NA,41,83,4
"486","FBG","FBG11",2015,"FBG112015",2015-04-20,2015-06-01,NA,NA,42,2015-07-23,2015-09-02,NA,NA,41,83,2
"487","FBG","FBG12",2015,"FBG122015",2015-04-20,2015-06-01,NA,NA,42,2015-07-23,2015-09-02,NA,NA,41,83,5
"488","FBG","FBG13",2015,"FBG132015",2015-04-20,2015-06-01,NA,NA,42,2015-07-23,2015-09-02,NA,NA,41,83,22
"489","FBG","FBG14",2015,"FBG142015",2015-04-20,2015-06-01,NA,NA,42,2015-07-23,2015-09-02,NA,NA,41,83,4
"490","FBG","FBG15",2015,"FBG152015",2015-04-20,2015-06-01,NA,NA,42,2015-07-23,2015-09-02,NA,NA,41,83,2
"491","FBG","FBG16",2015,"FBG162015",2015-04-20,2015-06-01,NA,NA,42,2015-07-23,2015-09-02,NA,NA,41,83,5
"492","GFH","GFH01",2015,"GFH012015",2015-04-21,2015-06-03,NA,NA,43,2015-07-21,2015-08-20,NA,NA,30,73,0
"493","GFH","GFH02",2015,"GFH022015",2015-04-21,2015-06-03,NA,NA,43,2015-08-04,2015-09-01,NA,NA,28,71,2
"494","GFH","GFH03",2015,"GFH032015",2015-04-21,2015-06-03,NA,NA,43,2015-07-21,2015-09-01,NA,NA,42,85,6
"495","GFH","GFH04",2015,"GFH042015",2015-04-21,2015-06-03,NA,NA,43,2015-07-21,2015-09-01,NA,NA,42,85,4
"496","GFH","GFH05",2015,"GFH052015",2015-04-21,2015-06-03,NA,NA,43,2015-07-21,2015-09-01,NA,NA,42,85,9
"497","GFH","GFH06",2015,"GFH062015",2015-04-21,2015-06-03,NA,NA,43,2015-07-21,2015-09-01,NA,NA,42,85,1
"498","GFH","GFH07",2015,"GFH072015",2015-04-21,2015-05-19,NA,NA,28,2015-07-21,2015-09-01,NA,NA,42,70,5
"499","GFH","GFH08",2015,"GFH082015",2015-04-21,2015-06-03,NA,NA,43,2015-07-21,2015-09-01,NA,NA,42,85,6
"500","GFH","GFH09",2015,"GFH092015",2015-04-21,2015-06-03,NA,NA,43,2015-07-21,2015-09-01,NA,NA,42,85,3
"501","GFH","GFH10",2015,"GFH102015",2015-04-21,2015-06-03,NA,NA,43,2015-08-04,2015-09-01,NA,NA,28,71,4
"502","GFH","GFH11",2015,"GFH112015",2015-04-21,2015-06-03,NA,NA,43,2015-07-21,2015-09-01,NA,NA,42,85,12
"503","GFH","GFH12",2015,"GFH122015",2015-04-21,2015-06-03,NA,NA,43,2015-07-21,2015-09-01,NA,NA,42,85,13
"504","GFH","GFH13",2015,"GFH132015",2015-04-21,2015-06-03,NA,NA,43,2015-07-21,2015-09-01,NA,NA,42,85,22
"505","GFH","GFH14",2015,"GFH142015",2015-04-21,2015-06-03,NA,NA,43,2015-07-21,2015-09-01,NA,NA,42,85,4
"506","GFH","GFH15",2015,"GFH152015",2015-04-21,2015-06-03,NA,NA,43,2015-07-21,2015-09-01,NA,NA,42,85,26
"507","GFH","GFH16",2015,"GFH162015",2015-04-21,2015-06-03,NA,NA,43,2015-07-21,2015-09-01,NA,NA,42,85,22
"508","HAR","HAR01",2015,"HAR012015",2015-05-06,2015-06-02,NA,NA,27,2015-07-22,2015-08-31,NA,NA,40,67,2
"509","HAR","HAR02",2015,"HAR022015",2015-04-22,2015-06-02,NA,NA,41,2015-08-05,2015-08-31,NA,NA,26,67,2
"510","HAR","HAR03",2015,"HAR032015",2015-04-22,2015-06-02,NA,NA,41,2015-07-22,2015-08-31,NA,NA,40,81,3
"511","HAR","HAR04",2015,"HAR042015",2015-04-22,2015-06-02,NA,NA,41,2015-07-22,2015-08-31,2015-08-05,2015-08-18,27,68,1
"512","HAR","HAR05",2015,"HAR052015",2015-04-22,2015-06-02,NA,NA,41,2015-07-22,2015-08-31,NA,NA,40,81,18
"513","HAR","HAR06",2015,"HAR062015",2015-04-22,2015-06-02,NA,NA,41,2015-07-22,2015-08-31,NA,NA,40,81,255
"514","HAR","HAR07",2015,"HAR072015",2015-04-22,2015-06-02,NA,NA,41,2015-07-22,2015-08-31,NA,NA,40,81,5
"515","HAR","HAR08",2015,"HAR082015",2015-04-22,2015-06-02,NA,NA,41,2015-07-22,2015-08-31,NA,NA,40,81,4
"516","HAR","HAR09",2015,"HAR092015",2015-04-22,2015-06-02,NA,NA,41,2015-07-22,2015-08-31,NA,NA,40,81,7
"517","HAR","HAR10",2015,"HAR102015",2015-04-22,2015-06-02,2015-05-06,2015-05-20,27,2015-07-22,2015-08-31,NA,NA,40,67,5
"518","HAR","HAR11",2015,"HAR112015",2015-04-22,2015-06-02,NA,NA,41,2015-07-22,2015-08-05,NA,NA,14,55,49
"519","HAR","HAR12",2015,"HAR122015",2015-04-22,2015-06-02,NA,NA,41,2015-07-22,2015-08-31,NA,NA,40,81,15
"520","HAR","HAR13",2015,"HAR132015",2015-04-22,2015-06-02,NA,NA,41,2015-07-22,2015-08-31,NA,NA,40,81,10
"521","HAR","HAR14",2015,"HAR142015",2015-04-22,2015-06-02,NA,NA,41,2015-07-22,2015-08-18,NA,NA,27,68,15
"522","HAR","HAR15",2015,"HAR152015",2015-04-22,2015-06-02,NA,NA,41,2015-07-22,2015-08-31,NA,NA,40,81,23
"523","HAR","HAR16",2015,"HAR162015",2015-04-22,2015-06-02,NA,NA,41,2015-07-22,2015-08-31,NA,NA,40,81,21
"524","SIP","SIP01",2015,"SIP012015",2015-04-21,2015-06-03,NA,NA,43,2015-07-21,2015-08-20,NA,NA,30,73,0
"525","SIP","SIP02",2015,"SIP022015",2015-04-21,2015-06-03,2015-05-05,2015-05-19,29,2015-07-21,2015-09-01,NA,NA,42,71,1
"526","SIP","SIP03",2015,"SIP032015",2015-04-21,2015-06-03,NA,NA,43,2015-07-21,2015-09-01,NA,NA,42,85,2
"527","SIP","SIP05",2015,"SIP052015",2015-04-21,2015-06-03,2015-05-05,2015-05-19,29,2015-07-21,2015-09-01,2015-08-04,2015-08-20,26,55,0
"528","SIP","SIP06",2015,"SIP062015",2015-04-21,2015-06-03,NA,NA,43,2015-07-21,2015-09-01,NA,NA,42,85,17
"529","SIP","SIP07",2015,"SIP072015",2015-04-21,2015-06-03,NA,NA,43,2015-07-21,2015-09-01,2015-08-04,2015-08-20,26,69,6
"530","SIP","SIP08",2015,"SIP082015",2015-04-21,2015-06-03,NA,NA,43,2015-07-21,2015-09-01,NA,NA,42,85,0
"531","SIP","SIP09",2015,"SIP092015",2015-04-21,2015-06-03,NA,NA,43,2015-07-21,2015-09-01,NA,NA,42,85,0
"532","SIP","SIP10",2015,"SIP102015",2015-04-21,2015-06-03,NA,NA,43,2015-07-21,2015-09-01,2015-08-04,2015-08-20,26,69,0
"533","SIP","SIP11",2015,"SIP112015",2015-04-21,2015-06-03,NA,NA,43,2015-07-21,2015-09-01,NA,NA,42,85,0
"534","SIP","SIP12",2015,"SIP122015",2015-04-21,2015-06-03,NA,NA,43,2015-07-21,2015-09-01,NA,NA,42,85,1
"535","SIP","SIP13",2015,"SIP132015",2015-04-21,2015-06-03,NA,NA,43,2015-07-21,2015-09-01,NA,NA,42,85,0
"536","SIP","SIP14",2015,"SIP142015",2015-04-21,2015-06-03,NA,NA,43,2015-07-21,2015-09-01,NA,NA,42,85,0
"537","SIP","SIP15",2015,"SIP152015",2015-04-21,2015-06-03,NA,NA,43,2015-07-21,2015-09-01,NA,NA,42,85,1
"538","SIP","SIP16",2015,"SIP162015",2015-04-21,2015-06-03,NA,NA,43,2015-07-21,2015-09-01,NA,NA,42,85,4
"539","SST","SST01",2015,"SST012015",2015-04-20,2015-06-01,NA,NA,42,2015-07-23,2015-09-02,NA,NA,41,83,0
"540","SST","SST02",2015,"SST022015",2015-04-20,2015-06-01,NA,NA,42,2015-07-23,2015-09-02,NA,NA,41,83,0
"541","SST","SST03",2015,"SST032015",2015-04-20,2015-06-01,NA,NA,42,2015-07-23,2015-09-02,NA,NA,41,83,2
"542","SST","SST04",2015,"SST042015",2015-04-20,2015-06-01,NA,NA,42,2015-07-23,2015-09-02,NA,NA,41,83,20
"543","SST","SST05",2015,"SST052015",2015-04-20,2015-06-01,NA,NA,42,2015-07-23,2015-09-02,NA,NA,41,83,0
"544","SST","SST06",2015,"SST062015",2015-04-20,2015-06-01,NA,NA,42,2015-07-23,2015-09-02,2015-08-03,2015-08-17,27,69,0
"545","SST","SST07",2015,"SST072015",2015-04-20,2015-06-01,NA,NA,42,2015-07-23,2015-09-02,NA,NA,41,83,2
"546","SST","SST08",2015,"SST082015",2015-04-20,2015-06-01,NA,NA,42,2015-07-23,2015-09-02,NA,NA,41,83,9
"547","SST","SST09",2015,"SST092015",2015-04-20,2015-06-01,NA,NA,42,2015-07-23,2015-09-02,NA,NA,41,83,0
"548","SST","SST10",2015,"SST102015",2015-04-20,2015-06-01,NA,NA,42,2015-08-03,2015-09-02,NA,NA,30,72,2
"549","SST","SST11",2015,"SST112015",2015-04-20,2015-06-01,NA,NA,42,2015-07-23,2015-09-02,NA,NA,41,83,2
"550","SST","SST12",2015,"SST122015",2015-04-20,2015-06-01,NA,NA,42,2015-07-23,2015-09-02,NA,NA,41,83,0
"551","SST","SST13",2015,"SST132015",2015-04-20,2015-06-01,NA,NA,42,2015-07-23,2015-09-02,2015-08-03,2015-08-17,27,69,0
"552","SST","SST14",2015,"SST142015",2015-04-20,2015-06-01,NA,NA,42,2015-07-23,2015-09-02,NA,NA,41,83,1
"553","SST","SST15",2015,"SST152015",2015-04-20,2015-06-01,NA,NA,42,2015-08-03,2015-09-02,NA,NA,30,72,0
"554","SST","SST16",2015,"SST162015",2015-04-20,2015-06-01,2015-05-04,2015-05-18,28,2015-07-23,2015-09-02,NA,NA,41,69,0
"555","WAN","WAN01",2015,"WAN012015",2015-04-22,2015-06-02,NA,NA,41,2015-07-22,2015-08-31,NA,NA,40,81,73
"556","WAN","WAN02",2015,"WAN022015",2015-04-22,2015-06-02,NA,NA,41,2015-07-22,2015-08-31,NA,NA,40,81,19
"557","WAN","WAN03",2015,"WAN032015",2015-04-22,2015-06-02,NA,NA,41,2015-07-22,2015-08-31,NA,NA,40,81,8
"558","WAN","WAN04",2015,"WAN042015",2015-04-22,2015-06-02,NA,NA,41,2015-07-22,2015-08-31,NA,NA,40,81,5
"559","WAN","WAN05",2015,"WAN052015",2015-04-22,2015-06-02,NA,NA,41,2015-08-05,2015-08-31,NA,NA,26,67,5
"560","WAN","WAN06",2015,"WAN062015",2015-04-22,2015-06-02,NA,NA,41,2015-07-22,2015-08-31,NA,NA,40,81,25
"561","WAN","WAN07",2015,"WAN072015",2015-04-22,2015-05-20,NA,NA,28,2015-08-05,2015-08-31,NA,NA,26,54,3
"562","WAN","WAN08",2015,"WAN082015",2015-04-22,2015-06-02,NA,NA,41,2015-08-18,2015-08-31,NA,NA,13,54,1
"563","WAN","WAN09",2015,"WAN092015",2015-04-22,2015-06-02,NA,NA,41,2015-07-22,2015-08-31,NA,NA,40,81,26
"564","WAN","WAN10",2015,"WAN102015",2015-04-22,2015-06-02,NA,NA,41,2015-07-22,2015-08-31,NA,NA,40,81,9
"565","WAN","WAN11",2015,"WAN112015",2015-04-22,2015-06-02,NA,NA,41,2015-07-22,2015-08-05,NA,NA,14,55,0
"566","WAN","WAN12",2015,"WAN122015",2015-04-22,2015-06-02,NA,NA,41,2015-07-22,2015-08-31,NA,NA,40,81,0
"567","WAN","WAN13",2015,"WAN132015",2015-04-22,2015-06-02,NA,NA,41,2015-07-22,2015-08-31,NA,NA,40,81,9
"568","WAN","WAN14",2015,"WAN142015",2015-04-22,2015-06-02,NA,NA,41,2015-07-22,2015-08-31,NA,NA,40,81,17
"569","WAN","WAN15",2015,"WAN152015",2015-04-22,2015-06-02,NA,NA,41,2015-07-22,2015-08-31,2015-08-05,2015-08-18,27,68,7
"570","WAN","WAN16",2015,"WAN162015",2015-04-22,2015-06-02,NA,NA,41,2015-07-22,2015-08-18,NA,NA,27,68,0
"571","FBG","FBG01",2016,"FBG012016",2016-04-20,2016-06-01,NA,NA,42,2016-07-13,2016-08-24,NA,NA,42,84,10
"572","FBG","FBG02",2016,"FBG022016",2016-04-20,2016-06-01,2016-05-04,2016-05-18,28,2016-07-13,2016-08-24,NA,NA,42,70,24
"573","FBG","FBG03",2016,"FBG032016",2016-04-20,2016-06-01,NA,NA,42,2016-07-13,2016-08-24,NA,NA,42,84,3
"574","FBG","FBG04",2016,"FBG042016",2016-04-20,2016-06-01,NA,NA,42,2016-07-13,2016-08-10,NA,NA,28,70,20
"575","FBG","FBG05",2016,"FBG052016",2016-04-20,2016-06-01,NA,NA,42,2016-07-13,2016-08-24,NA,NA,42,84,9
"576","FBG","FBG06",2016,"FBG062016",2016-04-20,2016-06-01,NA,NA,42,2016-07-13,2016-08-24,NA,NA,42,84,13
"577","FBG","FBG07",2016,"FBG072016",2016-04-20,2016-06-01,NA,NA,42,2016-07-13,2016-08-24,NA,NA,42,84,6
"578","FBG","FBG08",2016,"FBG082016",2016-05-04,2016-06-01,NA,NA,28,2016-07-13,2016-08-24,NA,NA,42,70,1
"579","FBG","FBG09",2016,"FBG092016",2016-04-20,2016-06-01,NA,NA,42,2016-07-13,2016-08-24,NA,NA,42,84,2
"580","FBG","FBG10",2016,"FBG102016",2016-04-20,2016-06-01,NA,NA,42,2016-07-13,2016-08-24,NA,NA,42,84,11
"581","FBG","FBG11",2016,"FBG112016",2016-04-20,2016-06-01,NA,NA,42,2016-07-13,2016-08-24,NA,NA,42,84,6
"582","FBG","FBG12",2016,"FBG122016",2016-04-20,2016-06-01,NA,NA,42,2016-07-13,2016-08-24,2016-07-27,2016-08-10,28,70,3
"583","FBG","FBG13",2016,"FBG132016",2016-04-20,2016-06-01,NA,NA,42,2016-07-13,2016-08-24,NA,NA,42,84,23
"584","FBG","FBG14",2016,"FBG142016",2016-04-20,2016-06-01,NA,NA,42,2016-07-13,2016-08-24,NA,NA,42,84,5
"585","FBG","FBG15",2016,"FBG152016",2016-04-20,2016-06-01,NA,NA,42,2016-07-13,2016-08-24,NA,NA,42,84,9
"586","FBG","FBG16",2016,"FBG162016",2016-04-20,2016-06-01,NA,NA,42,2016-07-13,2016-08-24,NA,NA,42,84,5
"587","GFH","GFH01",2016,"GFH012016",2016-04-19,2016-05-31,NA,NA,42,2016-07-12,2016-08-23,NA,NA,42,84,3
"588","GFH","GFH02",2016,"GFH022016",2016-04-19,2016-05-31,NA,NA,42,2016-07-12,2016-08-23,NA,NA,42,84,6
"589","GFH","GFH03",2016,"GFH032016",2016-04-19,2016-05-31,NA,NA,42,2016-07-12,2016-08-23,NA,NA,42,84,14
"590","GFH","GFH04",2016,"GFH042016",2016-04-19,2016-05-31,NA,NA,42,2016-07-12,2016-08-23,NA,NA,42,84,5
"591","GFH","GFH05",2016,"GFH052016",2016-04-19,2016-05-31,NA,NA,42,2016-07-12,2016-08-23,NA,NA,42,84,9
"592","GFH","GFH06",2016,"GFH062016",2016-04-19,2016-05-31,NA,NA,42,2016-07-12,2016-08-23,NA,NA,42,84,1
"593","GFH","GFH07",2016,"GFH072016",2016-04-19,2016-05-31,NA,NA,42,2016-07-12,2016-08-23,NA,NA,42,84,21
"594","GFH","GFH08",2016,"GFH082016",2016-04-19,2016-05-31,NA,NA,42,2016-07-12,2016-08-23,NA,NA,42,84,11
"595","GFH","GFH09",2016,"GFH092016",2016-04-19,2016-05-19,NA,NA,30,2016-07-12,2016-08-23,NA,NA,42,72,2
"596","GFH","GFH10",2016,"GFH102016",2016-04-19,2016-05-31,NA,NA,42,2016-07-12,2016-08-23,NA,NA,42,84,5
"597","GFH","GFH11",2016,"GFH112016",2016-04-19,2016-05-31,NA,NA,42,2016-07-12,2016-08-23,NA,NA,42,84,13
"598","GFH","GFH12",2016,"GFH122016",2016-04-19,2016-05-31,NA,NA,42,2016-07-12,2016-08-23,NA,NA,42,84,4
"599","GFH","GFH13",2016,"GFH132016",2016-04-19,2016-05-31,NA,NA,42,2016-07-12,2016-08-23,NA,NA,42,84,4
"600","GFH","GFH14",2016,"GFH142016",2016-04-19,2016-05-31,NA,NA,42,2016-07-12,2016-08-23,NA,NA,42,84,7
"601","GFH","GFH15",2016,"GFH152016",2016-04-19,2016-05-31,NA,NA,42,2016-07-12,2016-08-23,NA,NA,42,84,30
"602","GFH","GFH16",2016,"GFH162016",2016-04-19,2016-05-31,NA,NA,42,2016-07-12,2016-08-23,NA,NA,42,84,8
"603","HAR","HAR01",2016,"HAR012016",2016-04-18,2016-05-30,NA,NA,42,2016-07-11,2016-08-22,NA,NA,42,84,12
"604","HAR","HAR02",2016,"HAR022016",2016-04-18,2016-05-30,NA,NA,42,2016-07-11,2016-08-22,NA,NA,42,84,0
"605","HAR","HAR03",2016,"HAR032016",2016-04-18,2016-05-30,NA,NA,42,2016-07-11,2016-08-22,NA,NA,42,84,7
"606","HAR","HAR04",2016,"HAR042016",2016-04-18,2016-05-30,NA,NA,42,2016-07-11,2016-08-22,NA,NA,42,84,2
"607","HAR","HAR05",2016,"HAR052016",2016-04-18,2016-05-30,NA,NA,42,2016-07-11,2016-08-22,NA,NA,42,84,12
"608","HAR","HAR06",2016,"HAR062016",2016-04-18,2016-05-30,NA,NA,42,2016-07-11,2016-08-22,NA,NA,42,84,254
"609","HAR","HAR07",2016,"HAR072016",2016-04-18,2016-05-30,NA,NA,42,2016-07-11,2016-08-22,NA,NA,42,84,9
"610","HAR","HAR08",2016,"HAR082016",2016-04-18,2016-05-30,2016-05-02,2016-05-17,27,2016-07-11,2016-08-22,2016-07-25,2016-08-08,28,55,3
"611","HAR","HAR09",2016,"HAR092016",2016-04-18,2016-05-30,NA,NA,42,2016-07-11,2016-08-22,NA,NA,42,84,4
"612","HAR","HAR10",2016,"HAR102016",2016-04-18,2016-05-30,NA,NA,42,2016-07-11,2016-08-22,2016-07-25,2016-08-08,28,70,17
"613","HAR","HAR11",2016,"HAR112016",2016-04-18,2016-05-30,NA,NA,42,2016-07-11,2016-08-08,NA,NA,28,70,1
"614","HAR","HAR12",2016,"HAR122016",2016-04-18,2016-05-30,NA,NA,42,2016-07-11,2016-07-25,NA,NA,14,56,6
"615","HAR","HAR13",2016,"HAR132016",2016-04-18,2016-05-30,NA,NA,42,2016-07-11,2016-08-22,NA,NA,42,84,10
"616","HAR","HAR14",2016,"HAR142016",2016-04-18,2016-05-30,NA,NA,42,2016-07-11,2016-08-22,2016-07-25,2016-08-08,28,70,17
"617","HAR","HAR15",2016,"HAR152016",2016-04-18,2016-05-30,NA,NA,42,2016-07-11,2016-08-22,NA,NA,42,84,45
"618","HAR","HAR16",2016,"HAR162016",2016-04-18,2016-05-30,NA,NA,42,2016-07-11,2016-08-22,NA,NA,42,84,17
"619","SIP","SIP01",2016,"SIP012016",2016-04-19,2016-05-31,NA,NA,42,2016-07-12,2016-08-23,NA,NA,42,84,4
"620","SIP","SIP02",2016,"SIP022016",2016-04-19,2016-05-31,NA,NA,42,2016-07-12,2016-08-23,NA,NA,42,84,1
"621","SIP","SIP03",2016,"SIP032016",2016-04-19,2016-05-31,NA,NA,42,2016-07-12,2016-08-23,NA,NA,42,84,1
"622","SIP","SIP05",2016,"SIP052016",2016-04-19,2016-05-31,NA,NA,42,2016-07-12,2016-08-23,NA,NA,42,84,1
"623","SIP","SIP06",2016,"SIP062016",2016-04-19,2016-05-31,NA,NA,42,2016-07-12,2016-08-09,NA,NA,28,70,2
"624","SIP","SIP07",2016,"SIP072016",2016-04-19,2016-05-31,NA,NA,42,2016-07-12,2016-08-23,NA,NA,42,84,4
"625","SIP","SIP08",2016,"SIP082016",2016-04-19,2016-05-31,NA,NA,42,2016-07-12,2016-08-23,NA,NA,42,84,0
"626","SIP","SIP09",2016,"SIP092016",2016-04-19,2016-05-31,NA,NA,42,2016-07-12,2016-08-23,NA,NA,42,84,0
"627","SIP","SIP10",2016,"SIP102016",2016-04-19,2016-05-19,NA,NA,30,2016-07-12,2016-08-23,2016-07-26,2016-08-09,28,58,3
"628","SIP","SIP11",2016,"SIP112016",2016-04-19,2016-05-31,NA,NA,42,2016-07-12,2016-08-23,NA,NA,42,84,4
"629","SIP","SIP12",2016,"SIP122016",2016-04-19,2016-05-31,NA,NA,42,2016-07-12,2016-08-23,NA,NA,42,84,8
"630","SIP","SIP13",2016,"SIP132016",2016-04-19,2016-05-31,NA,NA,42,2016-07-12,2016-08-23,NA,NA,42,84,0
"631","SIP","SIP14",2016,"SIP142016",2016-04-19,2016-05-31,NA,NA,42,2016-07-12,2016-08-23,NA,NA,42,84,6
"632","SIP","SIP15",2016,"SIP152016",2016-04-19,2016-05-31,NA,NA,42,2016-07-12,2016-08-23,NA,NA,42,84,6
"633","SIP","SIP16",2016,"SIP162016",2016-04-19,2016-05-31,NA,NA,42,2016-07-12,2016-08-23,NA,NA,42,84,3
"634","SST","SST01",2016,"SST012016",2016-04-20,2016-06-01,NA,NA,42,2016-07-13,2016-08-10,NA,NA,28,70,0
"635","SST","SST02",2016,"SST022016",2016-04-20,2016-06-01,NA,NA,42,2016-07-13,2016-08-10,NA,NA,28,70,1
"636","SST","SST03",2016,"SST032016",2016-04-20,2016-06-01,NA,NA,42,2016-07-13,2016-08-24,NA,NA,42,84,8
"637","SST","SST04",2016,"SST042016",2016-04-20,2016-06-01,NA,NA,42,2016-07-13,2016-08-24,NA,NA,42,84,38
"638","SST","SST05",2016,"SST052016",2016-04-20,2016-06-01,NA,NA,42,2016-07-13,2016-08-24,NA,NA,42,84,4
"639","SST","SST06",2016,"SST062016",2016-04-20,2016-06-01,2016-05-04,2016-05-18,28,2016-07-13,2016-08-24,NA,NA,42,70,3
"640","SST","SST07",2016,"SST072016",2016-04-20,2016-06-01,NA,NA,42,2016-07-13,2016-08-24,NA,NA,42,84,4
"641","SST","SST08",2016,"SST082016",2016-04-20,2016-05-18,NA,NA,28,2016-07-13,2016-08-24,NA,NA,42,70,15
"642","SST","SST09",2016,"SST092016",2016-04-20,2016-06-01,NA,NA,42,2016-07-13,2016-08-24,NA,NA,42,84,2
"643","SST","SST10",2016,"SST102016",2016-04-20,2016-06-01,NA,NA,42,2016-07-13,2016-08-24,NA,NA,42,84,11
"644","SST","SST11",2016,"SST112016",2016-04-20,2016-06-01,NA,NA,42,2016-07-13,2016-08-24,NA,NA,42,84,2
"645","SST","SST12",2016,"SST122016",2016-04-20,2016-05-18,NA,NA,28,2016-07-13,2016-08-24,NA,NA,42,70,2
"646","SST","SST13",2016,"SST132016",2016-04-20,2016-06-01,NA,NA,42,2016-07-13,2016-08-24,NA,NA,42,84,4
"647","SST","SST14",2016,"SST142016",2016-04-20,2016-06-01,NA,NA,42,2016-07-13,2016-08-24,NA,NA,42,84,8
"648","SST","SST15",2016,"SST152016",2016-04-20,2016-06-01,NA,NA,42,2016-07-13,2016-08-24,NA,NA,42,84,0
"649","SST","SST16",2016,"SST162016",2016-04-20,2016-06-01,NA,NA,42,2016-07-13,2016-08-24,NA,NA,42,84,6
"650","WAN","WAN01",2016,"WAN012016",2016-04-18,2016-05-30,NA,NA,42,2016-07-11,2016-08-22,NA,NA,42,84,19
"651","WAN","WAN02",2016,"WAN022016",2016-04-18,2016-05-30,NA,NA,42,2016-07-11,2016-08-22,NA,NA,42,84,16
"652","WAN","WAN03",2016,"WAN032016",2016-04-18,2016-05-30,NA,NA,42,2016-07-11,2016-08-22,NA,NA,42,84,11
"653","WAN","WAN04",2016,"WAN042016",2016-04-18,2016-05-30,NA,NA,42,2016-07-11,2016-08-22,NA,NA,42,84,8
"654","WAN","WAN05",2016,"WAN052016",2016-04-18,2016-05-30,NA,NA,42,2016-07-11,2016-08-22,NA,NA,42,84,8
"655","WAN","WAN06",2016,"WAN062016",2016-04-18,2016-05-30,NA,NA,42,2016-07-11,2016-08-22,NA,NA,42,84,10
"656","WAN","WAN07",2016,"WAN072016",2016-04-18,2016-05-30,NA,NA,42,2016-07-11,2016-08-22,NA,NA,42,84,8
"657","WAN","WAN08",2016,"WAN082016",2016-04-18,2016-05-30,NA,NA,42,2016-07-25,2016-08-22,NA,NA,28,70,3
"658","WAN","WAN09",2016,"WAN092016",2016-04-18,2016-05-30,NA,NA,42,2016-07-11,2016-08-22,NA,NA,42,84,24
"659","WAN","WAN10",2016,"WAN102016",2016-04-18,2016-05-30,NA,NA,42,2016-07-11,2016-08-22,NA,NA,42,84,18
"660","WAN","WAN11",2016,"WAN112016",2016-04-18,2016-05-30,NA,NA,42,2016-07-25,2016-08-08,NA,NA,14,56,1
"661","WAN","WAN12",2016,"WAN122016",2016-04-18,2016-05-30,NA,NA,42,2016-07-11,2016-08-22,NA,NA,42,84,6
"662","WAN","WAN13",2016,"WAN132016",2016-04-18,2016-05-30,NA,NA,42,2016-07-11,2016-08-22,2016-07-25,2016-08-08,28,70,15
"663","WAN","WAN14",2016,"WAN142016",2016-04-18,2016-05-30,NA,NA,42,2016-07-11,2016-08-08,NA,NA,28,70,6
"664","WAN","WAN15",2016,"WAN152016",2016-04-18,2016-05-30,NA,NA,42,2016-07-11,2016-08-22,NA,NA,42,84,4
"665","WAN","WAN16",2016,"WAN162016",2016-04-18,2016-05-30,NA,NA,42,2016-07-11,2016-08-08,NA,NA,28,70,1
"666","FBG","FBG01",2017,"FBG012017",2017-04-20,2017-05-31,NA,NA,41,2017-07-26,2017-09-06,NA,NA,42,83,14
"667","FBG","FBG02",2017,"FBG022017",2017-05-17,2017-05-31,NA,NA,14,2017-07-26,2017-09-06,NA,NA,42,56,16
"668","FBG","FBG03",2017,"FBG032017",2017-04-20,2017-05-31,NA,NA,41,2017-07-26,2017-09-06,NA,NA,42,83,2
"669","FBG","FBG04",2017,"FBG042017",2017-04-20,2017-05-31,NA,NA,41,2017-07-26,2017-09-06,NA,NA,42,83,7
"670","FBG","FBG05",2017,"FBG052017",2017-04-20,2017-05-31,NA,NA,41,2017-07-26,2017-09-06,NA,NA,42,83,16
"671","FBG","FBG06",2017,"FBG062017",2017-04-20,2017-05-31,NA,NA,41,2017-07-26,2017-09-06,NA,NA,42,83,34
"672","FBG","FBG07",2017,"FBG072017",NA,NA,NA,NA,NA,2017-07-26,2017-09-06,NA,NA,42,NA,41
"673","FBG","FBG08",2017,"FBG082017",NA,NA,NA,NA,NA,2017-07-26,2017-09-06,NA,NA,42,NA,0
"674","FBG","FBG09",2017,"FBG092017",2017-04-20,2017-05-31,NA,NA,41,2017-07-26,2017-09-06,NA,NA,42,83,4
"675","FBG","FBG10",2017,"FBG102017",2017-04-20,2017-05-31,NA,NA,41,2017-07-26,2017-09-06,NA,NA,42,83,13
"676","FBG","FBG11",2017,"FBG112017",2017-04-20,2017-05-31,NA,NA,41,2017-07-26,2017-08-09,NA,NA,14,55,11
"677","FBG","FBG12",2017,"FBG122017",2017-04-20,2017-05-31,NA,NA,41,2017-07-26,2017-09-06,NA,NA,42,83,15
"678","FBG","FBG13",2017,"FBG132017",2017-04-20,2017-05-31,NA,NA,41,2017-07-26,2017-09-06,NA,NA,42,83,57
"679","FBG","FBG14",2017,"FBG142017",2017-04-20,2017-05-31,NA,NA,41,2017-07-26,2017-09-06,NA,NA,42,83,6
"680","FBG","FBG15",2017,"FBG152017",2017-04-20,2017-05-31,NA,NA,41,2017-07-26,2017-09-06,NA,NA,42,83,7
"681","FBG","FBG16",2017,"FBG162017",2017-04-20,2017-05-31,NA,NA,41,2017-07-26,2017-09-06,NA,NA,42,83,8
"682","GFH","GFH01",2017,"GFH012017",2017-04-19,2017-05-30,NA,NA,41,2017-08-22,2017-09-05,NA,NA,14,55,3
"683","GFH","GFH02",2017,"GFH022017",2017-04-19,2017-05-30,NA,NA,41,2017-07-25,2017-09-05,NA,NA,42,83,1
"684","GFH","GFH03",2017,"GFH032017",NA,NA,NA,NA,NA,2017-07-25,2017-09-05,NA,NA,42,NA,7
"685","GFH","GFH04",2017,"GFH042017",2017-04-19,2017-05-30,NA,NA,41,2017-07-25,2017-09-05,NA,NA,42,83,14
"686","GFH","GFH05",2017,"GFH052017",2017-04-19,2017-05-30,NA,NA,41,2017-07-25,2017-09-05,NA,NA,42,83,28
"687","GFH","GFH06",2017,"GFH062017",2017-04-19,2017-05-30,NA,NA,41,2017-08-08,2017-09-05,NA,NA,28,69,0
"688","GFH","GFH07",2017,"GFH072017",2017-04-19,2017-05-30,NA,NA,41,2017-08-08,2017-09-05,NA,NA,28,69,14
"689","GFH","GFH08",2017,"GFH082017",2017-04-19,2017-05-30,NA,NA,41,2017-07-25,2017-09-05,NA,NA,42,83,4
"690","GFH","GFH09",2017,"GFH092017",2017-04-19,2017-05-30,NA,NA,41,2017-07-25,2017-09-05,NA,NA,42,83,2
"691","GFH","GFH10",2017,"GFH102017",2017-04-19,2017-05-30,NA,NA,41,2017-07-25,2017-09-05,2017-08-08,2017-08-22,28,69,4
"692","GFH","GFH11",2017,"GFH112017",2017-04-19,2017-05-30,NA,NA,41,2017-07-25,2017-09-05,NA,NA,42,83,17
"693","GFH","GFH12",2017,"GFH122017",NA,NA,NA,NA,NA,2017-07-25,2017-09-05,2017-08-08,2017-08-22,28,NA,4
"694","GFH","GFH13",2017,"GFH132017",2017-04-19,2017-05-30,NA,NA,41,2017-07-25,2017-09-05,NA,NA,42,83,16
"695","GFH","GFH14",2017,"GFH142017",2017-04-19,2017-05-30,NA,NA,41,2017-07-25,2017-09-05,NA,NA,42,83,4
"696","GFH","GFH15",2017,"GFH152017",NA,NA,NA,NA,NA,2017-07-25,2017-09-05,2017-08-08,2017-08-22,28,NA,2
"697","GFH","GFH16",2017,"GFH162017",NA,NA,NA,NA,NA,2017-08-08,2017-09-05,NA,NA,28,NA,2
"698","HAR","HAR01",2017,"HAR012017",2017-04-18,2017-05-29,NA,NA,41,2017-07-24,2017-09-04,NA,NA,42,83,5
"699","HAR","HAR02",2017,"HAR022017",NA,NA,NA,NA,NA,2017-07-24,2017-09-04,NA,NA,42,NA,2
"700","HAR","HAR03",2017,"HAR032017",NA,NA,NA,NA,NA,2017-07-24,2017-09-04,NA,NA,42,NA,9
"701","HAR","HAR04",2017,"HAR042017",2017-04-18,2017-05-29,NA,NA,41,2017-07-24,2017-08-21,NA,NA,28,69,0
"702","HAR","HAR05",2017,"HAR052017",2017-04-18,2017-05-29,NA,NA,41,2017-07-24,2017-09-04,NA,NA,42,83,24
"703","HAR","HAR06",2017,"HAR062017",2017-04-18,2017-05-29,NA,NA,41,2017-07-24,2017-09-04,NA,NA,42,83,13
"704","HAR","HAR07",2017,"HAR072017",2017-04-18,2017-05-29,NA,NA,41,2017-07-24,2017-09-04,NA,NA,42,83,6
"705","HAR","HAR08",2017,"HAR082017",2017-04-18,2017-05-29,NA,NA,41,2017-07-24,2017-09-04,NA,NA,42,83,10
"706","HAR","HAR09",2017,"HAR092017",NA,NA,NA,NA,NA,2017-08-07,2017-09-04,NA,NA,28,NA,17
"707","HAR","HAR10",2017,"HAR102017",2017-04-18,2017-05-29,NA,NA,41,2017-07-24,2017-09-04,NA,NA,42,83,50
"708","HAR","HAR11",2017,"HAR112017",2017-04-18,2017-05-29,NA,NA,41,2017-08-07,2017-09-04,NA,NA,28,69,12
"709","HAR","HAR12",2017,"HAR122017",2017-04-18,2017-05-29,2017-05-02,2017-05-15,28,2017-08-07,2017-09-04,NA,NA,28,56,6
"710","HAR","HAR13",2017,"HAR132017",NA,NA,NA,NA,NA,2017-07-24,2017-09-04,NA,NA,42,NA,19
"711","HAR","HAR14",2017,"HAR142017",NA,NA,NA,NA,NA,2017-07-24,2017-09-04,NA,NA,42,NA,62
"712","HAR","HAR15",2017,"HAR152017",2017-04-18,2017-05-29,NA,NA,41,2017-07-24,2017-09-04,NA,NA,42,83,43
"713","HAR","HAR16",2017,"HAR162017",2017-04-18,2017-05-29,NA,NA,41,2017-07-24,2017-09-04,NA,NA,42,83,20
"714","SIP","SIP01",2017,"SIP012017",2017-04-19,2017-05-30,NA,NA,41,2017-07-25,2017-09-05,2017-08-08,2017-08-22,28,69,3
"715","SIP","SIP02",2017,"SIP022017",2017-04-19,2017-05-30,NA,NA,41,2017-07-25,2017-09-05,NA,NA,42,83,0
"716","SIP","SIP03",2017,"SIP032017",2017-04-19,2017-05-30,NA,NA,41,2017-07-25,2017-08-22,NA,NA,28,69,1
"717","SIP","SIP05",2017,"SIP052017",2017-04-19,2017-05-30,NA,NA,41,2017-08-08,2017-08-22,NA,NA,14,55,1
"718","SIP","SIP06",2017,"SIP062017",2017-05-30,2017-06-13,NA,NA,14,2017-07-25,2017-09-05,NA,NA,42,56,2
"719","SIP","SIP07",2017,"SIP072017",2017-04-19,2017-05-30,NA,NA,41,2017-07-25,2017-09-05,NA,NA,42,83,2
"720","SIP","SIP08",2017,"SIP082017",2017-04-19,2017-06-13,2017-05-03,2017-05-16,42,2017-07-25,2017-09-05,NA,NA,42,84,0
"721","SIP","SIP09",2017,"SIP092017",2017-04-19,2017-06-13,NA,NA,55,2017-07-25,2017-09-05,NA,NA,42,97,2
"722","SIP","SIP10",2017,"SIP102017",2017-05-30,2017-06-13,NA,NA,14,2017-07-25,2017-09-05,NA,NA,42,56,3
"723","SIP","SIP11",2017,"SIP112017",2017-04-19,2017-05-30,NA,NA,41,2017-07-25,2017-09-05,NA,NA,42,83,11
"724","SIP","SIP12",2017,"SIP122017",2017-04-19,2017-06-13,NA,NA,55,2017-07-25,2017-09-05,NA,NA,42,97,5
"725","SIP","SIP13",2017,"SIP132017",2017-04-19,2017-05-30,NA,NA,41,2017-07-25,2017-09-05,NA,NA,42,83,0
"726","SIP","SIP14",2017,"SIP142017",2017-04-19,2017-05-30,NA,NA,41,2017-08-08,2017-09-05,NA,NA,28,69,0
"727","SIP","SIP15",2017,"SIP152017",2017-05-30,2017-06-13,NA,NA,14,2017-07-25,2017-09-05,NA,NA,42,56,23
"728","SIP","SIP16",2017,"SIP162017",2017-05-30,2017-06-13,NA,NA,14,2017-07-25,2017-08-22,NA,NA,28,42,1
"729","SST","SST01",2017,"SST012017",2017-04-20,2017-05-31,NA,NA,41,2017-07-26,2017-09-06,NA,NA,42,83,3
"730","SST","SST02",2017,"SST022017",NA,NA,NA,NA,NA,2017-07-26,2017-09-06,NA,NA,42,NA,6
"731","SST","SST03",2017,"SST032017",2017-04-20,2017-05-31,NA,NA,41,2017-07-26,2017-09-06,NA,NA,42,83,84
"732","SST","SST04",2017,"SST042017",2017-04-20,2017-05-31,NA,NA,41,2017-07-26,2017-09-06,NA,NA,42,83,119
"733","SST","SST05",2017,"SST052017",2017-04-20,2017-05-31,NA,NA,41,2017-07-26,2017-08-23,NA,NA,28,69,0
"734","SST","SST06",2017,"SST062017",NA,NA,NA,NA,NA,2017-07-26,2017-09-06,NA,NA,42,NA,6
"735","SST","SST07",2017,"SST072017",2017-04-20,2017-05-31,NA,NA,41,2017-07-26,2017-09-06,NA,NA,42,83,7
"736","SST","SST08",2017,"SST082017",2017-04-20,2017-05-31,NA,NA,41,2017-07-26,2017-09-06,NA,NA,42,83,52
"737","SST","SST09",2017,"SST092017",2017-04-20,2017-05-31,NA,NA,41,2017-07-26,2017-09-06,NA,NA,42,83,5
"738","SST","SST10",2017,"SST102017",NA,NA,NA,NA,NA,2017-07-26,2017-09-06,NA,NA,42,NA,0
"739","SST","SST11",2017,"SST112017",2017-04-20,2017-05-31,NA,NA,41,2017-07-26,2017-08-09,NA,NA,14,55,0
"740","SST","SST12",2017,"SST122017",2017-04-20,2017-05-31,NA,NA,41,2017-07-26,2017-08-23,NA,NA,28,69,13
"741","SST","SST13",2017,"SST132017",2017-04-20,2017-05-31,NA,NA,41,2017-08-09,2017-09-06,NA,NA,28,69,3
"742","SST","SST14",2017,"SST142017",2017-04-20,2017-05-31,NA,NA,41,2017-08-09,2017-09-06,NA,NA,28,69,8
"743","SST","SST15",2017,"SST152017",2017-04-20,2017-05-04,NA,NA,14,2017-07-26,2017-09-06,NA,NA,42,56,2
"744","SST","SST16",2017,"SST162017",2017-05-04,2017-05-31,NA,NA,27,2017-07-26,2017-09-06,NA,NA,42,69,18
"745","WAN","WAN01",2017,"WAN012017",2017-05-15,2017-05-29,NA,NA,14,2017-07-24,2017-09-04,NA,NA,42,56,6
"746","WAN","WAN02",2017,"WAN022017",NA,NA,NA,NA,NA,2017-07-24,2017-09-04,NA,NA,42,NA,12
"747","WAN","WAN03",2017,"WAN032017",2017-05-02,2017-05-29,NA,NA,27,2017-07-24,2017-09-04,NA,NA,42,69,6
"748","WAN","WAN04",2017,"WAN042017",2017-05-02,2017-05-15,NA,NA,13,2017-07-24,2017-09-04,NA,NA,42,55,10
"749","WAN","WAN05",2017,"WAN052017",NA,NA,NA,NA,NA,2017-07-24,2017-09-04,NA,NA,42,NA,5
"750","WAN","WAN06",2017,"WAN062017",NA,NA,NA,NA,NA,2017-07-24,2017-09-04,NA,NA,42,NA,2
"751","WAN","WAN07",2017,"WAN072017",2017-04-18,2017-05-29,NA,NA,41,2017-07-24,2017-09-04,NA,NA,42,83,3
"752","WAN","WAN08",2017,"WAN082017",2017-04-18,2017-05-29,NA,NA,41,2017-07-24,2017-09-04,NA,NA,42,83,4
"753","WAN","WAN09",2017,"WAN092017",2017-04-18,2017-05-29,2017-05-02,2017-05-15,28,2017-07-24,2017-09-04,NA,NA,42,70,78
"754","WAN","WAN10",2017,"WAN102017",2017-05-15,2017-05-29,NA,NA,14,2017-07-24,2017-09-04,NA,NA,42,56,34
"755","WAN","WAN11",2017,"WAN112017",2017-05-02,2017-05-29,NA,NA,27,2017-08-07,2017-08-21,NA,NA,14,41,1
"756","WAN","WAN12",2017,"WAN122017",2017-05-02,2017-05-15,NA,NA,13,2017-07-24,2017-09-04,NA,NA,42,55,13
"757","WAN","WAN13",2017,"WAN132017",2017-04-18,2017-05-29,2017-05-02,2017-05-15,28,2017-07-24,2017-09-04,NA,NA,42,70,72
"758","WAN","WAN14",2017,"WAN142017",2017-04-18,2017-05-29,NA,NA,41,2017-07-24,2017-09-04,NA,NA,42,83,48
"759","WAN","WAN15",2017,"WAN152017",2017-05-02,2017-05-29,NA,NA,27,2017-07-24,2017-09-04,NA,NA,42,69,3
"760","WAN","WAN16",2017,"WAN162017",2017-04-18,2017-05-15,NA,NA,27,2017-07-24,2017-09-04,NA,NA,42,69,2
"761","FBG","FBG01",2018,"FBG012018",2018-04-18,2018-05-30,NA,NA,42,2018-08-01,2018-09-12,NA,NA,42,84,7
"762","FBG","FBG02",2018,"FBG022018",2018-04-18,2018-05-30,NA,NA,42,2018-08-01,2018-09-12,2018-08-15,2018-08-29,28,70,31
"763","FBG","FBG03",2018,"FBG032018",2018-04-18,2018-05-30,NA,NA,42,2018-08-01,2018-09-12,NA,NA,42,84,9
"764","FBG","FBG04",2018,"FBG042018",2018-04-18,2018-05-30,NA,NA,42,2018-08-01,2018-09-12,NA,NA,42,84,36
"765","FBG","FBG05",2018,"FBG052018",2018-04-18,2018-05-30,NA,NA,42,2018-08-01,2018-09-12,NA,NA,42,84,16
"766","FBG","FBG06",2018,"FBG062018",2018-04-18,2018-05-30,NA,NA,42,2018-08-01,2018-09-12,NA,NA,42,84,11
"767","FBG","FBG07",2018,"FBG072018",2018-04-18,2018-05-30,NA,NA,42,2018-08-01,2018-09-12,NA,NA,42,84,24
"768","FBG","FBG08",2018,"FBG082018",2018-04-18,2018-05-30,NA,NA,42,2018-08-01,2018-09-12,NA,NA,42,84,1
"769","FBG","FBG09",2018,"FBG092018",2018-04-18,2018-05-30,NA,NA,42,2018-08-01,2018-09-12,NA,NA,42,84,3
"770","FBG","FBG10",2018,"FBG102018",2018-04-18,2018-05-30,NA,NA,42,2018-08-01,2018-09-12,NA,NA,42,84,10
"771","FBG","FBG11",2018,"FBG112018",2018-04-18,2018-05-30,NA,NA,42,2018-08-01,2018-09-12,NA,NA,42,84,8
"772","FBG","FBG12",2018,"FBG122018",2018-04-18,2018-05-30,NA,NA,42,2018-08-01,2018-09-12,NA,NA,42,84,25
"773","FBG","FBG13",2018,"FBG132018",2018-04-18,2018-05-30,NA,NA,42,2018-08-01,2018-09-12,NA,NA,42,84,23
"774","FBG","FBG14",2018,"FBG142018",2018-04-18,2018-05-30,NA,NA,42,2018-08-01,2018-09-12,NA,NA,42,84,16
"775","FBG","FBG15",2018,"FBG152018",2018-04-18,2018-05-30,NA,NA,42,2018-08-15,2018-09-12,NA,NA,28,70,13
"776","FBG","FBG16",2018,"FBG162018",2018-04-18,2018-05-30,NA,NA,42,2018-08-01,2018-09-12,NA,NA,42,84,15
"777","GFH","GFH01",2018,"GFH012018",2018-04-17,2018-05-29,NA,NA,42,2018-08-02,2018-09-13,2018-08-17,2018-08-30,29,71,2
"778","GFH","GFH02",2018,"GFH022018",2018-04-17,2018-05-29,NA,NA,42,2018-08-02,2018-08-30,NA,NA,28,70,1
"779","GFH","GFH04",2018,"GFH042018",2018-04-17,2018-05-29,NA,NA,42,2018-08-02,2018-09-13,NA,NA,42,84,7
"780","GFH","GFH05",2018,"GFH052018",2018-04-17,2018-05-29,NA,NA,42,2018-08-02,2018-09-13,2018-08-17,2018-08-30,29,71,5
"781","GFH","GFH06",2018,"GFH062018",2018-04-17,2018-05-29,NA,NA,42,2018-08-02,2018-09-13,NA,NA,42,84,0
"782","GFH","GFH07",2018,"GFH072018",2018-04-17,2018-05-29,NA,NA,42,2018-08-02,2018-09-13,NA,NA,42,84,4
"783","GFH","GFH08",2018,"GFH082018",2018-04-17,2018-05-29,NA,NA,42,2018-08-02,2018-09-13,NA,NA,42,84,1
"784","GFH","GFH09",2018,"GFH092018",2018-04-17,2018-05-29,NA,NA,42,2018-08-02,2018-09-13,NA,NA,42,84,7
"785","GFH","GFH10",2018,"GFH102018",2018-04-17,2018-05-29,NA,NA,42,2018-08-02,2018-09-13,NA,NA,42,84,5
"786","GFH","GFH11",2018,"GFH112018",2018-04-17,2018-05-29,NA,NA,42,2018-08-02,2018-09-13,NA,NA,42,84,4
"787","GFH","GFH12",2018,"GFH122018",2018-04-17,2018-05-29,NA,NA,42,2018-08-02,2018-09-13,NA,NA,42,84,1
"788","GFH","GFH13",2018,"GFH132018",2018-04-17,2018-05-29,NA,NA,42,2018-08-02,2018-09-13,NA,NA,42,84,12
"789","GFH","GFH14",2018,"GFH142018",2018-04-17,2018-05-15,NA,NA,28,2018-08-02,2018-09-13,NA,NA,42,70,8
"790","GFH","GFH15",2018,"GFH152018",2018-04-17,2018-05-29,NA,NA,42,2018-08-02,2018-08-30,NA,NA,28,70,6
"791","GFH","GFH16",2018,"GFH162018",2018-04-17,2018-05-29,NA,NA,42,2018-08-02,2018-09-13,NA,NA,42,84,4
"792","HAR","HAR01",2018,"HAR012018",2018-04-16,2018-05-28,NA,NA,42,2018-07-30,2018-09-10,NA,NA,42,84,4
"793","HAR","HAR02",2018,"HAR022018",2018-04-16,2018-05-28,NA,NA,42,2018-07-30,2018-09-10,NA,NA,42,84,19
"794","HAR","HAR03",2018,"HAR032018",2018-04-16,2018-05-28,NA,NA,42,2018-07-30,2018-09-10,NA,NA,42,84,12
"795","HAR","HAR04",2018,"HAR042018",2018-04-16,2018-05-28,NA,NA,42,2018-07-30,2018-09-10,NA,NA,42,84,5
"796","HAR","HAR05",2018,"HAR052018",2018-04-16,2018-05-28,NA,NA,42,2018-07-30,2018-09-10,NA,NA,42,84,16
"797","HAR","HAR06",2018,"HAR062018",2018-04-16,2018-05-28,NA,NA,42,2018-07-30,2018-09-10,NA,NA,42,84,12
"798","HAR","HAR07",2018,"HAR072018",2018-04-16,2018-05-28,NA,NA,42,2018-07-30,2018-09-10,NA,NA,42,84,11
"799","HAR","HAR08",2018,"HAR082018",2018-04-16,2018-05-28,NA,NA,42,2018-07-30,2018-09-10,NA,NA,42,84,5
"800","HAR","HAR09",2018,"HAR092018",2018-04-16,2018-05-28,NA,NA,42,2018-07-30,2018-09-10,NA,NA,42,84,23
"801","HAR","HAR10",2018,"HAR102018",2018-04-16,2018-05-28,NA,NA,42,2018-07-30,2018-09-10,2018-08-13,2018-08-27,28,70,14
"802","HAR","HAR11",2018,"HAR112018",2018-04-16,2018-05-28,NA,NA,42,2018-07-30,2018-09-10,NA,NA,42,84,16
"803","HAR","HAR12",2018,"HAR122018",2018-04-16,2018-05-28,NA,NA,42,2018-07-30,2018-09-10,NA,NA,42,84,36
"804","HAR","HAR13",2018,"HAR132018",2018-04-16,2018-05-28,NA,NA,42,2018-07-30,2018-09-10,NA,NA,42,84,49
"805","HAR","HAR14",2018,"HAR142018",2018-04-16,2018-05-28,NA,NA,42,2018-07-30,2018-09-10,2018-08-13,2018-08-27,28,70,22
"806","HAR","HAR15",2018,"HAR152018",2018-04-16,2018-05-28,NA,NA,42,2018-07-30,2018-09-10,NA,NA,42,84,18
"807","HAR","HAR16",2018,"HAR162018",2018-04-16,2018-05-28,NA,NA,42,2018-08-13,2018-09-10,NA,NA,28,70,186
"808","SIP","SIP01",2018,"SIP012018",2018-04-17,2018-05-29,NA,NA,42,2018-08-02,2018-08-30,NA,NA,28,70,7
"809","SIP","SIP02",2018,"SIP022018",2018-04-17,2018-05-29,NA,NA,42,2018-08-02,2018-09-13,NA,NA,42,84,2
"810","SIP","SIP03",2018,"SIP032018",2018-04-17,2018-05-29,NA,NA,42,2018-08-02,2018-08-30,NA,NA,28,70,2
"811","SIP","SIP05",2018,"SIP052018",2018-04-17,2018-05-29,NA,NA,42,2018-08-02,2018-08-30,NA,NA,28,70,0
"812","SIP","SIP06",2018,"SIP062018",2018-04-17,2018-05-29,NA,NA,42,2018-08-02,2018-09-13,NA,NA,42,84,20
"813","SIP","SIP07",2018,"SIP072018",2018-04-17,2018-05-29,NA,NA,42,2018-08-02,2018-09-13,NA,NA,42,84,8
"814","SIP","SIP08",2018,"SIP082018",2018-04-17,2018-05-29,NA,NA,42,2018-08-02,2018-09-13,NA,NA,42,84,1
"815","SIP","SIP09",2018,"SIP092018",2018-04-17,2018-05-29,NA,NA,42,2018-08-02,2018-08-30,NA,NA,28,70,2
"816","SIP","SIP10",2018,"SIP102018",2018-04-17,2018-05-29,NA,NA,42,2018-08-02,2018-09-13,NA,NA,42,84,5
"817","SIP","SIP11",2018,"SIP112018",2018-04-17,2018-05-29,NA,NA,42,2018-08-02,2018-09-13,NA,NA,42,84,2
"818","SIP","SIP12",2018,"SIP122018",2018-04-17,2018-05-29,NA,NA,42,2018-08-02,2018-09-13,NA,NA,42,84,2
"819","SIP","SIP13",2018,"SIP132018",2018-04-17,2018-05-29,NA,NA,42,2018-08-02,2018-08-30,NA,NA,28,70,4
"820","SIP","SIP14",2018,"SIP142018",2018-04-17,2018-05-29,NA,NA,42,2018-08-02,2018-09-13,NA,NA,42,84,8
"821","SIP","SIP15",2018,"SIP152018",2018-04-17,2018-05-29,NA,NA,42,2018-08-02,2018-09-13,NA,NA,42,84,5
"822","SIP","SIP16",2018,"SIP162018",2018-04-17,2018-05-29,NA,NA,42,2018-08-02,2018-09-13,NA,NA,42,84,3
"823","SST","SST01",2018,"SST012018",2018-04-18,2018-05-30,NA,NA,42,2018-08-01,2018-09-12,NA,NA,42,84,8
"824","SST","SST02",2018,"SST022018",2018-04-18,2018-05-30,NA,NA,42,2018-08-01,2018-09-12,2018-08-15,2018-08-29,28,70,7
"825","SST","SST03",2018,"SST032018",2018-04-18,2018-05-30,NA,NA,42,2018-08-01,2018-09-12,NA,NA,42,84,28
"826","SST","SST04",2018,"SST042018",2018-04-18,2018-05-30,NA,NA,42,2018-08-01,2018-09-12,NA,NA,42,84,31
"827","SST","SST05",2018,"SST052018",2018-04-18,2018-05-30,NA,NA,42,2018-08-01,2018-09-12,NA,NA,42,84,4
"828","SST","SST06",2018,"SST062018",2018-04-18,2018-05-16,NA,NA,28,2018-08-01,2018-09-12,NA,NA,42,70,5
"829","SST","SST07",2018,"SST072018",2018-04-18,2018-05-30,NA,NA,42,2018-08-01,2018-08-15,NA,NA,14,56,0
"830","SST","SST08",2018,"SST082018",2018-04-18,2018-05-30,NA,NA,42,2018-08-01,2018-09-12,NA,NA,42,84,24
"831","SST","SST09",2018,"SST092018",2018-04-18,2018-05-30,NA,NA,42,2018-08-01,2018-09-12,NA,NA,42,84,6
"832","SST","SST10",2018,"SST102018",2018-04-18,2018-05-30,NA,NA,42,2018-08-01,2018-09-12,NA,NA,42,84,44
"833","SST","SST11",2018,"SST112018",2018-04-18,2018-05-30,NA,NA,42,2018-08-15,2018-08-29,NA,NA,14,56,11
"834","SST","SST12",2018,"SST122018",2018-04-18,2018-05-30,NA,NA,42,2018-08-01,2018-09-12,NA,NA,42,84,16
"835","SST","SST13",2018,"SST132018",2018-04-18,2018-05-30,NA,NA,42,2018-08-01,2018-09-12,NA,NA,42,84,5
"836","SST","SST14",2018,"SST142018",2018-04-18,2018-05-30,NA,NA,42,2018-08-01,2018-09-12,NA,NA,42,84,6
"837","SST","SST15",2018,"SST152018",2018-04-18,2018-05-30,NA,NA,42,2018-08-01,2018-09-12,NA,NA,42,84,24
"838","SST","SST16",2018,"SST162018",2018-04-18,2018-05-30,NA,NA,42,2018-08-01,2018-09-12,NA,NA,42,84,11
"839","WAN","WAN01",2018,"WAN012018",2018-04-16,2018-05-28,NA,NA,42,2018-08-13,2018-09-10,NA,NA,28,70,41
"840","WAN","WAN02",2018,"WAN022018",2018-04-30,2018-05-28,NA,NA,28,2018-07-30,2018-09-10,NA,NA,42,70,27
"841","WAN","WAN03",2018,"WAN032018",2018-04-16,2018-05-14,NA,NA,28,2018-08-13,2018-09-10,NA,NA,28,56,6
"842","WAN","WAN04",2018,"WAN042018",2018-04-16,2018-05-28,NA,NA,42,2018-07-30,2018-09-10,NA,NA,42,84,10
"843","WAN","WAN05",2018,"WAN052018",2018-04-16,2018-05-14,NA,NA,28,2018-07-30,2018-09-10,NA,NA,42,70,5
"844","WAN","WAN06",2018,"WAN062018",2018-04-16,2018-05-28,NA,NA,42,2018-07-30,2018-09-10,NA,NA,42,84,14
"845","WAN","WAN07",2018,"WAN072018",2018-04-16,2018-05-14,NA,NA,28,2018-07-30,2018-09-10,NA,NA,42,70,3
"846","WAN","WAN08",2018,"WAN082018",2018-04-16,2018-05-28,NA,NA,42,2018-07-30,2018-09-10,NA,NA,42,84,4
"847","WAN","WAN09",2018,"WAN092018",2018-04-16,2018-05-28,NA,NA,42,2018-07-30,2018-09-10,NA,NA,42,84,19
"848","WAN","WAN10",2018,"WAN102018",2018-04-30,2018-05-28,NA,NA,28,2018-07-30,2018-09-10,NA,NA,42,70,5
"849","WAN","WAN11",2018,"WAN112018",2018-04-16,2018-05-28,NA,NA,42,2018-08-13,2018-08-27,NA,NA,14,56,0
"850","WAN","WAN12",2018,"WAN122018",2018-04-16,2018-05-28,NA,NA,42,2018-08-13,2018-09-10,NA,NA,28,70,12
"851","WAN","WAN13",2018,"WAN132018",2018-05-14,2018-05-28,NA,NA,14,2018-08-13,2018-09-10,NA,NA,28,42,9
"852","WAN","WAN14",2018,"WAN142018",2018-04-30,2018-05-28,NA,NA,28,2018-07-30,2018-09-10,2018-08-13,2018-08-27,28,56,4
"853","WAN","WAN15",2018,"WAN152018",2018-04-16,2018-05-28,NA,NA,42,2018-07-30,2018-09-10,NA,NA,42,84,4
"854","WAN","WAN16",2018,"WAN162018",2018-04-16,2018-05-28,NA,NA,42,2018-07-30,2018-09-10,2018-08-13,2018-08-27,28,70,3
"855","FBG","FBG01",2019,"FBG012019",2019-04-15,2019-05-27,NA,NA,42,2019-07-22,2019-09-02,NA,NA,42,84,14
"856","FBG","FBG02",2019,"FBG022019",2019-04-15,2019-05-27,2019-04-29,2019-05-13,28,2019-07-22,2019-09-02,NA,NA,42,70,28
"857","FBG","FBG03",2019,"FBG032019",2019-04-15,2019-05-27,NA,NA,42,2019-07-22,2019-09-02,NA,NA,42,84,8
"858","FBG","FBG04",2019,"FBG042019",2019-04-15,2019-05-27,NA,NA,42,2019-07-22,2019-09-02,NA,NA,42,84,0
"859","FBG","FBG05",2019,"FBG052019",2019-04-29,2019-05-27,NA,NA,28,2019-07-22,2019-09-02,NA,NA,42,70,6
"860","FBG","FBG06",2019,"FBG062019",2019-04-15,2019-05-27,NA,NA,42,2019-07-22,2019-09-02,2019-08-05,2019-08-19,28,70,21
"861","FBG","FBG07",2019,"FBG072019",2019-04-15,2019-05-27,NA,NA,42,2019-07-22,2019-09-02,NA,NA,42,84,20
"862","FBG","FBG08",2019,"FBG082019",2019-04-15,2019-05-27,NA,NA,42,2019-07-22,2019-09-02,NA,NA,42,84,1
"863","FBG","FBG09",2019,"FBG092019",2019-04-15,2019-05-27,NA,NA,42,2019-07-22,2019-09-02,NA,NA,42,84,3
"864","FBG","FBG10",2019,"FBG102019",2019-04-15,2019-05-27,NA,NA,42,2019-07-22,2019-09-02,NA,NA,42,84,5
"865","FBG","FBG11",2019,"FBG112019",2019-04-15,2019-05-27,NA,NA,42,2019-07-22,2019-09-02,NA,NA,42,84,4
"866","FBG","FBG12",2019,"FBG122019",2019-04-15,2019-05-27,NA,NA,42,2019-07-22,2019-09-02,2019-08-05,2019-08-19,28,70,17
"867","FBG","FBG13",2019,"FBG132019",2019-04-15,2019-05-27,NA,NA,42,2019-07-22,2019-09-02,NA,NA,42,84,40
"868","FBG","FBG14",2019,"FBG142019",2019-04-15,2019-05-27,NA,NA,42,2019-07-22,2019-09-02,NA,NA,42,84,9
"869","FBG","FBG15",2019,"FBG152019",2019-04-15,2019-05-27,NA,NA,42,2019-07-22,2019-09-02,NA,NA,42,84,6
"870","FBG","FBG16",2019,"FBG162019",2019-04-15,2019-05-27,NA,NA,42,2019-07-22,2019-09-02,NA,NA,42,84,13
"871","GFH","GFH01",2019,"GFH012019",2019-04-16,2019-05-29,NA,NA,43,2019-07-23,2019-08-20,NA,NA,28,71,1
"872","GFH","GFH02",2019,"GFH022019",2019-04-16,2019-05-14,NA,NA,28,2019-07-23,2019-09-04,NA,NA,43,71,3
"873","GFH","GFH03",2019,"GFH032019",2019-04-16,2019-05-29,NA,NA,43,2019-07-23,2019-09-04,NA,NA,43,86,10
"874","GFH","GFH04",2019,"GFH042019",2019-04-16,2019-05-29,NA,NA,43,2019-07-23,2019-09-04,2019-08-06,2019-08-20,29,72,6
"875","GFH","GFH05",2019,"GFH052019",2019-04-16,2019-05-29,NA,NA,43,2019-07-23,2019-09-04,NA,NA,43,86,22
"876","GFH","GFH06",2019,"GFH062019",2019-04-16,2019-05-14,NA,NA,28,2019-07-23,2019-09-04,2019-08-06,2019-08-20,29,57,2
"877","GFH","GFH07",2019,"GFH072019",2019-04-16,2019-05-29,NA,NA,43,2019-07-23,2019-09-04,2019-08-06,2019-08-20,29,72,9
"878","GFH","GFH08",2019,"GFH082019",2019-04-16,2019-05-29,NA,NA,43,2019-07-23,2019-09-04,NA,NA,43,86,2
"879","GFH","GFH09",2019,"GFH092019",2019-04-16,2019-05-29,NA,NA,43,2019-07-23,2019-09-04,NA,NA,43,86,2
"880","GFH","GFH10",2019,"GFH102019",2019-04-16,2019-05-29,NA,NA,43,2019-07-23,2019-09-04,NA,NA,43,86,5
"881","GFH","GFH11",2019,"GFH112019",2019-04-16,2019-05-29,NA,NA,43,2019-07-23,2019-09-04,NA,NA,43,86,5
"882","GFH","GFH12",2019,"GFH122019",2019-04-16,2019-05-29,NA,NA,43,2019-07-23,2019-09-04,NA,NA,43,86,0
"883","GFH","GFH13",2019,"GFH132019",2019-04-16,2019-05-29,NA,NA,43,2019-07-23,2019-09-04,NA,NA,43,86,11
"884","GFH","GFH14",2019,"GFH142019",2019-04-16,2019-05-29,NA,NA,43,2019-07-23,2019-09-04,NA,NA,43,86,34
"885","GFH","GFH15",2019,"GFH152019",2019-04-16,2019-05-29,NA,NA,43,2019-07-23,2019-09-04,NA,NA,43,86,15
"886","GFH","GFH16",2019,"GFH162019",2019-04-16,2019-05-29,NA,NA,43,2019-07-23,2019-09-04,NA,NA,43,86,12
"887","HAR","HAR01",2019,"HAR012019",2019-04-17,2019-05-29,NA,NA,42,2019-07-24,2019-09-05,NA,NA,43,85,6
"888","HAR","HAR02",2019,"HAR022019",2019-04-17,2019-05-29,NA,NA,42,2019-07-24,2019-09-05,NA,NA,43,85,8
"889","HAR","HAR03",2019,"HAR032019",2019-04-17,2019-05-15,NA,NA,28,2019-07-24,2019-08-21,NA,NA,28,56,2
"890","HAR","HAR04",2019,"HAR042019",2019-04-17,2019-05-29,NA,NA,42,2019-07-24,2019-09-05,NA,NA,43,85,7
"891","HAR","HAR05",2019,"HAR052019",2019-04-17,2019-05-29,NA,NA,42,2019-07-24,2019-09-05,NA,NA,43,85,27
"892","HAR","HAR06",2019,"HAR062019",2019-04-17,2019-05-29,NA,NA,42,2019-07-24,2019-09-05,NA,NA,43,85,15
"893","HAR","HAR07",2019,"HAR072019",2019-04-17,2019-05-29,NA,NA,42,2019-07-24,2019-08-21,NA,NA,28,70,4
"894","HAR","HAR08",2019,"HAR082019",2019-04-17,2019-05-29,NA,NA,42,2019-07-24,2019-09-05,2019-08-07,2019-08-21,29,71,0
"895","HAR","HAR09",2019,"HAR092019",2019-04-17,2019-05-29,NA,NA,42,2019-07-24,2019-09-05,NA,NA,43,85,13
"896","HAR","HAR10",2019,"HAR102019",2019-04-17,2019-05-29,NA,NA,42,2019-07-24,2019-09-05,NA,NA,43,85,21
"897","HAR","HAR11",2019,"HAR112019",2019-04-17,2019-05-29,NA,NA,42,2019-07-24,2019-09-05,NA,NA,43,85,8
"898","HAR","HAR12",2019,"HAR122019",2019-04-17,2019-05-29,NA,NA,42,2019-07-24,2019-09-05,2019-08-07,2019-08-21,29,71,10
"899","HAR","HAR13",2019,"HAR132019",2019-04-17,2019-05-29,NA,NA,42,2019-07-24,2019-09-05,NA,NA,43,85,24
"900","HAR","HAR14",2019,"HAR142019",2019-04-17,2019-05-29,NA,NA,42,2019-07-24,2019-09-05,NA,NA,43,85,29
"901","HAR","HAR15",2019,"HAR152019",2019-04-17,2019-05-29,NA,NA,42,2019-07-24,2019-09-05,NA,NA,43,85,32
"902","HAR","HAR16",2019,"HAR162019",2019-04-17,2019-05-29,NA,NA,42,2019-07-24,2019-09-05,NA,NA,43,85,47
"903","SIP","SIP01",2019,"SIP012019",2019-04-16,2019-05-29,NA,NA,43,2019-07-23,2019-09-04,NA,NA,43,86,3
"904","SIP","SIP02",2019,"SIP022019",2019-04-16,2019-05-29,NA,NA,43,2019-07-23,2019-09-04,NA,NA,43,86,4
"905","SIP","SIP03",2019,"SIP032019",2019-04-16,2019-05-29,NA,NA,43,2019-07-23,2019-09-04,2019-08-06,2019-08-20,29,72,5
"906","SIP","SIP05",2019,"SIP052019",2019-04-16,2019-05-29,NA,NA,43,2019-07-23,2019-09-04,NA,NA,43,86,19
"907","SIP","SIP06",2019,"SIP062019",2019-04-16,2019-05-29,NA,NA,43,2019-07-23,2019-09-04,NA,NA,43,86,16
"908","SIP","SIP07",2019,"SIP072019",2019-04-16,2019-05-29,NA,NA,43,2019-07-23,2019-09-04,NA,NA,43,86,18
"909","SIP","SIP08",2019,"SIP082019",2019-04-16,2019-05-29,NA,NA,43,2019-07-23,2019-09-04,NA,NA,43,86,4
"910","SIP","SIP09",2019,"SIP092019",2019-04-16,2019-05-29,NA,NA,43,2019-07-23,2019-09-04,NA,NA,43,86,7
"911","SIP","SIP10",2019,"SIP102019",2019-04-16,2019-05-29,NA,NA,43,2019-07-23,2019-09-04,NA,NA,43,86,19
"912","SIP","SIP11",2019,"SIP112019",2019-04-16,2019-05-29,NA,NA,43,2019-07-23,2019-09-04,NA,NA,43,86,51
"913","SIP","SIP12",2019,"SIP122019",2019-04-16,2019-05-29,NA,NA,43,2019-07-23,2019-09-04,NA,NA,43,86,12
"914","SIP","SIP13",2019,"SIP132019",2019-04-16,2019-05-29,NA,NA,43,2019-07-23,2019-09-04,NA,NA,43,86,11
"915","SIP","SIP14",2019,"SIP142019",2019-04-16,2019-05-29,NA,NA,43,2019-07-23,2019-09-04,NA,NA,43,86,23
"916","SIP","SIP15",2019,"SIP152019",2019-04-16,2019-05-29,NA,NA,43,2019-08-06,2019-09-04,NA,NA,29,72,15
"917","SIP","SIP16",2019,"SIP162019",2019-04-16,2019-05-29,NA,NA,43,2019-07-23,2019-09-04,NA,NA,43,86,4
"918","SST","SST01",2019,"SST012019",2019-04-15,2019-05-27,NA,NA,42,2019-07-22,2019-09-03,NA,NA,43,85,3
"919","SST","SST02",2019,"SST022019",2019-04-15,2019-05-27,NA,NA,42,2019-07-22,2019-09-03,NA,NA,43,85,4
"920","SST","SST03",2019,"SST032019",2019-04-15,2019-05-27,NA,NA,42,2019-07-22,2019-08-19,NA,NA,28,70,4
"921","SST","SST04",2019,"SST042019",2019-04-15,2019-05-27,NA,NA,42,2019-07-22,2019-09-03,NA,NA,43,85,5
"922","SST","SST05",2019,"SST052019",2019-04-15,2019-05-27,NA,NA,42,2019-07-22,2019-09-03,NA,NA,43,85,7
"923","SST","SST06",2019,"SST062019",2019-04-29,2019-05-13,NA,NA,14,2019-07-22,2019-08-19,NA,NA,28,42,23
"924","SST","SST07",2019,"SST072019",2019-04-15,2019-05-27,NA,NA,42,2019-07-22,2019-09-03,NA,NA,43,85,5
"925","SST","SST08",2019,"SST082019",2019-04-15,2019-05-27,NA,NA,42,2019-07-22,2019-09-03,NA,NA,43,85,14
"926","SST","SST09",2019,"SST092019",2019-04-15,2019-05-27,NA,NA,42,2019-07-22,2019-09-03,NA,NA,43,85,14
"927","SST","SST10",2019,"SST102019",2019-04-15,2019-05-27,NA,NA,42,2019-07-22,2019-09-03,NA,NA,43,85,11
"928","SST","SST11",2019,"SST112019",2019-04-15,2019-05-27,NA,NA,42,2019-07-22,2019-09-03,NA,NA,43,85,2
"929","SST","SST12",2019,"SST122019",2019-04-15,2019-05-27,NA,NA,42,2019-07-22,2019-09-03,NA,NA,43,85,14
"930","SST","SST13",2019,"SST132019",2019-04-15,2019-05-27,NA,NA,42,2019-07-22,2019-09-03,NA,NA,43,85,9
"931","SST","SST14",2019,"SST142019",2019-04-15,2019-05-27,NA,NA,42,2019-07-22,2019-09-03,NA,NA,43,85,6
"932","SST","SST15",2019,"SST152019",2019-04-15,2019-05-27,NA,NA,42,2019-07-22,2019-08-05,NA,NA,14,56,1
"933","SST","SST16",2019,"SST162019",2019-04-15,2019-05-27,NA,NA,42,2019-07-22,2019-08-19,NA,NA,28,70,3
"934","WAN","WAN01",2019,"WAN012019",2019-04-17,2019-05-29,NA,NA,42,2019-07-24,2019-09-05,NA,NA,43,85,13
"935","WAN","WAN02",2019,"WAN022019",2019-04-17,2019-05-29,NA,NA,42,2019-07-24,2019-09-05,NA,NA,43,85,11
"936","WAN","WAN03",2019,"WAN032019",2019-04-17,2019-05-29,NA,NA,42,2019-07-24,2019-09-05,NA,NA,43,85,7
"937","WAN","WAN04",2019,"WAN042019",2019-04-17,2019-05-29,NA,NA,42,2019-07-24,2019-09-05,NA,NA,43,85,6
"938","WAN","WAN05",2019,"WAN052019",2019-04-17,2019-05-29,NA,NA,42,2019-07-24,2019-09-05,NA,NA,43,85,4
"939","WAN","WAN06",2019,"WAN062019",2019-04-17,2019-05-29,NA,NA,42,2019-07-24,2019-09-05,NA,NA,43,85,9
"940","WAN","WAN07",2019,"WAN072019",2019-04-17,2019-05-29,NA,NA,42,2019-07-24,2019-09-05,NA,NA,43,85,6
"941","WAN","WAN08",2019,"WAN082019",2019-04-17,2019-05-29,NA,NA,42,2019-07-24,2019-09-05,2019-08-07,2019-08-21,29,71,1
"942","WAN","WAN09",2019,"WAN092019",2019-04-17,2019-05-29,NA,NA,42,2019-07-24,2019-09-05,NA,NA,43,85,17
"943","WAN","WAN10",2019,"WAN102019",2019-04-17,2019-05-29,NA,NA,42,2019-07-24,2019-09-05,NA,NA,43,85,6
"944","WAN","WAN11",2019,"WAN112019",2019-04-17,2019-05-15,NA,NA,28,2019-07-24,2019-08-07,NA,NA,14,42,1
"945","WAN","WAN12",2019,"WAN122019",2019-04-17,2019-05-29,NA,NA,42,2019-07-24,2019-09-05,NA,NA,43,85,23
"946","WAN","WAN13",2019,"WAN132019",2019-04-17,2019-05-29,NA,NA,42,2019-07-24,2019-09-05,NA,NA,43,85,13
"947","WAN","WAN14",2019,"WAN142019",2019-04-17,2019-05-29,NA,NA,42,2019-07-24,2019-09-05,NA,NA,43,85,1
"948","WAN","WAN15",2019,"WAN152019",2019-04-17,2019-05-29,NA,NA,42,2019-07-24,2019-09-05,NA,NA,43,85,5
"949","WAN","WAN16",2019,"WAN162019",2019-04-17,2019-05-29,NA,NA,42,2019-07-24,2019-09-05,2019-08-07,2019-08-21,29,71,5
"950","FBG","FBG01",2020,"FBG012020",2020-04-15,2020-05-27,NA,NA,42,2020-07-22,2020-09-02,NA,NA,42,84,14
"951","FBG","FBG02",2020,"FBG022020",2020-04-15,2020-05-27,NA,NA,42,2020-07-22,2020-09-02,NA,NA,42,84,24
"952","FBG","FBG03",2020,"FBG032020",2020-05-13,2020-05-27,NA,NA,14,2020-07-22,2020-09-02,NA,NA,42,56,5
"953","FBG","FBG04",2020,"FBG042020",2020-04-15,2020-05-27,NA,NA,42,2020-07-22,2020-09-02,NA,NA,42,84,10
"954","FBG","FBG05",2020,"FBG052020",2020-04-15,2020-05-13,NA,NA,28,2020-07-22,2020-08-19,NA,NA,28,56,11
"955","FBG","FBG06",2020,"FBG062020",2020-04-29,2020-05-27,NA,NA,28,2020-07-22,2020-09-02,NA,NA,42,70,5
"956","FBG","FBG07",2020,"FBG072020",2020-04-15,2020-05-27,NA,NA,42,2020-07-22,2020-09-02,NA,NA,42,84,1
"957","FBG","FBG08",2020,"FBG082020",2020-04-15,2020-05-27,NA,NA,42,2020-07-22,2020-09-02,NA,NA,42,84,0
"958","FBG","FBG09",2020,"FBG092020",2020-04-15,2020-05-27,NA,NA,42,2020-07-22,2020-09-02,NA,NA,42,84,11
"959","FBG","FBG10",2020,"FBG102020",2020-04-29,2020-05-27,NA,NA,28,2020-07-22,2020-09-02,NA,NA,42,70,14
"960","FBG","FBG11",2020,"FBG112020",2020-04-15,2020-05-27,NA,NA,42,2020-07-22,2020-09-02,2020-08-05,2020-08-19,28,70,6
"961","FBG","FBG12",2020,"FBG122020",2020-04-15,2020-05-27,NA,NA,42,2020-07-22,2020-09-02,NA,NA,42,84,1
"962","FBG","FBG13",2020,"FBG132020",2020-04-15,2020-05-27,NA,NA,42,2020-07-22,2020-09-02,NA,NA,42,84,23
"963","FBG","FBG14",2020,"FBG142020",2020-04-15,2020-05-27,NA,NA,42,2020-07-22,2020-09-02,NA,NA,42,84,12
"964","FBG","FBG15",2020,"FBG152020",2020-04-15,2020-05-27,NA,NA,42,2020-07-22,2020-08-19,NA,NA,28,70,5
"965","FBG","FBG16",2020,"FBG162020",2020-04-15,2020-05-27,NA,NA,42,2020-07-22,2020-09-02,NA,NA,42,84,22
"966","GFH","GFH01",2020,"GFH012020",2020-04-16,2020-05-29,NA,NA,43,2020-07-23,2020-09-03,NA,NA,42,85,7
"967","GFH","GFH02",2020,"GFH022020",2020-04-16,2020-05-29,NA,NA,43,2020-07-23,2020-09-03,NA,NA,42,85,3
"968","GFH","GFH03",2020,"GFH032020",2020-04-16,2020-05-29,NA,NA,43,2020-07-23,2020-09-03,NA,NA,42,85,21
"969","GFH","GFH04",2020,"GFH042020",2020-04-16,2020-05-29,NA,NA,43,2020-07-23,2020-09-03,NA,NA,42,85,25
"970","GFH","GFH05",2020,"GFH052020",2020-04-16,2020-05-29,NA,NA,43,2020-07-23,2020-09-03,NA,NA,42,85,34
"971","GFH","GFH06",2020,"GFH062020",2020-04-16,2020-05-29,NA,NA,43,2020-07-23,2020-09-03,NA,NA,42,85,5
"972","GFH","GFH07",2020,"GFH072020",2020-04-16,2020-05-14,NA,NA,28,2020-07-23,2020-09-03,NA,NA,42,70,9
"973","GFH","GFH08",2020,"GFH082020",2020-04-16,2020-05-29,NA,NA,43,2020-07-23,2020-09-03,NA,NA,42,85,8
"974","GFH","GFH09",2020,"GFH092020",2020-04-16,2020-05-29,NA,NA,43,2020-07-23,2020-09-03,NA,NA,42,85,5
"975","GFH","GFH10",2020,"GFH102020",2020-04-16,2020-05-29,NA,NA,43,2020-07-23,2020-09-03,NA,NA,42,85,15
"976","GFH","GFH11",2020,"GFH112020",2020-04-16,2020-05-29,NA,NA,43,2020-07-23,2020-09-03,NA,NA,42,85,5
"977","GFH","GFH12",2020,"GFH122020",2020-04-16,2020-05-29,NA,NA,43,2020-07-23,2020-09-03,NA,NA,42,85,10
"978","GFH","GFH13",2020,"GFH132020",2020-04-16,2020-05-29,NA,NA,43,2020-07-23,2020-09-03,NA,NA,42,85,48
"979","GFH","GFH14",2020,"GFH142020",2020-04-16,2020-05-29,NA,NA,43,2020-07-23,2020-09-03,NA,NA,42,85,27
"980","GFH","GFH15",2020,"GFH152020",2020-04-16,2020-05-29,NA,NA,43,2020-07-23,2020-09-03,NA,NA,42,85,8
"981","GFH","GFH16",2020,"GFH162020",2020-04-16,2020-05-29,NA,NA,43,2020-07-23,2020-09-03,NA,NA,42,85,103
"982","HAR","HAR01",2020,"HAR012020",2020-04-14,2020-05-26,NA,NA,42,2020-08-04,2020-09-01,NA,NA,28,70,3
"983","HAR","HAR02",2020,"HAR022020",2020-04-14,2020-05-26,NA,NA,42,2020-07-21,2020-09-01,2020-08-04,2020-08-18,28,70,14
"984","HAR","HAR03",2020,"HAR032020",2020-04-14,2020-05-26,NA,NA,42,2020-07-21,2020-09-01,NA,NA,42,84,4
"985","HAR","HAR04",2020,"HAR042020",2020-04-14,2020-05-26,NA,NA,42,2020-07-21,2020-09-01,NA,NA,42,84,2
"986","HAR","HAR05",2020,"HAR052020",2020-04-14,2020-05-26,NA,NA,42,2020-07-21,2020-09-01,NA,NA,42,84,36
"987","HAR","HAR06",2020,"HAR062020",2020-04-14,2020-05-26,NA,NA,42,2020-07-21,2020-09-01,NA,NA,42,84,3
"988","HAR","HAR07",2020,"HAR072020",2020-04-14,2020-05-26,NA,NA,42,2020-07-21,2020-09-01,NA,NA,42,84,8
"989","HAR","HAR08",2020,"HAR082020",2020-04-14,2020-05-26,NA,NA,42,2020-07-21,2020-09-01,NA,NA,42,84,3
"990","HAR","HAR09",2020,"HAR092020",2020-04-14,2020-05-26,NA,NA,42,2020-07-21,2020-09-01,NA,NA,42,84,27
"991","HAR","HAR10",2020,"HAR102020",2020-04-14,2020-05-26,NA,NA,42,2020-07-21,2020-09-01,NA,NA,42,84,7
"992","HAR","HAR11",2020,"HAR112020",2020-04-28,2020-05-26,NA,NA,28,2020-07-21,2020-09-01,NA,NA,42,70,12
"993","HAR","HAR12",2020,"HAR122020",2020-04-14,2020-05-26,NA,NA,42,2020-07-21,2020-09-01,NA,NA,42,84,2
"994","HAR","HAR13",2020,"HAR132020",2020-04-14,2020-05-26,NA,NA,42,2020-07-21,2020-09-01,NA,NA,42,84,41
"995","HAR","HAR14",2020,"HAR142020",2020-04-14,2020-05-26,NA,NA,42,2020-07-21,2020-09-01,NA,NA,42,84,42
"996","HAR","HAR15",2020,"HAR152020",2020-04-14,2020-05-26,NA,NA,42,2020-07-21,2020-09-01,NA,NA,42,84,20
"997","HAR","HAR16",2020,"HAR162020",2020-04-14,2020-05-26,NA,NA,42,2020-07-21,2020-09-01,NA,NA,42,84,27
"998","SIP","SIP01",2020,"SIP012020",2020-04-16,2020-05-29,2020-04-30,2020-05-14,29,2020-07-23,2020-09-03,NA,NA,42,71,5
"999","SIP","SIP02",2020,"SIP022020",2020-04-16,2020-05-29,2020-04-30,2020-05-14,29,2020-07-23,2020-09-03,NA,NA,42,71,23
"1000","SIP","SIP03",2020,"SIP032020",2020-05-14,2020-05-29,NA,NA,15,2020-07-23,2020-09-03,NA,NA,42,57,6
"1001","SIP","SIP05",2020,"SIP052020",2020-04-16,2020-05-29,2020-04-30,2020-05-14,29,2020-07-23,2020-09-03,NA,NA,42,71,6
"1002","SIP","SIP06",2020,"SIP062020",2020-05-14,2020-05-29,NA,NA,15,2020-07-23,2020-09-03,NA,NA,42,57,7
"1003","SIP","SIP07",2020,"SIP072020",2020-05-14,2020-05-29,NA,NA,15,2020-07-23,2020-09-03,NA,NA,42,57,6
"1004","SIP","SIP08",2020,"SIP082020",2020-04-16,2020-05-29,2020-04-30,2020-05-14,29,2020-07-23,2020-09-03,NA,NA,42,71,0
"1005","SIP","SIP09",2020,"SIP092020",2020-04-16,2020-05-29,2020-04-30,2020-05-14,29,2020-07-23,2020-09-03,NA,NA,42,71,1
"1006","SIP","SIP10",2020,"SIP102020",2020-04-16,2020-05-29,2020-04-30,2020-05-14,29,2020-07-23,2020-09-03,NA,NA,42,71,5
"1007","SIP","SIP11",2020,"SIP112020",NA,NA,NA,NA,NA,2020-07-23,2020-09-03,NA,NA,42,NA,2
"1008","SIP","SIP12",2020,"SIP122020",2020-04-16,2020-05-29,2020-04-30,2020-05-14,29,2020-07-23,2020-09-03,NA,NA,42,71,8
"1009","SIP","SIP13",2020,"SIP132020",2020-04-16,2020-05-29,2020-04-30,2020-05-14,29,2020-08-06,2020-09-03,NA,NA,28,57,3
"1010","SIP","SIP14",2020,"SIP142020",2020-04-16,2020-05-29,2020-04-30,2020-05-14,29,2020-07-23,2020-09-03,NA,NA,42,71,5
"1011","SIP","SIP15",2020,"SIP152020",2020-04-16,2020-05-29,2020-04-30,2020-05-14,29,2020-07-23,2020-09-03,NA,NA,42,71,6
"1012","SIP","SIP16",2020,"SIP162020",2020-04-16,2020-05-29,2020-04-30,2020-05-14,29,2020-07-23,2020-09-03,NA,NA,42,71,3
"1013","SST","SST01",2020,"SST012020",2020-04-15,2020-05-27,NA,NA,42,2020-07-22,2020-09-02,2020-08-05,2020-08-19,28,70,8
"1014","SST","SST02",2020,"SST022020",2020-04-15,2020-05-27,NA,NA,42,2020-07-22,2020-09-02,NA,NA,42,84,18
"1015","SST","SST03",2020,"SST032020",2020-04-15,2020-05-27,NA,NA,42,2020-07-22,2020-09-02,NA,NA,42,84,14
"1016","SST","SST04",2020,"SST042020",2020-04-15,2020-05-27,NA,NA,42,2020-07-22,2020-09-02,NA,NA,42,84,12
"1017","SST","SST05",2020,"SST052020",2020-04-15,2020-05-27,NA,NA,42,2020-07-22,2020-09-02,NA,NA,42,84,6
"1018","SST","SST06",2020,"SST062020",2020-04-15,2020-05-27,NA,NA,42,2020-07-22,2020-09-02,NA,NA,42,84,3
"1019","SST","SST07",2020,"SST072020",2020-04-15,2020-05-27,NA,NA,42,2020-07-22,2020-09-02,NA,NA,42,84,2
"1020","SST","SST08",2020,"SST082020",2020-04-15,2020-05-27,NA,NA,42,2020-07-22,2020-09-02,NA,NA,42,84,60
"1021","SST","SST09",2020,"SST092020",2020-04-15,2020-05-27,NA,NA,42,2020-07-22,2020-09-02,NA,NA,42,84,6
"1022","SST","SST10",2020,"SST102020",2020-04-29,2020-05-27,NA,NA,28,2020-07-22,2020-09-02,NA,NA,42,70,14
"1023","SST","SST11",2020,"SST112020",2020-04-15,2020-05-27,NA,NA,42,2020-07-22,2020-09-02,NA,NA,42,84,7
"1024","SST","SST12",2020,"SST122020",2020-04-15,2020-05-27,NA,NA,42,2020-07-22,2020-09-02,NA,NA,42,84,11
"1025","SST","SST13",2020,"SST132020",2020-04-15,2020-05-27,NA,NA,42,2020-07-22,2020-09-02,NA,NA,42,84,14
"1026","SST","SST14",2020,"SST142020",2020-04-15,2020-05-27,NA,NA,42,2020-07-22,2020-09-02,NA,NA,42,84,3
"1027","SST","SST15",2020,"SST152020",2020-04-15,2020-05-27,NA,NA,42,2020-07-22,2020-09-02,NA,NA,42,84,1
"1028","SST","SST16",2020,"SST162020",2020-04-15,2020-05-27,NA,NA,42,2020-07-22,2020-09-02,NA,NA,42,84,9
"1029","WAN","WAN01",2020,"WAN012020",2020-04-28,2020-05-26,NA,NA,28,2020-07-21,2020-09-01,NA,NA,42,70,12
"1030","WAN","WAN02",2020,"WAN022020",2020-04-28,2020-05-26,NA,NA,28,2020-07-21,2020-09-01,NA,NA,42,70,8
"1031","WAN","WAN03",2020,"WAN032020",2020-04-28,2020-05-26,NA,NA,28,2020-07-21,2020-09-01,NA,NA,42,70,6
"1032","WAN","WAN04",2020,"WAN042020",2020-04-28,2020-05-12,NA,NA,14,2020-07-21,2020-09-01,NA,NA,42,56,4
"1033","WAN","WAN05",2020,"WAN052020",2020-04-28,2020-05-26,NA,NA,28,2020-07-21,2020-09-01,2020-08-04,2020-08-18,28,56,11
"1034","WAN","WAN06",2020,"WAN062020",2020-04-28,2020-05-12,NA,NA,14,2020-07-21,2020-09-01,2020-08-04,2020-08-18,28,42,5
"1035","WAN","WAN07",2020,"WAN072020",2020-04-28,2020-05-26,NA,NA,28,2020-07-21,2020-09-01,NA,NA,42,70,3
"1036","WAN","WAN08",2020,"WAN082020",2020-04-28,2020-05-26,NA,NA,28,2020-07-21,2020-08-18,NA,NA,28,56,8
"1037","WAN","WAN09",2020,"WAN092020",2020-04-28,2020-05-26,NA,NA,28,2020-07-21,2020-09-01,NA,NA,42,70,18
"1038","WAN","WAN10",2020,"WAN102020",2020-04-28,2020-05-12,NA,NA,14,2020-07-21,2020-09-01,NA,NA,42,56,3
"1039","WAN","WAN11",2020,"WAN112020",2020-04-28,2020-05-26,NA,NA,28,2020-07-21,2020-08-18,NA,NA,28,56,1
"1040","WAN","WAN12",2020,"WAN122020",2020-04-28,2020-05-12,NA,NA,14,2020-07-21,2020-09-01,NA,NA,42,56,0
"1041","WAN","WAN13",2020,"WAN132020",2020-04-28,2020-05-12,NA,NA,14,2020-07-21,2020-09-01,NA,NA,42,56,0
"1042","WAN","WAN14",2020,"WAN142020",2020-04-28,2020-05-26,NA,NA,28,2020-07-21,2020-08-18,NA,NA,28,56,11
"1043","WAN","WAN15",2020,"WAN152020",2020-04-28,2020-05-12,NA,NA,14,2020-07-21,2020-09-01,NA,NA,42,56,1
"1044","WAN","WAN16",2020,"WAN162020",2020-04-28,2020-05-12,NA,NA,14,2020-07-21,2020-08-18,NA,NA,28,42,1
"1045","FBG","FBG01",2021,"FBG012021",2021-04-15,2021-06-10,NA,NA,56,2021-07-22,2021-09-02,NA,NA,42,98,33
"1046","FBG","FBG02",2021,"FBG022021",2021-04-15,2021-06-10,NA,NA,56,2021-07-22,2021-08-19,NA,NA,28,84,60
"1047","FBG","FBG03",2021,"FBG032021",2021-04-15,2021-06-10,NA,NA,56,2021-07-22,2021-09-02,2021-08-05,2021-08-19,28,84,3
"1048","FBG","FBG04",2021,"FBG042021",2021-04-15,2021-05-27,NA,NA,42,2021-07-22,2021-09-02,NA,NA,42,84,3
"1049","FBG","FBG05",2021,"FBG052021",2021-04-29,2021-06-10,NA,NA,42,2021-08-05,2021-09-02,NA,NA,28,70,5
"1050","FBG","FBG06",2021,"FBG062021",2021-04-15,2021-06-10,NA,NA,56,2021-07-22,2021-09-02,NA,NA,42,98,15
"1051","FBG","FBG07",2021,"FBG072021",2021-04-15,2021-06-10,NA,NA,56,2021-07-22,2021-09-02,NA,NA,42,98,11
"1052","FBG","FBG08",2021,"FBG082021",2021-04-29,2021-06-10,NA,NA,42,2021-07-22,2021-09-02,NA,NA,42,84,2
"1053","FBG","FBG09",2021,"FBG092021",2021-04-15,2021-06-10,NA,NA,56,2021-07-22,2021-08-19,NA,NA,28,84,2
"1054","FBG","FBG10",2021,"FBG102021",2021-04-15,2021-06-10,NA,NA,56,2021-07-22,2021-09-02,NA,NA,42,98,14
"1055","FBG","FBG11",2021,"FBG112021",2021-04-15,2021-06-10,NA,NA,56,2021-07-22,2021-09-02,NA,NA,42,98,2
"1056","FBG","FBG12",2021,"FBG122021",2021-04-15,2021-06-10,NA,NA,56,2021-07-22,2021-09-02,NA,NA,42,98,10
"1057","FBG","FBG13",2021,"FBG132021",2021-04-15,2021-06-10,NA,NA,56,2021-07-22,2021-09-02,NA,NA,42,98,7
"1058","FBG","FBG14",2021,"FBG142021",2021-04-15,2021-06-10,NA,NA,56,2021-07-22,2021-09-02,NA,NA,42,98,2
"1059","FBG","FBG15",2021,"FBG152021",2021-04-15,2021-05-27,NA,NA,42,2021-07-22,2021-09-02,NA,NA,42,84,3
"1060","FBG","FBG16",2021,"FBG162021",2021-04-15,2021-06-10,NA,NA,56,2021-07-22,2021-09-02,NA,NA,42,98,72
"1061","GFH","GFH01",2021,"GFH012021",2021-04-14,2021-06-09,NA,NA,56,2021-07-21,2021-09-01,NA,NA,42,98,1
"1062","GFH","GFH02",2021,"GFH022021",2021-04-14,2021-06-09,NA,NA,56,2021-07-21,2021-09-01,NA,NA,42,98,4
"1063","GFH","GFH03",2021,"GFH032021",2021-04-14,2021-06-09,NA,NA,56,2021-07-21,2021-09-01,NA,NA,42,98,12
"1064","GFH","GFH04",2021,"GFH042021",2021-04-14,2021-06-09,NA,NA,56,2021-07-21,2021-09-01,NA,NA,42,98,13
"1065","GFH","GFH05",2021,"GFH052021",2021-04-14,2021-06-09,2021-05-12,2021-05-26,42,2021-07-21,2021-09-01,NA,NA,42,84,86
"1066","GFH","GFH06",2021,"GFH062021",2021-04-14,2021-06-09,NA,NA,56,2021-07-21,2021-09-01,NA,NA,42,98,4
"1067","GFH","GFH07",2021,"GFH072021",2021-04-14,2021-06-09,NA,NA,56,2021-07-21,2021-09-01,NA,NA,42,98,16
"1068","GFH","GFH08",2021,"GFH082021",2021-04-14,2021-06-09,NA,NA,56,2021-07-21,2021-09-01,NA,NA,42,98,8
"1069","GFH","GFH09",2021,"GFH092021",2021-04-14,2021-06-09,NA,NA,56,2021-07-21,2021-09-01,NA,NA,42,98,5
"1070","GFH","GFH10",2021,"GFH102021",2021-04-14,2021-06-09,NA,NA,56,2021-07-21,2021-09-01,NA,NA,42,98,13
"1071","GFH","GFH11",2021,"GFH112021",2021-04-14,2021-06-09,NA,NA,56,2021-07-21,2021-09-01,NA,NA,42,98,10
"1072","GFH","GFH12",2021,"GFH122021",2021-04-14,2021-06-09,NA,NA,56,2021-07-21,2021-09-01,NA,NA,42,98,2
"1073","GFH","GFH13",2021,"GFH132021",2021-04-14,2021-06-09,NA,NA,56,2021-07-21,2021-09-01,NA,NA,42,98,13
"1074","GFH","GFH14",2021,"GFH142021",2021-04-14,2021-06-09,NA,NA,56,2021-07-21,2021-09-01,NA,NA,42,98,30
"1075","GFH","GFH15",2021,"GFH152021",2021-04-14,2021-06-09,NA,NA,56,2021-07-21,2021-09-01,NA,NA,42,98,102
"1076","GFH","GFH16",2021,"GFH162021",2021-04-14,2021-06-09,NA,NA,56,2021-08-04,2021-09-01,NA,NA,28,84,31
"1077","HAR","HAR01",2021,"HAR012021",2021-04-13,2021-06-08,NA,NA,56,2021-07-20,2021-08-31,NA,NA,42,98,4
"1078","HAR","HAR02",2021,"HAR022021",2021-04-13,2021-06-08,NA,NA,56,2021-07-20,2021-08-31,NA,NA,42,98,11
"1079","HAR","HAR03",2021,"HAR032021",2021-04-13,2021-06-08,NA,NA,56,2021-07-20,2021-08-31,NA,NA,42,98,10
"1080","HAR","HAR04",2021,"HAR042021",2021-04-13,2021-06-08,NA,NA,56,2021-07-20,2021-08-31,NA,NA,42,98,3
"1081","HAR","HAR05",2021,"HAR052021",2021-04-13,2021-06-08,NA,NA,56,2021-07-20,2021-08-31,NA,NA,42,98,21
"1082","HAR","HAR06",2021,"HAR062021",2021-04-13,2021-06-08,NA,NA,56,2021-08-03,2021-08-31,NA,NA,28,84,44
"1083","HAR","HAR07",2021,"HAR072021",2021-04-13,2021-06-08,NA,NA,56,2021-07-20,2021-08-31,NA,NA,42,98,20
"1084","HAR","HAR08",2021,"HAR082021",2021-04-13,2021-06-08,NA,NA,56,2021-07-20,2021-08-31,NA,NA,42,98,10
"1085","HAR","HAR09",2021,"HAR092021",2021-04-13,2021-06-08,2021-05-11,2021-05-25,42,2021-07-20,2021-08-31,NA,NA,42,84,21
"1086","HAR","HAR10",2021,"HAR102021",2021-04-13,2021-06-08,NA,NA,56,2021-08-03,2021-08-31,NA,NA,28,84,17
"1087","HAR","HAR11",2021,"HAR112021",2021-04-13,2021-06-08,NA,NA,56,2021-07-20,2021-08-31,NA,NA,42,98,32
"1088","HAR","HAR12",2021,"HAR122021",2021-04-13,2021-06-08,NA,NA,56,2021-07-20,2021-08-31,NA,NA,42,98,3
"1089","HAR","HAR13",2021,"HAR132021",2021-04-27,2021-06-08,NA,NA,42,2021-07-20,2021-08-31,NA,NA,42,84,41
"1090","HAR","HAR14",2021,"HAR142021",2021-04-13,2021-06-08,NA,NA,56,2021-07-20,2021-08-31,NA,NA,42,98,51
"1091","HAR","HAR15",2021,"HAR152021",2021-04-13,2021-06-08,NA,NA,56,2021-07-20,2021-08-17,NA,NA,28,84,25
"1092","HAR","HAR16",2021,"HAR162021",2021-04-13,2021-06-08,NA,NA,56,2021-08-03,2021-08-31,NA,NA,28,84,17
"1093","SIP","SIP01",2021,"SIP012021",2021-04-14,2021-06-09,NA,NA,56,2021-07-21,2021-08-18,NA,NA,28,84,5
"1094","SIP","SIP02",2021,"SIP022021",2021-04-14,2021-05-26,NA,NA,42,2021-07-21,2021-08-18,NA,NA,28,70,111
"1095","SIP","SIP03",2021,"SIP032021",2021-04-14,2021-06-09,NA,NA,56,2021-07-21,2021-08-18,NA,NA,28,84,11
"1096","SIP","SIP05",2021,"SIP052021",2021-04-14,2021-06-09,NA,NA,56,2021-07-21,2021-08-18,NA,NA,28,84,6
"1097","SIP","SIP06",2021,"SIP062021",2021-04-14,2021-06-09,NA,NA,56,2021-07-21,2021-08-18,NA,NA,28,84,14
"1098","SIP","SIP07",2021,"SIP072021",2021-04-14,2021-06-09,NA,NA,56,2021-07-21,2021-08-18,NA,NA,28,84,5
"1099","SIP","SIP08",2021,"SIP082021",2021-04-14,2021-06-09,NA,NA,56,2021-07-21,2021-08-18,NA,NA,28,84,1
"1100","SIP","SIP09",2021,"SIP092021",2021-04-14,2021-06-09,NA,NA,56,2021-07-21,2021-08-18,NA,NA,28,84,2
"1101","SIP","SIP10",2021,"SIP102021",2021-04-14,2021-06-09,NA,NA,56,2021-07-21,2021-08-18,NA,NA,28,84,2
"1102","SIP","SIP11",2021,"SIP112021",2021-04-14,2021-06-09,NA,NA,56,2021-07-21,2021-08-18,NA,NA,28,84,9
"1103","SIP","SIP12",2021,"SIP122021",2021-04-14,2021-06-09,NA,NA,56,2021-07-21,2021-08-18,NA,NA,28,84,4
"1104","SIP","SIP13",2021,"SIP132021",2021-04-14,2021-06-09,NA,NA,56,2021-07-21,2021-08-18,NA,NA,28,84,1
"1105","SIP","SIP14",2021,"SIP142021",2021-04-14,2021-06-09,NA,NA,56,2021-07-21,2021-08-18,NA,NA,28,84,5
"1106","SIP","SIP15",2021,"SIP152021",2021-04-14,2021-06-09,2021-04-28,2021-05-12,42,2021-07-21,2021-08-18,NA,NA,28,70,6
"1107","SIP","SIP16",2021,"SIP162021",2021-04-14,2021-06-09,NA,NA,56,2021-07-21,2021-08-18,NA,NA,28,84,9
"1108","SST","SST01",2021,"SST012021",2021-04-15,2021-06-10,NA,NA,56,2021-07-22,2021-08-19,NA,NA,28,84,44
"1109","SST","SST02",2021,"SST022021",2021-04-15,2021-06-10,NA,NA,56,2021-07-22,2021-08-19,NA,NA,28,84,64
"1110","SST","SST03",2021,"SST032021",2021-04-15,2021-06-10,NA,NA,56,2021-07-22,2021-08-19,NA,NA,28,84,52
"1111","SST","SST04",2021,"SST042021",2021-04-15,2021-05-27,NA,NA,42,2021-07-22,2021-08-19,NA,NA,28,70,405
"1112","SST","SST05",2021,"SST052021",2021-04-15,2021-06-10,NA,NA,56,2021-07-22,2021-08-19,NA,NA,28,84,137
"1113","SST","SST06",2021,"SST062021",2021-04-15,2021-06-10,2021-04-29,2021-05-13,42,2021-07-22,2021-08-19,NA,NA,28,70,33
"1114","SST","SST07",2021,"SST072021",2021-04-15,2021-06-10,NA,NA,56,2021-07-22,2021-08-19,NA,NA,28,84,31
"1115","SST","SST08",2021,"SST082021",2021-04-15,2021-06-10,NA,NA,56,2021-07-22,2021-08-19,NA,NA,28,84,64
"1116","SST","SST09",2021,"SST092021",2021-04-15,2021-06-10,NA,NA,56,2021-07-22,2021-08-19,NA,NA,28,84,8
"1117","SST","SST10",2021,"SST102021",2021-04-15,2021-06-10,NA,NA,56,2021-07-22,2021-08-19,NA,NA,28,84,36
"1118","SST","SST11",2021,"SST112021",2021-04-15,2021-06-10,NA,NA,56,2021-07-22,2021-08-19,NA,NA,28,84,363
"1119","SST","SST12",2021,"SST122021",2021-04-15,2021-06-10,2021-04-29,2021-05-13,42,2021-07-22,2021-08-19,NA,NA,28,70,33
"1120","SST","SST13",2021,"SST132021",2021-04-15,2021-06-10,NA,NA,56,2021-07-22,2021-08-19,NA,NA,28,84,32
"1121","SST","SST14",2021,"SST142021",2021-04-15,2021-06-10,NA,NA,56,2021-07-22,2021-08-19,NA,NA,28,84,10
"1122","SST","SST15",2021,"SST152021",2021-04-15,2021-06-10,NA,NA,56,2021-07-22,2021-08-19,NA,NA,28,84,14
"1123","SST","SST16",2021,"SST162021",2021-04-15,2021-06-10,NA,NA,56,2021-07-22,2021-08-19,NA,NA,28,84,27
"1124","WAN","WAN01",2021,"WAN012021",2021-04-13,2021-06-08,NA,NA,56,2021-07-20,2021-08-31,NA,NA,42,98,43
"1125","WAN","WAN02",2021,"WAN022021",2021-04-13,2021-06-08,NA,NA,56,2021-07-20,2021-08-31,NA,NA,42,98,34
"1126","WAN","WAN03",2021,"WAN032021",2021-04-13,2021-06-08,NA,NA,56,2021-07-20,2021-08-31,NA,NA,42,98,3
"1127","WAN","WAN04",2021,"WAN042021",2021-04-13,2021-06-08,NA,NA,56,2021-07-20,2021-08-31,NA,NA,42,98,8
"1128","WAN","WAN05",2021,"WAN052021",2021-04-13,2021-06-08,NA,NA,56,2021-07-20,2021-08-31,NA,NA,42,98,18
"1129","WAN","WAN06",2021,"WAN062021",2021-04-13,2021-06-08,NA,NA,56,2021-07-20,2021-08-31,NA,NA,42,98,14
"1130","WAN","WAN07",2021,"WAN072021",2021-04-13,2021-06-08,NA,NA,56,2021-07-20,2021-08-17,NA,NA,28,84,2
"1131","WAN","WAN08",2021,"WAN082021",2021-04-13,2021-05-25,NA,NA,42,2021-07-20,2021-08-31,NA,NA,42,84,0
"1132","WAN","WAN09",2021,"WAN092021",2021-04-13,2021-06-08,NA,NA,56,2021-07-20,2021-08-31,NA,NA,42,98,28
"1133","WAN","WAN10",2021,"WAN102021",2021-04-13,2021-05-25,NA,NA,42,2021-07-20,2021-08-31,NA,NA,42,84,7
"1134","WAN","WAN11",2021,"WAN112021",2021-04-13,2021-06-08,NA,NA,56,2021-07-20,2021-08-31,NA,NA,42,98,6
"1135","WAN","WAN12",2021,"WAN122021",2021-05-11,2021-06-08,NA,NA,28,2021-07-20,2021-08-31,NA,NA,42,70,12
"1136","WAN","WAN13",2021,"WAN132021",2021-04-13,2021-06-08,2021-04-27,2021-05-11,42,2021-07-20,2021-08-31,2021-08-03,2021-08-17,28,70,19
"1137","WAN","WAN14",2021,"WAN142021",2021-04-13,2021-06-08,NA,NA,56,2021-07-20,2021-08-31,NA,NA,42,98,24
"1138","WAN","WAN15",2021,"WAN152021",2021-04-13,2021-06-08,NA,NA,56,2021-07-20,2021-08-31,NA,NA,42,98,7
"1139","WAN","WAN16",2021,"WAN162021",2021-04-13,2021-06-08,NA,NA,56,2021-07-20,2021-08-31,NA,NA,42,98,4
