"","landscape","site","year","uniqueID","spring.start","spring.end","spring.gap.start","spring.gap.end","spring.exposure","summer.start","summer.end","summer.gap.start","summer.gap.end","summer.exposure","total.exposure","honey.bee.abund","richness","total.abundance"
"1","FBG","FBG01",2010,"FBG012010",2010-05-02,2010-06-07,NA,NA,36,2010-08-02,2010-09-13,NA,NA,42,78,11,57,241
"2","FBG","FBG02",2010,"FBG022010",2010-05-02,2010-06-07,NA,NA,36,2010-08-02,2010-09-13,NA,NA,42,78,22,54,173
"3","FBG","FBG03",2010,"FBG032010",2010-05-02,2010-06-07,NA,NA,36,2010-08-02,2010-09-13,NA,NA,42,78,4,18,52
"4","FBG","FBG04",2010,"FBG042010",2010-05-02,2010-06-07,NA,NA,36,2010-08-02,2010-09-13,NA,NA,42,78,2,26,111
"5","FBG","FBG05",2010,"FBG052010",2010-05-02,2010-06-07,NA,NA,36,2010-08-02,2010-09-13,NA,NA,42,78,10,41,155
"6","FBG","FBG06",2010,"FBG062010",2010-05-02,2010-06-07,NA,NA,36,2010-08-02,2010-09-13,NA,NA,42,78,7,42,192
"7","FBG","FBG07",2010,"FBG072010",2010-05-02,2010-06-07,NA,NA,36,2010-08-02,2010-09-13,NA,NA,42,78,19,49,297
"8","FBG","FBG08",2010,"FBG082010",2010-05-02,2010-06-07,NA,NA,36,2010-08-02,2010-09-13,NA,NA,42,78,6,30,119
"9","FBG","FBG09",2010,"FBG092010",2010-05-02,2010-06-07,NA,NA,36,2010-08-02,2010-09-13,NA,NA,42,78,6,53,216
"10","FBG","FBG10",2010,"FBG102010",2010-05-02,2010-06-07,NA,NA,36,2010-08-02,2010-09-13,NA,NA,42,78,8,42,174
"11","FBG","FBG11",2010,"FBG112010",2010-05-02,2010-06-07,NA,NA,36,2010-08-02,2010-09-13,NA,NA,42,78,7,40,240
"12","FBG","FBG12",2010,"FBG122010",2010-05-02,2010-06-07,NA,NA,36,2010-08-02,2010-08-16,NA,NA,14,50,1,20,31
"13","FBG","FBG13",2010,"FBG132010",2010-05-02,2010-06-07,NA,NA,36,2010-08-02,2010-09-13,NA,NA,42,78,12,44,240
"14","FBG","FBG14",2010,"FBG142010",2010-05-02,2010-06-07,NA,NA,36,2010-08-02,2010-09-13,NA,NA,42,78,2,33,90
"15","FBG","FBG15",2010,"FBG152010",2010-05-02,2010-06-07,NA,NA,36,2010-08-02,2010-09-13,NA,NA,42,78,9,31,75
"16","FBG","FBG16",2010,"FBG162010",2010-05-02,2010-06-07,NA,NA,36,2010-08-02,2010-09-13,NA,NA,42,78,10,48,148
"17","GFH","GFH01",2010,"GFH012010",2010-05-04,2010-06-09,NA,NA,36,2010-08-04,2010-09-15,NA,NA,42,78,5,11,14
"18","GFH","GFH02",2010,"GFH022010",2010-05-04,2010-06-09,NA,NA,36,2010-08-04,2010-09-15,NA,NA,42,78,3,12,53
"19","GFH","GFH03",2010,"GFH032010",2010-05-04,2010-06-09,NA,NA,36,2010-08-04,2010-09-15,NA,NA,42,78,1,26,58
"20","GFH","GFH04",2010,"GFH042010",2010-05-04,2010-05-26,NA,NA,22,2010-08-04,2010-09-15,NA,NA,42,64,5,26,56
"21","GFH","GFH05",2010,"GFH052010",2010-05-04,2010-06-09,NA,NA,36,2010-08-04,2010-09-15,NA,NA,42,78,5,20,62
"22","GFH","GFH06",2010,"GFH062010",2010-05-04,2010-06-09,NA,NA,36,2010-08-04,2010-09-15,NA,NA,42,78,0,10,19
"23","GFH","GFH07",2010,"GFH072010",2010-05-04,2010-06-09,NA,NA,36,2010-08-04,2010-09-15,NA,NA,42,78,6,12,26
"24","GFH","GFH08",2010,"GFH082010",2010-05-04,2010-06-09,NA,NA,36,2010-08-04,2010-09-15,NA,NA,42,78,6,17,30
"25","GFH","GFH09",2010,"GFH092010",2010-05-04,2010-06-09,NA,NA,36,2010-08-04,2010-09-15,NA,NA,42,78,7,14,22
"26","GFH","GFH10",2010,"GFH102010",2010-05-04,2010-06-09,NA,NA,36,2010-08-04,2010-09-15,NA,NA,42,78,4,25,49
"27","GFH","GFH11",2010,"GFH112010",2010-05-04,2010-06-09,NA,NA,36,2010-08-04,2010-09-15,NA,NA,42,78,6,28,69
"28","GFH","GFH12",2010,"GFH122010",2010-05-04,2010-06-09,NA,NA,36,2010-08-04,2010-09-15,NA,NA,42,78,8,21,29
"29","GFH","GFH13",2010,"GFH132010",2010-05-04,2010-06-09,NA,NA,36,2010-08-04,2010-09-15,NA,NA,42,78,23,20,24
"30","GFH","GFH14",2010,"GFH142010",2010-05-04,2010-06-09,NA,NA,36,2010-08-04,2010-09-15,NA,NA,42,78,10,43,110
"31","GFH","GFH15",2010,"GFH152010",2010-05-04,2010-06-09,NA,NA,36,2010-08-04,2010-09-15,NA,NA,42,78,14,27,57
"32","GFH","GFH16",2010,"GFH162010",2010-05-04,2010-06-09,NA,NA,36,2010-08-04,2010-09-15,NA,NA,42,78,9,32,102
"33","HAR","HAR01",2010,"HAR012010",2010-05-11,2010-06-08,NA,NA,28,2010-08-03,2010-09-14,NA,NA,42,70,5,23,39
"34","HAR","HAR02",2010,"HAR022010",2010-05-11,2010-06-08,NA,NA,28,2010-08-03,2010-09-14,NA,NA,42,70,7,22,68
"35","HAR","HAR03",2010,"HAR032010",2010-05-11,2010-06-08,NA,NA,28,2010-08-03,2010-09-14,NA,NA,42,70,11,18,39
"36","HAR","HAR04",2010,"HAR042010",2010-05-11,2010-06-08,NA,NA,28,2010-08-03,2010-09-14,NA,NA,42,70,7,17,35
"37","HAR","HAR05",2010,"HAR052010",2010-05-25,2010-06-08,NA,NA,14,2010-08-03,2010-09-14,NA,NA,42,56,7,29,84
"38","HAR","HAR06",2010,"HAR062010",2010-05-11,2010-06-08,NA,NA,28,2010-08-03,2010-09-14,NA,NA,42,70,32,28,75
"39","HAR","HAR07",2010,"HAR072010",2010-05-11,2010-06-08,NA,NA,28,2010-08-03,2010-09-14,NA,NA,42,70,42,19,68
"40","HAR","HAR08",2010,"HAR082010",2010-05-11,2010-06-08,NA,NA,28,2010-08-17,2010-09-14,NA,NA,28,56,9,12,25
"41","HAR","HAR09",2010,"HAR092010",2010-05-11,2010-06-08,NA,NA,28,2010-08-03,2010-09-14,NA,NA,42,70,26,30,95
"42","HAR","HAR10",2010,"HAR102010",2010-05-11,2010-06-08,NA,NA,28,2010-08-03,2010-09-14,NA,NA,42,70,22,28,121
"43","HAR","HAR11",2010,"HAR112010",2010-05-11,2010-06-08,NA,NA,28,2010-08-03,2010-09-14,NA,NA,42,70,52,27,71
"44","HAR","HAR12",2010,"HAR122010",2010-05-11,2010-06-08,NA,NA,28,2010-08-17,2010-09-14,NA,NA,28,56,24,13,38
"45","HAR","HAR13",2010,"HAR132010",2010-05-11,2010-06-08,NA,NA,28,2010-08-03,2010-09-14,NA,NA,42,70,23,26,38
"46","HAR","HAR14",2010,"HAR142010",2010-05-11,2010-06-08,NA,NA,28,2010-08-03,2010-09-14,NA,NA,42,70,25,24,64
"47","HAR","HAR15",2010,"HAR152010",2010-05-11,2010-06-08,NA,NA,28,2010-08-03,2010-09-14,NA,NA,42,70,37,34,81
"48","HAR","HAR16",2010,"HAR162010",2010-05-11,2010-06-08,NA,NA,28,2010-08-03,2010-09-14,NA,NA,42,70,22,27,75
"49","SIP","SIP01",2010,"SIP012010",2010-05-04,2010-06-09,NA,NA,36,2010-08-04,2010-09-01,NA,NA,28,64,14,18,62
"50","SIP","SIP02",2010,"SIP022010",2010-05-04,2010-06-09,NA,NA,36,2010-08-04,2010-09-15,NA,NA,42,78,1,22,59
"51","SIP","SIP03",2010,"SIP032010",2010-05-04,2010-06-09,NA,NA,36,2010-08-04,2010-09-15,NA,NA,42,78,0,18,32
"52","SIP","SIP05",2010,"SIP052010",2010-05-04,2010-06-09,NA,NA,36,2010-08-04,2010-09-15,NA,NA,42,78,7,13,26
"53","SIP","SIP06",2010,"SIP062010",2010-05-04,2010-06-09,NA,NA,36,2010-08-04,2010-09-15,NA,NA,42,78,5,18,67
"54","SIP","SIP07",2010,"SIP072010",2010-05-04,2010-06-09,NA,NA,36,2010-08-04,2010-09-15,NA,NA,42,78,2,24,51
"55","SIP","SIP08",2010,"SIP082010",2010-05-04,2010-06-09,NA,NA,36,2010-08-04,2010-09-15,NA,NA,42,78,0,22,48
"56","SIP","SIP09",2010,"SIP092010",2010-05-04,2010-06-09,NA,NA,36,2010-08-04,2010-09-15,NA,NA,42,78,1,15,53
"57","SIP","SIP10",2010,"SIP102010",2010-05-04,2010-06-09,NA,NA,36,2010-08-04,2010-09-15,NA,NA,42,78,4,14,41
"58","SIP","SIP11",2010,"SIP112010",2010-05-04,2010-06-09,NA,NA,36,2010-08-04,2010-09-15,NA,NA,42,78,3,9,23
"59","SIP","SIP12",2010,"SIP122010",2010-05-04,2010-06-09,NA,NA,36,2010-08-04,2010-09-15,NA,NA,42,78,4,15,34
"60","SIP","SIP13",2010,"SIP132010",2010-05-04,2010-06-09,NA,NA,36,2010-08-04,2010-09-15,NA,NA,42,78,0,16,35
"61","SIP","SIP14",2010,"SIP142010",2010-05-04,2010-06-09,NA,NA,36,2010-08-04,2010-09-15,NA,NA,42,78,1,18,78
"62","SIP","SIP15",2010,"SIP152010",2010-05-04,2010-06-09,NA,NA,36,2010-08-04,2010-09-15,NA,NA,42,78,1,13,38
"63","SIP","SIP16",2010,"SIP162010",2010-05-04,2010-06-09,NA,NA,36,2010-08-04,2010-09-01,NA,NA,28,64,3,11,30
"64","SST","SST01",2010,"SST012010",2010-05-02,2010-06-07,NA,NA,36,2010-08-02,2010-09-13,NA,NA,42,78,0,30,85
"65","SST","SST02",2010,"SST022010",2010-05-02,2010-06-07,NA,NA,36,2010-08-02,2010-09-13,NA,NA,42,78,3,25,74
"66","SST","SST03",2010,"SST032010",2010-05-02,2010-06-07,NA,NA,36,2010-08-02,2010-09-13,NA,NA,42,78,8,21,38
"67","SST","SST04",2010,"SST042010",2010-05-02,2010-06-07,NA,NA,36,2010-08-02,2010-09-13,NA,NA,42,78,3,21,41
"68","SST","SST05",2010,"SST052010",2010-05-02,2010-06-07,NA,NA,36,2010-08-02,2010-09-13,NA,NA,42,78,12,28,85
"69","SST","SST06",2010,"SST062010",2010-05-02,2010-06-07,NA,NA,36,2010-08-02,2010-09-13,NA,NA,42,78,2,44,269
"70","SST","SST07",2010,"SST072010",2010-05-02,2010-06-07,NA,NA,36,2010-08-02,2010-09-13,2010-08-16,2010-08-30,28,64,0,24,57
"71","SST","SST08",2010,"SST082010",2010-05-02,2010-06-07,NA,NA,36,2010-08-02,2010-09-13,NA,NA,42,78,1,34,87
"72","SST","SST09",2010,"SST092010",2010-05-02,2010-06-07,NA,NA,36,2010-08-02,2010-09-13,NA,NA,42,78,5,41,352
"73","SST","SST10",2010,"SST102010",2010-05-02,2010-06-07,NA,NA,36,2010-08-02,2010-09-13,NA,NA,42,78,0,31,133
"74","SST","SST11",2010,"SST112010",2010-05-02,2010-06-07,NA,NA,36,2010-08-02,2010-09-13,NA,NA,42,78,2,25,102
"75","SST","SST12",2010,"SST122010",2010-05-17,2010-06-07,NA,NA,21,2010-08-02,2010-09-13,NA,NA,42,63,9,26,59
"76","SST","SST13",2010,"SST132010",2010-05-02,2010-06-07,NA,NA,36,2010-08-02,2010-09-13,NA,NA,42,78,21,46,447
"77","SST","SST14",2010,"SST142010",2010-05-02,2010-06-07,NA,NA,36,2010-08-02,2010-09-13,NA,NA,42,78,1,22,97
"78","SST","SST15",2010,"SST152010",2010-05-02,2010-06-07,NA,NA,36,2010-08-02,2010-09-13,NA,NA,42,78,4,35,161
"79","SST","SST16",2010,"SST162010",2010-05-02,2010-06-07,NA,NA,36,2010-08-02,2010-09-13,NA,NA,42,78,0,25,122
"80","WAN","WAN01",2010,"WAN012010",2010-05-03,2010-06-08,NA,NA,36,2010-08-03,2010-08-31,NA,NA,28,64,1,28,80
"81","WAN","WAN02",2010,"WAN022010",2010-05-03,2010-06-08,NA,NA,36,2010-08-03,2010-08-31,NA,NA,28,64,0,14,70
"82","WAN","WAN03",2010,"WAN032010",2010-05-03,2010-06-08,NA,NA,36,2010-08-03,2010-09-14,2010-08-17,2010-08-31,28,64,4,18,32
"83","WAN","WAN04",2010,"WAN042010",2010-05-03,2010-06-08,NA,NA,36,2010-08-03,2010-08-31,NA,NA,28,64,0,15,61
"84","WAN","WAN05",2010,"WAN052010",2010-05-03,2010-06-08,NA,NA,36,2010-08-03,2010-08-17,NA,NA,14,50,0,13,59
"85","WAN","WAN06",2010,"WAN062010",2010-05-03,2010-06-08,NA,NA,36,2010-08-03,2010-09-14,NA,NA,42,78,0,25,67
"86","WAN","WAN07",2010,"WAN072010",2010-05-03,2010-06-08,NA,NA,36,2010-08-03,2010-09-14,NA,NA,42,78,0,21,32
"87","WAN","WAN08",2010,"WAN082010",2010-05-03,2010-06-08,NA,NA,36,2010-08-03,2010-08-31,NA,NA,28,64,0,12,35
"88","WAN","WAN09",2010,"WAN092010",2010-05-03,2010-06-08,NA,NA,36,2010-08-17,2010-09-14,NA,NA,28,64,1,31,225
"89","WAN","WAN10",2010,"WAN102010",2010-05-03,2010-06-08,NA,NA,36,2010-08-03,2010-09-14,NA,NA,42,78,12,19,81
"90","WAN","WAN11",2010,"WAN112010",2010-05-03,2010-06-08,NA,NA,36,2010-08-03,2010-09-14,NA,NA,42,78,0,8,15
"91","WAN","WAN12",2010,"WAN122010",2010-05-03,2010-06-08,NA,NA,36,2010-08-03,2010-09-14,NA,NA,42,78,2,31,90
"92","WAN","WAN13",2010,"WAN132010",2010-05-03,2010-06-08,NA,NA,36,2010-08-17,2010-09-14,NA,NA,28,64,1,6,28
"93","WAN","WAN14",2010,"WAN142010",2010-05-03,2010-06-08,NA,NA,36,2010-08-03,2010-09-14,NA,NA,42,78,3,17,32
"94","WAN","WAN15",2010,"WAN152010",2010-05-03,2010-06-08,NA,NA,36,2010-08-03,2010-09-14,NA,NA,42,78,3,34,77
"95","WAN","WAN16",2010,"WAN162010",2010-05-03,2010-06-08,NA,NA,36,2010-08-03,2010-09-14,2010-08-17,2010-08-31,28,64,9,37,131
"96","FBG","FBG01",2011,"FBG012011",2011-05-02,2011-06-14,NA,NA,43,2011-08-01,2011-09-12,NA,NA,42,85,14,55,254
"97","FBG","FBG02",2011,"FBG022011",2011-05-02,2011-06-14,NA,NA,43,2011-08-01,2011-09-12,NA,NA,42,85,41,55,182
"98","FBG","FBG03",2011,"FBG032011",2011-05-02,2011-06-14,NA,NA,43,2011-08-01,2011-09-12,2011-08-15,2011-08-29,28,71,7,22,69
"99","FBG","FBG04",2011,"FBG042011",2011-05-02,2011-06-14,2011-05-16,2011-05-30,29,2011-08-01,2011-09-12,NA,NA,42,71,25,24,119
"100","FBG","FBG05",2011,"FBG052011",2011-05-02,2011-06-14,NA,NA,43,2011-08-01,2011-09-12,NA,NA,42,85,34,58,224
"101","FBG","FBG06",2011,"FBG062011",2011-05-02,2011-06-14,NA,NA,43,2011-08-01,2011-09-12,NA,NA,42,85,25,35,199
"102","FBG","FBG07",2011,"FBG072011",2011-05-02,2011-06-14,NA,NA,43,2011-08-15,2011-09-12,NA,NA,28,71,23,42,208
"103","FBG","FBG08",2011,"FBG082011",2011-05-02,2011-06-14,NA,NA,43,2011-08-01,2011-09-12,NA,NA,42,85,26,32,206
"104","FBG","FBG09",2011,"FBG092011",2011-05-02,2011-06-14,NA,NA,43,2011-08-01,2011-09-12,NA,NA,42,85,33,48,147
"105","FBG","FBG10",2011,"FBG102011",2011-05-02,2011-06-14,NA,NA,43,2011-08-01,2011-08-15,NA,NA,14,57,11,35,130
"106","FBG","FBG11",2011,"FBG112011",2011-05-02,2011-06-14,2011-05-16,2011-05-30,29,2011-08-01,2011-08-29,NA,NA,28,57,9,29,94
"107","FBG","FBG12",2011,"FBG122011",2011-05-02,2011-05-30,NA,NA,28,2011-08-01,2011-09-12,NA,NA,42,70,6,12,28
"108","FBG","FBG13",2011,"FBG132011",2011-05-02,2011-06-14,NA,NA,43,2011-08-01,2011-09-12,NA,NA,42,85,61,42,281
"109","FBG","FBG14",2011,"FBG142011",2011-05-02,2011-06-14,NA,NA,43,2011-08-01,2011-09-12,NA,NA,42,85,29,50,330
"110","FBG","FBG15",2011,"FBG152011",2011-05-16,2011-06-14,NA,NA,29,2011-08-01,2011-09-12,NA,NA,42,71,16,24,88
"111","FBG","FBG16",2011,"FBG162011",2011-05-02,2011-06-14,NA,NA,43,2011-08-01,2011-09-12,NA,NA,42,85,21,26,62
"112","GFH","GFH01",2011,"GFH012011",2011-05-04,2011-06-16,NA,NA,43,2011-08-03,2011-08-31,NA,NA,28,71,5,9,15
"113","GFH","GFH02",2011,"GFH022011",2011-05-04,2011-06-16,NA,NA,43,2011-08-03,2011-08-31,NA,NA,28,71,5,21,70
"114","GFH","GFH03",2011,"GFH032011",2011-05-04,2011-06-16,NA,NA,43,2011-08-03,2011-09-14,NA,NA,42,85,10,26,89
"115","GFH","GFH04",2011,"GFH042011",2011-05-04,2011-06-16,NA,NA,43,2011-08-03,2011-09-14,NA,NA,42,85,14,40,119
"116","GFH","GFH05",2011,"GFH052011",2011-05-04,2011-06-16,NA,NA,43,2011-08-03,2011-09-14,NA,NA,42,85,16,39,99
"117","GFH","GFH06",2011,"GFH062011",2011-05-04,2011-06-16,NA,NA,43,2011-08-03,2011-09-14,2011-08-17,2011-08-31,28,71,3,15,22
"118","GFH","GFH07",2011,"GFH072011",2011-05-04,2011-06-16,NA,NA,43,2011-08-03,2011-09-14,NA,NA,42,85,12,17,27
"119","GFH","GFH08",2011,"GFH082011",2011-05-04,2011-06-16,NA,NA,43,2011-08-03,2011-09-14,NA,NA,42,85,17,22,35
"120","GFH","GFH09",2011,"GFH092011",2011-05-04,2011-06-16,NA,NA,43,2011-08-03,2011-09-14,NA,NA,42,85,14,14,26
"121","GFH","GFH10",2011,"GFH102011",2011-05-04,2011-06-16,NA,NA,43,2011-08-03,2011-09-14,NA,NA,42,85,11,28,60
"122","GFH","GFH11",2011,"GFH112011",2011-05-04,2011-06-16,NA,NA,43,2011-08-03,2011-09-14,NA,NA,42,85,29,26,61
"123","GFH","GFH12",2011,"GFH122011",2011-05-04,2011-06-16,NA,NA,43,2011-08-03,2011-09-14,NA,NA,42,85,8,29,54
"124","GFH","GFH13",2011,"GFH132011",2011-05-04,2011-06-16,NA,NA,43,2011-08-03,2011-09-14,NA,NA,42,85,22,24,32
"125","GFH","GFH14",2011,"GFH142011",2011-05-04,2011-06-16,NA,NA,43,2011-08-03,2011-09-14,NA,NA,42,85,13,25,53
"126","GFH","GFH15",2011,"GFH152011",2011-05-04,2011-06-16,NA,NA,43,2011-08-03,2011-09-14,NA,NA,42,85,43,26,53
"127","GFH","GFH16",2011,"GFH162011",2011-05-04,2011-06-16,NA,NA,43,2011-08-03,2011-09-14,NA,NA,42,85,47,22,39
"128","HAR","HAR01",2011,"HAR012011",2011-05-03,2011-06-15,NA,NA,43,2011-08-02,2011-09-13,NA,NA,42,85,8,28,57
"129","HAR","HAR02",2011,"HAR022011",2011-05-03,2011-06-15,NA,NA,43,2011-08-02,2011-08-30,NA,NA,28,71,7,36,188
"130","HAR","HAR03",2011,"HAR032011",2011-05-03,2011-06-15,NA,NA,43,2011-08-02,2011-09-13,NA,NA,42,85,17,20,40
"131","HAR","HAR04",2011,"HAR042011",2011-05-03,2011-06-15,NA,NA,43,2011-08-02,2011-09-13,2011-08-16,2011-08-30,28,71,3,17,49
"132","HAR","HAR05",2011,"HAR052011",2011-05-03,2011-06-15,NA,NA,43,2011-08-02,2011-09-13,NA,NA,42,85,22,46,145
"133","HAR","HAR06",2011,"HAR062011",2011-05-03,2011-05-31,NA,NA,28,2011-08-02,2011-09-13,NA,NA,42,70,11,27,51
"134","HAR","HAR07",2011,"HAR072011",2011-05-03,2011-06-15,NA,NA,43,2011-08-02,2011-09-13,NA,NA,42,85,6,16,58
"135","HAR","HAR08",2011,"HAR082011",2011-05-03,2011-06-15,NA,NA,43,2011-08-02,2011-09-13,NA,NA,42,85,10,23,51
"136","HAR","HAR09",2011,"HAR092011",2011-05-03,2011-06-15,NA,NA,43,2011-08-02,2011-09-13,NA,NA,42,85,26,38,100
"137","HAR","HAR10",2011,"HAR102011",2011-05-03,2011-06-15,NA,NA,43,2011-08-02,2011-09-13,NA,NA,42,85,10,39,170
"138","HAR","HAR11",2011,"HAR112011",2011-05-03,2011-06-15,NA,NA,43,2011-08-02,2011-09-13,NA,NA,42,85,18,24,55
"139","HAR","HAR12",2011,"HAR122011",2011-05-03,2011-06-15,NA,NA,43,2011-08-02,2011-09-13,NA,NA,42,85,56,34,122
"140","HAR","HAR13",2011,"HAR132011",2011-05-03,2011-06-15,NA,NA,43,2011-08-16,2011-09-13,NA,NA,28,71,28,28,78
"141","HAR","HAR14",2011,"HAR142011",2011-05-03,2011-06-15,NA,NA,43,2011-08-02,2011-09-13,NA,NA,42,85,28,27,65
"142","HAR","HAR15",2011,"HAR152011",2011-05-03,2011-06-15,NA,NA,43,2011-08-02,2011-09-13,NA,NA,42,85,58,33,81
"143","HAR","HAR16",2011,"HAR162011",2011-05-03,2011-06-15,NA,NA,43,2011-08-02,2011-09-13,NA,NA,42,85,406,45,114
"144","SIP","SIP01",2011,"SIP012011",2011-05-04,2011-06-16,NA,NA,43,2011-08-03,2011-09-14,NA,NA,42,85,0,22,61
"145","SIP","SIP02",2011,"SIP022011",2011-05-04,2011-06-16,NA,NA,43,2011-08-03,2011-09-14,NA,NA,42,85,0,40,98
"146","SIP","SIP03",2011,"SIP032011",2011-05-18,2011-06-16,NA,NA,29,2011-08-03,2011-09-14,NA,NA,42,71,1,30,64
"147","SIP","SIP05",2011,"SIP052011",2011-05-04,2011-06-16,NA,NA,43,2011-08-03,2011-08-31,NA,NA,28,71,0,20,37
"148","SIP","SIP06",2011,"SIP062011",2011-05-04,2011-06-16,NA,NA,43,2011-08-03,2011-09-14,NA,NA,42,85,5,15,32
"149","SIP","SIP07",2011,"SIP072011",2011-05-04,2011-06-16,NA,NA,43,2011-08-03,2011-08-31,NA,NA,28,71,1,19,61
"150","SIP","SIP08",2011,"SIP082011",2011-05-04,2011-06-16,NA,NA,43,2011-08-03,2011-09-14,NA,NA,42,85,0,22,63
"151","SIP","SIP09",2011,"SIP092011",2011-05-04,2011-06-16,NA,NA,43,2011-08-03,2011-09-14,NA,NA,42,85,0,16,67
"152","SIP","SIP10",2011,"SIP102011",2011-05-04,2011-06-16,NA,NA,43,2011-08-03,2011-08-31,NA,NA,28,71,5,20,54
"153","SIP","SIP11",2011,"SIP112011",2011-05-04,2011-06-16,NA,NA,43,2011-08-03,2011-08-17,NA,NA,14,57,2,18,54
"154","SIP","SIP12",2011,"SIP122011",2011-05-04,2011-06-16,NA,NA,43,2011-08-03,2011-09-14,NA,NA,42,85,8,20,40
"155","SIP","SIP13",2011,"SIP132011",2011-05-04,2011-06-16,NA,NA,43,2011-08-03,2011-09-14,NA,NA,42,85,0,25,62
"156","SIP","SIP14",2011,"SIP142011",2011-05-04,2011-06-16,NA,NA,43,2011-08-03,2011-09-14,NA,NA,42,85,0,19,56
"157","SIP","SIP15",2011,"SIP152011",2011-05-04,2011-06-16,NA,NA,43,2011-08-03,2011-09-14,NA,NA,42,85,3,25,43
"158","SIP","SIP16",2011,"SIP162011",2011-05-04,2011-06-16,NA,NA,43,2011-08-03,2011-09-14,NA,NA,42,85,0,27,115
"159","SST","SST01",2011,"SST012011",2011-05-02,2011-06-14,NA,NA,43,2011-08-15,2011-09-12,NA,NA,28,71,1,30,89
"160","SST","SST02",2011,"SST022011",2011-05-02,2011-06-14,NA,NA,43,2011-08-01,2011-09-12,NA,NA,42,85,1,25,67
"161","SST","SST03",2011,"SST032011",2011-05-02,2011-06-14,NA,NA,43,2011-08-01,2011-09-12,NA,NA,42,85,12,38,177
"162","SST","SST04",2011,"SST042011",2011-05-02,2011-06-14,NA,NA,43,2011-08-01,2011-08-29,NA,NA,28,71,5,24,72
"163","SST","SST05",2011,"SST052011",2011-05-02,2011-06-14,NA,NA,43,2011-08-15,2011-09-12,NA,NA,28,71,7,31,103
"164","SST","SST06",2011,"SST062011",2011-05-02,2011-06-14,NA,NA,43,2011-08-01,2011-09-12,NA,NA,42,85,1,21,69
"165","SST","SST07",2011,"SST072011",2011-05-02,2011-06-14,NA,NA,43,2011-08-01,2011-09-12,NA,NA,42,85,1,21,38
"166","SST","SST08",2011,"SST082011",2011-05-02,2011-06-14,NA,NA,43,2011-08-01,2011-09-12,NA,NA,42,85,10,22,54
"167","SST","SST09",2011,"SST092011",2011-05-02,2011-06-14,NA,NA,43,2011-08-01,2011-09-12,NA,NA,42,85,0,27,90
"168","SST","SST10",2011,"SST102011",2011-05-02,2011-06-14,NA,NA,43,2011-08-01,2011-08-29,NA,NA,28,71,2,31,136
"169","SST","SST11",2011,"SST112011",2011-05-02,2011-06-14,NA,NA,43,2011-08-01,2011-08-29,NA,NA,28,71,2,32,72
"170","SST","SST12",2011,"SST122011",2011-05-02,2011-06-14,NA,NA,43,2011-08-01,2011-09-12,NA,NA,42,85,5,26,92
"171","SST","SST13",2011,"SST132011",2011-05-02,2011-06-14,NA,NA,43,2011-08-01,2011-09-12,NA,NA,42,85,9,36,222
"172","SST","SST14",2011,"SST142011",2011-05-02,2011-06-14,NA,NA,43,2011-08-01,2011-09-12,NA,NA,42,85,2,15,88
"173","SST","SST15",2011,"SST152011",2011-05-02,2011-06-14,NA,NA,43,2011-08-01,2011-08-29,NA,NA,28,71,0,21,64
"174","SST","SST16",2011,"SST162011",2011-05-02,2011-06-14,NA,NA,43,2011-08-01,2011-09-12,NA,NA,42,85,2,25,83
"175","WAN","WAN01",2011,"WAN012011",2011-05-03,2011-06-15,NA,NA,43,2011-08-02,2011-09-13,NA,NA,42,85,15,48,193
"176","WAN","WAN02",2011,"WAN022011",2011-05-03,2011-06-15,NA,NA,43,2011-08-02,2011-09-13,2011-08-16,2011-08-30,28,71,6,20,62
"177","WAN","WAN03",2011,"WAN032011",2011-05-03,2011-06-15,NA,NA,43,2011-08-02,2011-09-13,2011-08-16,2011-08-30,28,71,9,23,50
"178","WAN","WAN04",2011,"WAN042011",2011-05-03,2011-06-15,NA,NA,43,2011-08-02,2011-09-13,NA,NA,42,85,132,37,127
"179","WAN","WAN05",2011,"WAN052011",2011-05-03,2011-06-15,NA,NA,43,2011-08-02,2011-08-30,NA,NA,28,71,1,13,42
"180","WAN","WAN06",2011,"WAN062011",2011-05-03,2011-06-15,NA,NA,43,2011-08-02,2011-09-13,NA,NA,42,85,8,33,116
"181","WAN","WAN07",2011,"WAN072011",2011-05-03,2011-06-15,NA,NA,43,2011-08-02,2011-09-13,NA,NA,42,85,10,27,62
"182","WAN","WAN08",2011,"WAN082011",2011-05-03,2011-06-15,NA,NA,43,2011-08-02,2011-09-13,NA,NA,42,85,40,29,49
"183","WAN","WAN09",2011,"WAN092011",2011-05-03,2011-06-15,NA,NA,43,2011-08-02,2011-09-13,NA,NA,42,85,8,33,120
"184","WAN","WAN10",2011,"WAN102011",2011-05-03,2011-06-15,NA,NA,43,2011-08-02,2011-09-13,NA,NA,42,85,21,30,170
"185","WAN","WAN11",2011,"WAN112011",2011-05-03,2011-06-15,NA,NA,43,2011-08-02,2011-08-30,NA,NA,28,71,3,10,14
"186","WAN","WAN12",2011,"WAN122011",2011-05-03,2011-06-15,NA,NA,43,2011-08-02,2011-09-13,NA,NA,42,85,10,25,66
"187","WAN","WAN13",2011,"WAN132011",2011-05-03,2011-06-15,NA,NA,43,2011-08-02,2011-09-13,NA,NA,42,85,9,14,21
"188","WAN","WAN14",2011,"WAN142011",2011-05-03,2011-06-15,NA,NA,43,2011-08-02,2011-09-13,NA,NA,42,85,7,18,65
"189","WAN","WAN15",2011,"WAN152011",2011-05-03,2011-06-15,NA,NA,43,2011-08-16,2011-09-13,NA,NA,28,71,1,23,52
"190","WAN","WAN16",2011,"WAN162011",2011-05-03,2011-06-15,NA,NA,43,2011-08-02,2011-09-13,NA,NA,42,85,19,32,60
"191","FBG","FBG01",2012,"FBG012012",2012-05-02,2012-06-12,NA,NA,41,2012-07-31,2012-09-11,NA,NA,42,83,16,61,252
"192","FBG","FBG02",2012,"FBG022012",2012-05-02,2012-06-12,2012-05-15,2012-05-29,27,2012-07-31,2012-09-11,NA,NA,42,69,20,30,86
"193","FBG","FBG03",2012,"FBG032012",2012-05-02,2012-06-12,NA,NA,41,2012-07-31,2012-09-11,NA,NA,42,83,13,26,144
"194","FBG","FBG04",2012,"FBG042012",2012-05-02,2012-06-12,NA,NA,41,2012-07-31,2012-09-11,NA,NA,42,83,53,35,136
"195","FBG","FBG05",2012,"FBG052012",2012-05-02,2012-05-29,NA,NA,27,2012-07-31,2012-09-11,NA,NA,42,69,26,33,147
"196","FBG","FBG06",2012,"FBG062012",2012-05-02,2012-06-12,NA,NA,41,2012-07-31,2012-09-11,NA,NA,42,83,4,53,248
"197","FBG","FBG07",2012,"FBG072012",2012-05-02,2012-06-12,NA,NA,41,2012-07-31,2012-09-11,NA,NA,42,83,27,56,369
"198","FBG","FBG08",2012,"FBG082012",2012-05-02,2012-06-12,NA,NA,41,2012-07-31,2012-09-11,NA,NA,42,83,8,29,141
"199","FBG","FBG09",2012,"FBG092012",2012-05-02,2012-06-12,NA,NA,41,2012-07-31,2012-09-11,NA,NA,42,83,11,41,125
"200","FBG","FBG10",2012,"FBG102012",2012-05-02,2012-06-12,NA,NA,41,2012-07-31,2012-09-11,NA,NA,42,83,15,44,214
"201","FBG","FBG11",2012,"FBG112012",2012-05-02,2012-06-12,NA,NA,41,2012-07-31,2012-09-11,NA,NA,42,83,13,34,93
"202","FBG","FBG12",2012,"FBG122012",2012-05-02,2012-06-12,NA,NA,41,2012-07-31,2012-08-28,NA,NA,28,69,5,11,16
"203","FBG","FBG13",2012,"FBG132012",2012-05-02,2012-06-12,NA,NA,41,2012-07-31,2012-09-11,NA,NA,42,83,37,42,193
"204","FBG","FBG14",2012,"FBG142012",2012-05-02,2012-06-12,NA,NA,41,2012-07-31,2012-09-11,NA,NA,42,83,29,36,145
"205","FBG","FBG15",2012,"FBG152012",2012-05-02,2012-06-12,NA,NA,41,2012-07-31,2012-09-11,NA,NA,42,83,10,23,110
"206","FBG","FBG16",2012,"FBG162012",2012-05-02,2012-06-12,NA,NA,41,2012-07-31,2012-09-11,NA,NA,42,83,15,26,90
"207","GFH","GFH01",2012,"GFH012012",2012-05-04,2012-06-14,NA,NA,41,2012-08-02,2012-09-13,NA,NA,42,83,5,15,21
"208","GFH","GFH02",2012,"GFH022012",2012-05-04,2012-06-14,NA,NA,41,2012-08-02,2012-09-13,NA,NA,42,83,7,22,58
"209","GFH","GFH03",2012,"GFH032012",2012-05-04,2012-06-14,NA,NA,41,2012-08-02,2012-09-13,NA,NA,42,83,29,39,96
"210","GFH","GFH04",2012,"GFH042012",2012-05-04,2012-06-14,NA,NA,41,2012-08-02,2012-09-13,NA,NA,42,83,15,37,136
"211","GFH","GFH05",2012,"GFH052012",2012-05-04,2012-06-14,NA,NA,41,2012-08-02,2012-09-13,NA,NA,42,83,7,25,54
"212","GFH","GFH06",2012,"GFH062012",2012-05-04,2012-06-14,NA,NA,41,2012-08-02,2012-09-13,NA,NA,42,83,4,13,19
"213","GFH","GFH07",2012,"GFH072012",2012-05-04,2012-06-14,NA,NA,41,2012-08-02,2012-09-13,NA,NA,42,83,22,13,19
"214","GFH","GFH08",2012,"GFH082012",2012-05-04,2012-06-14,NA,NA,41,2012-08-02,2012-09-13,NA,NA,42,83,56,15,20
"215","GFH","GFH09",2012,"GFH092012",2012-05-04,2012-06-14,NA,NA,41,2012-08-02,2012-09-13,NA,NA,42,83,15,6,15
"216","GFH","GFH10",2012,"GFH102012",2012-05-04,2012-06-14,NA,NA,41,2012-08-02,2012-09-13,NA,NA,42,83,5,26,65
"217","GFH","GFH11",2012,"GFH112012",2012-05-04,2012-06-14,NA,NA,41,2012-08-02,2012-09-13,NA,NA,42,83,47,29,77
"218","GFH","GFH12",2012,"GFH122012",2012-05-04,2012-06-14,NA,NA,41,2012-08-02,2012-09-13,NA,NA,42,83,26,17,35
"219","GFH","GFH13",2012,"GFH132012",2012-05-04,2012-06-14,NA,NA,41,2012-08-02,2012-08-30,NA,NA,28,69,19,16,24
"220","GFH","GFH14",2012,"GFH142012",2012-05-04,2012-06-14,NA,NA,41,2012-08-02,2012-09-13,NA,NA,42,83,18,31,57
"221","GFH","GFH15",2012,"GFH152012",2012-05-04,2012-06-14,NA,NA,41,2012-08-02,2012-08-30,NA,NA,28,69,45,20,29
"222","GFH","GFH16",2012,"GFH162012",2012-05-04,2012-06-14,NA,NA,41,2012-08-02,2012-09-13,NA,NA,42,83,29,29,73
"223","HAR","HAR01",2012,"HAR012012",2012-05-03,2012-06-13,NA,NA,41,2012-08-01,2012-09-12,NA,NA,42,83,4,28,65
"224","HAR","HAR02",2012,"HAR022012",2012-05-03,2012-06-13,NA,NA,41,2012-08-29,2012-09-12,NA,NA,14,55,4,26,162
"225","HAR","HAR03",2012,"HAR032012",2012-05-03,2012-06-13,NA,NA,41,2012-08-01,2012-09-12,NA,NA,42,83,3,29,73
"226","HAR","HAR04",2012,"HAR042012",2012-05-03,2012-06-13,NA,NA,41,2012-08-01,2012-08-15,NA,NA,14,55,8,29,97
"227","HAR","HAR05",2012,"HAR052012",2012-05-03,2012-06-13,NA,NA,41,2012-08-01,2012-09-12,2012-08-15,2012-08-29,28,69,31,51,270
"228","HAR","HAR06",2012,"HAR062012",2012-05-03,2012-06-13,NA,NA,41,2012-08-01,2012-09-12,NA,NA,42,83,19,40,90
"229","HAR","HAR07",2012,"HAR072012",2012-05-03,2012-06-13,NA,NA,41,2012-08-01,2012-09-12,NA,NA,42,83,26,28,104
"230","HAR","HAR08",2012,"HAR082012",2012-05-03,2012-06-13,NA,NA,41,2012-08-15,2012-09-12,NA,NA,28,69,8,18,33
"231","HAR","HAR09",2012,"HAR092012",2012-05-03,2012-06-13,NA,NA,41,2012-08-01,2012-09-12,NA,NA,42,83,6,42,144
"232","HAR","HAR10",2012,"HAR102012",2012-05-03,2012-06-13,NA,NA,41,2012-08-01,2012-09-12,NA,NA,42,83,86,41,193
"233","HAR","HAR11",2012,"HAR112012",2012-05-03,2012-06-13,NA,NA,41,2012-08-01,2012-09-12,NA,NA,42,83,244,31,71
"234","HAR","HAR12",2012,"HAR122012",2012-05-03,2012-06-13,NA,NA,41,2012-08-01,2012-09-12,NA,NA,42,83,35,39,98
"235","HAR","HAR13",2012,"HAR132012",2012-05-03,2012-06-13,NA,NA,41,2012-08-15,2012-09-12,NA,NA,28,69,24,24,39
"236","HAR","HAR14",2012,"HAR142012",2012-05-03,2012-06-13,NA,NA,41,2012-08-01,2012-09-12,NA,NA,42,83,20,26,91
"237","HAR","HAR15",2012,"HAR152012",2012-05-03,2012-06-13,NA,NA,41,2012-08-01,2012-09-12,NA,NA,42,83,40,40,203
"238","HAR","HAR16",2012,"HAR162012",2012-05-03,2012-06-13,NA,NA,41,2012-08-01,2012-08-29,NA,NA,28,69,95,47,135
"239","SIP","SIP01",2012,"SIP012012",2012-05-04,2012-06-14,NA,NA,41,2012-08-02,2012-08-30,NA,NA,28,69,0,20,43
"240","SIP","SIP02",2012,"SIP022012",2012-05-04,2012-06-14,NA,NA,41,2012-08-02,2012-09-13,NA,NA,42,83,0,32,85
"241","SIP","SIP03",2012,"SIP032012",2012-05-04,2012-06-14,NA,NA,41,2012-08-02,2012-09-13,NA,NA,42,83,2,15,33
"242","SIP","SIP05",2012,"SIP052012",2012-05-04,2012-06-14,NA,NA,41,2012-08-02,2012-09-13,NA,NA,42,83,2,18,44
"243","SIP","SIP06",2012,"SIP062012",2012-05-04,2012-06-14,NA,NA,41,2012-08-16,2012-09-13,NA,NA,28,69,2,26,47
"244","SIP","SIP07",2012,"SIP072012",2012-05-04,2012-06-14,NA,NA,41,2012-08-02,2012-09-13,NA,NA,42,83,12,16,54
"245","SIP","SIP08",2012,"SIP082012",2012-05-04,2012-06-14,NA,NA,41,2012-08-02,2012-09-13,2012-08-16,2012-08-30,28,69,5,19,42
"246","SIP","SIP09",2012,"SIP092012",2012-05-04,2012-06-14,NA,NA,41,2012-08-02,2012-09-13,NA,NA,42,83,0,21,38
"247","SIP","SIP10",2012,"SIP102012",2012-05-04,2012-06-14,NA,NA,41,2012-08-02,2012-08-16,NA,NA,14,55,11,12,21
"248","SIP","SIP11",2012,"SIP112012",2012-05-04,2012-06-14,NA,NA,41,2012-08-02,2012-09-13,NA,NA,42,83,12,19,45
"249","SIP","SIP12",2012,"SIP122012",2012-05-04,2012-06-14,NA,NA,41,2012-08-02,2012-08-30,NA,NA,28,69,17,13,26
"250","SIP","SIP13",2012,"SIP132012",2012-05-04,2012-06-14,NA,NA,41,2012-08-02,2012-08-30,NA,NA,28,69,1,16,30
"251","SIP","SIP14",2012,"SIP142012",2012-05-04,2012-06-14,NA,NA,41,2012-08-02,2012-09-13,NA,NA,42,83,0,14,43
"252","SIP","SIP15",2012,"SIP152012",2012-05-04,2012-06-14,NA,NA,41,2012-08-02,2012-09-13,NA,NA,42,83,0,18,46
"253","SIP","SIP16",2012,"SIP162012",2012-05-04,2012-06-14,NA,NA,41,2012-08-02,2012-09-13,NA,NA,42,83,5,22,65
"254","SST","SST01",2012,"SST012012",2012-05-02,2012-06-12,NA,NA,41,2012-07-31,2012-09-11,NA,NA,42,83,5,34,90
"255","SST","SST02",2012,"SST022012",2012-05-02,2012-06-12,NA,NA,41,2012-07-31,2012-09-11,NA,NA,42,83,1,32,99
"256","SST","SST03",2012,"SST032012",2012-05-02,2012-06-12,NA,NA,41,2012-07-31,2012-09-11,NA,NA,42,83,8,37,114
"257","SST","SST04",2012,"SST042012",2012-05-02,2012-06-12,NA,NA,41,2012-07-31,2012-09-11,NA,NA,42,83,18,29,152
"258","SST","SST05",2012,"SST052012",2012-05-02,2012-06-12,NA,NA,41,2012-07-31,2012-09-11,NA,NA,42,83,4,30,74
"259","SST","SST06",2012,"SST062012",2012-05-02,2012-06-12,NA,NA,41,2012-07-31,2012-09-11,NA,NA,42,83,1,29,79
"260","SST","SST07",2012,"SST072012",2012-05-02,2012-06-12,NA,NA,41,2012-07-31,2012-09-11,NA,NA,42,83,1,20,53
"261","SST","SST08",2012,"SST082012",2012-05-02,2012-06-12,NA,NA,41,2012-07-31,2012-09-11,NA,NA,42,83,12,19,37
"262","SST","SST09",2012,"SST092012",2012-05-02,2012-06-12,NA,NA,41,2012-07-31,2012-09-11,NA,NA,42,83,3,44,185
"263","SST","SST10",2012,"SST102012",2012-05-02,2012-06-12,NA,NA,41,2012-07-31,2012-09-11,2012-08-14,2012-08-28,28,69,6,33,352
"264","SST","SST11",2012,"SST112012",2012-05-02,2012-06-12,NA,NA,41,2012-07-31,2012-09-11,NA,NA,42,83,1,24,83
"265","SST","SST12",2012,"SST122012",2012-05-02,2012-06-12,NA,NA,41,2012-07-31,2012-09-11,NA,NA,42,83,11,33,108
"266","SST","SST13",2012,"SST132012",2012-05-02,2012-06-12,NA,NA,41,2012-07-31,2012-09-11,NA,NA,42,83,4,36,142
"267","SST","SST14",2012,"SST142012",2012-05-02,2012-06-12,NA,NA,41,2012-07-31,2012-09-11,NA,NA,42,83,1,27,160
"268","SST","SST15",2012,"SST152012",2012-05-02,2012-06-12,NA,NA,41,2012-07-31,2012-09-11,2012-08-14,2012-08-28,28,69,0,25,106
"269","SST","SST16",2012,"SST162012",2012-05-02,2012-06-12,NA,NA,41,2012-07-31,2012-09-11,NA,NA,42,83,2,22,102
"270","WAN","WAN01",2012,"WAN012012",2012-05-03,2012-06-13,NA,NA,41,2012-08-01,2012-09-12,NA,NA,42,83,26,49,246
"271","WAN","WAN02",2012,"WAN022012",2012-05-03,2012-06-13,NA,NA,41,2012-08-01,2012-09-12,NA,NA,42,83,3,29,60
"272","WAN","WAN03",2012,"WAN032012",2012-05-03,2012-06-13,NA,NA,41,2012-08-01,2012-09-12,NA,NA,42,83,6,20,54
"273","WAN","WAN04",2012,"WAN042012",2012-05-03,2012-06-13,NA,NA,41,2012-08-01,2012-09-12,NA,NA,42,83,4,39,140
"274","WAN","WAN05",2012,"WAN052012",2012-05-03,2012-06-13,NA,NA,41,2012-08-01,2012-09-12,2012-08-15,2012-08-29,28,69,2,27,90
"275","WAN","WAN06",2012,"WAN062012",2012-05-03,2012-06-13,NA,NA,41,2012-08-15,2012-09-12,NA,NA,28,69,10,26,48
"276","WAN","WAN07",2012,"WAN072012",2012-05-03,2012-06-13,NA,NA,41,2012-08-01,2012-09-12,NA,NA,42,83,3,18,51
"277","WAN","WAN08",2012,"WAN082012",2012-05-03,2012-06-13,NA,NA,41,2012-08-15,2012-08-29,NA,NA,14,55,3,13,33
"278","WAN","WAN09",2012,"WAN092012",2012-05-03,2012-06-13,NA,NA,41,2012-08-01,2012-09-12,NA,NA,42,83,16,27,58
"279","WAN","WAN10",2012,"WAN102012",2012-05-03,2012-06-13,NA,NA,41,2012-08-01,2012-09-12,NA,NA,42,83,14,34,120
"280","WAN","WAN11",2012,"WAN112012",2012-05-03,2012-06-13,NA,NA,41,2012-08-01,2012-08-29,NA,NA,28,69,1,8,16
"281","WAN","WAN12",2012,"WAN122012",2012-05-03,2012-06-13,NA,NA,41,2012-08-01,2012-09-12,2012-08-15,2012-08-29,28,69,15,35,97
"282","WAN","WAN13",2012,"WAN132012",2012-05-03,2012-06-13,NA,NA,41,2012-08-01,2012-08-29,NA,NA,28,69,244,12,15
"283","WAN","WAN14",2012,"WAN142012",2012-05-03,2012-06-13,NA,NA,41,2012-08-01,2012-08-29,NA,NA,28,69,64,19,48
"284","WAN","WAN15",2012,"WAN152012",2012-05-03,2012-06-13,NA,NA,41,2012-08-01,2012-09-12,NA,NA,42,83,8,20,38
"285","WAN","WAN16",2012,"WAN162012",2012-05-03,2012-06-13,NA,NA,41,2012-08-01,2012-09-12,2012-08-15,2012-08-29,28,69,6,22,43
"286","FBG","FBG01",2013,"FBG012013",2013-04-29,2013-06-10,NA,NA,42,2013-08-05,2013-09-16,NA,NA,42,84,10,47,345
"287","FBG","FBG02",2013,"FBG022013",2013-04-29,2013-06-10,NA,NA,42,2013-08-19,2013-09-16,NA,NA,28,70,16,47,374
"288","FBG","FBG03",2013,"FBG032013",2013-04-29,2013-06-10,NA,NA,42,2013-08-05,2013-09-16,NA,NA,42,84,4,31,96
"289","FBG","FBG04",2013,"FBG042013",2013-04-29,2013-06-10,NA,NA,42,2013-08-05,2013-09-16,NA,NA,42,84,1,35,158
"290","FBG","FBG05",2013,"FBG052013",2013-04-29,2013-06-10,2013-05-13,2013-05-27,28,NA,NA,NA,NA,NA,NA,1,33,99
"291","FBG","FBG06",2013,"FBG062013",2013-04-29,2013-06-10,NA,NA,42,2013-08-05,2013-09-16,NA,NA,42,84,6,41,157
"292","FBG","FBG07",2013,"FBG072013",2013-04-29,2013-06-10,NA,NA,42,2013-08-05,2013-09-16,NA,NA,42,84,5,40,193
"293","FBG","FBG08",2013,"FBG082013",2013-04-29,2013-06-10,NA,NA,42,2013-08-05,2013-09-16,NA,NA,42,84,2,30,97
"294","FBG","FBG09",2013,"FBG092013",2013-04-29,2013-06-10,NA,NA,42,2013-08-05,2013-09-16,NA,NA,42,84,8,43,202
"295","FBG","FBG10",2013,"FBG102013",2013-04-29,2013-06-10,NA,NA,42,2013-08-05,2013-09-16,NA,NA,42,84,9,42,242
"296","FBG","FBG11",2013,"FBG112013",2013-04-29,2013-06-10,NA,NA,42,2013-08-05,2013-09-16,NA,NA,42,84,8,25,83
"297","FBG","FBG12",2013,"FBG122013",2013-04-29,2013-06-10,NA,NA,42,2013-08-05,2013-09-16,NA,NA,42,84,8,16,45
"298","FBG","FBG13",2013,"FBG132013",2013-04-29,2013-06-10,NA,NA,42,2013-08-05,2013-09-16,NA,NA,42,84,17,35,119
"299","FBG","FBG14",2013,"FBG142013",2013-04-29,2013-06-10,NA,NA,42,2013-08-05,2013-09-16,NA,NA,42,84,18,28,65
"300","FBG","FBG15",2013,"FBG152013",2013-04-29,2013-06-10,NA,NA,42,2013-08-05,2013-09-16,NA,NA,42,84,6,30,50
"301","FBG","FBG16",2013,"FBG162013",2013-04-29,2013-06-10,NA,NA,42,2013-08-05,2013-09-16,2013-08-19,2013-09-02,28,70,5,39,109
"302","GFH","GFH01",2013,"GFH012013",2013-05-02,2013-06-13,NA,NA,42,2013-08-07,2013-09-04,NA,NA,28,70,2,14,37
"303","GFH","GFH02",2013,"GFH022013",2013-05-02,2013-06-13,NA,NA,42,2013-08-07,2013-09-18,NA,NA,42,84,6,23,115
"304","GFH","GFH03",2013,"GFH032013",2013-05-02,2013-06-13,NA,NA,42,2013-08-07,2013-09-18,NA,NA,42,84,14,27,137
"305","GFH","GFH04",2013,"GFH042013",2013-05-02,2013-06-13,NA,NA,42,2013-08-07,2013-09-18,NA,NA,42,84,3,37,170
"306","GFH","GFH05",2013,"GFH052013",2013-05-02,2013-06-13,NA,NA,42,2013-08-07,2013-09-04,NA,NA,28,70,8,23,91
"307","GFH","GFH06",2013,"GFH062013",2013-05-02,2013-06-13,NA,NA,42,2013-08-07,2013-09-18,2013-08-21,2013-09-04,28,70,0,26,79
"308","GFH","GFH07",2013,"GFH072013",2013-05-02,2013-06-13,NA,NA,42,2013-08-07,2013-09-18,NA,NA,42,84,6,12,32
"309","GFH","GFH08",2013,"GFH082013",2013-05-02,2013-06-13,NA,NA,42,2013-08-07,2013-09-18,NA,NA,42,84,23,13,31
"310","GFH","GFH09",2013,"GFH092013",2013-05-02,2013-06-13,NA,NA,42,2013-08-07,2013-09-18,2013-08-21,2013-09-04,28,70,9,15,31
"311","GFH","GFH10",2013,"GFH102013",2013-05-02,2013-06-13,NA,NA,42,2013-08-07,2013-09-18,NA,NA,42,84,11,36,124
"312","GFH","GFH11",2013,"GFH112013",2013-05-02,2013-06-13,NA,NA,42,2013-08-07,2013-09-18,NA,NA,42,84,26,34,188
"313","GFH","GFH12",2013,"GFH122013",2013-05-02,2013-06-13,NA,NA,42,2013-08-07,2013-09-18,NA,NA,42,84,52,21,46
"314","GFH","GFH13",2013,"GFH132013",2013-05-02,2013-06-13,NA,NA,42,2013-08-07,2013-09-18,NA,NA,42,84,48,17,25
"315","GFH","GFH14",2013,"GFH142013",2013-05-02,2013-06-13,NA,NA,42,2013-08-07,2013-09-18,NA,NA,42,84,9,34,119
"316","GFH","GFH15",2013,"GFH152013",2013-05-02,2013-06-13,NA,NA,42,2013-08-07,2013-09-18,NA,NA,42,84,102,32,73
"317","GFH","GFH16",2013,"GFH162013",2013-05-02,2013-06-13,NA,NA,42,2013-08-07,2013-09-18,NA,NA,42,84,39,34,121
"318","HAR","HAR01",2013,"HAR012013",2013-04-30,2013-06-11,NA,NA,42,2013-08-06,2013-09-17,NA,NA,42,84,0,38,124
"319","HAR","HAR02",2013,"HAR022013",2013-04-30,2013-06-11,NA,NA,42,2013-08-06,2013-09-17,NA,NA,42,84,2,25,108
"320","HAR","HAR03",2013,"HAR032013",2013-04-30,2013-06-11,NA,NA,42,2013-08-06,2013-09-17,NA,NA,42,84,4,22,57
"321","HAR","HAR04",2013,"HAR042013",2013-04-30,2013-06-11,NA,NA,42,2013-08-20,2013-09-03,NA,NA,14,56,0,20,88
"322","HAR","HAR05",2013,"HAR052013",2013-04-30,2013-06-11,NA,NA,42,2013-08-06,2013-09-17,NA,NA,42,84,5,61,494
"323","HAR","HAR06",2013,"HAR062013",2013-04-30,2013-06-11,NA,NA,42,2013-08-06,2013-09-03,NA,NA,28,70,4,30,133
"324","HAR","HAR07",2013,"HAR072013",2013-04-30,2013-06-11,NA,NA,42,2013-08-06,2013-09-03,NA,NA,28,70,0,20,63
"325","HAR","HAR08",2013,"HAR082013",2013-04-30,2013-06-11,NA,NA,42,2013-08-20,2013-09-03,NA,NA,14,56,2,16,83
"326","HAR","HAR09",2013,"HAR092013",2013-04-30,2013-06-11,NA,NA,42,2013-08-06,2013-09-17,NA,NA,42,84,5,42,135
"327","HAR","HAR10",2013,"HAR102013",2013-04-30,2013-06-11,NA,NA,42,2013-08-06,2013-09-17,NA,NA,42,84,8,33,161
"328","HAR","HAR11",2013,"HAR112013",2013-04-30,2013-06-11,NA,NA,42,2013-08-06,2013-09-17,2013-08-20,2013-09-03,28,70,1,25,94
"329","HAR","HAR12",2013,"HAR122013",2013-04-30,2013-06-11,NA,NA,42,2013-08-06,2013-09-17,NA,NA,42,84,8,33,98
"330","HAR","HAR13",2013,"HAR132013",2013-04-30,2013-06-11,NA,NA,42,2013-08-06,2013-09-17,NA,NA,42,84,1,26,47
"331","HAR","HAR14",2013,"HAR142013",2013-04-30,2013-06-11,NA,NA,42,2013-08-06,2013-09-17,NA,NA,42,84,6,21,53
"332","HAR","HAR15",2013,"HAR152013",2013-04-30,2013-06-11,NA,NA,42,2013-08-06,2013-09-17,NA,NA,42,84,26,36,73
"333","HAR","HAR16",2013,"HAR162013",2013-04-30,2013-06-11,NA,NA,42,2013-08-06,2013-09-03,NA,NA,28,70,2,31,126
"334","SIP","SIP01",2013,"SIP012013",2013-05-02,2013-06-13,NA,NA,42,2013-08-07,2013-09-18,NA,NA,42,84,3,33,230
"335","SIP","SIP02",2013,"SIP022013",2013-05-02,2013-06-13,NA,NA,42,2013-08-07,2013-09-18,NA,NA,42,84,0,34,215
"336","SIP","SIP03",2013,"SIP032013",2013-05-02,2013-06-13,NA,NA,42,2013-08-07,2013-09-18,NA,NA,42,84,0,32,134
"337","SIP","SIP05",2013,"SIP052013",2013-05-02,2013-06-13,NA,NA,42,2013-08-07,2013-09-04,NA,NA,28,70,1,22,98
"338","SIP","SIP06",2013,"SIP062013",2013-05-02,2013-06-13,2013-05-16,2013-06-03,24,2013-08-07,2013-09-18,NA,NA,42,66,2,27,200
"339","SIP","SIP07",2013,"SIP072013",2013-05-02,2013-06-13,NA,NA,42,2013-08-07,2013-09-18,2013-08-21,2013-09-04,28,70,2,31,249
"340","SIP","SIP08",2013,"SIP082013",2013-05-02,2013-06-13,NA,NA,42,2013-08-07,2013-09-18,NA,NA,42,84,0,29,157
"341","SIP","SIP09",2013,"SIP092013",2013-05-02,2013-06-13,NA,NA,42,2013-08-07,2013-09-18,NA,NA,42,84,0,24,332
"342","SIP","SIP10",2013,"SIP102013",2013-05-02,2013-06-13,NA,NA,42,2013-08-07,2013-09-18,NA,NA,42,84,2,28,131
"343","SIP","SIP11",2013,"SIP112013",2013-05-02,2013-06-13,NA,NA,42,2013-08-07,2013-09-04,NA,NA,28,70,2,27,163
"344","SIP","SIP12",2013,"SIP122013",2013-05-02,2013-06-13,NA,NA,42,2013-08-07,2013-09-18,NA,NA,42,84,2,30,124
"345","SIP","SIP13",2013,"SIP132013",2013-05-02,2013-06-13,NA,NA,42,2013-08-07,2013-09-04,NA,NA,28,70,1,27,215
"346","SIP","SIP14",2013,"SIP142013",2013-05-02,2013-06-13,NA,NA,42,2013-08-07,2013-09-18,2013-08-21,2013-09-04,28,70,0,13,56
"347","SIP","SIP15",2013,"SIP152013",2013-05-02,2013-06-13,NA,NA,42,2013-08-07,2013-09-18,NA,NA,42,84,4,30,108
"348","SIP","SIP16",2013,"SIP162013",2013-05-02,2013-06-13,NA,NA,42,2013-08-07,2013-09-18,NA,NA,42,84,0,35,235
"349","SST","SST01",2013,"SST012013",2013-04-29,2013-06-10,NA,NA,42,2013-08-05,2013-09-16,NA,NA,42,84,0,39,270
"350","SST","SST02",2013,"SST022013",2013-04-29,2013-06-10,NA,NA,42,2013-08-05,2013-09-16,NA,NA,42,84,1,15,144
"351","SST","SST03",2013,"SST032013",2013-04-29,2013-06-10,NA,NA,42,2013-08-05,2013-09-16,NA,NA,42,84,7,22,188
"352","SST","SST04",2013,"SST042013",2013-04-29,2013-06-10,NA,NA,42,2013-08-05,2013-09-16,NA,NA,42,84,29,28,88
"353","SST","SST05",2013,"SST052013",2013-04-29,2013-06-10,NA,NA,42,2013-08-05,2013-09-16,NA,NA,42,84,0,28,174
"354","SST","SST06",2013,"SST062013",2013-04-29,2013-06-10,NA,NA,42,2013-08-19,2013-09-02,NA,NA,14,56,0,24,350
"355","SST","SST07",2013,"SST072013",2013-04-29,2013-06-10,NA,NA,42,2013-08-05,2013-08-19,NA,NA,14,56,0,20,61
"356","SST","SST08",2013,"SST082013",2013-04-29,2013-06-10,NA,NA,42,2013-08-05,2013-09-16,NA,NA,42,84,2,21,114
"357","SST","SST09",2013,"SST092013",2013-04-29,2013-06-10,NA,NA,42,2013-08-05,2013-08-19,NA,NA,14,56,0,26,269
"358","SST","SST10",2013,"SST102013",2013-04-29,2013-06-10,NA,NA,42,2013-08-05,2013-09-16,NA,NA,42,84,4,37,188
"359","SST","SST11",2013,"SST112013",2013-04-29,2013-06-10,NA,NA,42,2013-08-05,2013-09-16,NA,NA,42,84,1,35,110
"360","SST","SST12",2013,"SST122013",2013-04-29,2013-06-10,NA,NA,42,2013-08-05,2013-09-16,NA,NA,42,84,3,27,151
"361","SST","SST13",2013,"SST132013",2013-04-29,2013-06-10,NA,NA,42,2013-08-05,2013-09-16,NA,NA,42,84,3,42,478
"362","SST","SST14",2013,"SST142013",2013-04-29,2013-06-10,NA,NA,42,2013-08-05,2013-09-16,NA,NA,42,84,1,16,191
"363","SST","SST15",2013,"SST152013",2013-04-29,2013-06-10,NA,NA,42,2013-08-05,2013-09-16,NA,NA,42,84,1,15,111
"364","SST","SST16",2013,"SST162013",2013-04-29,2013-06-10,NA,NA,42,2013-08-05,2013-09-02,NA,NA,28,70,0,17,145
"365","WAN","WAN01",2013,"WAN012013",2013-04-30,2013-06-11,NA,NA,42,2013-08-06,2013-09-17,NA,NA,42,84,16,41,212
"366","WAN","WAN02",2013,"WAN022013",2013-04-30,2013-06-11,NA,NA,42,2013-08-06,2013-09-17,NA,NA,42,84,4,28,147
"367","WAN","WAN03",2013,"WAN032013",2013-04-30,2013-06-11,NA,NA,42,2013-08-06,2013-09-03,NA,NA,28,70,3,17,54
"368","WAN","WAN04",2013,"WAN042013",2013-04-30,2013-06-11,NA,NA,42,2013-08-06,2013-09-03,NA,NA,28,70,3,25,138
"369","WAN","WAN05",2013,"WAN052013",2013-04-30,2013-06-11,NA,NA,42,2013-08-06,2013-09-17,2013-08-20,2013-09-03,28,70,3,23,158
"370","WAN","WAN06",2013,"WAN062013",2013-04-30,2013-06-11,NA,NA,42,2013-08-06,2013-09-17,NA,NA,42,84,8,28,66
"371","WAN","WAN07",2013,"WAN072013",2013-04-30,2013-06-11,NA,NA,42,2013-08-06,2013-09-17,NA,NA,42,84,14,22,32
"372","WAN","WAN08",2013,"WAN082013",2013-04-30,2013-06-11,NA,NA,42,NA,NA,NA,NA,NA,NA,0,16,46
"373","WAN","WAN09",2013,"WAN092013",2013-04-30,2013-06-11,NA,NA,42,2013-08-06,2013-09-03,NA,NA,28,70,88,26,69
"374","WAN","WAN10",2013,"WAN102013",2013-04-30,2013-06-11,NA,NA,42,2013-08-06,2013-09-17,NA,NA,42,84,46,27,62
"375","WAN","WAN11",2013,"WAN112013",2013-04-30,2013-05-28,NA,NA,28,2013-08-20,2013-09-03,NA,NA,14,42,2,6,21
"376","WAN","WAN12",2013,"WAN122013",2013-04-30,2013-06-11,NA,NA,42,2013-08-06,2013-09-17,NA,NA,42,84,11,31,138
"377","WAN","WAN13",2013,"WAN132013",2013-04-30,2013-06-11,NA,NA,42,2013-08-06,2013-09-17,NA,NA,42,84,331,23,83
"378","WAN","WAN14",2013,"WAN142013",2013-04-30,2013-06-11,NA,NA,42,2013-08-06,2013-09-17,NA,NA,42,84,53,28,69
"379","WAN","WAN15",2013,"WAN152013",2013-04-30,2013-06-11,NA,NA,42,2013-08-06,2013-09-03,NA,NA,28,70,4,20,45
"380","WAN","WAN16",2013,"WAN162013",2013-04-30,2013-06-11,NA,NA,42,2013-08-20,2013-09-03,NA,NA,14,56,1,24,93
"381","FBG","FBG01",2014,"FBG012014",2014-04-14,2014-05-26,NA,NA,42,2014-07-14,2014-08-26,NA,NA,43,85,6,39,130
"382","FBG","FBG02",2014,"FBG022014",2014-04-14,2014-05-26,NA,NA,42,2014-07-14,2014-08-26,NA,NA,43,85,20,52,175
"383","FBG","FBG03",2014,"FBG032014",2014-04-14,2014-05-26,NA,NA,42,2014-07-14,2014-08-26,2014-08-26,2014-07-14,27,69,2,22,77
"384","FBG","FBG04",2014,"FBG042014",2014-04-14,2014-05-26,NA,NA,42,2014-07-14,2014-08-26,NA,NA,43,85,6,28,95
"385","FBG","FBG05",2014,"FBG052014",2014-04-14,2014-05-26,NA,NA,42,2014-07-28,2014-08-26,NA,NA,29,71,7,25,58
"386","FBG","FBG06",2014,"FBG062014",2014-04-14,2014-05-26,NA,NA,42,2014-07-14,2014-08-26,NA,NA,43,85,7,32,120
"387","FBG","FBG07",2014,"FBG072014",2014-04-14,2014-05-26,NA,NA,42,2014-07-14,2014-08-26,NA,NA,43,85,13,41,202
"388","FBG","FBG08",2014,"FBG082014",2014-04-14,2014-05-26,NA,NA,42,2014-07-14,2014-08-26,NA,NA,43,85,0,26,117
"389","FBG","FBG09",2014,"FBG092014",2014-04-14,2014-05-26,NA,NA,42,2014-07-14,2014-08-26,NA,NA,43,85,7,49,254
"390","FBG","FBG10",2014,"FBG102014",2014-04-14,2014-05-26,NA,NA,42,2014-07-14,2014-08-26,NA,NA,43,85,7,43,110
"391","FBG","FBG11",2014,"FBG112014",2014-04-14,2014-05-26,NA,NA,42,2014-07-14,2014-08-26,NA,NA,43,85,4,29,94
"392","FBG","FBG12",2014,"FBG122014",2014-04-14,2014-05-26,NA,NA,42,2014-07-14,2014-08-26,NA,NA,43,85,4,36,86
"393","FBG","FBG13",2014,"FBG132014",2014-04-14,2014-05-26,NA,NA,42,2014-07-14,2014-08-26,NA,NA,43,85,12,48,146
"394","FBG","FBG14",2014,"FBG142014",2014-04-14,2014-05-26,NA,NA,42,2014-07-14,2014-08-26,NA,NA,43,85,7,38,105
"395","FBG","FBG15",2014,"FBG152014",2014-04-14,2014-05-26,NA,NA,42,2014-07-14,2014-08-26,NA,NA,43,85,7,40,114
"396","FBG","FBG16",2014,"FBG162014",2014-04-14,2014-05-26,NA,NA,42,2014-07-14,2014-08-26,NA,NA,43,85,6,27,68
"397","GFH","GFH01",2014,"GFH012014",2014-04-16,2014-05-28,NA,NA,42,2014-07-14,2014-08-12,NA,NA,29,71,2,12,37
"398","GFH","GFH02",2014,"GFH022014",2014-04-16,2014-05-28,NA,NA,42,2014-07-14,2014-07-30,NA,NA,16,58,1,20,75
"399","GFH","GFH03",2014,"GFH032014",2014-04-16,2014-05-28,NA,NA,42,2014-07-14,2014-08-27,NA,NA,44,86,17,36,125
"400","GFH","GFH04",2014,"GFH042014",2014-04-16,2014-05-28,NA,NA,42,2014-07-14,2014-08-27,NA,NA,44,86,18,21,45
"401","GFH","GFH05",2014,"GFH052014",2014-04-16,2014-05-28,NA,NA,42,2014-07-14,2014-08-12,NA,NA,29,71,5,24,59
"402","GFH","GFH06",2014,"GFH062014",2014-04-16,2014-05-28,NA,NA,42,2014-07-14,2014-08-27,NA,NA,44,86,0,19,40
"403","GFH","GFH07",2014,"GFH072014",2014-04-16,2014-05-28,NA,NA,42,2014-07-14,2014-08-27,NA,NA,44,86,9,17,44
"404","GFH","GFH08",2014,"GFH082014",2014-04-16,2014-05-28,NA,NA,42,2014-07-14,2014-08-27,NA,NA,44,86,15,10,17
"405","GFH","GFH09",2014,"GFH092014",2014-04-16,2014-05-28,NA,NA,42,2014-07-14,2014-08-27,NA,NA,44,86,5,11,22
"406","GFH","GFH10",2014,"GFH102014",2014-04-16,2014-05-28,NA,NA,42,2014-07-14,2014-07-30,NA,NA,16,58,1,23,85
"407","GFH","GFH11",2014,"GFH112014",2014-04-16,2014-05-28,NA,NA,42,2014-07-14,2014-08-27,NA,NA,44,86,14,25,51
"408","GFH","GFH12",2014,"GFH122014",2014-04-16,2014-05-28,NA,NA,42,2014-07-14,2014-08-27,NA,NA,44,86,30,23,43
"409","GFH","GFH13",2014,"GFH132014",2014-04-16,2014-05-28,NA,NA,42,2014-07-14,2014-08-27,NA,NA,44,86,9,21,37
"410","GFH","GFH14",2014,"GFH142014",2014-04-16,2014-05-28,NA,NA,42,2014-07-14,2014-08-27,NA,NA,44,86,3,30,80
"411","GFH","GFH15",2014,"GFH152014",2014-04-16,2014-05-28,NA,NA,42,2014-07-14,2014-08-27,NA,NA,44,86,51,22,45
"412","GFH","GFH16",2014,"GFH162014",2014-04-16,2014-05-28,NA,NA,42,2014-07-14,2014-08-12,NA,NA,29,71,5,42,150
"413","HAR","HAR01",2014,"HAR012014",2014-04-15,2014-05-27,NA,NA,42,2014-07-15,2014-08-14,NA,NA,30,72,0,36,138
"414","HAR","HAR02",2014,"HAR022014",2014-04-15,2014-05-27,NA,NA,42,2014-07-15,2014-08-14,NA,NA,30,72,1,24,125
"415","HAR","HAR03",2014,"HAR032014",2014-04-15,2014-05-27,NA,NA,42,2014-07-15,2014-08-25,NA,NA,41,83,8,19,59
"416","HAR","HAR04",2014,"HAR042014",2014-04-15,2014-05-27,NA,NA,42,2014-07-15,2014-08-25,2014-07-29,2014-08-14,25,67,5,14,28
"417","HAR","HAR05",2014,"HAR052014",2014-04-15,2014-05-27,NA,NA,42,2014-07-15,2014-08-25,2014-07-29,2014-08-14,25,67,19,38,231
"418","HAR","HAR06",2014,"HAR062014",2014-04-15,2014-05-27,NA,NA,42,2014-07-15,2014-08-25,2014-07-29,2014-08-14,25,67,14,24,73
"419","HAR","HAR07",2014,"HAR072014",2014-04-15,2014-05-27,NA,NA,42,2014-07-29,2014-08-25,NA,NA,27,69,20,18,98
"420","HAR","HAR08",2014,"HAR082014",2014-04-15,2014-05-27,NA,NA,42,2014-07-15,2014-08-25,NA,NA,41,83,4,15,142
"421","HAR","HAR09",2014,"HAR092014",2014-04-15,2014-05-27,NA,NA,42,2014-07-15,2014-08-25,NA,NA,41,83,7,27,100
"422","HAR","HAR10",2014,"HAR102014",2014-04-15,2014-05-27,NA,NA,42,2014-07-15,2014-08-25,NA,NA,41,83,36,34,697
"423","HAR","HAR11",2014,"HAR112014",2014-04-15,2014-05-27,NA,NA,42,2014-07-15,2014-08-14,NA,NA,30,72,196,19,36
"424","HAR","HAR12",2014,"HAR122014",2014-04-15,2014-05-27,NA,NA,42,2014-07-15,2014-08-25,NA,NA,41,83,25,34,133
"425","HAR","HAR13",2014,"HAR132014",2014-04-15,2014-05-27,NA,NA,42,2014-07-15,2014-08-25,NA,NA,41,83,27,24,63
"426","HAR","HAR14",2014,"HAR142014",2014-04-15,2014-05-27,NA,NA,42,2014-07-15,2014-08-25,NA,NA,41,83,26,21,59
"427","HAR","HAR15",2014,"HAR152014",2014-04-15,2014-05-27,NA,NA,42,2014-07-15,2014-08-25,NA,NA,41,83,16,20,41
"428","HAR","HAR16",2014,"HAR162014",2014-04-15,2014-05-27,NA,NA,42,2014-07-15,2014-08-25,NA,NA,41,83,381,35,99
"429","SIP","SIP01",2014,"SIP012014",2014-04-16,2014-05-28,NA,NA,42,2014-07-14,2014-08-27,NA,NA,44,86,1,23,82
"430","SIP","SIP02",2014,"SIP022014",2014-04-16,2014-05-28,NA,NA,42,2014-07-14,2014-08-27,NA,NA,44,86,10,38,154
"431","SIP","SIP03",2014,"SIP032014",2014-04-16,2014-05-28,NA,NA,42,2014-07-14,2014-08-27,NA,NA,44,86,0,35,87
"432","SIP","SIP05",2014,"SIP052014",2014-04-16,2014-05-28,NA,NA,42,2014-07-14,2014-08-27,NA,NA,44,86,0,14,39
"433","SIP","SIP06",2014,"SIP062014",2014-04-16,2014-05-28,NA,NA,42,2014-07-14,2014-08-27,NA,NA,44,86,1,18,50
"434","SIP","SIP07",2014,"SIP072014",2014-04-16,2014-05-28,NA,NA,42,2014-07-14,2014-08-12,NA,NA,29,71,3,17,27
"435","SIP","SIP08",2014,"SIP082014",2014-04-16,2014-05-28,NA,NA,42,2014-07-14,2014-08-27,NA,NA,44,86,0,22,67
"436","SIP","SIP09",2014,"SIP092014",2014-04-16,2014-05-28,NA,NA,42,2014-07-14,2014-07-30,NA,NA,16,58,0,18,52
"437","SIP","SIP10",2014,"SIP102014",2014-04-16,2014-05-28,NA,NA,42,2014-07-30,2014-08-12,NA,NA,13,55,0,12,42
"438","SIP","SIP11",2014,"SIP112014",2014-04-16,2014-05-28,NA,NA,42,2014-07-14,2014-08-27,NA,NA,44,86,2,10,31
"439","SIP","SIP12",2014,"SIP122014",2014-04-16,2014-05-28,NA,NA,42,2014-07-14,2014-08-27,NA,NA,44,86,3,16,70
"440","SIP","SIP13",2014,"SIP132014",2014-04-16,2014-05-28,NA,NA,42,2014-07-14,2014-07-30,NA,NA,16,58,0,18,34
"441","SIP","SIP14",2014,"SIP142014",2014-04-16,2014-05-28,NA,NA,42,2014-07-14,2014-08-27,NA,NA,44,86,1,18,67
"442","SIP","SIP15",2014,"SIP152014",2014-04-16,2014-05-28,NA,NA,42,2014-07-14,2014-08-27,NA,NA,44,86,4,21,55
"443","SIP","SIP16",2014,"SIP162014",2014-04-16,2014-05-28,NA,NA,42,2014-07-30,2014-08-27,NA,NA,28,70,2,13,30
"444","SST","SST01",2014,"SST012014",2014-04-28,2014-05-26,NA,NA,28,2014-07-14,2014-08-26,NA,NA,43,71,5,37,115
"445","SST","SST02",2014,"SST022014",2014-04-14,2014-05-26,NA,NA,42,2014-07-14,2014-08-26,NA,NA,43,85,1,26,102
"446","SST","SST03",2014,"SST032014",2014-04-14,2014-05-26,NA,NA,42,2014-07-14,2014-08-26,NA,NA,43,85,14,18,38
"447","SST","SST04",2014,"SST042014",2014-04-14,2014-05-26,NA,NA,42,2014-07-14,2014-08-26,NA,NA,43,85,31,26,66
"448","SST","SST05",2014,"SST052014",2014-04-14,2014-05-26,NA,NA,42,2014-07-14,2014-08-26,NA,NA,43,85,10,45,120
"449","SST","SST06",2014,"SST062014",2014-04-14,2014-05-26,NA,NA,42,2014-07-14,2014-08-26,NA,NA,43,85,3,20,70
"450","SST","SST07",2014,"SST072014",2014-04-14,2014-05-26,NA,NA,42,2014-07-14,2014-08-26,NA,NA,43,85,2,21,42
"451","SST","SST08",2014,"SST082014",2014-04-14,2014-05-26,NA,NA,42,2014-07-14,2014-08-26,NA,NA,43,85,6,31,64
"452","SST","SST09",2014,"SST092014",2014-04-14,2014-05-26,NA,NA,42,2014-07-14,2014-08-26,NA,NA,43,85,1,23,50
"453","SST","SST10",2014,"SST102014",2014-04-14,2014-05-26,NA,NA,42,2014-07-14,2014-08-26,NA,NA,43,85,31,34,172
"454","SST","SST11",2014,"SST112014",2014-04-14,2014-05-26,NA,NA,42,2014-07-14,2014-08-13,NA,NA,30,72,0,24,86
"455","SST","SST12",2014,"SST122014",2014-04-14,2014-05-26,NA,NA,42,2014-07-14,2014-08-26,2014-08-26,2014-07-14,27,69,1,13,42
"456","SST","SST13",2014,"SST132014",2014-04-14,2014-05-26,NA,NA,42,2014-07-14,2014-08-26,NA,NA,43,85,8,35,119
"457","SST","SST14",2014,"SST142014",2014-04-14,2014-05-26,NA,NA,42,2014-07-14,2014-08-13,NA,NA,30,72,1,20,128
"458","SST","SST15",2014,"SST152014",2014-04-14,2014-05-26,NA,NA,42,2014-07-28,2014-08-13,NA,NA,16,58,2,14,78
"459","SST","SST16",2014,"SST162014",2014-04-14,2014-05-26,NA,NA,42,2014-07-14,2014-08-26,2014-08-26,2014-07-14,27,69,1,16,47
"460","WAN","WAN01",2014,"WAN012014",2014-04-15,2014-05-27,NA,NA,42,2014-07-15,2014-08-25,NA,NA,41,83,12,35,171
"461","WAN","WAN02",2014,"WAN022014",2014-04-15,2014-05-27,NA,NA,42,2014-07-15,2014-08-25,NA,NA,41,83,11,27,80
"462","WAN","WAN03",2014,"WAN032014",2014-04-15,2014-05-27,NA,NA,42,2014-07-29,2014-08-25,NA,NA,27,69,10,16,28
"463","WAN","WAN04",2014,"WAN042014",2014-04-15,2014-05-27,NA,NA,42,2014-07-29,2014-08-25,NA,NA,27,69,6,24,66
"464","WAN","WAN05",2014,"WAN052014",2014-04-15,2014-05-27,NA,NA,42,2014-07-29,2014-08-25,NA,NA,27,69,2,23,62
"465","WAN","WAN06",2014,"WAN062014",2014-04-15,2014-05-27,NA,NA,42,2014-07-15,2014-08-25,NA,NA,41,83,15,22,40
"466","WAN","WAN07",2014,"WAN072014",2014-04-15,2014-05-27,NA,NA,42,2014-07-15,2014-08-25,NA,NA,41,83,12,12,22
"467","WAN","WAN08",2014,"WAN082014",2014-04-15,2014-05-27,NA,NA,42,2014-07-15,2014-08-25,2014-07-29,2014-08-14,25,67,1,18,67
"468","WAN","WAN09",2014,"WAN092014",2014-04-15,2014-05-27,NA,NA,42,2014-07-15,2014-08-25,NA,NA,41,83,4,26,103
"469","WAN","WAN10",2014,"WAN102014",2014-04-15,2014-05-27,NA,NA,42,2014-07-15,2014-08-25,NA,NA,41,83,7,27,59
"470","WAN","WAN11",2014,"WAN112014",2014-04-15,2014-05-13,NA,NA,28,2014-07-15,2014-08-25,NA,NA,41,69,3,8,19
"471","WAN","WAN12",2014,"WAN122014",2014-04-15,2014-05-27,NA,NA,42,2014-07-15,2014-08-25,NA,NA,41,83,32,26,88
"472","WAN","WAN13",2014,"WAN132014",2014-04-15,2014-05-27,NA,NA,42,2014-07-15,2014-08-25,NA,NA,41,83,6,17,118
"473","WAN","WAN14",2014,"WAN142014",2014-04-15,2014-05-27,NA,NA,42,2014-07-15,2014-08-25,2014-07-29,2014-08-14,25,67,7,29,53
"474","WAN","WAN15",2014,"WAN152014",2014-04-15,2014-05-27,NA,NA,42,2014-07-29,2014-08-25,NA,NA,27,69,5,18,44
"475","WAN","WAN16",2014,"WAN162014",2014-04-15,2014-05-27,NA,NA,42,2014-07-15,2014-08-25,NA,NA,41,83,5,15,32
"476","FBG","FBG01",2015,"FBG012015",2015-04-20,2015-06-01,NA,NA,42,2015-07-23,2015-09-02,NA,NA,41,83,3,42,124
"477","FBG","FBG02",2015,"FBG022015",2015-04-20,2015-06-01,2015-05-04,2015-05-18,28,2015-07-23,2015-09-02,NA,NA,41,69,18,36,84
"478","FBG","FBG03",2015,"FBG032015",2015-04-20,2015-06-01,NA,NA,42,2015-08-03,2015-09-02,NA,NA,30,72,1,21,94
"479","FBG","FBG04",2015,"FBG042015",2015-04-20,2015-06-01,NA,NA,42,2015-07-23,2015-09-02,NA,NA,41,83,5,31,538
"480","FBG","FBG05",2015,"FBG052015",2015-04-20,2015-06-01,NA,NA,42,2015-07-23,2015-09-02,NA,NA,41,83,7,34,219
"481","FBG","FBG06",2015,"FBG062015",2015-04-20,2015-06-01,NA,NA,42,2015-07-23,2015-09-02,NA,NA,41,83,7,36,243
"482","FBG","FBG07",2015,"FBG072015",2015-04-20,2015-06-01,NA,NA,42,2015-07-23,2015-09-02,NA,NA,41,83,1,30,117
"483","FBG","FBG08",2015,"FBG082015",2015-04-20,2015-06-01,NA,NA,42,2015-07-23,2015-09-02,NA,NA,41,83,0,20,50
"484","FBG","FBG09",2015,"FBG092015",2015-04-20,2015-06-01,NA,NA,42,2015-07-23,2015-09-02,NA,NA,41,83,3,38,237
"485","FBG","FBG10",2015,"FBG102015",2015-04-20,2015-06-01,NA,NA,42,2015-07-23,2015-09-02,NA,NA,41,83,4,50,355
"486","FBG","FBG11",2015,"FBG112015",2015-04-20,2015-06-01,NA,NA,42,2015-07-23,2015-09-02,NA,NA,41,83,2,25,87
"487","FBG","FBG12",2015,"FBG122015",2015-04-20,2015-06-01,NA,NA,42,2015-07-23,2015-09-02,NA,NA,41,83,5,30,83
"488","FBG","FBG13",2015,"FBG132015",2015-04-20,2015-06-01,NA,NA,42,2015-07-23,2015-09-02,NA,NA,41,83,22,57,260
"489","FBG","FBG14",2015,"FBG142015",2015-04-20,2015-06-01,NA,NA,42,2015-07-23,2015-09-02,NA,NA,41,83,4,22,64
"490","FBG","FBG15",2015,"FBG152015",2015-04-20,2015-06-01,NA,NA,42,2015-07-23,2015-09-02,NA,NA,41,83,2,25,75
"491","FBG","FBG16",2015,"FBG162015",2015-04-20,2015-06-01,NA,NA,42,2015-07-23,2015-09-02,NA,NA,41,83,5,28,74
"492","GFH","GFH01",2015,"GFH012015",2015-04-21,2015-06-03,NA,NA,43,2015-07-21,2015-08-20,NA,NA,30,73,0,9,25
"493","GFH","GFH02",2015,"GFH022015",2015-04-21,2015-06-03,NA,NA,43,2015-08-04,2015-09-01,NA,NA,28,71,2,18,147
"494","GFH","GFH03",2015,"GFH032015",2015-04-21,2015-06-03,NA,NA,43,2015-07-21,2015-09-01,NA,NA,42,85,6,25,159
"495","GFH","GFH04",2015,"GFH042015",2015-04-21,2015-06-03,NA,NA,43,2015-07-21,2015-09-01,NA,NA,42,85,4,33,109
"496","GFH","GFH05",2015,"GFH052015",2015-04-21,2015-06-03,NA,NA,43,2015-07-21,2015-09-01,NA,NA,42,85,9,23,88
"497","GFH","GFH06",2015,"GFH062015",2015-04-21,2015-06-03,NA,NA,43,2015-07-21,2015-09-01,NA,NA,42,85,1,16,25
"498","GFH","GFH07",2015,"GFH072015",2015-04-21,2015-05-19,NA,NA,28,2015-07-21,2015-09-01,NA,NA,42,70,5,12,18
"499","GFH","GFH08",2015,"GFH082015",2015-04-21,2015-06-03,NA,NA,43,2015-07-21,2015-09-01,NA,NA,42,85,6,11,15
"500","GFH","GFH09",2015,"GFH092015",2015-04-21,2015-06-03,NA,NA,43,2015-07-21,2015-09-01,NA,NA,42,85,3,10,27
"501","GFH","GFH10",2015,"GFH102015",2015-04-21,2015-06-03,NA,NA,43,2015-08-04,2015-09-01,NA,NA,28,71,4,26,71
"502","GFH","GFH11",2015,"GFH112015",2015-04-21,2015-06-03,NA,NA,43,2015-07-21,2015-09-01,NA,NA,42,85,12,29,137
"503","GFH","GFH12",2015,"GFH122015",2015-04-21,2015-06-03,NA,NA,43,2015-07-21,2015-09-01,NA,NA,42,85,13,20,36
"504","GFH","GFH13",2015,"GFH132015",2015-04-21,2015-06-03,NA,NA,43,2015-07-21,2015-09-01,NA,NA,42,85,22,17,24
"505","GFH","GFH14",2015,"GFH142015",2015-04-21,2015-06-03,NA,NA,43,2015-07-21,2015-09-01,NA,NA,42,85,4,24,79
"506","GFH","GFH15",2015,"GFH152015",2015-04-21,2015-06-03,NA,NA,43,2015-07-21,2015-09-01,NA,NA,42,85,26,26,46
"507","GFH","GFH16",2015,"GFH162015",2015-04-21,2015-06-03,NA,NA,43,2015-07-21,2015-09-01,NA,NA,42,85,22,23,49
"508","HAR","HAR01",2015,"HAR012015",2015-05-06,2015-06-02,NA,NA,27,2015-07-22,2015-08-31,NA,NA,40,67,2,20,39
"509","HAR","HAR02",2015,"HAR022015",2015-04-22,2015-06-02,NA,NA,41,2015-08-05,2015-08-31,NA,NA,26,67,2,17,323
"510","HAR","HAR03",2015,"HAR032015",2015-04-22,2015-06-02,NA,NA,41,2015-07-22,2015-08-31,NA,NA,40,81,3,20,49
"511","HAR","HAR04",2015,"HAR042015",2015-04-22,2015-06-02,NA,NA,41,2015-07-22,2015-08-31,2015-08-05,2015-08-18,27,68,1,17,41
"512","HAR","HAR05",2015,"HAR052015",2015-04-22,2015-06-02,NA,NA,41,2015-07-22,2015-08-31,NA,NA,40,81,18,41,529
"513","HAR","HAR06",2015,"HAR062015",2015-04-22,2015-06-02,NA,NA,41,2015-07-22,2015-08-31,NA,NA,40,81,255,36,105
"514","HAR","HAR07",2015,"HAR072015",2015-04-22,2015-06-02,NA,NA,41,2015-07-22,2015-08-31,NA,NA,40,81,5,17,54
"515","HAR","HAR08",2015,"HAR082015",2015-04-22,2015-06-02,NA,NA,41,2015-07-22,2015-08-31,NA,NA,40,81,4,9,68
"516","HAR","HAR09",2015,"HAR092015",2015-04-22,2015-06-02,NA,NA,41,2015-07-22,2015-08-31,NA,NA,40,81,7,38,122
"517","HAR","HAR10",2015,"HAR102015",2015-04-22,2015-06-02,2015-05-06,2015-05-20,27,2015-07-22,2015-08-31,NA,NA,40,67,5,28,89
"518","HAR","HAR11",2015,"HAR112015",2015-04-22,2015-06-02,NA,NA,41,2015-07-22,2015-08-05,NA,NA,14,55,49,13,30
"519","HAR","HAR12",2015,"HAR122015",2015-04-22,2015-06-02,NA,NA,41,2015-07-22,2015-08-31,NA,NA,40,81,15,20,74
"520","HAR","HAR13",2015,"HAR132015",2015-04-22,2015-06-02,NA,NA,41,2015-07-22,2015-08-31,NA,NA,40,81,10,19,39
"521","HAR","HAR14",2015,"HAR142015",2015-04-22,2015-06-02,NA,NA,41,2015-07-22,2015-08-18,NA,NA,27,68,15,22,79
"522","HAR","HAR15",2015,"HAR152015",2015-04-22,2015-06-02,NA,NA,41,2015-07-22,2015-08-31,NA,NA,40,81,23,31,98
"523","HAR","HAR16",2015,"HAR162015",2015-04-22,2015-06-02,NA,NA,41,2015-07-22,2015-08-31,NA,NA,40,81,21,44,145
"524","SIP","SIP01",2015,"SIP012015",2015-04-21,2015-06-03,NA,NA,43,2015-07-21,2015-08-20,NA,NA,30,73,0,25,139
"525","SIP","SIP02",2015,"SIP022015",2015-04-21,2015-06-03,2015-05-05,2015-05-19,29,2015-07-21,2015-09-01,NA,NA,42,71,1,29,113
"526","SIP","SIP03",2015,"SIP032015",2015-04-21,2015-06-03,NA,NA,43,2015-07-21,2015-09-01,NA,NA,42,85,2,31,76
"527","SIP","SIP05",2015,"SIP052015",2015-04-21,2015-06-03,2015-05-05,2015-05-19,29,2015-07-21,2015-09-01,2015-08-04,2015-08-20,26,55,0,14,59
"528","SIP","SIP06",2015,"SIP062015",2015-04-21,2015-06-03,NA,NA,43,2015-07-21,2015-09-01,NA,NA,42,85,17,23,137
"529","SIP","SIP07",2015,"SIP072015",2015-04-21,2015-06-03,NA,NA,43,2015-07-21,2015-09-01,2015-08-04,2015-08-20,26,69,6,29,161
"530","SIP","SIP08",2015,"SIP082015",2015-04-21,2015-06-03,NA,NA,43,2015-07-21,2015-09-01,NA,NA,42,85,0,27,201
"531","SIP","SIP09",2015,"SIP092015",2015-04-21,2015-06-03,NA,NA,43,2015-07-21,2015-09-01,NA,NA,42,85,0,23,271
"532","SIP","SIP10",2015,"SIP102015",2015-04-21,2015-06-03,NA,NA,43,2015-07-21,2015-09-01,2015-08-04,2015-08-20,26,69,0,20,46
"533","SIP","SIP11",2015,"SIP112015",2015-04-21,2015-06-03,NA,NA,43,2015-07-21,2015-09-01,NA,NA,42,85,0,22,87
"534","SIP","SIP12",2015,"SIP122015",2015-04-21,2015-06-03,NA,NA,43,2015-07-21,2015-09-01,NA,NA,42,85,1,25,83
"535","SIP","SIP13",2015,"SIP132015",2015-04-21,2015-06-03,NA,NA,43,2015-07-21,2015-09-01,NA,NA,42,85,0,13,36
"536","SIP","SIP14",2015,"SIP142015",2015-04-21,2015-06-03,NA,NA,43,2015-07-21,2015-09-01,NA,NA,42,85,0,20,108
"537","SIP","SIP15",2015,"SIP152015",2015-04-21,2015-06-03,NA,NA,43,2015-07-21,2015-09-01,NA,NA,42,85,1,23,114
"538","SIP","SIP16",2015,"SIP162015",2015-04-21,2015-06-03,NA,NA,43,2015-07-21,2015-09-01,NA,NA,42,85,4,26,141
"539","SST","SST01",2015,"SST012015",2015-04-20,2015-06-01,NA,NA,42,2015-07-23,2015-09-02,NA,NA,41,83,0,32,104
"540","SST","SST02",2015,"SST022015",2015-04-20,2015-06-01,NA,NA,42,2015-07-23,2015-09-02,NA,NA,41,83,0,31,332
"541","SST","SST03",2015,"SST032015",2015-04-20,2015-06-01,NA,NA,42,2015-07-23,2015-09-02,NA,NA,41,83,2,31,130
"542","SST","SST04",2015,"SST042015",2015-04-20,2015-06-01,NA,NA,42,2015-07-23,2015-09-02,NA,NA,41,83,20,33,74
"543","SST","SST05",2015,"SST052015",2015-04-20,2015-06-01,NA,NA,42,2015-07-23,2015-09-02,NA,NA,41,83,0,24,64
"544","SST","SST06",2015,"SST062015",2015-04-20,2015-06-01,NA,NA,42,2015-07-23,2015-09-02,2015-08-03,2015-08-17,27,69,0,18,59
"545","SST","SST07",2015,"SST072015",2015-04-20,2015-06-01,NA,NA,42,2015-07-23,2015-09-02,NA,NA,41,83,2,22,66
"546","SST","SST08",2015,"SST082015",2015-04-20,2015-06-01,NA,NA,42,2015-07-23,2015-09-02,NA,NA,41,83,9,27,141
"547","SST","SST09",2015,"SST092015",2015-04-20,2015-06-01,NA,NA,42,2015-07-23,2015-09-02,NA,NA,41,83,0,24,92
"548","SST","SST10",2015,"SST102015",2015-04-20,2015-06-01,NA,NA,42,2015-08-03,2015-09-02,NA,NA,30,72,2,23,176
"549","SST","SST11",2015,"SST112015",2015-04-20,2015-06-01,NA,NA,42,2015-07-23,2015-09-02,NA,NA,41,83,2,26,214
"550","SST","SST12",2015,"SST122015",2015-04-20,2015-06-01,NA,NA,42,2015-07-23,2015-09-02,NA,NA,41,83,0,24,205
"551","SST","SST13",2015,"SST132015",2015-04-20,2015-06-01,NA,NA,42,2015-07-23,2015-09-02,2015-08-03,2015-08-17,27,69,0,33,181
"552","SST","SST14",2015,"SST142015",2015-04-20,2015-06-01,NA,NA,42,2015-07-23,2015-09-02,NA,NA,41,83,1,19,80
"553","SST","SST15",2015,"SST152015",2015-04-20,2015-06-01,NA,NA,42,2015-08-03,2015-09-02,NA,NA,30,72,0,22,347
"554","SST","SST16",2015,"SST162015",2015-04-20,2015-06-01,2015-05-04,2015-05-18,28,2015-07-23,2015-09-02,NA,NA,41,69,0,14,31
"555","WAN","WAN01",2015,"WAN012015",2015-04-22,2015-06-02,NA,NA,41,2015-07-22,2015-08-31,NA,NA,40,81,73,34,164
"556","WAN","WAN02",2015,"WAN022015",2015-04-22,2015-06-02,NA,NA,41,2015-07-22,2015-08-31,NA,NA,40,81,19,16,99
"557","WAN","WAN03",2015,"WAN032015",2015-04-22,2015-06-02,NA,NA,41,2015-07-22,2015-08-31,NA,NA,40,81,8,12,33
"558","WAN","WAN04",2015,"WAN042015",2015-04-22,2015-06-02,NA,NA,41,2015-07-22,2015-08-31,NA,NA,40,81,5,12,44
"559","WAN","WAN05",2015,"WAN052015",2015-04-22,2015-06-02,NA,NA,41,2015-08-05,2015-08-31,NA,NA,26,67,5,15,28
"560","WAN","WAN06",2015,"WAN062015",2015-04-22,2015-06-02,NA,NA,41,2015-07-22,2015-08-31,NA,NA,40,81,25,29,99
"561","WAN","WAN07",2015,"WAN072015",2015-04-22,2015-05-20,NA,NA,28,2015-08-05,2015-08-31,NA,NA,26,54,3,2,2
"562","WAN","WAN08",2015,"WAN082015",2015-04-22,2015-06-02,NA,NA,41,2015-08-18,2015-08-31,NA,NA,13,54,1,10,31
"563","WAN","WAN09",2015,"WAN092015",2015-04-22,2015-06-02,NA,NA,41,2015-07-22,2015-08-31,NA,NA,40,81,26,30,211
"564","WAN","WAN10",2015,"WAN102015",2015-04-22,2015-06-02,NA,NA,41,2015-07-22,2015-08-31,NA,NA,40,81,9,33,90
"565","WAN","WAN11",2015,"WAN112015",2015-04-22,2015-06-02,NA,NA,41,2015-07-22,2015-08-05,NA,NA,14,55,0,12,26
"566","WAN","WAN12",2015,"WAN122015",2015-04-22,2015-06-02,NA,NA,41,2015-07-22,2015-08-31,NA,NA,40,81,0,22,74
"567","WAN","WAN13",2015,"WAN132015",2015-04-22,2015-06-02,NA,NA,41,2015-07-22,2015-08-31,NA,NA,40,81,9,9,18
"568","WAN","WAN14",2015,"WAN142015",2015-04-22,2015-06-02,NA,NA,41,2015-07-22,2015-08-31,NA,NA,40,81,17,15,24
"569","WAN","WAN15",2015,"WAN152015",2015-04-22,2015-06-02,NA,NA,41,2015-07-22,2015-08-31,2015-08-05,2015-08-18,27,68,7,22,38
"570","WAN","WAN16",2015,"WAN162015",2015-04-22,2015-06-02,NA,NA,41,2015-07-22,2015-08-18,NA,NA,27,68,0,16,20
"571","FBG","FBG01",2016,"FBG012016",2016-04-20,2016-06-01,NA,NA,42,2016-07-13,2016-08-24,NA,NA,42,84,10,61,318
"572","FBG","FBG02",2016,"FBG022016",2016-04-20,2016-06-01,2016-05-04,2016-05-18,28,2016-07-13,2016-08-24,NA,NA,42,70,24,34,84
"573","FBG","FBG03",2016,"FBG032016",2016-04-20,2016-06-01,NA,NA,42,2016-07-13,2016-08-24,NA,NA,42,84,3,23,53
"574","FBG","FBG04",2016,"FBG042016",2016-04-20,2016-06-01,NA,NA,42,2016-07-13,2016-08-10,NA,NA,28,70,20,34,177
"575","FBG","FBG05",2016,"FBG052016",2016-04-20,2016-06-01,NA,NA,42,2016-07-13,2016-08-24,NA,NA,42,84,9,41,151
"576","FBG","FBG06",2016,"FBG062016",2016-04-20,2016-06-01,NA,NA,42,2016-07-13,2016-08-24,NA,NA,42,84,13,46,273
"577","FBG","FBG07",2016,"FBG072016",2016-04-20,2016-06-01,NA,NA,42,2016-07-13,2016-08-24,NA,NA,42,84,6,40,172
"578","FBG","FBG08",2016,"FBG082016",2016-05-04,2016-06-01,NA,NA,28,2016-07-13,2016-08-24,NA,NA,42,70,1,12,40
"579","FBG","FBG09",2016,"FBG092016",2016-04-20,2016-06-01,NA,NA,42,2016-07-13,2016-08-24,NA,NA,42,84,2,44,190
"580","FBG","FBG10",2016,"FBG102016",2016-04-20,2016-06-01,NA,NA,42,2016-07-13,2016-08-24,NA,NA,42,84,11,40,236
"581","FBG","FBG11",2016,"FBG112016",2016-04-20,2016-06-01,NA,NA,42,2016-07-13,2016-08-24,NA,NA,42,84,6,49,142
"582","FBG","FBG12",2016,"FBG122016",2016-04-20,2016-06-01,NA,NA,42,2016-07-13,2016-08-24,2016-07-27,2016-08-10,28,70,3,34,65
"583","FBG","FBG13",2016,"FBG132016",2016-04-20,2016-06-01,NA,NA,42,2016-07-13,2016-08-24,NA,NA,42,84,23,49,183
"584","FBG","FBG14",2016,"FBG142016",2016-04-20,2016-06-01,NA,NA,42,2016-07-13,2016-08-24,NA,NA,42,84,5,34,105
"585","FBG","FBG15",2016,"FBG152016",2016-04-20,2016-06-01,NA,NA,42,2016-07-13,2016-08-24,NA,NA,42,84,9,30,117
"586","FBG","FBG16",2016,"FBG162016",2016-04-20,2016-06-01,NA,NA,42,2016-07-13,2016-08-24,NA,NA,42,84,5,28,112
"587","GFH","GFH01",2016,"GFH012016",2016-04-19,2016-05-31,NA,NA,42,2016-07-12,2016-08-23,NA,NA,42,84,3,8,23
"588","GFH","GFH02",2016,"GFH022016",2016-04-19,2016-05-31,NA,NA,42,2016-07-12,2016-08-23,NA,NA,42,84,6,23,62
"589","GFH","GFH03",2016,"GFH032016",2016-04-19,2016-05-31,NA,NA,42,2016-07-12,2016-08-23,NA,NA,42,84,14,37,125
"590","GFH","GFH04",2016,"GFH042016",2016-04-19,2016-05-31,NA,NA,42,2016-07-12,2016-08-23,NA,NA,42,84,5,38,153
"591","GFH","GFH05",2016,"GFH052016",2016-04-19,2016-05-31,NA,NA,42,2016-07-12,2016-08-23,NA,NA,42,84,9,27,74
"592","GFH","GFH06",2016,"GFH062016",2016-04-19,2016-05-31,NA,NA,42,2016-07-12,2016-08-23,NA,NA,42,84,1,12,14
"593","GFH","GFH07",2016,"GFH072016",2016-04-19,2016-05-31,NA,NA,42,2016-07-12,2016-08-23,NA,NA,42,84,21,11,23
"594","GFH","GFH08",2016,"GFH082016",2016-04-19,2016-05-31,NA,NA,42,2016-07-12,2016-08-23,NA,NA,42,84,11,20,27
"595","GFH","GFH09",2016,"GFH092016",2016-04-19,2016-05-19,NA,NA,30,2016-07-12,2016-08-23,NA,NA,42,72,2,15,22
"596","GFH","GFH10",2016,"GFH102016",2016-04-19,2016-05-31,NA,NA,42,2016-07-12,2016-08-23,NA,NA,42,84,5,26,59
"597","GFH","GFH11",2016,"GFH112016",2016-04-19,2016-05-31,NA,NA,42,2016-07-12,2016-08-23,NA,NA,42,84,13,24,77
"598","GFH","GFH12",2016,"GFH122016",2016-04-19,2016-05-31,NA,NA,42,2016-07-12,2016-08-23,NA,NA,42,84,4,19,56
"599","GFH","GFH13",2016,"GFH132016",2016-04-19,2016-05-31,NA,NA,42,2016-07-12,2016-08-23,NA,NA,42,84,4,19,29
"600","GFH","GFH14",2016,"GFH142016",2016-04-19,2016-05-31,NA,NA,42,2016-07-12,2016-08-23,NA,NA,42,84,7,30,70
"601","GFH","GFH15",2016,"GFH152016",2016-04-19,2016-05-31,NA,NA,42,2016-07-12,2016-08-23,NA,NA,42,84,30,27,61
"602","GFH","GFH16",2016,"GFH162016",2016-04-19,2016-05-31,NA,NA,42,2016-07-12,2016-08-23,NA,NA,42,84,8,31,122
"603","HAR","HAR01",2016,"HAR012016",2016-04-18,2016-05-30,NA,NA,42,2016-07-11,2016-08-22,NA,NA,42,84,12,35,114
"604","HAR","HAR02",2016,"HAR022016",2016-04-18,2016-05-30,NA,NA,42,2016-07-11,2016-08-22,NA,NA,42,84,0,21,73
"605","HAR","HAR03",2016,"HAR032016",2016-04-18,2016-05-30,NA,NA,42,2016-07-11,2016-08-22,NA,NA,42,84,7,21,60
"606","HAR","HAR04",2016,"HAR042016",2016-04-18,2016-05-30,NA,NA,42,2016-07-11,2016-08-22,NA,NA,42,84,2,17,47
"607","HAR","HAR05",2016,"HAR052016",2016-04-18,2016-05-30,NA,NA,42,2016-07-11,2016-08-22,NA,NA,42,84,12,36,235
"608","HAR","HAR06",2016,"HAR062016",2016-04-18,2016-05-30,NA,NA,42,2016-07-11,2016-08-22,NA,NA,42,84,254,28,93
"609","HAR","HAR07",2016,"HAR072016",2016-04-18,2016-05-30,NA,NA,42,2016-07-11,2016-08-22,NA,NA,42,84,9,19,74
"610","HAR","HAR08",2016,"HAR082016",2016-04-18,2016-05-30,2016-05-02,2016-05-17,27,2016-07-11,2016-08-22,2016-07-25,2016-08-08,28,55,3,12,22
"611","HAR","HAR09",2016,"HAR092016",2016-04-18,2016-05-30,NA,NA,42,2016-07-11,2016-08-22,NA,NA,42,84,4,27,91
"612","HAR","HAR10",2016,"HAR102016",2016-04-18,2016-05-30,NA,NA,42,2016-07-11,2016-08-22,2016-07-25,2016-08-08,28,70,17,31,156
"613","HAR","HAR11",2016,"HAR112016",2016-04-18,2016-05-30,NA,NA,42,2016-07-11,2016-08-08,NA,NA,28,70,1,14,35
"614","HAR","HAR12",2016,"HAR122016",2016-04-18,2016-05-30,NA,NA,42,2016-07-11,2016-07-25,NA,NA,14,56,6,18,65
"615","HAR","HAR13",2016,"HAR132016",2016-04-18,2016-05-30,NA,NA,42,2016-07-11,2016-08-22,NA,NA,42,84,10,15,35
"616","HAR","HAR14",2016,"HAR142016",2016-04-18,2016-05-30,NA,NA,42,2016-07-11,2016-08-22,2016-07-25,2016-08-08,28,70,17,18,59
"617","HAR","HAR15",2016,"HAR152016",2016-04-18,2016-05-30,NA,NA,42,2016-07-11,2016-08-22,NA,NA,42,84,45,32,100
"618","HAR","HAR16",2016,"HAR162016",2016-04-18,2016-05-30,NA,NA,42,2016-07-11,2016-08-22,NA,NA,42,84,17,35,165
"619","SIP","SIP01",2016,"SIP012016",2016-04-19,2016-05-31,NA,NA,42,2016-07-12,2016-08-23,NA,NA,42,84,4,21,54
"620","SIP","SIP02",2016,"SIP022016",2016-04-19,2016-05-31,NA,NA,42,2016-07-12,2016-08-23,NA,NA,42,84,1,24,65
"621","SIP","SIP03",2016,"SIP032016",2016-04-19,2016-05-31,NA,NA,42,2016-07-12,2016-08-23,NA,NA,42,84,1,27,89
"622","SIP","SIP05",2016,"SIP052016",2016-04-19,2016-05-31,NA,NA,42,2016-07-12,2016-08-23,NA,NA,42,84,1,28,88
"623","SIP","SIP06",2016,"SIP062016",2016-04-19,2016-05-31,NA,NA,42,2016-07-12,2016-08-09,NA,NA,28,70,2,23,60
"624","SIP","SIP07",2016,"SIP072016",2016-04-19,2016-05-31,NA,NA,42,2016-07-12,2016-08-23,NA,NA,42,84,4,20,95
"625","SIP","SIP08",2016,"SIP082016",2016-04-19,2016-05-31,NA,NA,42,2016-07-12,2016-08-23,NA,NA,42,84,0,20,60
"626","SIP","SIP09",2016,"SIP092016",2016-04-19,2016-05-31,NA,NA,42,2016-07-12,2016-08-23,NA,NA,42,84,0,24,111
"627","SIP","SIP10",2016,"SIP102016",2016-04-19,2016-05-19,NA,NA,30,2016-07-12,2016-08-23,2016-07-26,2016-08-09,28,58,3,14,26
"628","SIP","SIP11",2016,"SIP112016",2016-04-19,2016-05-31,NA,NA,42,2016-07-12,2016-08-23,NA,NA,42,84,4,20,71
"629","SIP","SIP12",2016,"SIP122016",2016-04-19,2016-05-31,NA,NA,42,2016-07-12,2016-08-23,NA,NA,42,84,8,20,41
"630","SIP","SIP13",2016,"SIP132016",2016-04-19,2016-05-31,NA,NA,42,2016-07-12,2016-08-23,NA,NA,42,84,0,17,43
"631","SIP","SIP14",2016,"SIP142016",2016-04-19,2016-05-31,NA,NA,42,2016-07-12,2016-08-23,NA,NA,42,84,6,22,58
"632","SIP","SIP15",2016,"SIP152016",2016-04-19,2016-05-31,NA,NA,42,2016-07-12,2016-08-23,NA,NA,42,84,6,28,109
"633","SIP","SIP16",2016,"SIP162016",2016-04-19,2016-05-31,NA,NA,42,2016-07-12,2016-08-23,NA,NA,42,84,3,19,59
"634","SST","SST01",2016,"SST012016",2016-04-20,2016-06-01,NA,NA,42,2016-07-13,2016-08-10,NA,NA,28,70,0,41,171
"635","SST","SST02",2016,"SST022016",2016-04-20,2016-06-01,NA,NA,42,2016-07-13,2016-08-10,NA,NA,28,70,1,37,148
"636","SST","SST03",2016,"SST032016",2016-04-20,2016-06-01,NA,NA,42,2016-07-13,2016-08-24,NA,NA,42,84,8,30,129
"637","SST","SST04",2016,"SST042016",2016-04-20,2016-06-01,NA,NA,42,2016-07-13,2016-08-24,NA,NA,42,84,38,39,146
"638","SST","SST05",2016,"SST052016",2016-04-20,2016-06-01,NA,NA,42,2016-07-13,2016-08-24,NA,NA,42,84,4,33,136
"639","SST","SST06",2016,"SST062016",2016-04-20,2016-06-01,2016-05-04,2016-05-18,28,2016-07-13,2016-08-24,NA,NA,42,70,3,16,34
"640","SST","SST07",2016,"SST072016",2016-04-20,2016-06-01,NA,NA,42,2016-07-13,2016-08-24,NA,NA,42,84,4,26,63
"641","SST","SST08",2016,"SST082016",2016-04-20,2016-05-18,NA,NA,28,2016-07-13,2016-08-24,NA,NA,42,70,15,33,76
"642","SST","SST09",2016,"SST092016",2016-04-20,2016-06-01,NA,NA,42,2016-07-13,2016-08-24,NA,NA,42,84,2,19,40
"643","SST","SST10",2016,"SST102016",2016-04-20,2016-06-01,NA,NA,42,2016-07-13,2016-08-24,NA,NA,42,84,11,44,230
"644","SST","SST11",2016,"SST112016",2016-04-20,2016-06-01,NA,NA,42,2016-07-13,2016-08-24,NA,NA,42,84,2,34,114
"645","SST","SST12",2016,"SST122016",2016-04-20,2016-05-18,NA,NA,28,2016-07-13,2016-08-24,NA,NA,42,70,2,23,71
"646","SST","SST13",2016,"SST132016",2016-04-20,2016-06-01,NA,NA,42,2016-07-13,2016-08-24,NA,NA,42,84,4,28,69
"647","SST","SST14",2016,"SST142016",2016-04-20,2016-06-01,NA,NA,42,2016-07-13,2016-08-24,NA,NA,42,84,8,38,360
"648","SST","SST15",2016,"SST152016",2016-04-20,2016-06-01,NA,NA,42,2016-07-13,2016-08-24,NA,NA,42,84,0,30,96
"649","SST","SST16",2016,"SST162016",2016-04-20,2016-06-01,NA,NA,42,2016-07-13,2016-08-24,NA,NA,42,84,6,39,220
"650","WAN","WAN01",2016,"WAN012016",2016-04-18,2016-05-30,NA,NA,42,2016-07-11,2016-08-22,NA,NA,42,84,19,35,160
"651","WAN","WAN02",2016,"WAN022016",2016-04-18,2016-05-30,NA,NA,42,2016-07-11,2016-08-22,NA,NA,42,84,16,17,70
"652","WAN","WAN03",2016,"WAN032016",2016-04-18,2016-05-30,NA,NA,42,2016-07-11,2016-08-22,NA,NA,42,84,11,23,115
"653","WAN","WAN04",2016,"WAN042016",2016-04-18,2016-05-30,NA,NA,42,2016-07-11,2016-08-22,NA,NA,42,84,8,21,81
"654","WAN","WAN05",2016,"WAN052016",2016-04-18,2016-05-30,NA,NA,42,2016-07-11,2016-08-22,NA,NA,42,84,8,20,127
"655","WAN","WAN06",2016,"WAN062016",2016-04-18,2016-05-30,NA,NA,42,2016-07-11,2016-08-22,NA,NA,42,84,10,16,58
"656","WAN","WAN07",2016,"WAN072016",2016-04-18,2016-05-30,NA,NA,42,2016-07-11,2016-08-22,NA,NA,42,84,8,13,20
"657","WAN","WAN08",2016,"WAN082016",2016-04-18,2016-05-30,NA,NA,42,2016-07-25,2016-08-22,NA,NA,28,70,3,8,54
"658","WAN","WAN09",2016,"WAN092016",2016-04-18,2016-05-30,NA,NA,42,2016-07-11,2016-08-22,NA,NA,42,84,24,29,151
"659","WAN","WAN10",2016,"WAN102016",2016-04-18,2016-05-30,NA,NA,42,2016-07-11,2016-08-22,NA,NA,42,84,18,25,146
"660","WAN","WAN11",2016,"WAN112016",2016-04-18,2016-05-30,NA,NA,42,2016-07-25,2016-08-08,NA,NA,14,56,1,4,25
"661","WAN","WAN12",2016,"WAN122016",2016-04-18,2016-05-30,NA,NA,42,2016-07-11,2016-08-22,NA,NA,42,84,6,30,170
"662","WAN","WAN13",2016,"WAN132016",2016-04-18,2016-05-30,NA,NA,42,2016-07-11,2016-08-22,2016-07-25,2016-08-08,28,70,15,6,44
"663","WAN","WAN14",2016,"WAN142016",2016-04-18,2016-05-30,NA,NA,42,2016-07-11,2016-08-08,NA,NA,28,70,6,15,52
"664","WAN","WAN15",2016,"WAN152016",2016-04-18,2016-05-30,NA,NA,42,2016-07-11,2016-08-22,NA,NA,42,84,4,31,72
"665","WAN","WAN16",2016,"WAN162016",2016-04-18,2016-05-30,NA,NA,42,2016-07-11,2016-08-08,NA,NA,28,70,1,22,56
"666","FBG","FBG01",2017,"FBG012017",2017-04-20,2017-05-31,NA,NA,41,2017-07-26,2017-09-06,NA,NA,42,83,14,52,251
"667","FBG","FBG02",2017,"FBG022017",2017-05-17,2017-05-31,NA,NA,14,2017-07-26,2017-09-06,NA,NA,42,56,16,34,143
"668","FBG","FBG03",2017,"FBG032017",2017-04-20,2017-05-31,NA,NA,41,2017-07-26,2017-09-06,NA,NA,42,83,2,39,121
"669","FBG","FBG04",2017,"FBG042017",2017-04-20,2017-05-31,NA,NA,41,2017-07-26,2017-09-06,NA,NA,42,83,7,43,210
"670","FBG","FBG05",2017,"FBG052017",2017-04-20,2017-05-31,NA,NA,41,2017-07-26,2017-09-06,NA,NA,42,83,16,49,201
"671","FBG","FBG06",2017,"FBG062017",2017-04-20,2017-05-31,NA,NA,41,2017-07-26,2017-09-06,NA,NA,42,83,34,46,295
"672","FBG","FBG07",2017,"FBG072017",NA,NA,NA,NA,NA,2017-07-26,2017-09-06,NA,NA,42,NA,41,30,132
"673","FBG","FBG08",2017,"FBG082017",NA,NA,NA,NA,NA,2017-07-26,2017-09-06,NA,NA,42,NA,0,28,169
"674","FBG","FBG09",2017,"FBG092017",2017-04-20,2017-05-31,NA,NA,41,2017-07-26,2017-09-06,NA,NA,42,83,4,43,214
"675","FBG","FBG10",2017,"FBG102017",2017-04-20,2017-05-31,NA,NA,41,2017-07-26,2017-09-06,NA,NA,42,83,13,66,757
"676","FBG","FBG11",2017,"FBG112017",2017-04-20,2017-05-31,NA,NA,41,2017-07-26,2017-08-09,NA,NA,14,55,11,39,166
"677","FBG","FBG12",2017,"FBG122017",2017-04-20,2017-05-31,NA,NA,41,2017-07-26,2017-09-06,NA,NA,42,83,15,41,143
"678","FBG","FBG13",2017,"FBG132017",2017-04-20,2017-05-31,NA,NA,41,2017-07-26,2017-09-06,NA,NA,42,83,57,69,914
"679","FBG","FBG14",2017,"FBG142017",2017-04-20,2017-05-31,NA,NA,41,2017-07-26,2017-09-06,NA,NA,42,83,6,33,109
"680","FBG","FBG15",2017,"FBG152017",2017-04-20,2017-05-31,NA,NA,41,2017-07-26,2017-09-06,NA,NA,42,83,7,41,186
"681","FBG","FBG16",2017,"FBG162017",2017-04-20,2017-05-31,NA,NA,41,2017-07-26,2017-09-06,NA,NA,42,83,8,46,120
"682","GFH","GFH01",2017,"GFH012017",2017-04-19,2017-05-30,NA,NA,41,2017-08-22,2017-09-05,NA,NA,14,55,3,17,34
"683","GFH","GFH02",2017,"GFH022017",2017-04-19,2017-05-30,NA,NA,41,2017-07-25,2017-09-05,NA,NA,42,83,1,22,81
"684","GFH","GFH03",2017,"GFH032017",NA,NA,NA,NA,NA,2017-07-25,2017-09-05,NA,NA,42,NA,7,10,15
"685","GFH","GFH04",2017,"GFH042017",2017-04-19,2017-05-30,NA,NA,41,2017-07-25,2017-09-05,NA,NA,42,83,14,36,96
"686","GFH","GFH05",2017,"GFH052017",2017-04-19,2017-05-30,NA,NA,41,2017-07-25,2017-09-05,NA,NA,42,83,28,30,98
"687","GFH","GFH06",2017,"GFH062017",2017-04-19,2017-05-30,NA,NA,41,2017-08-08,2017-09-05,NA,NA,28,69,0,13,21
"688","GFH","GFH07",2017,"GFH072017",2017-04-19,2017-05-30,NA,NA,41,2017-08-08,2017-09-05,NA,NA,28,69,14,23,49
"689","GFH","GFH08",2017,"GFH082017",2017-04-19,2017-05-30,NA,NA,41,2017-07-25,2017-09-05,NA,NA,42,83,4,15,25
"690","GFH","GFH09",2017,"GFH092017",2017-04-19,2017-05-30,NA,NA,41,2017-07-25,2017-09-05,NA,NA,42,83,2,26,60
"691","GFH","GFH10",2017,"GFH102017",2017-04-19,2017-05-30,NA,NA,41,2017-07-25,2017-09-05,2017-08-08,2017-08-22,28,69,4,15,25
"692","GFH","GFH11",2017,"GFH112017",2017-04-19,2017-05-30,NA,NA,41,2017-07-25,2017-09-05,NA,NA,42,83,17,26,96
"693","GFH","GFH12",2017,"GFH122017",NA,NA,NA,NA,NA,2017-07-25,2017-09-05,2017-08-08,2017-08-22,28,NA,4,12,21
"694","GFH","GFH13",2017,"GFH132017",2017-04-19,2017-05-30,NA,NA,41,2017-07-25,2017-09-05,NA,NA,42,83,16,27,41
"695","GFH","GFH14",2017,"GFH142017",2017-04-19,2017-05-30,NA,NA,41,2017-07-25,2017-09-05,NA,NA,42,83,4,20,56
"696","GFH","GFH15",2017,"GFH152017",NA,NA,NA,NA,NA,2017-07-25,2017-09-05,2017-08-08,2017-08-22,28,NA,2,8,13
"697","GFH","GFH16",2017,"GFH162017",NA,NA,NA,NA,NA,2017-08-08,2017-09-05,NA,NA,28,NA,2,12,22
"698","HAR","HAR01",2017,"HAR012017",2017-04-18,2017-05-29,NA,NA,41,2017-07-24,2017-09-04,NA,NA,42,83,5,43,219
"699","HAR","HAR02",2017,"HAR022017",NA,NA,NA,NA,NA,2017-07-24,2017-09-04,NA,NA,42,NA,2,9,11
"700","HAR","HAR03",2017,"HAR032017",NA,NA,NA,NA,NA,2017-07-24,2017-09-04,NA,NA,42,NA,9,7,9
"701","HAR","HAR04",2017,"HAR042017",2017-04-18,2017-05-29,NA,NA,41,2017-07-24,2017-08-21,NA,NA,28,69,0,23,61
"702","HAR","HAR05",2017,"HAR052017",2017-04-18,2017-05-29,NA,NA,41,2017-07-24,2017-09-04,NA,NA,42,83,24,53,443
"703","HAR","HAR06",2017,"HAR062017",2017-04-18,2017-05-29,NA,NA,41,2017-07-24,2017-09-04,NA,NA,42,83,13,53,516
"704","HAR","HAR07",2017,"HAR072017",2017-04-18,2017-05-29,NA,NA,41,2017-07-24,2017-09-04,NA,NA,42,83,6,21,115
"705","HAR","HAR08",2017,"HAR082017",2017-04-18,2017-05-29,NA,NA,41,2017-07-24,2017-09-04,NA,NA,42,83,10,26,79
"706","HAR","HAR09",2017,"HAR092017",NA,NA,NA,NA,NA,2017-08-07,2017-09-04,NA,NA,28,NA,17,10,18
"707","HAR","HAR10",2017,"HAR102017",2017-04-18,2017-05-29,NA,NA,41,2017-07-24,2017-09-04,NA,NA,42,83,50,44,248
"708","HAR","HAR11",2017,"HAR112017",2017-04-18,2017-05-29,NA,NA,41,2017-08-07,2017-09-04,NA,NA,28,69,12,38,160
"709","HAR","HAR12",2017,"HAR122017",2017-04-18,2017-05-29,2017-05-02,2017-05-15,28,2017-08-07,2017-09-04,NA,NA,28,56,6,18,49
"710","HAR","HAR13",2017,"HAR132017",NA,NA,NA,NA,NA,2017-07-24,2017-09-04,NA,NA,42,NA,19,10,11
"711","HAR","HAR14",2017,"HAR142017",NA,NA,NA,NA,NA,2017-07-24,2017-09-04,NA,NA,42,NA,62,5,7
"712","HAR","HAR15",2017,"HAR152017",2017-04-18,2017-05-29,NA,NA,41,2017-07-24,2017-09-04,NA,NA,42,83,43,42,186
"713","HAR","HAR16",2017,"HAR162017",2017-04-18,2017-05-29,NA,NA,41,2017-07-24,2017-09-04,NA,NA,42,83,20,42,197
"714","SIP","SIP01",2017,"SIP012017",2017-04-19,2017-05-30,NA,NA,41,2017-07-25,2017-09-05,2017-08-08,2017-08-22,28,69,3,29,146
"715","SIP","SIP02",2017,"SIP022017",2017-04-19,2017-05-30,NA,NA,41,2017-07-25,2017-09-05,NA,NA,42,83,0,27,126
"716","SIP","SIP03",2017,"SIP032017",2017-04-19,2017-05-30,NA,NA,41,2017-07-25,2017-08-22,NA,NA,28,69,1,27,82
"717","SIP","SIP05",2017,"SIP052017",2017-04-19,2017-05-30,NA,NA,41,2017-08-08,2017-08-22,NA,NA,14,55,1,17,30
"718","SIP","SIP06",2017,"SIP062017",2017-05-30,2017-06-13,NA,NA,14,2017-07-25,2017-09-05,NA,NA,42,56,2,13,16
"719","SIP","SIP07",2017,"SIP072017",2017-04-19,2017-05-30,NA,NA,41,2017-07-25,2017-09-05,NA,NA,42,83,2,20,110
"720","SIP","SIP08",2017,"SIP082017",2017-04-19,2017-06-13,2017-05-03,2017-05-16,42,2017-07-25,2017-09-05,NA,NA,42,84,0,19,56
"721","SIP","SIP09",2017,"SIP092017",2017-04-19,2017-06-13,NA,NA,55,2017-07-25,2017-09-05,NA,NA,42,97,2,22,46
"722","SIP","SIP10",2017,"SIP102017",2017-05-30,2017-06-13,NA,NA,14,2017-07-25,2017-09-05,NA,NA,42,56,3,10,18
"723","SIP","SIP11",2017,"SIP112017",2017-04-19,2017-05-30,NA,NA,41,2017-07-25,2017-09-05,NA,NA,42,83,11,28,81
"724","SIP","SIP12",2017,"SIP122017",2017-04-19,2017-06-13,NA,NA,55,2017-07-25,2017-09-05,NA,NA,42,97,5,21,58
"725","SIP","SIP13",2017,"SIP132017",2017-04-19,2017-05-30,NA,NA,41,2017-07-25,2017-09-05,NA,NA,42,83,0,11,35
"726","SIP","SIP14",2017,"SIP142017",2017-04-19,2017-05-30,NA,NA,41,2017-08-08,2017-09-05,NA,NA,28,69,0,15,48
"727","SIP","SIP15",2017,"SIP152017",2017-05-30,2017-06-13,NA,NA,14,2017-07-25,2017-09-05,NA,NA,42,56,23,18,37
"728","SIP","SIP16",2017,"SIP162017",2017-05-30,2017-06-13,NA,NA,14,2017-07-25,2017-08-22,NA,NA,28,42,1,11,20
"729","SST","SST01",2017,"SST012017",2017-04-20,2017-05-31,NA,NA,41,2017-07-26,2017-09-06,NA,NA,42,83,3,41,231
"730","SST","SST02",2017,"SST022017",NA,NA,NA,NA,NA,2017-07-26,2017-09-06,NA,NA,42,NA,6,13,29
"731","SST","SST03",2017,"SST032017",2017-04-20,2017-05-31,NA,NA,41,2017-07-26,2017-09-06,NA,NA,42,83,84,40,243
"732","SST","SST04",2017,"SST042017",2017-04-20,2017-05-31,NA,NA,41,2017-07-26,2017-09-06,NA,NA,42,83,119,50,166
"733","SST","SST05",2017,"SST052017",2017-04-20,2017-05-31,NA,NA,41,2017-07-26,2017-08-23,NA,NA,28,69,0,35,107
"734","SST","SST06",2017,"SST062017",NA,NA,NA,NA,NA,2017-07-26,2017-09-06,NA,NA,42,NA,6,16,42
"735","SST","SST07",2017,"SST072017",2017-04-20,2017-05-31,NA,NA,41,2017-07-26,2017-09-06,NA,NA,42,83,7,35,131
"736","SST","SST08",2017,"SST082017",2017-04-20,2017-05-31,NA,NA,41,2017-07-26,2017-09-06,NA,NA,42,83,52,43,176
"737","SST","SST09",2017,"SST092017",2017-04-20,2017-05-31,NA,NA,41,2017-07-26,2017-09-06,NA,NA,42,83,5,40,135
"738","SST","SST10",2017,"SST102017",NA,NA,NA,NA,NA,2017-07-26,2017-09-06,NA,NA,42,NA,0,8,29
"739","SST","SST11",2017,"SST112017",2017-04-20,2017-05-31,NA,NA,41,2017-07-26,2017-08-09,NA,NA,14,55,0,38,294
"740","SST","SST12",2017,"SST122017",2017-04-20,2017-05-31,NA,NA,41,2017-07-26,2017-08-23,NA,NA,28,69,13,41,211
"741","SST","SST13",2017,"SST132017",2017-04-20,2017-05-31,NA,NA,41,2017-08-09,2017-09-06,NA,NA,28,69,3,38,138
"742","SST","SST14",2017,"SST142017",2017-04-20,2017-05-31,NA,NA,41,2017-08-09,2017-09-06,NA,NA,28,69,8,32,175
"743","SST","SST15",2017,"SST152017",2017-04-20,2017-05-04,NA,NA,14,2017-07-26,2017-09-06,NA,NA,42,56,2,26,518
"744","SST","SST16",2017,"SST162017",2017-05-04,2017-05-31,NA,NA,27,2017-07-26,2017-09-06,NA,NA,42,69,18,47,196
"745","WAN","WAN01",2017,"WAN012017",2017-05-15,2017-05-29,NA,NA,14,2017-07-24,2017-09-04,NA,NA,42,56,6,24,60
"746","WAN","WAN02",2017,"WAN022017",NA,NA,NA,NA,NA,2017-07-24,2017-09-04,NA,NA,42,NA,12,11,20
"747","WAN","WAN03",2017,"WAN032017",2017-05-02,2017-05-29,NA,NA,27,2017-07-24,2017-09-04,NA,NA,42,69,6,21,48
"748","WAN","WAN04",2017,"WAN042017",2017-05-02,2017-05-15,NA,NA,13,2017-07-24,2017-09-04,NA,NA,42,55,10,21,55
"749","WAN","WAN05",2017,"WAN052017",NA,NA,NA,NA,NA,2017-07-24,2017-09-04,NA,NA,42,NA,5,2,3
"750","WAN","WAN06",2017,"WAN062017",NA,NA,NA,NA,NA,2017-07-24,2017-09-04,NA,NA,42,NA,2,9,10
"751","WAN","WAN07",2017,"WAN072017",2017-04-18,2017-05-29,NA,NA,41,2017-07-24,2017-09-04,NA,NA,42,83,3,19,40
"752","WAN","WAN08",2017,"WAN082017",2017-04-18,2017-05-29,NA,NA,41,2017-07-24,2017-09-04,NA,NA,42,83,4,17,87
"753","WAN","WAN09",2017,"WAN092017",2017-04-18,2017-05-29,2017-05-02,2017-05-15,28,2017-07-24,2017-09-04,NA,NA,42,70,78,31,227
"754","WAN","WAN10",2017,"WAN102017",2017-05-15,2017-05-29,NA,NA,14,2017-07-24,2017-09-04,NA,NA,42,56,34,31,104
"755","WAN","WAN11",2017,"WAN112017",2017-05-02,2017-05-29,NA,NA,27,2017-08-07,2017-08-21,NA,NA,14,41,1,11,26
"756","WAN","WAN12",2017,"WAN122017",2017-05-02,2017-05-15,NA,NA,13,2017-07-24,2017-09-04,NA,NA,42,55,13,39,167
"757","WAN","WAN13",2017,"WAN132017",2017-04-18,2017-05-29,2017-05-02,2017-05-15,28,2017-07-24,2017-09-04,NA,NA,42,70,72,13,49
"758","WAN","WAN14",2017,"WAN142017",2017-04-18,2017-05-29,NA,NA,41,2017-07-24,2017-09-04,NA,NA,42,83,48,37,142
"759","WAN","WAN15",2017,"WAN152017",2017-05-02,2017-05-29,NA,NA,27,2017-07-24,2017-09-04,NA,NA,42,69,3,21,32
"760","WAN","WAN16",2017,"WAN162017",2017-04-18,2017-05-15,NA,NA,27,2017-07-24,2017-09-04,NA,NA,42,69,2,16,74
"761","FBG","FBG01",2018,"FBG012018",2018-04-18,2018-05-30,NA,NA,42,2018-08-01,2018-09-12,NA,NA,42,84,7,47,309
"762","FBG","FBG02",2018,"FBG022018",2018-04-18,2018-05-30,NA,NA,42,2018-08-01,2018-09-12,2018-08-15,2018-08-29,28,70,31,61,472
"763","FBG","FBG03",2018,"FBG032018",2018-04-18,2018-05-30,NA,NA,42,2018-08-01,2018-09-12,NA,NA,42,84,9,29,191
"764","FBG","FBG04",2018,"FBG042018",2018-04-18,2018-05-30,NA,NA,42,2018-08-01,2018-09-12,NA,NA,42,84,36,45,225
"765","FBG","FBG05",2018,"FBG052018",2018-04-18,2018-05-30,NA,NA,42,2018-08-01,2018-09-12,NA,NA,42,84,16,44,193
"766","FBG","FBG06",2018,"FBG062018",2018-04-18,2018-05-30,NA,NA,42,2018-08-01,2018-09-12,NA,NA,42,84,11,46,297
"767","FBG","FBG07",2018,"FBG072018",2018-04-18,2018-05-30,NA,NA,42,2018-08-01,2018-09-12,NA,NA,42,84,24,40,453
"768","FBG","FBG08",2018,"FBG082018",2018-04-18,2018-05-30,NA,NA,42,2018-08-01,2018-09-12,NA,NA,42,84,1,26,333
"769","FBG","FBG09",2018,"FBG092018",2018-04-18,2018-05-30,NA,NA,42,2018-08-01,2018-09-12,NA,NA,42,84,3,39,213
"770","FBG","FBG10",2018,"FBG102018",2018-04-18,2018-05-30,NA,NA,42,2018-08-01,2018-09-12,NA,NA,42,84,10,58,393
"771","FBG","FBG11",2018,"FBG112018",2018-04-18,2018-05-30,NA,NA,42,2018-08-01,2018-09-12,NA,NA,42,84,8,49,243
"772","FBG","FBG12",2018,"FBG122018",2018-04-18,2018-05-30,NA,NA,42,2018-08-01,2018-09-12,NA,NA,42,84,25,37,185
"773","FBG","FBG13",2018,"FBG132018",2018-04-18,2018-05-30,NA,NA,42,2018-08-01,2018-09-12,NA,NA,42,84,23,44,344
"774","FBG","FBG14",2018,"FBG142018",2018-04-18,2018-05-30,NA,NA,42,2018-08-01,2018-09-12,NA,NA,42,84,16,45,300
"775","FBG","FBG15",2018,"FBG152018",2018-04-18,2018-05-30,NA,NA,42,2018-08-15,2018-09-12,NA,NA,28,70,13,36,245
"776","FBG","FBG16",2018,"FBG162018",2018-04-18,2018-05-30,NA,NA,42,2018-08-01,2018-09-12,NA,NA,42,84,15,49,267
"777","GFH","GFH01",2018,"GFH012018",2018-04-17,2018-05-29,NA,NA,42,2018-08-02,2018-09-13,2018-09-13,2018-08-02,29,71,2,15,45
"778","GFH","GFH02",2018,"GFH022018",2018-04-17,2018-05-29,NA,NA,42,2018-08-02,2018-08-30,NA,NA,28,70,1,26,115
"779","GFH","GFH04",2018,"GFH042018",2018-04-17,2018-05-29,NA,NA,42,2018-08-02,2018-09-13,NA,NA,42,84,7,41,130
"780","GFH","GFH05",2018,"GFH052018",2018-04-17,2018-05-29,NA,NA,42,2018-08-02,2018-09-13,2018-08-17,2018-08-30,29,71,5,38,123
"781","GFH","GFH06",2018,"GFH062018",2018-04-17,2018-05-29,NA,NA,42,2018-08-02,2018-09-13,NA,NA,42,84,0,34,147
"782","GFH","GFH07",2018,"GFH072018",2018-04-17,2018-05-29,NA,NA,42,2018-08-02,2018-09-13,NA,NA,42,84,4,18,36
"783","GFH","GFH08",2018,"GFH082018",2018-04-17,2018-05-29,NA,NA,42,2018-08-02,2018-09-13,NA,NA,42,84,1,23,45
"784","GFH","GFH09",2018,"GFH092018",2018-04-17,2018-05-29,NA,NA,42,2018-08-02,2018-09-13,NA,NA,42,84,7,22,72
"785","GFH","GFH10",2018,"GFH102018",2018-04-17,2018-05-29,NA,NA,42,2018-08-02,2018-09-13,NA,NA,42,84,5,25,42
"786","GFH","GFH11",2018,"GFH112018",2018-04-17,2018-05-29,NA,NA,42,2018-08-02,2018-09-13,NA,NA,42,84,4,46,142
"787","GFH","GFH12",2018,"GFH122018",2018-04-17,2018-05-29,NA,NA,42,2018-08-02,2018-09-13,NA,NA,42,84,1,26,88
"788","GFH","GFH13",2018,"GFH132018",2018-04-17,2018-05-29,NA,NA,42,2018-08-02,2018-09-13,NA,NA,42,84,12,28,56
"789","GFH","GFH14",2018,"GFH142018",2018-04-17,2018-05-15,NA,NA,28,2018-08-02,2018-09-13,NA,NA,42,70,8,40,104
"790","GFH","GFH15",2018,"GFH152018",2018-04-17,2018-05-29,NA,NA,42,2018-08-02,2018-08-30,NA,NA,28,70,6,30,74
"791","GFH","GFH16",2018,"GFH162018",2018-04-17,2018-05-29,NA,NA,42,2018-08-02,2018-09-13,NA,NA,42,84,4,41,284
"792","HAR","HAR01",2018,"HAR012018",2018-04-16,2018-05-28,NA,NA,42,2018-07-30,2018-09-10,NA,NA,42,84,4,39,140
"793","HAR","HAR02",2018,"HAR022018",2018-04-16,2018-05-28,NA,NA,42,2018-07-30,2018-09-10,NA,NA,42,84,19,41,273
"794","HAR","HAR03",2018,"HAR032018",2018-04-16,2018-05-28,NA,NA,42,2018-07-30,2018-09-10,NA,NA,42,84,12,34,157
"795","HAR","HAR04",2018,"HAR042018",2018-04-16,2018-05-28,NA,NA,42,2018-07-30,2018-09-10,NA,NA,42,84,5,26,77
"796","HAR","HAR05",2018,"HAR052018",2018-04-16,2018-05-28,NA,NA,42,2018-07-30,2018-09-10,NA,NA,42,84,16,53,231
"797","HAR","HAR06",2018,"HAR062018",2018-04-16,2018-05-28,NA,NA,42,2018-07-30,2018-09-10,NA,NA,42,84,12,55,299
"798","HAR","HAR07",2018,"HAR072018",2018-04-16,2018-05-28,NA,NA,42,2018-07-30,2018-09-10,NA,NA,42,84,11,18,59
"799","HAR","HAR08",2018,"HAR082018",2018-04-16,2018-05-28,NA,NA,42,2018-07-30,2018-09-10,NA,NA,42,84,5,21,127
"800","HAR","HAR09",2018,"HAR092018",2018-04-16,2018-05-28,NA,NA,42,2018-07-30,2018-09-10,NA,NA,42,84,23,45,278
"801","HAR","HAR10",2018,"HAR102018",2018-04-16,2018-05-28,NA,NA,42,2018-07-30,2018-09-10,2018-09-10,2018-07-30,28,70,14,46,211
"802","HAR","HAR11",2018,"HAR112018",2018-04-16,2018-05-28,NA,NA,42,2018-07-30,2018-09-10,NA,NA,42,84,16,45,169
"803","HAR","HAR12",2018,"HAR122018",2018-04-16,2018-05-28,NA,NA,42,2018-07-30,2018-09-10,NA,NA,42,84,36,29,65
"804","HAR","HAR13",2018,"HAR132018",2018-04-16,2018-05-28,NA,NA,42,2018-07-30,2018-09-10,NA,NA,42,84,49,41,152
"805","HAR","HAR14",2018,"HAR142018",2018-04-16,2018-05-28,NA,NA,42,2018-07-30,2018-09-10,2018-09-10,2018-07-30,28,70,22,33,173
"806","HAR","HAR15",2018,"HAR152018",2018-04-16,2018-05-28,NA,NA,42,2018-07-30,2018-09-10,NA,NA,42,84,18,41,426
"807","HAR","HAR16",2018,"HAR162018",2018-04-16,2018-05-28,NA,NA,42,2018-08-13,2018-09-10,NA,NA,28,70,189,51,191
"808","SIP","SIP01",2018,"SIP012018",2018-04-17,2018-05-29,NA,NA,42,2018-08-02,2018-08-30,NA,NA,28,70,7,32,182
"809","SIP","SIP02",2018,"SIP022018",2018-04-17,2018-05-29,NA,NA,42,2018-08-02,2018-09-13,NA,NA,42,84,2,29,61
"810","SIP","SIP03",2018,"SIP032018",2018-04-17,2018-05-29,NA,NA,42,2018-08-02,2018-08-30,NA,NA,28,70,2,26,72
"811","SIP","SIP05",2018,"SIP052018",2018-04-17,2018-05-29,NA,NA,42,2018-08-02,2018-08-30,NA,NA,28,70,0,29,96
"812","SIP","SIP06",2018,"SIP062018",2018-04-17,2018-05-29,NA,NA,42,2018-08-02,2018-09-13,NA,NA,42,84,20,28,115
"813","SIP","SIP07",2018,"SIP072018",2018-04-17,2018-05-29,NA,NA,42,2018-08-02,2018-09-13,NA,NA,42,84,8,13,28
"814","SIP","SIP08",2018,"SIP082018",2018-04-17,2018-05-29,NA,NA,42,2018-08-02,2018-09-13,NA,NA,42,84,1,27,95
"815","SIP","SIP09",2018,"SIP092018",2018-04-17,2018-05-29,NA,NA,42,2018-08-02,2018-08-30,NA,NA,28,70,2,29,111
"816","SIP","SIP10",2018,"SIP102018",2018-04-17,2018-05-29,NA,NA,42,2018-08-02,2018-09-13,NA,NA,42,84,5,28,71
"817","SIP","SIP11",2018,"SIP112018",2018-04-17,2018-05-29,NA,NA,42,2018-08-02,2018-09-13,NA,NA,42,84,2,19,71
"818","SIP","SIP12",2018,"SIP122018",2018-04-17,2018-05-29,NA,NA,42,2018-08-02,2018-09-13,NA,NA,42,84,2,25,43
"819","SIP","SIP13",2018,"SIP132018",2018-04-17,2018-05-29,NA,NA,42,2018-08-02,2018-08-30,NA,NA,28,70,4,22,43
"820","SIP","SIP14",2018,"SIP142018",2018-04-17,2018-05-29,NA,NA,42,2018-08-02,2018-09-13,NA,NA,42,84,8,32,196
"821","SIP","SIP15",2018,"SIP152018",2018-04-17,2018-05-29,NA,NA,42,2018-08-02,2018-09-13,NA,NA,42,84,5,34,92
"822","SIP","SIP16",2018,"SIP162018",2018-04-17,2018-05-29,NA,NA,42,2018-08-02,2018-09-13,NA,NA,42,84,3,28,133
"823","SST","SST01",2018,"SST012018",2018-04-18,2018-05-30,NA,NA,42,2018-08-01,2018-09-12,NA,NA,42,84,8,59,300
"824","SST","SST02",2018,"SST022018",2018-04-18,2018-05-30,NA,NA,42,2018-08-01,2018-09-12,2018-08-15,2018-08-29,28,70,7,38,206
"825","SST","SST03",2018,"SST032018",2018-04-18,2018-05-30,NA,NA,42,2018-08-01,2018-09-12,NA,NA,42,84,28,43,373
"826","SST","SST04",2018,"SST042018",2018-04-18,2018-05-30,NA,NA,42,2018-08-01,2018-09-12,NA,NA,42,84,31,46,206
"827","SST","SST05",2018,"SST052018",2018-04-18,2018-05-30,NA,NA,42,2018-08-01,2018-09-12,NA,NA,42,84,4,40,234
"828","SST","SST06",2018,"SST062018",2018-04-18,2018-05-16,NA,NA,28,2018-08-01,2018-09-12,NA,NA,42,70,5,30,805
"829","SST","SST07",2018,"SST072018",2018-04-18,2018-05-30,NA,NA,42,2018-08-01,2018-08-15,NA,NA,14,56,0,32,126
"830","SST","SST08",2018,"SST082018",2018-04-18,2018-05-30,NA,NA,42,2018-08-01,2018-09-12,NA,NA,42,84,24,30,228
"831","SST","SST09",2018,"SST092018",2018-04-18,2018-05-30,NA,NA,42,2018-08-01,2018-09-12,NA,NA,42,84,6,44,258
"832","SST","SST10",2018,"SST102018",2018-04-18,2018-05-30,NA,NA,42,2018-08-01,2018-09-12,NA,NA,42,84,44,47,2907
"833","SST","SST11",2018,"SST112018",2018-04-18,2018-05-30,NA,NA,42,2018-08-15,2018-08-29,NA,NA,14,56,11,33,373
"834","SST","SST12",2018,"SST122018",2018-04-18,2018-05-30,NA,NA,42,2018-08-01,2018-09-12,NA,NA,42,84,16,44,1417
"835","SST","SST13",2018,"SST132018",2018-04-18,2018-05-30,NA,NA,42,2018-08-01,2018-09-12,NA,NA,42,84,5,46,322
"836","SST","SST14",2018,"SST142018",2018-04-18,2018-05-30,NA,NA,42,2018-08-01,2018-09-12,NA,NA,42,84,6,22,671
"837","SST","SST15",2018,"SST152018",2018-04-18,2018-05-30,NA,NA,42,2018-08-01,2018-09-12,NA,NA,42,84,24,37,4237
"838","SST","SST16",2018,"SST162018",2018-04-18,2018-05-30,NA,NA,42,2018-08-01,2018-09-12,NA,NA,42,84,11,40,965
"839","WAN","WAN01",2018,"WAN012018",2018-04-16,2018-05-28,NA,NA,42,2018-08-13,2018-09-10,NA,NA,28,70,41,52,511
"840","WAN","WAN02",2018,"WAN022018",2018-04-30,2018-05-28,NA,NA,28,2018-07-30,2018-09-10,NA,NA,42,70,27,35,116
"841","WAN","WAN03",2018,"WAN032018",2018-04-16,2018-05-14,NA,NA,28,2018-08-13,2018-09-10,NA,NA,28,56,6,24,213
"842","WAN","WAN04",2018,"WAN042018",2018-04-16,2018-05-28,NA,NA,42,2018-07-30,2018-09-10,NA,NA,42,84,10,40,286
"843","WAN","WAN05",2018,"WAN052018",2018-04-16,2018-05-14,NA,NA,28,2018-07-30,2018-09-10,NA,NA,42,70,5,30,306
"844","WAN","WAN06",2018,"WAN062018",2018-04-16,2018-05-28,NA,NA,42,2018-07-30,2018-09-10,NA,NA,42,84,14,39,163
"845","WAN","WAN07",2018,"WAN072018",2018-04-16,2018-05-14,NA,NA,28,2018-07-30,2018-09-10,NA,NA,42,70,3,20,117
"846","WAN","WAN08",2018,"WAN082018",2018-04-16,2018-05-28,NA,NA,42,2018-07-30,2018-09-10,NA,NA,42,84,4,25,186
"847","WAN","WAN09",2018,"WAN092018",2018-04-16,2018-05-28,NA,NA,42,2018-07-30,2018-09-10,NA,NA,42,84,19,55,872
"848","WAN","WAN10",2018,"WAN102018",2018-04-30,2018-05-28,NA,NA,28,2018-07-30,2018-09-10,NA,NA,42,70,5,28,101
"849","WAN","WAN11",2018,"WAN112018",2018-04-16,2018-05-28,NA,NA,42,2018-08-13,2018-08-27,NA,NA,14,56,0,16,53
"850","WAN","WAN12",2018,"WAN122018",2018-04-16,2018-05-28,NA,NA,42,2018-08-13,2018-09-10,NA,NA,28,70,12,45,444
"851","WAN","WAN13",2018,"WAN132018",2018-05-14,2018-05-28,NA,NA,14,2018-08-13,2018-09-10,NA,NA,28,42,9,8,15
"852","WAN","WAN14",2018,"WAN142018",2018-04-30,2018-05-28,NA,NA,28,2018-07-30,2018-09-10,NA,NA,42,70,5,22,59
"853","WAN","WAN15",2018,"WAN152018",2018-04-16,2018-05-28,NA,NA,42,2018-07-30,2018-09-10,NA,NA,42,84,4,32,139
"854","WAN","WAN16",2018,"WAN162018",2018-04-16,2018-05-28,NA,NA,42,2018-07-30,2018-09-10,2018-08-13,2018-08-27,28,70,12,42,136
"855","FBG","FBG01",2019,"FBG012019",2019-04-15,2019-05-27,NA,NA,42,2019-07-22,2019-09-02,NA,NA,42,84,14,78,736
"856","FBG","FBG02",2019,"FBG022019",2019-04-15,2019-05-27,2019-04-29,2019-05-13,28,2019-07-22,2019-09-02,NA,NA,42,70,28,53,302
"857","FBG","FBG03",2019,"FBG032019",2019-04-15,2019-05-27,NA,NA,42,2019-07-22,2019-09-02,NA,NA,42,84,8,36,167
"858","FBG","FBG04",2019,"FBG042019",2019-04-15,2019-05-27,NA,NA,42,2019-07-22,2019-09-02,NA,NA,42,84,0,47,267
"859","FBG","FBG05",2019,"FBG052019",2019-04-29,2019-05-27,NA,NA,28,2019-07-22,2019-09-02,NA,NA,42,70,6,50,208
"860","FBG","FBG06",2019,"FBG062019",2019-04-15,2019-05-27,NA,NA,42,2019-07-22,2019-09-02,2019-08-05,2019-08-19,28,70,21,46,496
"861","FBG","FBG07",2019,"FBG072019",2019-04-15,2019-05-27,NA,NA,42,2019-07-22,2019-09-02,NA,NA,42,84,20,59,431
"862","FBG","FBG08",2019,"FBG082019",2019-04-15,2019-05-27,NA,NA,42,2019-07-22,2019-09-02,NA,NA,42,84,1,39,239
"863","FBG","FBG09",2019,"FBG092019",2019-04-15,2019-05-27,NA,NA,42,2019-07-22,2019-09-02,NA,NA,42,84,3,61,627
"864","FBG","FBG10",2019,"FBG102019",2019-04-15,2019-05-27,NA,NA,42,2019-07-22,2019-09-02,NA,NA,42,84,5,53,249
"865","FBG","FBG11",2019,"FBG112019",2019-04-15,2019-05-27,NA,NA,42,2019-07-22,2019-09-02,NA,NA,42,84,4,45,291
"866","FBG","FBG12",2019,"FBG122019",2019-04-15,2019-05-27,NA,NA,42,2019-07-22,2019-09-02,2019-08-05,2019-08-19,28,70,17,45,226
"867","FBG","FBG13",2019,"FBG132019",2019-04-15,2019-05-27,NA,NA,42,2019-07-22,2019-09-02,NA,NA,42,84,40,85,2010
"868","FBG","FBG14",2019,"FBG142019",2019-04-15,2019-05-27,NA,NA,42,2019-07-22,2019-09-02,NA,NA,42,84,9,56,569
"869","FBG","FBG15",2019,"FBG152019",2019-04-15,2019-05-27,NA,NA,42,2019-07-22,2019-09-02,NA,NA,42,84,6,53,557
"870","FBG","FBG16",2019,"FBG162019",2019-04-15,2019-05-27,NA,NA,42,2019-07-22,2019-09-02,NA,NA,42,84,13,45,130
"871","GFH","GFH01",2019,"GFH012019",2019-04-16,2019-05-29,NA,NA,43,2019-07-23,2019-08-20,NA,NA,28,71,1,12,43
"872","GFH","GFH02",2019,"GFH022019",2019-04-16,2019-05-14,NA,NA,28,2019-07-23,2019-09-04,NA,NA,43,71,3,28,172
"873","GFH","GFH03",2019,"GFH032019",2019-04-16,2019-05-29,NA,NA,43,2019-07-23,2019-09-04,NA,NA,43,86,10,54,379
"874","GFH","GFH04",2019,"GFH042019",2019-04-16,2019-05-29,NA,NA,43,2019-07-23,2019-09-04,2019-08-06,2019-08-20,29,72,6,33,149
"875","GFH","GFH05",2019,"GFH052019",2019-04-16,2019-05-29,NA,NA,43,2019-07-23,2019-09-04,NA,NA,43,86,22,38,197
"876","GFH","GFH06",2019,"GFH062019",2019-04-16,2019-05-14,NA,NA,28,2019-07-23,2019-09-04,2019-08-06,2019-08-20,29,57,2,29,116
"877","GFH","GFH07",2019,"GFH072019",2019-04-16,2019-05-29,NA,NA,43,2019-07-23,2019-09-04,2019-08-06,2019-08-20,29,72,9,23,128
"878","GFH","GFH08",2019,"GFH082019",2019-04-16,2019-05-29,NA,NA,43,2019-07-23,2019-09-04,NA,NA,43,86,2,34,114
"879","GFH","GFH09",2019,"GFH092019",2019-04-16,2019-05-29,NA,NA,43,2019-07-23,2019-09-04,NA,NA,43,86,2,23,47
"880","GFH","GFH10",2019,"GFH102019",2019-04-16,2019-05-29,NA,NA,43,2019-07-23,2019-09-04,NA,NA,43,86,5,40,112
"881","GFH","GFH11",2019,"GFH112019",2019-04-16,2019-05-29,NA,NA,43,2019-07-23,2019-09-04,NA,NA,43,86,5,56,371
"882","GFH","GFH12",2019,"GFH122019",2019-04-16,2019-05-29,NA,NA,43,2019-07-23,2019-09-04,NA,NA,43,86,0,33,134
"883","GFH","GFH13",2019,"GFH132019",2019-04-16,2019-05-29,NA,NA,43,2019-07-23,2019-09-04,NA,NA,43,86,11,36,83
"884","GFH","GFH14",2019,"GFH142019",2019-04-16,2019-05-29,NA,NA,43,2019-07-23,2019-09-04,NA,NA,43,86,34,44,132
"885","GFH","GFH15",2019,"GFH152019",2019-04-16,2019-05-29,NA,NA,43,2019-07-23,2019-09-04,NA,NA,43,86,15,51,269
"886","GFH","GFH16",2019,"GFH162019",2019-04-16,2019-05-29,NA,NA,43,2019-07-23,2019-09-04,NA,NA,43,86,12,57,340
"887","HAR","HAR01",2019,"HAR012019",2019-04-17,2019-05-29,NA,NA,42,2019-07-24,2019-09-05,NA,NA,43,85,6,50,172
"888","HAR","HAR02",2019,"HAR022019",2019-04-17,2019-05-29,NA,NA,42,2019-07-24,2019-09-05,NA,NA,43,85,8,35,203
"889","HAR","HAR03",2019,"HAR032019",2019-04-17,2019-05-15,NA,NA,28,2019-07-24,2019-08-21,NA,NA,28,56,2,26,236
"890","HAR","HAR04",2019,"HAR042019",2019-04-17,2019-05-29,NA,NA,42,2019-07-24,2019-09-05,NA,NA,43,85,7,31,135
"891","HAR","HAR05",2019,"HAR052019",2019-04-17,2019-05-29,NA,NA,42,2019-07-24,2019-09-05,NA,NA,43,85,27,57,374
"892","HAR","HAR06",2019,"HAR062019",2019-04-17,2019-05-29,NA,NA,42,2019-07-24,2019-09-05,NA,NA,43,85,15,57,224
"893","HAR","HAR07",2019,"HAR072019",2019-04-17,2019-05-29,NA,NA,42,2019-07-24,2019-08-21,NA,NA,28,70,4,23,191
"894","HAR","HAR08",2019,"HAR082019",2019-04-17,2019-05-29,NA,NA,42,2019-07-24,2019-09-05,2019-08-07,2019-08-21,29,71,0,33,168
"895","HAR","HAR09",2019,"HAR092019",2019-04-17,2019-05-29,NA,NA,42,2019-07-24,2019-09-05,NA,NA,43,85,13,50,372
"896","HAR","HAR10",2019,"HAR102019",2019-04-17,2019-05-29,NA,NA,42,2019-07-24,2019-09-05,NA,NA,43,85,21,53,261
"897","HAR","HAR11",2019,"HAR112019",2019-04-17,2019-05-29,NA,NA,42,2019-07-24,2019-09-05,NA,NA,43,85,8,48,107
"898","HAR","HAR12",2019,"HAR122019",2019-04-17,2019-05-29,NA,NA,42,2019-07-24,2019-09-05,2019-08-07,2019-08-21,29,71,10,33,116
"899","HAR","HAR13",2019,"HAR132019",2019-04-17,2019-05-29,NA,NA,42,2019-07-24,2019-09-05,NA,NA,43,85,24,41,162
"900","HAR","HAR14",2019,"HAR142019",2019-04-17,2019-05-29,NA,NA,42,2019-07-24,2019-09-05,NA,NA,43,85,29,40,277
"901","HAR","HAR15",2019,"HAR152019",2019-04-17,2019-05-29,NA,NA,42,2019-07-24,2019-09-05,NA,NA,43,85,32,54,487
"902","HAR","HAR16",2019,"HAR162019",2019-04-17,2019-05-29,NA,NA,42,2019-07-24,2019-09-05,NA,NA,43,85,47,45,190
"903","SIP","SIP01",2019,"SIP012019",2019-04-16,2019-05-29,NA,NA,43,2019-07-23,2019-09-04,NA,NA,43,86,3,30,101
"904","SIP","SIP02",2019,"SIP022019",2019-04-16,2019-05-29,NA,NA,43,2019-07-23,2019-09-04,NA,NA,43,86,4,35,114
"905","SIP","SIP03",2019,"SIP032019",2019-04-16,2019-05-29,NA,NA,43,2019-07-23,2019-09-04,2019-08-06,2019-08-20,29,72,5,35,226
"906","SIP","SIP05",2019,"SIP052019",2019-04-16,2019-05-29,NA,NA,43,2019-07-23,2019-09-04,NA,NA,43,86,19,18,67
"907","SIP","SIP06",2019,"SIP062019",2019-04-16,2019-05-29,NA,NA,43,2019-07-23,2019-09-04,NA,NA,43,86,16,35,189
"908","SIP","SIP07",2019,"SIP072019",2019-04-16,2019-05-29,NA,NA,43,2019-07-23,2019-09-04,NA,NA,43,86,18,21,43
"909","SIP","SIP08",2019,"SIP082019",2019-04-16,2019-05-29,NA,NA,43,2019-07-23,2019-09-04,NA,NA,43,86,4,29,75
"910","SIP","SIP09",2019,"SIP092019",2019-04-16,2019-05-29,NA,NA,43,2019-07-23,2019-09-04,NA,NA,43,86,7,36,121
"911","SIP","SIP10",2019,"SIP102019",2019-04-16,2019-05-29,NA,NA,43,2019-07-23,2019-09-04,NA,NA,43,86,19,20,77
"912","SIP","SIP11",2019,"SIP112019",2019-04-16,2019-05-29,NA,NA,43,2019-07-23,2019-09-04,NA,NA,43,86,51,21,93
"913","SIP","SIP12",2019,"SIP122019",2019-04-16,2019-05-29,NA,NA,43,2019-07-23,2019-09-04,NA,NA,43,86,12,22,51
"914","SIP","SIP13",2019,"SIP132019",2019-04-16,2019-05-29,NA,NA,43,2019-07-23,2019-09-04,NA,NA,43,86,11,28,79
"915","SIP","SIP14",2019,"SIP142019",2019-04-16,2019-05-29,NA,NA,43,2019-07-23,2019-09-04,NA,NA,43,86,23,37,229
"916","SIP","SIP15",2019,"SIP152019",2019-04-16,2019-05-29,NA,NA,43,2019-08-06,2019-09-04,NA,NA,29,72,15,27,148
"917","SIP","SIP16",2019,"SIP162019",2019-04-16,2019-05-29,NA,NA,43,2019-07-23,2019-09-04,NA,NA,43,86,4,20,97
"918","SST","SST01",2019,"SST012019",2019-04-15,2019-05-27,NA,NA,42,2019-07-22,2019-09-03,NA,NA,43,85,3,46,309
"919","SST","SST02",2019,"SST022019",2019-04-15,2019-05-27,NA,NA,42,2019-07-22,2019-09-03,NA,NA,43,85,4,51,537
"920","SST","SST03",2019,"SST032019",2019-04-15,2019-05-27,NA,NA,42,2019-07-22,2019-08-19,NA,NA,28,70,4,37,594
"921","SST","SST04",2019,"SST042019",2019-04-15,2019-05-27,NA,NA,42,2019-07-22,2019-09-03,NA,NA,43,85,5,55,1097
"922","SST","SST05",2019,"SST052019",2019-04-15,2019-05-27,NA,NA,42,2019-07-22,2019-09-03,NA,NA,43,85,7,38,471
"923","SST","SST06",2019,"SST062019",2019-04-29,2019-05-13,NA,NA,14,2019-07-22,2019-08-19,NA,NA,28,42,23,20,57
"924","SST","SST07",2019,"SST072019",2019-04-15,2019-05-27,NA,NA,42,2019-07-22,2019-09-03,NA,NA,43,85,5,34,183
"925","SST","SST08",2019,"SST082019",2019-04-15,2019-05-27,NA,NA,42,2019-07-22,2019-09-03,NA,NA,43,85,14,54,776
"926","SST","SST09",2019,"SST092019",2019-04-15,2019-05-27,NA,NA,42,2019-07-22,2019-09-03,NA,NA,43,85,14,67,467
"927","SST","SST10",2019,"SST102019",2019-04-15,2019-05-27,NA,NA,42,2019-07-22,2019-09-03,NA,NA,43,85,11,48,1550
"928","SST","SST11",2019,"SST112019",2019-04-15,2019-05-27,NA,NA,42,2019-07-22,2019-09-03,NA,NA,43,85,2,46,3114
"929","SST","SST12",2019,"SST122019",2019-04-15,2019-05-27,NA,NA,42,2019-07-22,2019-09-03,NA,NA,43,85,14,33,685
"930","SST","SST13",2019,"SST132019",2019-04-15,2019-05-27,NA,NA,42,2019-07-22,2019-09-03,NA,NA,43,85,9,60,562
"931","SST","SST14",2019,"SST142019",2019-04-15,2019-05-27,NA,NA,42,2019-07-22,2019-09-03,NA,NA,43,85,6,52,1634
"932","SST","SST15",2019,"SST152019",2019-04-15,2019-05-27,NA,NA,42,2019-07-22,2019-08-05,NA,NA,14,56,1,42,1707
"933","SST","SST16",2019,"SST162019",2019-04-15,2019-05-27,NA,NA,42,2019-07-22,2019-08-19,NA,NA,28,70,3,46,3131
"934","WAN","WAN01",2019,"WAN012019",2019-04-17,2019-05-29,NA,NA,42,2019-07-24,2019-09-05,NA,NA,43,85,13,54,386
"935","WAN","WAN02",2019,"WAN022019",2019-04-17,2019-05-29,NA,NA,42,2019-07-24,2019-09-05,NA,NA,43,85,11,45,248
"936","WAN","WAN03",2019,"WAN032019",2019-04-17,2019-05-29,NA,NA,42,2019-07-24,2019-09-05,NA,NA,43,85,7,35,152
"937","WAN","WAN04",2019,"WAN042019",2019-04-17,2019-05-29,NA,NA,42,2019-07-24,2019-09-05,NA,NA,43,85,6,47,347
"938","WAN","WAN05",2019,"WAN052019",2019-04-17,2019-05-29,NA,NA,42,2019-07-24,2019-09-05,NA,NA,43,85,4,41,214
"939","WAN","WAN06",2019,"WAN062019",2019-04-17,2019-05-29,NA,NA,42,2019-07-24,2019-09-05,NA,NA,43,85,9,46,223
"940","WAN","WAN07",2019,"WAN072019",2019-04-17,2019-05-29,NA,NA,42,2019-07-24,2019-09-05,NA,NA,43,85,6,21,46
"941","WAN","WAN08",2019,"WAN082019",2019-04-17,2019-05-29,NA,NA,42,2019-07-24,2019-09-05,2019-08-07,2019-08-21,29,71,1,22,136
"942","WAN","WAN09",2019,"WAN092019",2019-04-17,2019-05-29,NA,NA,42,2019-07-24,2019-09-05,NA,NA,43,85,17,53,814
"943","WAN","WAN10",2019,"WAN102019",2019-04-17,2019-05-29,NA,NA,42,2019-07-24,2019-09-05,NA,NA,43,85,6,51,248
"944","WAN","WAN11",2019,"WAN112019",2019-04-17,2019-05-15,NA,NA,28,2019-07-24,2019-08-07,NA,NA,14,42,1,11,62
"945","WAN","WAN12",2019,"WAN122019",2019-04-17,2019-05-29,NA,NA,42,2019-07-24,2019-09-05,NA,NA,43,85,23,41,436
"946","WAN","WAN13",2019,"WAN132019",2019-04-17,2019-05-29,NA,NA,42,2019-07-24,2019-09-05,NA,NA,43,85,13,43,295
"947","WAN","WAN14",2019,"WAN142019",2019-04-17,2019-05-29,NA,NA,42,2019-07-24,2019-09-05,NA,NA,43,85,1,36,92
"948","WAN","WAN15",2019,"WAN152019",2019-04-17,2019-05-29,NA,NA,42,2019-07-24,2019-09-05,NA,NA,43,85,5,37,86
"949","WAN","WAN16",2019,"WAN162019",2019-04-17,2019-05-29,NA,NA,42,2019-07-24,2019-09-05,2019-08-07,2019-08-21,29,71,5,28,81
"950","FBG","FBG01",2020,"FBG012020",2020-04-15,2020-05-27,NA,NA,42,2020-07-22,2020-09-02,NA,NA,42,84,14,45,301
"951","FBG","FBG02",2020,"FBG022020",2020-04-15,2020-05-27,NA,NA,42,2020-07-22,2020-09-02,NA,NA,42,84,24,36,93
"952","FBG","FBG03",2020,"FBG032020",2020-05-13,2020-05-27,NA,NA,14,2020-07-22,2020-09-02,NA,NA,42,56,5,24,44
"953","FBG","FBG04",2020,"FBG042020",2020-04-15,2020-05-27,NA,NA,42,2020-07-22,2020-09-02,NA,NA,42,84,10,35,100
"954","FBG","FBG05",2020,"FBG052020",2020-04-15,2020-05-13,NA,NA,28,2020-07-22,2020-08-19,NA,NA,28,56,11,38,116
"955","FBG","FBG06",2020,"FBG062020",2020-04-29,2020-05-27,NA,NA,28,2020-07-22,2020-09-02,NA,NA,42,70,5,31,79
"956","FBG","FBG07",2020,"FBG072020",2020-04-15,2020-05-27,NA,NA,42,2020-07-22,2020-09-02,NA,NA,42,84,1,26,58
"957","FBG","FBG08",2020,"FBG082020",2020-04-15,2020-05-27,NA,NA,42,2020-07-22,2020-09-02,NA,NA,42,84,0,24,146
"958","FBG","FBG09",2020,"FBG092020",2020-04-15,2020-05-27,NA,NA,42,2020-07-22,2020-09-02,NA,NA,42,84,11,48,748
"959","FBG","FBG10",2020,"FBG102020",2020-04-29,2020-05-27,NA,NA,28,2020-07-22,2020-09-02,NA,NA,42,70,14,37,137
"960","FBG","FBG11",2020,"FBG112020",2020-04-15,2020-05-27,NA,NA,42,2020-07-22,2020-09-02,2020-08-05,2020-08-19,28,70,6,31,121
"961","FBG","FBG12",2020,"FBG122020",2020-04-15,2020-05-27,NA,NA,42,2020-07-22,2020-09-02,NA,NA,42,84,1,30,109
"962","FBG","FBG13",2020,"FBG132020",2020-04-15,2020-05-27,NA,NA,42,2020-07-22,2020-09-02,NA,NA,42,84,23,50,228
"963","FBG","FBG14",2020,"FBG142020",2020-04-15,2020-05-27,NA,NA,42,2020-07-22,2020-09-02,NA,NA,42,84,12,40,155
"964","FBG","FBG15",2020,"FBG152020",2020-04-15,2020-05-27,NA,NA,42,2020-07-22,2020-08-19,NA,NA,28,70,5,28,69
"965","FBG","FBG16",2020,"FBG162020",2020-04-15,2020-05-27,NA,NA,42,2020-07-22,2020-09-02,NA,NA,42,84,22,34,69
"966","GFH","GFH01",2020,"GFH012020",2020-04-16,2020-05-29,NA,NA,43,2020-07-23,2020-09-03,NA,NA,42,85,7,21,55
"967","GFH","GFH02",2020,"GFH022020",2020-04-16,2020-05-29,NA,NA,43,2020-07-23,2020-09-03,NA,NA,42,85,3,42,144
"968","GFH","GFH03",2020,"GFH032020",2020-04-16,2020-05-29,NA,NA,43,2020-07-23,2020-09-03,NA,NA,42,85,21,48,185
"969","GFH","GFH04",2020,"GFH042020",2020-04-16,2020-05-29,NA,NA,43,2020-07-23,2020-09-03,NA,NA,42,85,25,30,116
"970","GFH","GFH05",2020,"GFH052020",2020-04-16,2020-05-29,NA,NA,43,2020-07-23,2020-09-03,NA,NA,42,85,34,44,167
"971","GFH","GFH06",2020,"GFH062020",2020-04-16,2020-05-29,NA,NA,43,2020-07-23,2020-09-03,NA,NA,42,85,5,24,71
"972","GFH","GFH07",2020,"GFH072020",2020-04-16,2020-05-14,NA,NA,28,2020-07-23,2020-09-03,NA,NA,42,70,9,24,51
"973","GFH","GFH08",2020,"GFH082020",2020-04-16,2020-05-29,NA,NA,43,2020-07-23,2020-09-03,NA,NA,42,85,8,23,51
"974","GFH","GFH09",2020,"GFH092020",2020-04-16,2020-05-29,NA,NA,43,2020-07-23,2020-09-03,NA,NA,42,85,5,30,48
"975","GFH","GFH10",2020,"GFH102020",2020-04-16,2020-05-29,NA,NA,43,2020-07-23,2020-09-03,NA,NA,42,85,15,41,88
"976","GFH","GFH11",2020,"GFH112020",2020-04-16,2020-05-29,NA,NA,43,2020-07-23,2020-09-03,NA,NA,42,85,5,60,237
"977","GFH","GFH12",2020,"GFH122020",2020-04-16,2020-05-29,NA,NA,43,2020-07-23,2020-09-03,NA,NA,42,85,10,43,101
"978","GFH","GFH13",2020,"GFH132020",2020-04-16,2020-05-29,NA,NA,43,2020-07-23,2020-09-03,NA,NA,42,85,48,40,91
"979","GFH","GFH14",2020,"GFH142020",2020-04-16,2020-05-29,NA,NA,43,2020-07-23,2020-09-03,NA,NA,42,85,27,32,127
"980","GFH","GFH15",2020,"GFH152020",2020-04-16,2020-05-29,NA,NA,43,2020-07-23,2020-09-03,NA,NA,42,85,8,40,415
"981","GFH","GFH16",2020,"GFH162020",2020-04-16,2020-05-29,NA,NA,43,2020-07-23,2020-09-03,NA,NA,42,85,103,38,101
"982","HAR","HAR01",2020,"HAR012020",2020-04-14,2020-05-26,NA,NA,42,2020-08-04,2020-09-01,NA,NA,28,70,3,27,65
"983","HAR","HAR02",2020,"HAR022020",2020-04-14,2020-05-26,NA,NA,42,2020-07-21,2020-09-01,2020-08-04,2020-08-18,28,70,14,36,146
"984","HAR","HAR03",2020,"HAR032020",2020-04-14,2020-05-26,NA,NA,42,2020-07-21,2020-09-01,NA,NA,42,84,4,21,100
"985","HAR","HAR04",2020,"HAR042020",2020-04-14,2020-05-26,NA,NA,42,2020-07-21,2020-09-01,NA,NA,42,84,2,29,94
"986","HAR","HAR05",2020,"HAR052020",2020-04-14,2020-05-26,NA,NA,42,2020-07-21,2020-09-01,NA,NA,42,84,36,41,232
"987","HAR","HAR06",2020,"HAR062020",2020-04-14,2020-05-26,NA,NA,42,2020-07-21,2020-09-01,NA,NA,42,84,3,36,84
"988","HAR","HAR07",2020,"HAR072020",2020-04-14,2020-05-26,NA,NA,42,2020-07-21,2020-09-01,NA,NA,42,84,8,18,61
"989","HAR","HAR08",2020,"HAR082020",2020-04-14,2020-05-26,NA,NA,42,2020-07-21,2020-09-01,NA,NA,42,84,3,22,62
"990","HAR","HAR09",2020,"HAR092020",2020-04-14,2020-05-26,NA,NA,42,2020-07-21,2020-09-01,NA,NA,42,84,27,37,120
"991","HAR","HAR10",2020,"HAR102020",2020-04-14,2020-05-26,NA,NA,42,2020-07-21,2020-09-01,NA,NA,42,84,7,41,182
"992","HAR","HAR11",2020,"HAR112020",2020-04-28,2020-05-26,NA,NA,28,2020-07-21,2020-09-01,NA,NA,42,70,12,30,53
"993","HAR","HAR12",2020,"HAR122020",2020-04-14,2020-05-26,NA,NA,42,2020-07-21,2020-09-01,NA,NA,42,84,2,22,46
"994","HAR","HAR13",2020,"HAR132020",2020-04-14,2020-05-26,NA,NA,42,2020-07-21,2020-09-01,NA,NA,42,84,41,19,34
"995","HAR","HAR14",2020,"HAR142020",2020-04-14,2020-05-26,NA,NA,42,2020-07-21,2020-09-01,NA,NA,42,84,42,22,111
"996","HAR","HAR15",2020,"HAR152020",2020-04-14,2020-05-26,NA,NA,42,2020-07-21,2020-09-01,2020-08-18,2020-08-17,43,85,16,36,299
"997","HAR","HAR16",2020,"HAR162020",2020-04-14,2020-05-26,NA,NA,42,2020-07-21,2020-09-01,NA,NA,42,84,27,38,116
"998","SIP","SIP01",2020,"SIP012020",2020-04-16,2020-05-29,2020-04-30,2020-05-14,29,2020-07-23,2020-09-03,NA,NA,42,71,5,29,77
"999","SIP","SIP02",2020,"SIP022020",2020-04-16,2020-05-29,2020-04-30,2020-05-14,29,2020-07-23,2020-09-03,NA,NA,42,71,23,26,67
"1000","SIP","SIP03",2020,"SIP032020",2020-05-14,2020-05-29,NA,NA,15,2020-07-23,2020-09-03,NA,NA,42,57,6,30,59
"1001","SIP","SIP05",2020,"SIP052020",2020-04-16,2020-05-29,2020-04-30,2020-05-14,29,2020-07-23,2020-09-03,NA,NA,42,71,6,26,50
"1002","SIP","SIP06",2020,"SIP062020",2020-05-14,2020-05-29,NA,NA,15,2020-07-23,2020-09-03,NA,NA,42,57,7,20,49
"1003","SIP","SIP07",2020,"SIP072020",2020-05-14,2020-05-29,NA,NA,15,2020-07-23,2020-09-03,NA,NA,42,57,6,29,89
"1004","SIP","SIP08",2020,"SIP082020",2020-04-16,2020-05-29,2020-04-30,2020-05-14,29,2020-07-23,2020-09-03,NA,NA,42,71,0,25,59
"1005","SIP","SIP09",2020,"SIP092020",2020-04-16,2020-05-29,2020-04-30,2020-05-14,29,2020-07-23,2020-09-03,NA,NA,42,71,1,19,54
"1006","SIP","SIP10",2020,"SIP102020",2020-04-16,2020-05-29,2020-05-29,2020-04-16,29,2020-07-23,2020-09-03,NA,NA,42,71,5,21,62
"1007","SIP","SIP11",2020,"SIP112020",NA,NA,NA,NA,NA,2020-07-23,2020-09-03,NA,NA,42,NA,2,11,15
"1008","SIP","SIP12",2020,"SIP122020",2020-04-16,2020-05-29,2020-04-30,2020-05-14,29,2020-07-23,2020-09-03,NA,NA,42,71,8,20,49
"1009","SIP","SIP13",2020,"SIP132020",2020-04-16,2020-05-29,2020-04-30,2020-05-14,29,2020-08-06,2020-09-03,NA,NA,28,57,3,16,40
"1010","SIP","SIP14",2020,"SIP142020",2020-04-16,2020-05-29,2020-04-30,2020-05-14,29,2020-07-23,2020-09-03,NA,NA,42,71,5,26,58
"1011","SIP","SIP15",2020,"SIP152020",2020-04-16,2020-05-29,2020-04-30,2020-05-14,29,2020-07-23,2020-09-03,NA,NA,42,71,6,30,81
"1012","SIP","SIP16",2020,"SIP162020",2020-04-16,2020-05-29,2020-04-30,2020-05-14,29,2020-07-23,2020-09-03,NA,NA,42,71,3,26,79
"1013","SST","SST01",2020,"SST012020",2020-04-15,2020-05-27,NA,NA,42,2020-07-22,2020-09-02,2020-08-05,2020-08-19,28,70,8,40,204
"1014","SST","SST02",2020,"SST022020",2020-04-15,2020-05-27,NA,NA,42,2020-07-22,2020-09-02,NA,NA,42,84,18,38,243
"1015","SST","SST03",2020,"SST032020",2020-04-15,2020-05-27,NA,NA,42,2020-07-22,2020-09-02,NA,NA,42,84,14,43,428
"1016","SST","SST04",2020,"SST042020",2020-04-15,2020-05-27,NA,NA,42,2020-07-22,2020-09-02,NA,NA,42,84,12,55,871
"1017","SST","SST05",2020,"SST052020",2020-04-15,2020-05-27,NA,NA,42,2020-07-22,2020-09-02,NA,NA,42,84,6,39,193
"1018","SST","SST06",2020,"SST062020",2020-04-15,2020-05-27,NA,NA,42,2020-07-22,2020-09-02,NA,NA,42,84,3,35,217
"1019","SST","SST07",2020,"SST072020",2020-04-15,2020-05-27,NA,NA,42,2020-07-22,2020-09-02,NA,NA,42,84,2,30,86
"1020","SST","SST08",2020,"SST082020",2020-04-15,2020-05-27,NA,NA,42,2020-07-22,2020-09-02,NA,NA,42,84,60,41,607
"1021","SST","SST09",2020,"SST092020",2020-04-15,2020-05-27,NA,NA,42,2020-07-22,2020-09-02,NA,NA,42,84,6,49,250
"1022","SST","SST10",2020,"SST102020",2020-04-29,2020-05-27,NA,NA,28,2020-07-22,2020-09-02,NA,NA,42,70,14,41,280
"1023","SST","SST11",2020,"SST112020",2020-04-15,2020-05-27,NA,NA,42,2020-07-22,2020-09-02,NA,NA,42,84,7,22,104
"1024","SST","SST12",2020,"SST122020",2020-04-15,2020-05-27,NA,NA,42,2020-07-22,2020-09-02,NA,NA,42,84,11,32,258
"1025","SST","SST13",2020,"SST132020",2020-04-15,2020-05-27,NA,NA,42,2020-07-22,2020-09-02,NA,NA,42,84,14,59,402
"1026","SST","SST14",2020,"SST142020",2020-04-15,2020-05-27,NA,NA,42,2020-07-22,2020-09-02,NA,NA,42,84,3,42,248
"1027","SST","SST15",2020,"SST152020",2020-04-15,2020-05-27,NA,NA,42,2020-07-22,2020-09-02,NA,NA,42,84,1,36,167
"1028","SST","SST16",2020,"SST162020",2020-04-15,2020-05-27,NA,NA,42,2020-07-22,2020-09-02,NA,NA,42,84,9,49,417
"1029","WAN","WAN01",2020,"WAN012020",2020-04-28,2020-05-26,NA,NA,28,2020-07-21,2020-09-01,NA,NA,42,70,12,24,56
"1030","WAN","WAN02",2020,"WAN022020",2020-04-28,2020-05-26,NA,NA,28,2020-07-21,2020-09-01,NA,NA,42,70,8,21,43
"1031","WAN","WAN03",2020,"WAN032020",2020-04-28,2020-05-26,NA,NA,28,2020-07-21,2020-09-01,NA,NA,42,70,6,16,28
"1032","WAN","WAN04",2020,"WAN042020",2020-04-28,2020-05-12,NA,NA,14,2020-07-21,2020-09-01,NA,NA,42,56,4,26,36
"1033","WAN","WAN05",2020,"WAN052020",2020-04-28,2020-05-26,NA,NA,28,2020-07-21,2020-09-01,2020-08-04,2020-08-18,28,56,11,17,84
"1034","WAN","WAN06",2020,"WAN062020",2020-04-28,2020-05-12,NA,NA,14,2020-07-21,2020-09-01,2020-08-04,2020-08-18,28,42,5,23,73
"1035","WAN","WAN07",2020,"WAN072020",2020-04-28,2020-05-26,NA,NA,28,2020-07-21,2020-09-01,NA,NA,42,70,3,14,28
"1036","WAN","WAN08",2020,"WAN082020",2020-04-28,2020-05-26,NA,NA,28,2020-07-21,2020-08-18,NA,NA,28,56,8,14,38
"1037","WAN","WAN09",2020,"WAN092020",2020-04-28,2020-05-26,NA,NA,28,2020-07-21,2020-09-01,NA,NA,42,70,18,37,172
"1038","WAN","WAN10",2020,"WAN102020",2020-04-28,2020-05-12,NA,NA,14,2020-07-21,2020-09-01,NA,NA,42,56,3,19,74
"1039","WAN","WAN11",2020,"WAN112020",2020-04-28,2020-05-26,NA,NA,28,2020-07-21,2020-08-18,NA,NA,28,56,1,8,15
"1040","WAN","WAN12",2020,"WAN122020",2020-04-28,2020-05-12,NA,NA,14,2020-07-21,2020-09-01,NA,NA,42,56,0,27,115
"1041","WAN","WAN13",2020,"WAN132020",2020-04-28,2020-05-12,NA,NA,14,2020-07-21,2020-09-01,NA,NA,42,56,0,11,17
"1042","WAN","WAN14",2020,"WAN142020",2020-04-28,2020-05-26,NA,NA,28,2020-07-21,2020-08-18,NA,NA,28,56,11,17,23
"1043","WAN","WAN15",2020,"WAN152020",2020-04-28,2020-05-12,NA,NA,14,2020-07-21,2020-09-01,NA,NA,42,56,1,22,41
"1044","WAN","WAN16",2020,"WAN162020",2020-04-28,2020-05-12,NA,NA,14,2020-07-21,2020-08-18,NA,NA,28,42,1,21,61
"1045","FBG","FBG01",2021,"FBG012021",2021-04-15,2021-05-27,NA,NA,42,2021-07-22,2021-09-02,NA,NA,42,84,32,61,423
"1046","FBG","FBG02",2021,"FBG022021",2021-04-15,2021-05-27,NA,NA,42,2021-07-22,2021-08-19,NA,NA,28,70,49,32,129
"1047","FBG","FBG03",2021,"FBG032021",2021-04-15,2021-05-27,NA,NA,42,2021-07-22,2021-09-02,2021-09-02,2021-07-22,28,70,1,26,84
"1048","FBG","FBG04",2021,"FBG042021",2021-04-15,2021-05-27,NA,NA,42,2021-07-22,2021-09-02,NA,NA,42,84,3,40,149
"1049","FBG","FBG05",2021,"FBG052021",2021-04-29,2021-05-27,NA,NA,28,2021-08-05,2021-09-02,NA,NA,28,56,4,37,143
"1050","FBG","FBG06",2021,"FBG062021",2021-04-15,2021-05-27,NA,NA,42,2021-07-22,2021-09-02,NA,NA,42,84,8,33,157
"1051","FBG","FBG07",2021,"FBG072021",2021-04-15,2021-05-27,NA,NA,42,2021-07-22,2021-09-02,NA,NA,42,84,5,51,410
"1052","FBG","FBG08",2021,"FBG082021",2021-04-29,2021-05-27,NA,NA,28,2021-07-22,2021-09-02,NA,NA,42,70,1,18,38
"1053","FBG","FBG09",2021,"FBG092021",2021-04-15,2021-05-27,NA,NA,42,2021-07-22,2021-08-19,NA,NA,28,70,1,44,254
"1054","FBG","FBG10",2021,"FBG102021",2021-04-15,2021-05-27,NA,NA,42,2021-07-22,2021-09-02,NA,NA,42,84,13,51,388
"1055","FBG","FBG11",2021,"FBG112021",2021-04-15,2021-05-27,NA,NA,42,2021-07-22,2021-09-02,NA,NA,42,84,1,34,141
"1056","FBG","FBG12",2021,"FBG122021",2021-04-15,2021-05-27,NA,NA,42,2021-07-22,2021-09-02,NA,NA,42,84,8,37,183
"1057","FBG","FBG13",2021,"FBG132021",2021-04-15,2021-05-27,NA,NA,42,2021-07-22,2021-09-02,NA,NA,42,84,4,58,539
"1058","FBG","FBG14",2021,"FBG142021",2021-04-15,2021-05-27,NA,NA,42,2021-07-22,2021-09-02,NA,NA,42,84,1,44,290
"1059","FBG","FBG15",2021,"FBG152021",2021-04-15,2021-05-27,NA,NA,42,2021-07-22,2021-09-02,NA,NA,42,84,3,40,93
"1060","FBG","FBG16",2021,"FBG162021",2021-04-15,2021-05-27,NA,NA,42,2021-07-22,2021-09-02,NA,NA,42,84,68,38,106
"1061","GFH","GFH01",2021,"GFH012021",2021-04-14,2021-05-26,NA,NA,42,2021-07-21,2021-09-01,NA,NA,42,84,1,19,94
"1062","GFH","GFH02",2021,"GFH022021",2021-04-14,2021-05-26,NA,NA,42,2021-07-21,2021-09-01,NA,NA,42,84,2,32,424
"1063","GFH","GFH03",2021,"GFH032021",2021-04-14,2021-05-26,NA,NA,42,2021-07-21,2021-09-01,NA,NA,42,84,8,44,263
"1064","GFH","GFH04",2021,"GFH042021",2021-04-14,2021-05-26,NA,NA,42,2021-07-21,2021-09-01,NA,NA,42,84,12,54,345
"1065","GFH","GFH05",2021,"GFH052021",2021-04-14,2021-05-12,NA,NA,28,2021-07-21,2021-09-01,NA,NA,42,70,78,43,186
"1066","GFH","GFH06",2021,"GFH062021",2021-04-14,2021-05-26,NA,NA,42,2021-07-21,2021-09-01,NA,NA,42,84,1,27,67
"1067","GFH","GFH07",2021,"GFH072021",2021-04-14,2021-05-26,NA,NA,42,2021-07-21,2021-09-01,NA,NA,42,84,14,20,56
"1068","GFH","GFH08",2021,"GFH082021",2021-04-14,2021-05-26,NA,NA,42,2021-07-21,2021-09-01,NA,NA,42,84,4,28,80
"1069","GFH","GFH09",2021,"GFH092021",2021-04-14,2021-05-26,NA,NA,42,2021-07-21,2021-09-01,NA,NA,42,84,3,25,59
"1070","GFH","GFH10",2021,"GFH102021",2021-04-14,2021-05-26,NA,NA,42,2021-07-21,2021-09-01,NA,NA,42,84,5,39,209
"1071","GFH","GFH11",2021,"GFH112021",2021-04-14,2021-05-26,NA,NA,42,2021-07-21,2021-09-01,NA,NA,42,84,7,34,98
"1072","GFH","GFH12",2021,"GFH122021",2021-04-14,2021-05-26,NA,NA,42,2021-07-21,2021-09-01,NA,NA,42,84,0,39,118
"1073","GFH","GFH13",2021,"GFH132021",2021-04-14,2021-05-26,NA,NA,42,2021-07-21,2021-09-01,NA,NA,42,84,11,27,54
"1074","GFH","GFH14",2021,"GFH142021",2021-04-14,2021-05-26,NA,NA,42,2021-07-21,2021-09-01,NA,NA,42,84,30,37,179
"1075","GFH","GFH15",2021,"GFH152021",2021-04-14,2021-05-26,NA,NA,42,2021-07-21,2021-09-01,NA,NA,42,84,71,36,118
"1076","GFH","GFH16",2021,"GFH162021",2021-04-14,2021-05-26,NA,NA,42,2021-08-04,2021-09-01,NA,NA,28,70,19,38,213
"1077","HAR","HAR01",2021,"HAR012021",2021-04-13,2021-05-25,NA,NA,42,2021-07-20,2021-08-31,NA,NA,42,84,2,54,423
"1078","HAR","HAR02",2021,"HAR022021",2021-04-13,2021-05-25,NA,NA,42,2021-07-20,2021-08-31,NA,NA,42,84,8,41,179
"1079","HAR","HAR03",2021,"HAR032021",2021-04-13,2021-05-25,NA,NA,42,2021-07-20,2021-08-31,NA,NA,42,84,9,30,246
"1080","HAR","HAR04",2021,"HAR042021",2021-04-13,2021-05-25,NA,NA,42,2021-07-20,2021-08-31,NA,NA,42,84,3,31,107
"1081","HAR","HAR05",2021,"HAR052021",2021-04-13,2021-05-25,NA,NA,42,2021-07-20,2021-08-31,NA,NA,42,84,18,54,228
"1082","HAR","HAR06",2021,"HAR062021",2021-04-13,2021-05-25,NA,NA,42,2021-08-03,2021-08-31,NA,NA,28,70,35,31,116
"1083","HAR","HAR07",2021,"HAR072021",2021-04-13,2021-05-25,NA,NA,42,2021-07-20,2021-08-31,NA,NA,42,84,19,27,95
"1084","HAR","HAR08",2021,"HAR082021",2021-04-13,2021-05-25,NA,NA,42,2021-07-20,2021-08-31,NA,NA,42,84,8,25,72
"1085","HAR","HAR09",2021,"HAR092021",2021-04-13,2021-05-11,NA,NA,28,2021-07-20,2021-08-31,NA,NA,42,70,20,35,196
"1086","HAR","HAR10",2021,"HAR102021",2021-04-13,2021-05-25,NA,NA,42,2021-08-03,2021-08-31,NA,NA,28,70,15,33,105
"1087","HAR","HAR11",2021,"HAR112021",2021-04-13,2021-05-25,NA,NA,42,2021-07-20,2021-08-31,NA,NA,42,84,31,46,176
"1088","HAR","HAR12",2021,"HAR122021",2021-04-13,2021-05-25,NA,NA,42,2021-07-20,2021-08-31,NA,NA,42,84,1,37,80
"1089","HAR","HAR13",2021,"HAR132021",2021-04-27,2021-05-25,NA,NA,28,2021-07-20,2021-08-31,NA,NA,42,70,34,36,101
"1090","HAR","HAR14",2021,"HAR142021",2021-04-13,2021-05-25,NA,NA,42,2021-07-20,2021-08-31,NA,NA,42,84,45,34,114
"1091","HAR","HAR15",2021,"HAR152021",2021-04-13,2021-05-25,NA,NA,42,2021-07-20,2021-08-17,NA,NA,28,70,20,45,282
"1092","HAR","HAR16",2021,"HAR162021",2021-04-13,2021-05-25,NA,NA,42,2021-08-03,2021-08-31,NA,NA,28,70,14,40,132
"1093","SIP","SIP01",2021,"SIP012021",2021-04-14,2021-05-26,NA,NA,42,2021-07-21,2021-08-18,NA,NA,28,70,4,22,137
"1094","SIP","SIP02",2021,"SIP022021",2021-04-14,2021-05-26,NA,NA,42,2021-07-21,2021-08-18,NA,NA,28,70,111,29,113
"1095","SIP","SIP03",2021,"SIP032021",2021-04-14,2021-05-26,NA,NA,42,2021-07-21,2021-08-18,NA,NA,28,70,11,31,120
"1096","SIP","SIP05",2021,"SIP052021",2021-04-14,2021-05-26,NA,NA,42,2021-07-21,2021-08-18,NA,NA,28,70,1,19,123
"1097","SIP","SIP06",2021,"SIP062021",2021-04-14,2021-05-26,NA,NA,42,2021-07-21,2021-08-18,NA,NA,28,70,12,24,178
"1098","SIP","SIP07",2021,"SIP072021",2021-04-14,2021-05-26,NA,NA,42,2021-07-21,2021-08-18,NA,NA,28,70,2,25,142
"1099","SIP","SIP08",2021,"SIP082021",2021-04-14,2021-05-26,NA,NA,42,2021-07-21,2021-08-18,NA,NA,28,70,1,20,62
"1100","SIP","SIP09",2021,"SIP092021",2021-04-14,2021-05-26,NA,NA,42,2021-07-21,2021-08-18,NA,NA,28,70,2,18,75
"1101","SIP","SIP10",2021,"SIP102021",2021-04-14,2021-05-26,NA,NA,42,2021-07-21,2021-08-18,NA,NA,28,70,1,20,49
"1102","SIP","SIP11",2021,"SIP112021",2021-04-14,2021-05-26,NA,NA,42,2021-07-21,2021-08-18,NA,NA,28,70,2,17,188
"1103","SIP","SIP12",2021,"SIP122021",2021-04-14,2021-05-26,NA,NA,42,2021-07-21,2021-08-18,NA,NA,28,70,4,23,120
"1104","SIP","SIP13",2021,"SIP132021",2021-04-14,2021-05-26,NA,NA,42,2021-07-21,2021-08-18,NA,NA,28,70,1,22,74
"1105","SIP","SIP14",2021,"SIP142021",2021-04-14,2021-05-26,NA,NA,42,2021-07-21,2021-08-18,NA,NA,28,70,5,24,71
"1106","SIP","SIP15",2021,"SIP152021",2021-04-14,2021-05-26,2021-04-28,2021-05-12,28,2021-07-21,2021-08-18,NA,NA,28,56,3,29,203
"1107","SIP","SIP16",2021,"SIP162021",2021-04-14,2021-05-26,NA,NA,42,2021-07-21,2021-08-18,NA,NA,28,70,9,25,169
"1108","SST","SST01",2021,"SST012021",2021-04-15,2021-05-27,NA,NA,42,2021-07-22,2021-08-19,NA,NA,28,70,38,33,118
"1109","SST","SST02",2021,"SST022021",2021-04-15,2021-05-27,NA,NA,42,2021-07-22,2021-08-19,NA,NA,28,70,27,39,224
"1110","SST","SST03",2021,"SST032021",2021-04-15,2021-05-27,NA,NA,42,2021-07-22,2021-08-19,NA,NA,28,70,43,36,397
"1111","SST","SST04",2021,"SST042021",2021-04-15,2021-05-27,NA,NA,42,2021-07-22,2021-08-19,NA,NA,28,70,405,39,279
"1112","SST","SST05",2021,"SST052021",2021-04-15,2021-05-27,NA,NA,42,2021-07-22,2021-08-19,NA,NA,28,70,119,26,142
"1113","SST","SST06",2021,"SST062021",2021-04-15,2021-05-27,2021-04-29,2021-05-13,28,2021-07-22,2021-08-19,NA,NA,28,56,26,42,291
"1114","SST","SST07",2021,"SST072021",2021-04-15,2021-05-27,NA,NA,42,2021-07-22,2021-08-19,NA,NA,28,70,27,26,89
"1115","SST","SST08",2021,"SST082021",2021-04-15,2021-05-27,NA,NA,42,2021-07-22,2021-08-19,NA,NA,28,70,36,29,109
"1116","SST","SST09",2021,"SST092021",2021-04-15,2021-05-27,NA,NA,42,2021-07-22,2021-08-19,NA,NA,28,70,5,39,285
"1117","SST","SST10",2021,"SST102021",2021-04-15,2021-05-27,NA,NA,42,2021-07-22,2021-08-19,NA,NA,28,70,19,17,97
"1118","SST","SST11",2021,"SST112021",2021-04-15,2021-05-27,NA,NA,42,2021-07-22,2021-08-19,NA,NA,28,70,313,27,84
"1119","SST","SST12",2021,"SST122021",2021-04-15,2021-05-27,2021-04-29,2021-05-13,28,2021-07-22,2021-08-19,NA,NA,28,56,23,22,68
"1120","SST","SST13",2021,"SST132021",2021-04-15,2021-05-27,NA,NA,42,2021-07-22,2021-08-19,NA,NA,28,70,15,33,172
"1121","SST","SST14",2021,"SST142021",2021-04-15,2021-05-27,NA,NA,42,2021-07-22,2021-08-19,NA,NA,28,70,4,23,63
"1122","SST","SST15",2021,"SST152021",2021-04-15,2021-05-27,NA,NA,42,2021-07-22,2021-08-19,NA,NA,28,70,7,35,126
"1123","SST","SST16",2021,"SST162021",2021-04-15,2021-05-27,NA,NA,42,2021-07-22,2021-08-19,NA,NA,28,70,19,45,287
"1124","WAN","WAN01",2021,"WAN012021",2021-04-13,2021-05-25,NA,NA,42,2021-07-20,2021-08-31,NA,NA,42,84,35,36,102
"1125","WAN","WAN02",2021,"WAN022021",2021-04-13,2021-05-25,NA,NA,42,2021-07-20,2021-08-31,NA,NA,42,84,30,32,109
"1126","WAN","WAN03",2021,"WAN032021",2021-04-13,2021-05-25,NA,NA,42,2021-07-20,2021-08-31,NA,NA,42,84,3,31,118
"1127","WAN","WAN04",2021,"WAN042021",2021-04-13,2021-05-25,NA,NA,42,2021-07-20,2021-08-31,NA,NA,42,84,5,34,132
"1128","WAN","WAN05",2021,"WAN052021",2021-04-13,2021-05-25,NA,NA,42,2021-07-20,2021-08-31,NA,NA,42,84,11,25,83
"1129","WAN","WAN06",2021,"WAN062021",2021-04-13,2021-05-25,NA,NA,42,2021-07-20,2021-08-31,NA,NA,42,84,10,46,210
"1130","WAN","WAN07",2021,"WAN072021",2021-04-13,2021-05-25,NA,NA,42,2021-07-20,2021-08-17,NA,NA,28,70,2,21,40
"1131","WAN","WAN08",2021,"WAN082021",2021-04-13,2021-05-25,NA,NA,42,2021-07-20,2021-08-31,NA,NA,42,84,0,26,128
"1132","WAN","WAN09",2021,"WAN092021",2021-04-13,2021-05-25,NA,NA,42,2021-07-20,2021-08-31,NA,NA,42,84,25,19,36
"1133","WAN","WAN10",2021,"WAN102021",2021-04-13,2021-05-25,NA,NA,42,2021-07-20,2021-08-31,NA,NA,42,84,7,45,270
"1134","WAN","WAN11",2021,"WAN112021",2021-04-13,2021-05-25,NA,NA,42,2021-07-20,2021-08-31,NA,NA,42,84,4,10,23
"1135","WAN","WAN12",2021,"WAN122021",2021-05-11,2021-05-25,NA,NA,14,2021-07-20,2021-08-31,NA,NA,42,56,8,41,210
"1136","WAN","WAN13",2021,"WAN132021",2021-04-13,2021-05-25,2021-04-27,2021-05-11,28,2021-07-20,2021-08-31,2021-08-03,2021-08-17,28,56,11,17,24
"1137","WAN","WAN14",2021,"WAN142021",2021-04-13,2021-05-25,NA,NA,42,2021-07-20,2021-08-31,NA,NA,42,84,15,36,88
"1138","WAN","WAN15",2021,"WAN152021",2021-04-13,2021-05-25,NA,NA,42,2021-07-20,2021-08-31,NA,NA,42,84,5,34,77
"1139","WAN","WAN16",2021,"WAN162021",2021-04-13,2021-05-25,NA,NA,42,2021-07-20,2021-08-31,NA,NA,42,84,4,22,57
