"","landscape","site","year","StartDate","EndDate","exposure","uniqueID","season","sample_ID","honey.bee.abund","mean.sampling.date"
"1","FBG","FBG01",2010,2010-05-02,2010-05-17,15,"FBG012010","spring","FBG012010_2010-05-02",0,129.5
"2","FBG","FBG02",2010,2010-05-02,2010-05-17,15,"FBG022010","spring","FBG022010_2010-05-02",1,129.5
"3","FBG","FBG03",2010,2010-05-02,2010-05-17,15,"FBG032010","spring","FBG032010_2010-05-02",0,129.5
"4","FBG","FBG04",2010,2010-05-02,2010-05-17,15,"FBG042010","spring","FBG042010_2010-05-02",0,129.5
"5","FBG","FBG05",2010,2010-05-02,2010-05-17,15,"FBG052010","spring","FBG052010_2010-05-02",0,129.5
"6","FBG","FBG06",2010,2010-05-02,2010-05-17,15,"FBG062010","spring","FBG062010_2010-05-02",0,129.5
"7","FBG","FBG07",2010,2010-05-02,2010-05-17,15,"FBG072010","spring","FBG072010_2010-05-02",0,129.5
"8","FBG","FBG08",2010,2010-05-02,2010-05-17,15,"FBG082010","spring","FBG082010_2010-05-02",1,129.5
"9","FBG","FBG09",2010,2010-05-02,2010-05-17,15,"FBG092010","spring","FBG092010_2010-05-02",0,129.5
"10","FBG","FBG10",2010,2010-05-02,2010-05-17,15,"FBG102010","spring","FBG102010_2010-05-02",0,129.5
"11","FBG","FBG11",2010,2010-05-02,2010-05-17,15,"FBG112010","spring","FBG112010_2010-05-02",2,129.5
"12","FBG","FBG12",2010,2010-05-02,2010-05-17,15,"FBG122010","spring","FBG122010_2010-05-02",0,129.5
"13","FBG","FBG13",2010,2010-05-02,2010-05-17,15,"FBG132010","spring","FBG132010_2010-05-02",0,129.5
"14","FBG","FBG14",2010,2010-05-02,2010-05-17,15,"FBG142010","spring","FBG142010_2010-05-02",0,129.5
"15","FBG","FBG15",2010,2010-05-02,2010-05-17,15,"FBG152010","spring","FBG152010_2010-05-02",0,129.5
"16","FBG","FBG16",2010,2010-05-02,2010-05-17,15,"FBG162010","spring","FBG162010_2010-05-02",0,129.5
"17","SST","SST01",2010,2010-05-02,2010-05-17,15,"SST012010","spring","SST012010_2010-05-02",0,129.5
"18","SST","SST02",2010,2010-05-02,2010-05-17,15,"SST022010","spring","SST022010_2010-05-02",0,129.5
"19","SST","SST03",2010,2010-05-02,2010-05-17,15,"SST032010","spring","SST032010_2010-05-02",0,129.5
"20","SST","SST04",2010,2010-05-02,2010-05-17,15,"SST042010","spring","SST042010_2010-05-02",0,129.5
"21","SST","SST05",2010,2010-05-02,2010-05-17,15,"SST052010","spring","SST052010_2010-05-02",0,129.5
"22","SST","SST06",2010,2010-05-02,2010-05-17,15,"SST062010","spring","SST062010_2010-05-02",0,129.5
"23","SST","SST07",2010,2010-05-02,2010-05-17,15,"SST072010","spring","SST072010_2010-05-02",0,129.5
"24","SST","SST08",2010,2010-05-02,2010-05-17,15,"SST082010","spring","SST082010_2010-05-02",0,129.5
"25","SST","SST09",2010,2010-05-02,2010-05-17,15,"SST092010","spring","SST092010_2010-05-02",0,129.5
"26","SST","SST10",2010,2010-05-02,2010-05-17,15,"SST102010","spring","SST102010_2010-05-02",0,129.5
"27","SST","SST11",2010,2010-05-02,2010-05-17,15,"SST112010","spring","SST112010_2010-05-02",0,129.5
"28","SST","SST13",2010,2010-05-02,2010-05-17,15,"SST132010","spring","SST132010_2010-05-02",1,129.5
"29","SST","SST14",2010,2010-05-02,2010-05-17,15,"SST142010","spring","SST142010_2010-05-02",0,129.5
"30","SST","SST15",2010,2010-05-02,2010-05-17,15,"SST152010","spring","SST152010_2010-05-02",0,129.5
"31","SST","SST16",2010,2010-05-02,2010-05-17,15,"SST162010","spring","SST162010_2010-05-02",0,129.5
"32","FBG","FBG01",2010,2010-05-17,2010-05-24,7,"FBG012010","spring","FBG012010_2010-05-17",0,140.5
"33","FBG","FBG02",2010,2010-05-17,2010-05-24,7,"FBG022010","spring","FBG022010_2010-05-17",0,140.5
"34","FBG","FBG03",2010,2010-05-17,2010-05-24,7,"FBG032010","spring","FBG032010_2010-05-17",0,140.5
"35","FBG","FBG04",2010,2010-05-17,2010-05-24,7,"FBG042010","spring","FBG042010_2010-05-17",0,140.5
"36","FBG","FBG05",2010,2010-05-17,2010-05-24,7,"FBG052010","spring","FBG052010_2010-05-17",0,140.5
"37","FBG","FBG06",2010,2010-05-17,2010-05-24,7,"FBG062010","spring","FBG062010_2010-05-17",0,140.5
"38","FBG","FBG07",2010,2010-05-17,2010-05-24,7,"FBG072010","spring","FBG072010_2010-05-17",1,140.5
"39","FBG","FBG08",2010,2010-05-17,2010-05-24,7,"FBG082010","spring","FBG082010_2010-05-17",0,140.5
"40","FBG","FBG09",2010,2010-05-17,2010-05-24,7,"FBG092010","spring","FBG092010_2010-05-17",0,140.5
"41","FBG","FBG10",2010,2010-05-17,2010-05-24,7,"FBG102010","spring","FBG102010_2010-05-17",0,140.5
"42","FBG","FBG11",2010,2010-05-17,2010-05-24,7,"FBG112010","spring","FBG112010_2010-05-17",1,140.5
"43","FBG","FBG12",2010,2010-05-17,2010-05-24,7,"FBG122010","spring","FBG122010_2010-05-17",0,140.5
"44","FBG","FBG13",2010,2010-05-17,2010-05-24,7,"FBG132010","spring","FBG132010_2010-05-17",1,140.5
"45","FBG","FBG14",2010,2010-05-17,2010-05-24,7,"FBG142010","spring","FBG142010_2010-05-17",1,140.5
"46","FBG","FBG15",2010,2010-05-17,2010-05-24,7,"FBG152010","spring","FBG152010_2010-05-17",0,140.5
"47","FBG","FBG16",2010,2010-05-17,2010-05-24,7,"FBG162010","spring","FBG162010_2010-05-17",0,140.5
"48","SST","SST01",2010,2010-05-17,2010-05-24,7,"SST012010","spring","SST012010_2010-05-17",0,140.5
"49","SST","SST02",2010,2010-05-17,2010-05-24,7,"SST022010","spring","SST022010_2010-05-17",0,140.5
"50","SST","SST03",2010,2010-05-17,2010-05-24,7,"SST032010","spring","SST032010_2010-05-17",0,140.5
"51","SST","SST04",2010,2010-05-17,2010-05-24,7,"SST042010","spring","SST042010_2010-05-17",0,140.5
"52","SST","SST05",2010,2010-05-17,2010-05-24,7,"SST052010","spring","SST052010_2010-05-17",0,140.5
"53","SST","SST06",2010,2010-05-17,2010-05-24,7,"SST062010","spring","SST062010_2010-05-17",0,140.5
"54","SST","SST07",2010,2010-05-17,2010-05-24,7,"SST072010","spring","SST072010_2010-05-17",0,140.5
"55","SST","SST08",2010,2010-05-17,2010-05-24,7,"SST082010","spring","SST082010_2010-05-17",0,140.5
"56","SST","SST09",2010,2010-05-17,2010-05-24,7,"SST092010","spring","SST092010_2010-05-17",0,140.5
"57","SST","SST10",2010,2010-05-17,2010-05-24,7,"SST102010","spring","SST102010_2010-05-17",0,140.5
"58","SST","SST11",2010,2010-05-17,2010-05-24,7,"SST112010","spring","SST112010_2010-05-17",0,140.5
"59","SST","SST12",2010,2010-05-17,2010-05-24,7,"SST122010","spring","SST122010_2010-05-17",1,140.5
"60","SST","SST13",2010,2010-05-17,2010-05-24,7,"SST132010","spring","SST132010_2010-05-17",0,140.5
"61","SST","SST14",2010,2010-05-17,2010-05-24,7,"SST142010","spring","SST142010_2010-05-17",0,140.5
"62","SST","SST15",2010,2010-05-17,2010-05-24,7,"SST152010","spring","SST152010_2010-05-17",0,140.5
"63","SST","SST16",2010,2010-05-17,2010-05-24,7,"SST162010","spring","SST162010_2010-05-17",0,140.5
"64","WAN","WAN01",2010,2010-05-03,2010-05-25,22,"WAN012010","spring","WAN012010_2010-05-03",0,134
"65","WAN","WAN02",2010,2010-05-03,2010-05-25,22,"WAN022010","spring","WAN022010_2010-05-03",0,134
"66","WAN","WAN03",2010,2010-05-03,2010-05-25,22,"WAN032010","spring","WAN032010_2010-05-03",0,134
"67","WAN","WAN04",2010,2010-05-03,2010-05-25,22,"WAN042010","spring","WAN042010_2010-05-03",0,134
"68","WAN","WAN05",2010,2010-05-03,2010-05-25,22,"WAN052010","spring","WAN052010_2010-05-03",0,134
"69","WAN","WAN06",2010,2010-05-03,2010-05-25,22,"WAN062010","spring","WAN062010_2010-05-03",0,134
"70","WAN","WAN07",2010,2010-05-03,2010-05-25,22,"WAN072010","spring","WAN072010_2010-05-03",0,134
"71","WAN","WAN08",2010,2010-05-03,2010-05-25,22,"WAN082010","spring","WAN082010_2010-05-03",0,134
"72","WAN","WAN09",2010,2010-05-03,2010-05-25,22,"WAN092010","spring","WAN092010_2010-05-03",0,134
"73","WAN","WAN10",2010,2010-05-03,2010-05-25,22,"WAN102010","spring","WAN102010_2010-05-03",0,134
"74","WAN","WAN11",2010,2010-05-03,2010-05-25,22,"WAN112010","spring","WAN112010_2010-05-03",0,134
"75","WAN","WAN12",2010,2010-05-03,2010-05-25,22,"WAN122010","spring","WAN122010_2010-05-03",0,134
"76","WAN","WAN13",2010,2010-05-03,2010-05-25,22,"WAN132010","spring","WAN132010_2010-05-03",0,134
"77","WAN","WAN14",2010,2010-05-03,2010-05-25,22,"WAN142010","spring","WAN142010_2010-05-03",0,134
"78","WAN","WAN15",2010,2010-05-03,2010-05-25,22,"WAN152010","spring","WAN152010_2010-05-03",1,134
"79","WAN","WAN16",2010,2010-05-03,2010-05-25,22,"WAN162010","spring","WAN162010_2010-05-03",0,134
"80","HAR","HAR01",2010,2010-05-11,2010-05-25,14,"HAR012010","spring","HAR012010_2010-05-11",0,138
"81","HAR","HAR02",2010,2010-05-11,2010-05-25,14,"HAR022010","spring","HAR022010_2010-05-11",0,138
"82","HAR","HAR03",2010,2010-05-11,2010-05-25,14,"HAR032010","spring","HAR032010_2010-05-11",0,138
"83","HAR","HAR04",2010,2010-05-11,2010-05-25,14,"HAR042010","spring","HAR042010_2010-05-11",1,138
"84","HAR","HAR06",2010,2010-05-11,2010-05-25,14,"HAR062010","spring","HAR062010_2010-05-11",4,138
"85","HAR","HAR07",2010,2010-05-11,2010-05-25,14,"HAR072010","spring","HAR072010_2010-05-11",0,138
"86","HAR","HAR08",2010,2010-05-11,2010-05-25,14,"HAR082010","spring","HAR082010_2010-05-11",0,138
"87","HAR","HAR09",2010,2010-05-11,2010-05-25,14,"HAR092010","spring","HAR092010_2010-05-11",0,138
"88","HAR","HAR10",2010,2010-05-11,2010-05-25,14,"HAR102010","spring","HAR102010_2010-05-11",1,138
"89","HAR","HAR11",2010,2010-05-11,2010-05-25,14,"HAR112010","spring","HAR112010_2010-05-11",0,138
"90","HAR","HAR12",2010,2010-05-11,2010-05-25,14,"HAR122010","spring","HAR122010_2010-05-11",0,138
"91","HAR","HAR13",2010,2010-05-11,2010-05-25,14,"HAR132010","spring","HAR132010_2010-05-11",0,138
"92","HAR","HAR14",2010,2010-05-11,2010-05-25,14,"HAR142010","spring","HAR142010_2010-05-11",0,138
"93","HAR","HAR15",2010,2010-05-11,2010-05-25,14,"HAR152010","spring","HAR152010_2010-05-11",6,138
"94","HAR","HAR16",2010,2010-05-11,2010-05-25,14,"HAR162010","spring","HAR162010_2010-05-11",3,138
"95","GFH","GFH01",2010,2010-05-04,2010-05-26,22,"GFH012010","spring","GFH012010_2010-05-04",0,135
"96","GFH","GFH02",2010,2010-05-04,2010-05-26,22,"GFH022010","spring","GFH022010_2010-05-04",2,135
"97","GFH","GFH03",2010,2010-05-04,2010-05-26,22,"GFH032010","spring","GFH032010_2010-05-04",0,135
"98","GFH","GFH04",2010,2010-05-04,2010-05-26,22,"GFH042010","spring","GFH042010_2010-05-04",3,135
"99","GFH","GFH05",2010,2010-05-04,2010-05-26,22,"GFH052010","spring","GFH052010_2010-05-04",0,135
"100","GFH","GFH06",2010,2010-05-04,2010-05-26,22,"GFH062010","spring","GFH062010_2010-05-04",0,135
"101","GFH","GFH07",2010,2010-05-04,2010-05-26,22,"GFH072010","spring","GFH072010_2010-05-04",0,135
"102","GFH","GFH08",2010,2010-05-04,2010-05-26,22,"GFH082010","spring","GFH082010_2010-05-04",0,135
"103","GFH","GFH09",2010,2010-05-04,2010-05-26,22,"GFH092010","spring","GFH092010_2010-05-04",0,135
"104","GFH","GFH10",2010,2010-05-04,2010-05-26,22,"GFH102010","spring","GFH102010_2010-05-04",0,135
"105","GFH","GFH11",2010,2010-05-04,2010-05-26,22,"GFH112010","spring","GFH112010_2010-05-04",1,135
"106","GFH","GFH12",2010,2010-05-04,2010-05-26,22,"GFH122010","spring","GFH122010_2010-05-04",0,135
"107","GFH","GFH13",2010,2010-05-04,2010-05-26,22,"GFH132010","spring","GFH132010_2010-05-04",4,135
"108","GFH","GFH14",2010,2010-05-04,2010-05-26,22,"GFH142010","spring","GFH142010_2010-05-04",0,135
"109","GFH","GFH15",2010,2010-05-04,2010-05-26,22,"GFH152010","spring","GFH152010_2010-05-04",0,135
"110","GFH","GFH16",2010,2010-05-04,2010-05-26,22,"GFH162010","spring","GFH162010_2010-05-04",0,135
"111","SIP","SIP01",2010,2010-05-04,2010-05-26,22,"SIP012010","spring","SIP012010_2010-05-04",3,135
"112","SIP","SIP02",2010,2010-05-04,2010-05-26,22,"SIP022010","spring","SIP022010_2010-05-04",0,135
"113","SIP","SIP03",2010,2010-05-04,2010-05-26,22,"SIP032010","spring","SIP032010_2010-05-04",0,135
"114","SIP","SIP05",2010,2010-05-04,2010-05-26,22,"SIP052010","spring","SIP052010_2010-05-04",0,135
"115","SIP","SIP06",2010,2010-05-04,2010-05-26,22,"SIP062010","spring","SIP062010_2010-05-04",2,135
"116","SIP","SIP07",2010,2010-05-04,2010-05-26,22,"SIP072010","spring","SIP072010_2010-05-04",0,135
"117","SIP","SIP08",2010,2010-05-04,2010-05-26,22,"SIP082010","spring","SIP082010_2010-05-04",0,135
"118","SIP","SIP09",2010,2010-05-04,2010-05-26,22,"SIP092010","spring","SIP092010_2010-05-04",0,135
"119","SIP","SIP10",2010,2010-05-04,2010-05-26,22,"SIP102010","spring","SIP102010_2010-05-04",0,135
"120","SIP","SIP11",2010,2010-05-04,2010-05-26,22,"SIP112010","spring","SIP112010_2010-05-04",0,135
"121","SIP","SIP12",2010,2010-05-04,2010-05-26,22,"SIP122010","spring","SIP122010_2010-05-04",0,135
"122","SIP","SIP13",2010,2010-05-04,2010-05-26,22,"SIP132010","spring","SIP132010_2010-05-04",0,135
"123","SIP","SIP14",2010,2010-05-04,2010-05-26,22,"SIP142010","spring","SIP142010_2010-05-04",0,135
"124","SIP","SIP15",2010,2010-05-04,2010-05-26,22,"SIP152010","spring","SIP152010_2010-05-04",0,135
"125","SIP","SIP16",2010,2010-05-04,2010-05-26,22,"SIP162010","spring","SIP162010_2010-05-04",1,135
"126","FBG","FBG01",2010,2010-05-24,2010-06-07,14,"FBG012010","spring","FBG012010_2010-05-24",2,151
"127","FBG","FBG02",2010,2010-05-24,2010-06-07,14,"FBG022010","spring","FBG022010_2010-05-24",5,151
"128","FBG","FBG03",2010,2010-05-24,2010-06-07,14,"FBG032010","spring","FBG032010_2010-05-24",0,151
"129","FBG","FBG04",2010,2010-05-24,2010-06-07,14,"FBG042010","spring","FBG042010_2010-05-24",0,151
"130","FBG","FBG05",2010,2010-05-24,2010-06-07,14,"FBG052010","spring","FBG052010_2010-05-24",0,151
"131","FBG","FBG06",2010,2010-05-24,2010-06-07,14,"FBG062010","spring","FBG062010_2010-05-24",1,151
"132","FBG","FBG07",2010,2010-05-24,2010-06-07,14,"FBG072010","spring","FBG072010_2010-05-24",0,151
"133","FBG","FBG08",2010,2010-05-24,2010-06-07,14,"FBG082010","spring","FBG082010_2010-05-24",1,151
"134","FBG","FBG09",2010,2010-05-24,2010-06-07,14,"FBG092010","spring","FBG092010_2010-05-24",0,151
"135","FBG","FBG10",2010,2010-05-24,2010-06-07,14,"FBG102010","spring","FBG102010_2010-05-24",0,151
"136","FBG","FBG11",2010,2010-05-24,2010-06-07,14,"FBG112010","spring","FBG112010_2010-05-24",2,151
"137","FBG","FBG12",2010,2010-05-24,2010-06-07,14,"FBG122010","spring","FBG122010_2010-05-24",1,151
"138","FBG","FBG13",2010,2010-05-24,2010-06-07,14,"FBG132010","spring","FBG132010_2010-05-24",0,151
"139","FBG","FBG14",2010,2010-05-24,2010-06-07,14,"FBG142010","spring","FBG142010_2010-05-24",0,151
"140","FBG","FBG15",2010,2010-05-24,2010-06-07,14,"FBG152010","spring","FBG152010_2010-05-24",0,151
"141","FBG","FBG16",2010,2010-05-24,2010-06-07,14,"FBG162010","spring","FBG162010_2010-05-24",1,151
"142","SST","SST01",2010,2010-05-24,2010-06-07,14,"SST012010","spring","SST012010_2010-05-24",0,151
"143","SST","SST02",2010,2010-05-24,2010-06-07,14,"SST022010","spring","SST022010_2010-05-24",0,151
"144","SST","SST03",2010,2010-05-24,2010-06-07,14,"SST032010","spring","SST032010_2010-05-24",0,151
"145","SST","SST04",2010,2010-05-24,2010-06-07,14,"SST042010","spring","SST042010_2010-05-24",0,151
"146","SST","SST05",2010,2010-05-24,2010-06-07,14,"SST052010","spring","SST052010_2010-05-24",0,151
"147","SST","SST06",2010,2010-05-24,2010-06-07,14,"SST062010","spring","SST062010_2010-05-24",0,151
"148","SST","SST07",2010,2010-05-24,2010-06-07,14,"SST072010","spring","SST072010_2010-05-24",0,151
"149","SST","SST08",2010,2010-05-24,2010-06-07,14,"SST082010","spring","SST082010_2010-05-24",0,151
"150","SST","SST09",2010,2010-05-24,2010-06-07,14,"SST092010","spring","SST092010_2010-05-24",0,151
"151","SST","SST10",2010,2010-05-24,2010-06-07,14,"SST102010","spring","SST102010_2010-05-24",0,151
"152","SST","SST11",2010,2010-05-24,2010-06-07,14,"SST112010","spring","SST112010_2010-05-24",0,151
"153","SST","SST12",2010,2010-05-24,2010-06-07,14,"SST122010","spring","SST122010_2010-05-24",0,151
"154","SST","SST13",2010,2010-05-24,2010-06-07,14,"SST132010","spring","SST132010_2010-05-24",0,151
"155","SST","SST14",2010,2010-05-24,2010-06-07,14,"SST142010","spring","SST142010_2010-05-24",0,151
"156","SST","SST15",2010,2010-05-24,2010-06-07,14,"SST152010","spring","SST152010_2010-05-24",2,151
"157","SST","SST16",2010,2010-05-24,2010-06-07,14,"SST162010","spring","SST162010_2010-05-24",0,151
"158","HAR","HAR01",2010,2010-05-25,2010-06-08,14,"HAR012010","spring","HAR012010_2010-05-25",4,152
"159","HAR","HAR02",2010,2010-05-25,2010-06-08,14,"HAR022010","spring","HAR022010_2010-05-25",2,152
"160","HAR","HAR03",2010,2010-05-25,2010-06-08,14,"HAR032010","spring","HAR032010_2010-05-25",0,152
"161","HAR","HAR04",2010,2010-05-25,2010-06-08,14,"HAR042010","spring","HAR042010_2010-05-25",2,152
"162","HAR","HAR05",2010,2010-05-25,2010-06-08,14,"HAR052010","spring","HAR052010_2010-05-25",3,152
"163","HAR","HAR06",2010,2010-05-25,2010-06-08,14,"HAR062010","spring","HAR062010_2010-05-25",24,152
"164","HAR","HAR07",2010,2010-05-25,2010-06-08,14,"HAR072010","spring","HAR072010_2010-05-25",3,152
"165","HAR","HAR08",2010,2010-05-25,2010-06-08,14,"HAR082010","spring","HAR082010_2010-05-25",1,152
"166","HAR","HAR09",2010,2010-05-25,2010-06-08,14,"HAR092010","spring","HAR092010_2010-05-25",3,152
"167","HAR","HAR10",2010,2010-05-25,2010-06-08,14,"HAR102010","spring","HAR102010_2010-05-25",5,152
"168","HAR","HAR11",2010,2010-05-25,2010-06-08,14,"HAR112010","spring","HAR112010_2010-05-25",0,152
"169","HAR","HAR12",2010,2010-05-25,2010-06-08,14,"HAR122010","spring","HAR122010_2010-05-25",1,152
"170","HAR","HAR13",2010,2010-05-25,2010-06-08,14,"HAR132010","spring","HAR132010_2010-05-25",2,152
"171","HAR","HAR14",2010,2010-05-25,2010-06-08,14,"HAR142010","spring","HAR142010_2010-05-25",5,152
"172","HAR","HAR15",2010,2010-05-25,2010-06-08,14,"HAR152010","spring","HAR152010_2010-05-25",1,152
"173","HAR","HAR16",2010,2010-05-25,2010-06-08,14,"HAR162010","spring","HAR162010_2010-05-25",10,152
"174","WAN","WAN01",2010,2010-05-25,2010-06-08,14,"WAN012010","spring","WAN012010_2010-05-25",0,152
"175","WAN","WAN02",2010,2010-05-25,2010-06-08,14,"WAN022010","spring","WAN022010_2010-05-25",0,152
"176","WAN","WAN03",2010,2010-05-25,2010-06-08,14,"WAN032010","spring","WAN032010_2010-05-25",0,152
"177","WAN","WAN04",2010,2010-05-25,2010-06-08,14,"WAN042010","spring","WAN042010_2010-05-25",0,152
"178","WAN","WAN05",2010,2010-05-25,2010-06-08,14,"WAN052010","spring","WAN052010_2010-05-25",0,152
"179","WAN","WAN06",2010,2010-05-25,2010-06-08,14,"WAN062010","spring","WAN062010_2010-05-25",0,152
"180","WAN","WAN07",2010,2010-05-25,2010-06-08,14,"WAN072010","spring","WAN072010_2010-05-25",0,152
"181","WAN","WAN08",2010,2010-05-25,2010-06-08,14,"WAN082010","spring","WAN082010_2010-05-25",0,152
"182","WAN","WAN09",2010,2010-05-25,2010-06-08,14,"WAN092010","spring","WAN092010_2010-05-25",1,152
"183","WAN","WAN10",2010,2010-05-25,2010-06-08,14,"WAN102010","spring","WAN102010_2010-05-25",0,152
"184","WAN","WAN11",2010,2010-05-25,2010-06-08,14,"WAN112010","spring","WAN112010_2010-05-25",0,152
"185","WAN","WAN12",2010,2010-05-25,2010-06-08,14,"WAN122010","spring","WAN122010_2010-05-25",1,152
"186","WAN","WAN13",2010,2010-05-25,2010-06-08,14,"WAN132010","spring","WAN132010_2010-05-25",0,152
"187","WAN","WAN14",2010,2010-05-25,2010-06-08,14,"WAN142010","spring","WAN142010_2010-05-25",0,152
"188","WAN","WAN15",2010,2010-05-25,2010-06-08,14,"WAN152010","spring","WAN152010_2010-05-25",0,152
"189","WAN","WAN16",2010,2010-05-25,2010-06-08,14,"WAN162010","spring","WAN162010_2010-05-25",1,152
"190","GFH","GFH01",2010,2010-05-26,2010-06-09,14,"GFH012010","spring","GFH012010_2010-05-26",0,153
"191","GFH","GFH02",2010,2010-05-26,2010-06-09,14,"GFH022010","spring","GFH022010_2010-05-26",0,153
"192","GFH","GFH03",2010,2010-05-26,2010-06-09,14,"GFH032010","spring","GFH032010_2010-05-26",0,153
"193","GFH","GFH05",2010,2010-05-26,2010-06-09,14,"GFH052010","spring","GFH052010_2010-05-26",1,153
"194","GFH","GFH06",2010,2010-05-26,2010-06-09,14,"GFH062010","spring","GFH062010_2010-05-26",0,153
"195","GFH","GFH07",2010,2010-05-26,2010-06-09,14,"GFH072010","spring","GFH072010_2010-05-26",5,153
"196","GFH","GFH08",2010,2010-05-26,2010-06-09,14,"GFH082010","spring","GFH082010_2010-05-26",0,153
"197","GFH","GFH09",2010,2010-05-26,2010-06-09,14,"GFH092010","spring","GFH092010_2010-05-26",0,153
"198","GFH","GFH10",2010,2010-05-26,2010-06-09,14,"GFH102010","spring","GFH102010_2010-05-26",1,153
"199","GFH","GFH11",2010,2010-05-26,2010-06-09,14,"GFH112010","spring","GFH112010_2010-05-26",0,153
"200","GFH","GFH12",2010,2010-05-26,2010-06-09,14,"GFH122010","spring","GFH122010_2010-05-26",4,153
"201","GFH","GFH13",2010,2010-05-26,2010-06-09,14,"GFH132010","spring","GFH132010_2010-05-26",8,153
"202","GFH","GFH14",2010,2010-05-26,2010-06-09,14,"GFH142010","spring","GFH142010_2010-05-26",1,153
"203","GFH","GFH15",2010,2010-05-26,2010-06-09,14,"GFH152010","spring","GFH152010_2010-05-26",3,153
"204","GFH","GFH16",2010,2010-05-26,2010-06-09,14,"GFH162010","spring","GFH162010_2010-05-26",1,153
"205","SIP","SIP01",2010,2010-05-26,2010-06-09,14,"SIP012010","spring","SIP012010_2010-05-26",11,153
"206","SIP","SIP02",2010,2010-05-26,2010-06-09,14,"SIP022010","spring","SIP022010_2010-05-26",0,153
"207","SIP","SIP03",2010,2010-05-26,2010-06-09,14,"SIP032010","spring","SIP032010_2010-05-26",0,153
"208","SIP","SIP05",2010,2010-05-26,2010-06-09,14,"SIP052010","spring","SIP052010_2010-05-26",6,153
"209","SIP","SIP06",2010,2010-05-26,2010-06-09,14,"SIP062010","spring","SIP062010_2010-05-26",1,153
"210","SIP","SIP07",2010,2010-05-26,2010-06-09,14,"SIP072010","spring","SIP072010_2010-05-26",1,153
"211","SIP","SIP08",2010,2010-05-26,2010-06-09,14,"SIP082010","spring","SIP082010_2010-05-26",0,153
"212","SIP","SIP09",2010,2010-05-26,2010-06-09,14,"SIP092010","spring","SIP092010_2010-05-26",0,153
"213","SIP","SIP10",2010,2010-05-26,2010-06-09,14,"SIP102010","spring","SIP102010_2010-05-26",2,153
"214","SIP","SIP11",2010,2010-05-26,2010-06-09,14,"SIP112010","spring","SIP112010_2010-05-26",2,153
"215","SIP","SIP12",2010,2010-05-26,2010-06-09,14,"SIP122010","spring","SIP122010_2010-05-26",2,153
"216","SIP","SIP13",2010,2010-05-26,2010-06-09,14,"SIP132010","spring","SIP132010_2010-05-26",0,153
"217","SIP","SIP14",2010,2010-05-26,2010-06-09,14,"SIP142010","spring","SIP142010_2010-05-26",0,153
"218","SIP","SIP15",2010,2010-05-26,2010-06-09,14,"SIP152010","spring","SIP152010_2010-05-26",1,153
"219","SIP","SIP16",2010,2010-05-26,2010-06-09,14,"SIP162010","spring","SIP162010_2010-05-26",0,153
"220","FBG","FBG01",2011,2011-05-02,2011-05-16,14,"FBG012011","spring","FBG012011_2011-05-02",4,129
"221","FBG","FBG02",2011,2011-05-02,2011-05-16,14,"FBG022011","spring","FBG022011_2011-05-02",0,129
"222","FBG","FBG03",2011,2011-05-02,2011-05-16,14,"FBG032011","spring","FBG032011_2011-05-02",1,129
"223","FBG","FBG04",2011,2011-05-02,2011-05-16,14,"FBG042011","spring","FBG042011_2011-05-02",0,129
"224","FBG","FBG05",2011,2011-05-02,2011-05-16,14,"FBG052011","spring","FBG052011_2011-05-02",1,129
"225","FBG","FBG06",2011,2011-05-02,2011-05-16,14,"FBG062011","spring","FBG062011_2011-05-02",0,129
"226","FBG","FBG07",2011,2011-05-02,2011-05-16,14,"FBG072011","spring","FBG072011_2011-05-02",0,129
"227","FBG","FBG08",2011,2011-05-02,2011-05-16,14,"FBG082011","spring","FBG082011_2011-05-02",1,129
"228","FBG","FBG09",2011,2011-05-02,2011-05-16,14,"FBG092011","spring","FBG092011_2011-05-02",0,129
"229","FBG","FBG10",2011,2011-05-02,2011-05-16,14,"FBG102011","spring","FBG102011_2011-05-02",2,129
"230","FBG","FBG11",2011,2011-05-02,2011-05-16,14,"FBG112011","spring","FBG112011_2011-05-02",1,129
"231","FBG","FBG12",2011,2011-05-02,2011-05-16,14,"FBG122011","spring","FBG122011_2011-05-02",0,129
"232","FBG","FBG13",2011,2011-05-02,2011-05-16,14,"FBG132011","spring","FBG132011_2011-05-02",24,129
"233","FBG","FBG14",2011,2011-05-02,2011-05-16,14,"FBG142011","spring","FBG142011_2011-05-02",15,129
"234","FBG","FBG16",2011,2011-05-02,2011-05-16,14,"FBG162011","spring","FBG162011_2011-05-02",0,129
"235","SST","SST01",2011,2011-05-02,2011-05-16,14,"SST012011","spring","SST012011_2011-05-02",0,129
"236","SST","SST02",2011,2011-05-02,2011-05-16,14,"SST022011","spring","SST022011_2011-05-02",0,129
"237","SST","SST03",2011,2011-05-02,2011-05-16,14,"SST032011","spring","SST032011_2011-05-02",0,129
"238","SST","SST04",2011,2011-05-02,2011-05-16,14,"SST042011","spring","SST042011_2011-05-02",0,129
"239","SST","SST05",2011,2011-05-02,2011-05-16,14,"SST052011","spring","SST052011_2011-05-02",0,129
"240","SST","SST06",2011,2011-05-02,2011-05-16,14,"SST062011","spring","SST062011_2011-05-02",0,129
"241","SST","SST07",2011,2011-05-02,2011-05-16,14,"SST072011","spring","SST072011_2011-05-02",0,129
"242","SST","SST08",2011,2011-05-02,2011-05-16,14,"SST082011","spring","SST082011_2011-05-02",0,129
"243","SST","SST09",2011,2011-05-02,2011-05-16,14,"SST092011","spring","SST092011_2011-05-02",0,129
"244","SST","SST10",2011,2011-05-02,2011-05-16,14,"SST102011","spring","SST102011_2011-05-02",0,129
"245","SST","SST11",2011,2011-05-02,2011-05-16,14,"SST112011","spring","SST112011_2011-05-02",0,129
"246","SST","SST12",2011,2011-05-02,2011-05-16,14,"SST122011","spring","SST122011_2011-05-02",0,129
"247","SST","SST13",2011,2011-05-02,2011-05-16,14,"SST132011","spring","SST132011_2011-05-02",1,129
"248","SST","SST14",2011,2011-05-02,2011-05-16,14,"SST142011","spring","SST142011_2011-05-02",0,129
"249","SST","SST15",2011,2011-05-02,2011-05-16,14,"SST152011","spring","SST152011_2011-05-02",0,129
"250","SST","SST16",2011,2011-05-02,2011-05-16,14,"SST162011","spring","SST162011_2011-05-02",0,129
"251","HAR","HAR01",2011,2011-05-03,2011-05-17,14,"HAR012011","spring","HAR012011_2011-05-03",1,130
"252","HAR","HAR02",2011,2011-05-03,2011-05-17,14,"HAR022011","spring","HAR022011_2011-05-03",0,130
"253","HAR","HAR03",2011,2011-05-03,2011-05-17,14,"HAR032011","spring","HAR032011_2011-05-03",1,130
"254","HAR","HAR04",2011,2011-05-03,2011-05-17,14,"HAR042011","spring","HAR042011_2011-05-03",0,130
"255","HAR","HAR05",2011,2011-05-03,2011-05-17,14,"HAR052011","spring","HAR052011_2011-05-03",2,130
"256","HAR","HAR06",2011,2011-05-03,2011-05-17,14,"HAR062011","spring","HAR062011_2011-05-03",2,130
"257","HAR","HAR07",2011,2011-05-03,2011-05-17,14,"HAR072011","spring","HAR072011_2011-05-03",0,130
"258","HAR","HAR08",2011,2011-05-03,2011-05-17,14,"HAR082011","spring","HAR082011_2011-05-03",1,130
"259","HAR","HAR09",2011,2011-05-03,2011-05-17,14,"HAR092011","spring","HAR092011_2011-05-03",2,130
"260","HAR","HAR10",2011,2011-05-03,2011-05-17,14,"HAR102011","spring","HAR102011_2011-05-03",0,130
"261","HAR","HAR11",2011,2011-05-03,2011-05-17,14,"HAR112011","spring","HAR112011_2011-05-03",5,130
"262","HAR","HAR12",2011,2011-05-03,2011-05-17,14,"HAR122011","spring","HAR122011_2011-05-03",2,130
"263","HAR","HAR13",2011,2011-05-03,2011-05-17,14,"HAR132011","spring","HAR132011_2011-05-03",0,130
"264","HAR","HAR14",2011,2011-05-03,2011-05-17,14,"HAR142011","spring","HAR142011_2011-05-03",2,130
"265","HAR","HAR15",2011,2011-05-03,2011-05-17,14,"HAR152011","spring","HAR152011_2011-05-03",3,130
"266","HAR","HAR16",2011,2011-05-03,2011-05-17,14,"HAR162011","spring","HAR162011_2011-05-03",40,130
"267","WAN","WAN01",2011,2011-05-03,2011-05-17,14,"WAN012011","spring","WAN012011_2011-05-03",0,130
"268","WAN","WAN02",2011,2011-05-03,2011-05-17,14,"WAN022011","spring","WAN022011_2011-05-03",0,130
"269","WAN","WAN03",2011,2011-05-03,2011-05-17,14,"WAN032011","spring","WAN032011_2011-05-03",2,130
"270","WAN","WAN04",2011,2011-05-03,2011-05-17,14,"WAN042011","spring","WAN042011_2011-05-03",47,130
"271","WAN","WAN05",2011,2011-05-03,2011-05-17,14,"WAN052011","spring","WAN052011_2011-05-03",0,130
"272","WAN","WAN06",2011,2011-05-03,2011-05-17,14,"WAN062011","spring","WAN062011_2011-05-03",0,130
"273","WAN","WAN07",2011,2011-05-03,2011-05-17,14,"WAN072011","spring","WAN072011_2011-05-03",0,130
"274","WAN","WAN08",2011,2011-05-03,2011-05-17,14,"WAN082011","spring","WAN082011_2011-05-03",0,130
"275","WAN","WAN09",2011,2011-05-03,2011-05-17,14,"WAN092011","spring","WAN092011_2011-05-03",2,130
"276","WAN","WAN10",2011,2011-05-03,2011-05-17,14,"WAN102011","spring","WAN102011_2011-05-03",1,130
"277","WAN","WAN11",2011,2011-05-03,2011-05-17,14,"WAN112011","spring","WAN112011_2011-05-03",1,130
"278","WAN","WAN12",2011,2011-05-03,2011-05-17,14,"WAN122011","spring","WAN122011_2011-05-03",1,130
"279","WAN","WAN13",2011,2011-05-03,2011-05-17,14,"WAN132011","spring","WAN132011_2011-05-03",1,130
"280","WAN","WAN14",2011,2011-05-03,2011-05-17,14,"WAN142011","spring","WAN142011_2011-05-03",0,130
"281","WAN","WAN15",2011,2011-05-03,2011-05-17,14,"WAN152011","spring","WAN152011_2011-05-03",0,130
"282","WAN","WAN16",2011,2011-05-03,2011-05-17,14,"WAN162011","spring","WAN162011_2011-05-03",0,130
"283","GFH","GFH01",2011,2011-05-04,2011-05-18,14,"GFH012011","spring","GFH012011_2011-05-04",0,131
"284","GFH","GFH02",2011,2011-05-04,2011-05-18,14,"GFH022011","spring","GFH022011_2011-05-04",1,131
"285","GFH","GFH03",2011,2011-05-04,2011-05-18,14,"GFH032011","spring","GFH032011_2011-05-04",0,131
"286","GFH","GFH04",2011,2011-05-04,2011-05-18,14,"GFH042011","spring","GFH042011_2011-05-04",1,131
"287","GFH","GFH05",2011,2011-05-04,2011-05-18,14,"GFH052011","spring","GFH052011_2011-05-04",0,131
"288","GFH","GFH06",2011,2011-05-04,2011-05-18,14,"GFH062011","spring","GFH062011_2011-05-04",0,131
"289","GFH","GFH07",2011,2011-05-04,2011-05-18,14,"GFH072011","spring","GFH072011_2011-05-04",1,131
"290","GFH","GFH08",2011,2011-05-04,2011-05-18,14,"GFH082011","spring","GFH082011_2011-05-04",0,131
"291","GFH","GFH09",2011,2011-05-04,2011-05-18,14,"GFH092011","spring","GFH092011_2011-05-04",0,131
"292","GFH","GFH10",2011,2011-05-04,2011-05-18,14,"GFH102011","spring","GFH102011_2011-05-04",2,131
"293","GFH","GFH11",2011,2011-05-04,2011-05-18,14,"GFH112011","spring","GFH112011_2011-05-04",1,131
"294","GFH","GFH12",2011,2011-05-04,2011-05-18,14,"GFH122011","spring","GFH122011_2011-05-04",1,131
"295","GFH","GFH13",2011,2011-05-04,2011-05-18,14,"GFH132011","spring","GFH132011_2011-05-04",1,131
"296","GFH","GFH14",2011,2011-05-04,2011-05-18,14,"GFH142011","spring","GFH142011_2011-05-04",3,131
"297","GFH","GFH15",2011,2011-05-04,2011-05-18,14,"GFH152011","spring","GFH152011_2011-05-04",4,131
"298","GFH","GFH16",2011,2011-05-04,2011-05-18,14,"GFH162011","spring","GFH162011_2011-05-04",0,131
"299","SIP","SIP01",2011,2011-05-04,2011-05-18,14,"SIP012011","spring","SIP012011_2011-05-04",0,131
"300","SIP","SIP02",2011,2011-05-04,2011-05-18,14,"SIP022011","spring","SIP022011_2011-05-04",0,131
"301","SIP","SIP05",2011,2011-05-04,2011-05-18,14,"SIP052011","spring","SIP052011_2011-05-04",0,131
"302","SIP","SIP06",2011,2011-05-04,2011-05-18,14,"SIP062011","spring","SIP062011_2011-05-04",1,131
"303","SIP","SIP07",2011,2011-05-04,2011-05-18,14,"SIP072011","spring","SIP072011_2011-05-04",0,131
"304","SIP","SIP08",2011,2011-05-04,2011-05-18,14,"SIP082011","spring","SIP082011_2011-05-04",0,131
"305","SIP","SIP09",2011,2011-05-04,2011-05-18,14,"SIP092011","spring","SIP092011_2011-05-04",0,131
"306","SIP","SIP10",2011,2011-05-04,2011-05-18,14,"SIP102011","spring","SIP102011_2011-05-04",0,131
"307","SIP","SIP11",2011,2011-05-04,2011-05-18,14,"SIP112011","spring","SIP112011_2011-05-04",0,131
"308","SIP","SIP12",2011,2011-05-04,2011-05-18,14,"SIP122011","spring","SIP122011_2011-05-04",0,131
"309","SIP","SIP13",2011,2011-05-04,2011-05-18,14,"SIP132011","spring","SIP132011_2011-05-04",0,131
"310","SIP","SIP14",2011,2011-05-04,2011-05-18,14,"SIP142011","spring","SIP142011_2011-05-04",0,131
"311","SIP","SIP15",2011,2011-05-04,2011-05-18,14,"SIP152011","spring","SIP152011_2011-05-04",0,131
"312","SIP","SIP16",2011,2011-05-04,2011-05-18,14,"SIP162011","spring","SIP162011_2011-05-04",0,131
"313","FBG","FBG01",2011,2011-05-16,2011-05-30,14,"FBG012011","spring","FBG012011_2011-05-16",0,143
"314","FBG","FBG02",2011,2011-05-16,2011-05-30,14,"FBG022011","spring","FBG022011_2011-05-16",16,143
"315","FBG","FBG03",2011,2011-05-16,2011-05-30,14,"FBG032011","spring","FBG032011_2011-05-16",2,143
"316","FBG","FBG05",2011,2011-05-16,2011-05-30,14,"FBG052011","spring","FBG052011_2011-05-16",1,143
"317","FBG","FBG06",2011,2011-05-16,2011-05-30,14,"FBG062011","spring","FBG062011_2011-05-16",0,143
"318","FBG","FBG07",2011,2011-05-16,2011-05-30,14,"FBG072011","spring","FBG072011_2011-05-16",5,143
"319","FBG","FBG08",2011,2011-05-16,2011-05-30,14,"FBG082011","spring","FBG082011_2011-05-16",11,143
"320","FBG","FBG09",2011,2011-05-16,2011-05-30,14,"FBG092011","spring","FBG092011_2011-05-16",8,143
"321","FBG","FBG10",2011,2011-05-16,2011-05-30,14,"FBG102011","spring","FBG102011_2011-05-16",1,143
"322","FBG","FBG12",2011,2011-05-16,2011-05-30,14,"FBG122011","spring","FBG122011_2011-05-16",0,143
"323","FBG","FBG13",2011,2011-05-16,2011-05-30,14,"FBG132011","spring","FBG132011_2011-05-16",12,143
"324","FBG","FBG14",2011,2011-05-16,2011-05-30,14,"FBG142011","spring","FBG142011_2011-05-16",1,143
"325","FBG","FBG15",2011,2011-05-16,2011-05-30,14,"FBG152011","spring","FBG152011_2011-05-16",3,143
"326","FBG","FBG16",2011,2011-05-16,2011-05-30,14,"FBG162011","spring","FBG162011_2011-05-16",7,143
"327","SST","SST01",2011,2011-05-16,2011-05-30,14,"SST012011","spring","SST012011_2011-05-16",0,143
"328","SST","SST02",2011,2011-05-16,2011-05-30,14,"SST022011","spring","SST022011_2011-05-16",0,143
"329","SST","SST03",2011,2011-05-16,2011-05-30,14,"SST032011","spring","SST032011_2011-05-16",0,143
"330","SST","SST04",2011,2011-05-16,2011-05-30,14,"SST042011","spring","SST042011_2011-05-16",1,143
"331","SST","SST05",2011,2011-05-16,2011-05-30,14,"SST052011","spring","SST052011_2011-05-16",0,143
"332","SST","SST06",2011,2011-05-16,2011-05-30,14,"SST062011","spring","SST062011_2011-05-16",0,143
"333","SST","SST07",2011,2011-05-16,2011-05-30,14,"SST072011","spring","SST072011_2011-05-16",0,143
"334","SST","SST08",2011,2011-05-16,2011-05-30,14,"SST082011","spring","SST082011_2011-05-16",0,143
"335","SST","SST09",2011,2011-05-16,2011-05-30,14,"SST092011","spring","SST092011_2011-05-16",0,143
"336","SST","SST10",2011,2011-05-16,2011-05-30,14,"SST102011","spring","SST102011_2011-05-16",0,143
"337","SST","SST11",2011,2011-05-16,2011-05-30,14,"SST112011","spring","SST112011_2011-05-16",1,143
"338","SST","SST12",2011,2011-05-16,2011-05-30,14,"SST122011","spring","SST122011_2011-05-16",0,143
"339","SST","SST13",2011,2011-05-16,2011-05-30,14,"SST132011","spring","SST132011_2011-05-16",0,143
"340","SST","SST14",2011,2011-05-16,2011-05-30,14,"SST142011","spring","SST142011_2011-05-16",0,143
"341","SST","SST15",2011,2011-05-16,2011-05-30,14,"SST152011","spring","SST152011_2011-05-16",0,143
"342","SST","SST16",2011,2011-05-16,2011-05-30,14,"SST162011","spring","SST162011_2011-05-16",0,143
"343","HAR","HAR01",2011,2011-05-17,2011-05-31,14,"HAR012011","spring","HAR012011_2011-05-17",1,144
"344","HAR","HAR02",2011,2011-05-17,2011-05-31,14,"HAR022011","spring","HAR022011_2011-05-17",2,144
"345","HAR","HAR03",2011,2011-05-17,2011-05-31,14,"HAR032011","spring","HAR032011_2011-05-17",1,144
"346","HAR","HAR04",2011,2011-05-17,2011-05-31,14,"HAR042011","spring","HAR042011_2011-05-17",0,144
"347","HAR","HAR05",2011,2011-05-17,2011-05-31,14,"HAR052011","spring","HAR052011_2011-05-17",17,144
"348","HAR","HAR06",2011,2011-05-17,2011-05-31,14,"HAR062011","spring","HAR062011_2011-05-17",6,144
"349","HAR","HAR07",2011,2011-05-17,2011-05-31,14,"HAR072011","spring","HAR072011_2011-05-17",1,144
"350","HAR","HAR08",2011,2011-05-17,2011-05-31,14,"HAR082011","spring","HAR082011_2011-05-17",1,144
"351","HAR","HAR09",2011,2011-05-17,2011-05-31,14,"HAR092011","spring","HAR092011_2011-05-17",10,144
"352","HAR","HAR10",2011,2011-05-17,2011-05-31,14,"HAR102011","spring","HAR102011_2011-05-17",1,144
"353","HAR","HAR11",2011,2011-05-17,2011-05-31,14,"HAR112011","spring","HAR112011_2011-05-17",1,144
"354","HAR","HAR12",2011,2011-05-17,2011-05-31,14,"HAR122011","spring","HAR122011_2011-05-17",5,144
"355","HAR","HAR13",2011,2011-05-17,2011-05-31,14,"HAR132011","spring","HAR132011_2011-05-17",0,144
"356","HAR","HAR14",2011,2011-05-17,2011-05-31,14,"HAR142011","spring","HAR142011_2011-05-17",4,144
"357","HAR","HAR15",2011,2011-05-17,2011-05-31,14,"HAR152011","spring","HAR152011_2011-05-17",7,144
"358","HAR","HAR16",2011,2011-05-17,2011-05-31,14,"HAR162011","spring","HAR162011_2011-05-17",265,144
"359","WAN","WAN01",2011,2011-05-17,2011-05-31,14,"WAN012011","spring","WAN012011_2011-05-17",4,144
"360","WAN","WAN02",2011,2011-05-17,2011-05-31,14,"WAN022011","spring","WAN022011_2011-05-17",4,144
"361","WAN","WAN03",2011,2011-05-17,2011-05-31,14,"WAN032011","spring","WAN032011_2011-05-17",4,144
"362","WAN","WAN04",2011,2011-05-17,2011-05-31,14,"WAN042011","spring","WAN042011_2011-05-17",48,144
"363","WAN","WAN05",2011,2011-05-17,2011-05-31,14,"WAN052011","spring","WAN052011_2011-05-17",0,144
"364","WAN","WAN06",2011,2011-05-17,2011-05-31,14,"WAN062011","spring","WAN062011_2011-05-17",1,144
"365","WAN","WAN07",2011,2011-05-17,2011-05-31,14,"WAN072011","spring","WAN072011_2011-05-17",5,144
"366","WAN","WAN08",2011,2011-05-17,2011-05-31,14,"WAN082011","spring","WAN082011_2011-05-17",14,144
"367","WAN","WAN09",2011,2011-05-17,2011-05-31,14,"WAN092011","spring","WAN092011_2011-05-17",2,144
"368","WAN","WAN10",2011,2011-05-17,2011-05-31,14,"WAN102011","spring","WAN102011_2011-05-17",1,144
"369","WAN","WAN11",2011,2011-05-17,2011-05-31,14,"WAN112011","spring","WAN112011_2011-05-17",0,144
"370","WAN","WAN12",2011,2011-05-17,2011-05-31,14,"WAN122011","spring","WAN122011_2011-05-17",1,144
"371","WAN","WAN13",2011,2011-05-17,2011-05-31,14,"WAN132011","spring","WAN132011_2011-05-17",1,144
"372","WAN","WAN14",2011,2011-05-17,2011-05-31,14,"WAN142011","spring","WAN142011_2011-05-17",0,144
"373","WAN","WAN15",2011,2011-05-17,2011-05-31,14,"WAN152011","spring","WAN152011_2011-05-17",0,144
"374","WAN","WAN16",2011,2011-05-17,2011-05-31,14,"WAN162011","spring","WAN162011_2011-05-17",3,144
"375","GFH","GFH01",2011,2011-05-18,2011-06-01,14,"GFH012011","spring","GFH012011_2011-05-18",0,145
"376","GFH","GFH02",2011,2011-05-18,2011-06-01,14,"GFH022011","spring","GFH022011_2011-05-18",1,145
"377","GFH","GFH03",2011,2011-05-18,2011-06-01,14,"GFH032011","spring","GFH032011_2011-05-18",2,145
"378","GFH","GFH04",2011,2011-05-18,2011-06-01,14,"GFH042011","spring","GFH042011_2011-05-18",0,145
"379","GFH","GFH05",2011,2011-05-18,2011-06-01,14,"GFH052011","spring","GFH052011_2011-05-18",0,145
"380","GFH","GFH06",2011,2011-05-18,2011-06-01,14,"GFH062011","spring","GFH062011_2011-05-18",0,145
"381","GFH","GFH07",2011,2011-05-18,2011-06-01,14,"GFH072011","spring","GFH072011_2011-05-18",2,145
"382","GFH","GFH08",2011,2011-05-18,2011-06-01,14,"GFH082011","spring","GFH082011_2011-05-18",2,145
"383","GFH","GFH09",2011,2011-05-18,2011-06-01,14,"GFH092011","spring","GFH092011_2011-05-18",1,145
"384","GFH","GFH10",2011,2011-05-18,2011-06-01,14,"GFH102011","spring","GFH102011_2011-05-18",0,145
"385","GFH","GFH11",2011,2011-05-18,2011-06-01,14,"GFH112011","spring","GFH112011_2011-05-18",0,145
"386","GFH","GFH12",2011,2011-05-18,2011-06-01,14,"GFH122011","spring","GFH122011_2011-05-18",1,145
"387","GFH","GFH13",2011,2011-05-18,2011-06-01,14,"GFH132011","spring","GFH132011_2011-05-18",0,145
"388","GFH","GFH14",2011,2011-05-18,2011-06-01,14,"GFH142011","spring","GFH142011_2011-05-18",0,145
"389","GFH","GFH15",2011,2011-05-18,2011-06-01,14,"GFH152011","spring","GFH152011_2011-05-18",4,145
"390","GFH","GFH16",2011,2011-05-18,2011-06-01,14,"GFH162011","spring","GFH162011_2011-05-18",2,145
"391","SIP","SIP01",2011,2011-05-18,2011-06-01,14,"SIP012011","spring","SIP012011_2011-05-18",0,145
"392","SIP","SIP02",2011,2011-05-18,2011-06-01,14,"SIP022011","spring","SIP022011_2011-05-18",0,145
"393","SIP","SIP03",2011,2011-05-18,2011-06-01,14,"SIP032011","spring","SIP032011_2011-05-18",0,145
"394","SIP","SIP05",2011,2011-05-18,2011-06-01,14,"SIP052011","spring","SIP052011_2011-05-18",0,145
"395","SIP","SIP06",2011,2011-05-18,2011-06-01,14,"SIP062011","spring","SIP062011_2011-05-18",0,145
"396","SIP","SIP07",2011,2011-05-18,2011-06-01,14,"SIP072011","spring","SIP072011_2011-05-18",0,145
"397","SIP","SIP08",2011,2011-05-18,2011-06-01,14,"SIP082011","spring","SIP082011_2011-05-18",0,145
"398","SIP","SIP09",2011,2011-05-18,2011-06-01,14,"SIP092011","spring","SIP092011_2011-05-18",0,145
"399","SIP","SIP10",2011,2011-05-18,2011-06-01,14,"SIP102011","spring","SIP102011_2011-05-18",1,145
"400","SIP","SIP11",2011,2011-05-18,2011-06-01,14,"SIP112011","spring","SIP112011_2011-05-18",1,145
"401","SIP","SIP12",2011,2011-05-18,2011-06-01,14,"SIP122011","spring","SIP122011_2011-05-18",0,145
"402","SIP","SIP13",2011,2011-05-18,2011-06-01,14,"SIP132011","spring","SIP132011_2011-05-18",0,145
"403","SIP","SIP14",2011,2011-05-18,2011-06-01,14,"SIP142011","spring","SIP142011_2011-05-18",0,145
"404","SIP","SIP15",2011,2011-05-18,2011-06-01,14,"SIP152011","spring","SIP152011_2011-05-18",1,145
"405","SIP","SIP16",2011,2011-05-18,2011-06-01,14,"SIP162011","spring","SIP162011_2011-05-18",0,145
"406","FBG","FBG01",2011,2011-05-30,2011-06-14,15,"FBG012011","spring","FBG012011_2011-05-30",2,157.5
"407","FBG","FBG02",2011,2011-05-30,2011-06-14,15,"FBG022011","spring","FBG022011_2011-05-30",4,157.5
"408","FBG","FBG03",2011,2011-05-30,2011-06-14,15,"FBG032011","spring","FBG032011_2011-05-30",4,157.5
"409","FBG","FBG04",2011,2011-05-30,2011-06-14,15,"FBG042011","spring","FBG042011_2011-05-30",20,157.5
"410","FBG","FBG05",2011,2011-05-30,2011-06-14,15,"FBG052011","spring","FBG052011_2011-05-30",2,157.5
"411","FBG","FBG06",2011,2011-05-30,2011-06-14,15,"FBG062011","spring","FBG062011_2011-05-30",1,157.5
"412","FBG","FBG07",2011,2011-05-30,2011-06-14,15,"FBG072011","spring","FBG072011_2011-05-30",2,157.5
"413","FBG","FBG08",2011,2011-05-30,2011-06-14,15,"FBG082011","spring","FBG082011_2011-05-30",1,157.5
"414","FBG","FBG09",2011,2011-05-30,2011-06-14,15,"FBG092011","spring","FBG092011_2011-05-30",21,157.5
"415","FBG","FBG10",2011,2011-05-30,2011-06-14,15,"FBG102011","spring","FBG102011_2011-05-30",3,157.5
"416","FBG","FBG11",2011,2011-05-30,2011-06-14,15,"FBG112011","spring","FBG112011_2011-05-30",2,157.5
"417","FBG","FBG13",2011,2011-05-30,2011-06-14,15,"FBG132011","spring","FBG132011_2011-05-30",20,157.5
"418","FBG","FBG14",2011,2011-05-30,2011-06-14,15,"FBG142011","spring","FBG142011_2011-05-30",3,157.5
"419","FBG","FBG15",2011,2011-05-30,2011-06-14,15,"FBG152011","spring","FBG152011_2011-05-30",7,157.5
"420","FBG","FBG16",2011,2011-05-30,2011-06-14,15,"FBG162011","spring","FBG162011_2011-05-30",10,157.5
"421","SST","SST01",2011,2011-05-30,2011-06-14,15,"SST012011","spring","SST012011_2011-05-30",1,157.5
"422","SST","SST02",2011,2011-05-30,2011-06-14,15,"SST022011","spring","SST022011_2011-05-30",1,157.5
"423","SST","SST03",2011,2011-05-30,2011-06-14,15,"SST032011","spring","SST032011_2011-05-30",2,157.5
"424","SST","SST04",2011,2011-05-30,2011-06-14,15,"SST042011","spring","SST042011_2011-05-30",2,157.5
"425","SST","SST05",2011,2011-05-30,2011-06-14,15,"SST052011","spring","SST052011_2011-05-30",1,157.5
"426","SST","SST06",2011,2011-05-30,2011-06-14,15,"SST062011","spring","SST062011_2011-05-30",0,157.5
"427","SST","SST07",2011,2011-05-30,2011-06-14,15,"SST072011","spring","SST072011_2011-05-30",0,157.5
"428","SST","SST08",2011,2011-05-30,2011-06-14,15,"SST082011","spring","SST082011_2011-05-30",2,157.5
"429","SST","SST09",2011,2011-05-30,2011-06-14,15,"SST092011","spring","SST092011_2011-05-30",0,157.5
"430","SST","SST10",2011,2011-05-30,2011-06-14,15,"SST102011","spring","SST102011_2011-05-30",1,157.5
"431","SST","SST11",2011,2011-05-30,2011-06-14,15,"SST112011","spring","SST112011_2011-05-30",0,157.5
"432","SST","SST12",2011,2011-05-30,2011-06-14,15,"SST122011","spring","SST122011_2011-05-30",2,157.5
"433","SST","SST13",2011,2011-05-30,2011-06-14,15,"SST132011","spring","SST132011_2011-05-30",1,157.5
"434","SST","SST14",2011,2011-05-30,2011-06-14,15,"SST142011","spring","SST142011_2011-05-30",1,157.5
"435","SST","SST15",2011,2011-05-30,2011-06-14,15,"SST152011","spring","SST152011_2011-05-30",0,157.5
"436","SST","SST16",2011,2011-05-30,2011-06-14,15,"SST162011","spring","SST162011_2011-05-30",0,157.5
"437","HAR","HAR01",2011,2011-05-31,2011-06-15,15,"HAR012011","spring","HAR012011_2011-05-31",0,158.5
"438","HAR","HAR02",2011,2011-05-31,2011-06-15,15,"HAR022011","spring","HAR022011_2011-05-31",2,158.5
"439","HAR","HAR03",2011,2011-05-31,2011-06-15,15,"HAR032011","spring","HAR032011_2011-05-31",5,158.5
"440","HAR","HAR04",2011,2011-05-31,2011-06-15,15,"HAR042011","spring","HAR042011_2011-05-31",1,158.5
"441","HAR","HAR05",2011,2011-05-31,2011-06-15,15,"HAR052011","spring","HAR052011_2011-05-31",1,158.5
"442","HAR","HAR07",2011,2011-05-31,2011-06-15,15,"HAR072011","spring","HAR072011_2011-05-31",5,158.5
"443","HAR","HAR08",2011,2011-05-31,2011-06-15,15,"HAR082011","spring","HAR082011_2011-05-31",5,158.5
"444","HAR","HAR09",2011,2011-05-31,2011-06-15,15,"HAR092011","spring","HAR092011_2011-05-31",6,158.5
"445","HAR","HAR10",2011,2011-05-31,2011-06-15,15,"HAR102011","spring","HAR102011_2011-05-31",3,158.5
"446","HAR","HAR11",2011,2011-05-31,2011-06-15,15,"HAR112011","spring","HAR112011_2011-05-31",6,158.5
"447","HAR","HAR12",2011,2011-05-31,2011-06-15,15,"HAR122011","spring","HAR122011_2011-05-31",8,158.5
"448","HAR","HAR13",2011,2011-05-31,2011-06-15,15,"HAR132011","spring","HAR132011_2011-05-31",12,158.5
"449","HAR","HAR14",2011,2011-05-31,2011-06-15,15,"HAR142011","spring","HAR142011_2011-05-31",7,158.5
"450","HAR","HAR15",2011,2011-05-31,2011-06-15,15,"HAR152011","spring","HAR152011_2011-05-31",13,158.5
"451","HAR","HAR16",2011,2011-05-31,2011-06-15,15,"HAR162011","spring","HAR162011_2011-05-31",86,158.5
"452","WAN","WAN01",2011,2011-05-31,2011-06-15,15,"WAN012011","spring","WAN012011_2011-05-31",5,158.5
"453","WAN","WAN02",2011,2011-05-31,2011-06-15,15,"WAN022011","spring","WAN022011_2011-05-31",1,158.5
"454","WAN","WAN03",2011,2011-05-31,2011-06-15,15,"WAN032011","spring","WAN032011_2011-05-31",2,158.5
"455","WAN","WAN04",2011,2011-05-31,2011-06-15,15,"WAN042011","spring","WAN042011_2011-05-31",37,158.5
"456","WAN","WAN05",2011,2011-05-31,2011-06-15,15,"WAN052011","spring","WAN052011_2011-05-31",1,158.5
"457","WAN","WAN06",2011,2011-05-31,2011-06-15,15,"WAN062011","spring","WAN062011_2011-05-31",4,158.5
"458","WAN","WAN07",2011,2011-05-31,2011-06-15,15,"WAN072011","spring","WAN072011_2011-05-31",1,158.5
"459","WAN","WAN08",2011,2011-05-31,2011-06-15,15,"WAN082011","spring","WAN082011_2011-05-31",24,158.5
"460","WAN","WAN09",2011,2011-05-31,2011-06-15,15,"WAN092011","spring","WAN092011_2011-05-31",2,158.5
"461","WAN","WAN10",2011,2011-05-31,2011-06-15,15,"WAN102011","spring","WAN102011_2011-05-31",1,158.5
"462","WAN","WAN11",2011,2011-05-31,2011-06-15,15,"WAN112011","spring","WAN112011_2011-05-31",0,158.5
"463","WAN","WAN12",2011,2011-05-31,2011-06-15,15,"WAN122011","spring","WAN122011_2011-05-31",2,158.5
"464","WAN","WAN13",2011,2011-05-31,2011-06-15,15,"WAN132011","spring","WAN132011_2011-05-31",2,158.5
"465","WAN","WAN14",2011,2011-05-31,2011-06-15,15,"WAN142011","spring","WAN142011_2011-05-31",1,158.5
"466","WAN","WAN15",2011,2011-05-31,2011-06-15,15,"WAN152011","spring","WAN152011_2011-05-31",0,158.5
"467","WAN","WAN16",2011,2011-05-31,2011-06-15,15,"WAN162011","spring","WAN162011_2011-05-31",2,158.5
"468","GFH","GFH01",2011,2011-06-01,2011-06-16,15,"GFH012011","spring","GFH012011_2011-06-01",4,159.5
"469","GFH","GFH02",2011,2011-06-01,2011-06-16,15,"GFH022011","spring","GFH022011_2011-06-01",2,159.5
"470","GFH","GFH03",2011,2011-06-01,2011-06-16,15,"GFH032011","spring","GFH032011_2011-06-01",7,159.5
"471","GFH","GFH04",2011,2011-06-01,2011-06-16,15,"GFH042011","spring","GFH042011_2011-06-01",4,159.5
"472","GFH","GFH05",2011,2011-06-01,2011-06-16,15,"GFH052011","spring","GFH052011_2011-06-01",3,159.5
"473","GFH","GFH06",2011,2011-06-01,2011-06-16,15,"GFH062011","spring","GFH062011_2011-06-01",2,159.5
"474","GFH","GFH07",2011,2011-06-01,2011-06-16,15,"GFH072011","spring","GFH072011_2011-06-01",4,159.5
"475","GFH","GFH08",2011,2011-06-01,2011-06-16,15,"GFH082011","spring","GFH082011_2011-06-01",6,159.5
"476","GFH","GFH09",2011,2011-06-01,2011-06-16,15,"GFH092011","spring","GFH092011_2011-06-01",6,159.5
"477","GFH","GFH10",2011,2011-06-01,2011-06-16,15,"GFH102011","spring","GFH102011_2011-06-01",3,159.5
"478","GFH","GFH11",2011,2011-06-01,2011-06-16,15,"GFH112011","spring","GFH112011_2011-06-01",1,159.5
"479","GFH","GFH12",2011,2011-06-01,2011-06-16,15,"GFH122011","spring","GFH122011_2011-06-01",3,159.5
"480","GFH","GFH13",2011,2011-06-01,2011-06-16,15,"GFH132011","spring","GFH132011_2011-06-01",6,159.5
"481","GFH","GFH14",2011,2011-06-01,2011-06-16,15,"GFH142011","spring","GFH142011_2011-06-01",3,159.5
"482","GFH","GFH15",2011,2011-06-01,2011-06-16,15,"GFH152011","spring","GFH152011_2011-06-01",9,159.5
"483","GFH","GFH16",2011,2011-06-01,2011-06-16,15,"GFH162011","spring","GFH162011_2011-06-01",23,159.5
"484","SIP","SIP01",2011,2011-06-01,2011-06-16,15,"SIP012011","spring","SIP012011_2011-06-01",0,159.5
"485","SIP","SIP02",2011,2011-06-01,2011-06-16,15,"SIP022011","spring","SIP022011_2011-06-01",0,159.5
"486","SIP","SIP03",2011,2011-06-01,2011-06-16,15,"SIP032011","spring","SIP032011_2011-06-01",0,159.5
"487","SIP","SIP05",2011,2011-06-01,2011-06-16,15,"SIP052011","spring","SIP052011_2011-06-01",0,159.5
"488","SIP","SIP06",2011,2011-06-01,2011-06-16,15,"SIP062011","spring","SIP062011_2011-06-01",0,159.5
"489","SIP","SIP07",2011,2011-06-01,2011-06-16,15,"SIP072011","spring","SIP072011_2011-06-01",0,159.5
"490","SIP","SIP08",2011,2011-06-01,2011-06-16,15,"SIP082011","spring","SIP082011_2011-06-01",0,159.5
"491","SIP","SIP09",2011,2011-06-01,2011-06-16,15,"SIP092011","spring","SIP092011_2011-06-01",0,159.5
"492","SIP","SIP10",2011,2011-06-01,2011-06-16,15,"SIP102011","spring","SIP102011_2011-06-01",3,159.5
"493","SIP","SIP11",2011,2011-06-01,2011-06-16,15,"SIP112011","spring","SIP112011_2011-06-01",1,159.5
"494","SIP","SIP12",2011,2011-06-01,2011-06-16,15,"SIP122011","spring","SIP122011_2011-06-01",0,159.5
"495","SIP","SIP13",2011,2011-06-01,2011-06-16,15,"SIP132011","spring","SIP132011_2011-06-01",0,159.5
"496","SIP","SIP14",2011,2011-06-01,2011-06-16,15,"SIP142011","spring","SIP142011_2011-06-01",0,159.5
"497","SIP","SIP15",2011,2011-06-01,2011-06-16,15,"SIP152011","spring","SIP152011_2011-06-01",0,159.5
"498","SIP","SIP16",2011,2011-06-01,2011-06-16,15,"SIP162011","spring","SIP162011_2011-06-01",0,159.5
"499","FBG","FBG01",2012,2012-05-02,2012-05-15,13,"FBG012012","spring","FBG012012_2012-05-02",1,129.5
"500","FBG","FBG02",2012,2012-05-02,2012-05-15,13,"FBG022012","spring","FBG022012_2012-05-02",0,129.5
"501","FBG","FBG03",2012,2012-05-02,2012-05-15,13,"FBG032012","spring","FBG032012_2012-05-02",0,129.5
"502","FBG","FBG04",2012,2012-05-02,2012-05-15,13,"FBG042012","spring","FBG042012_2012-05-02",0,129.5
"503","FBG","FBG05",2012,2012-05-02,2012-05-15,13,"FBG052012","spring","FBG052012_2012-05-02",0,129.5
"504","FBG","FBG06",2012,2012-05-02,2012-05-15,13,"FBG062012","spring","FBG062012_2012-05-02",0,129.5
"505","FBG","FBG07",2012,2012-05-02,2012-05-15,13,"FBG072012","spring","FBG072012_2012-05-02",1,129.5
"506","FBG","FBG08",2012,2012-05-02,2012-05-15,13,"FBG082012","spring","FBG082012_2012-05-02",0,129.5
"507","FBG","FBG09",2012,2012-05-02,2012-05-15,13,"FBG092012","spring","FBG092012_2012-05-02",0,129.5
"508","FBG","FBG10",2012,2012-05-02,2012-05-15,13,"FBG102012","spring","FBG102012_2012-05-02",0,129.5
"509","FBG","FBG11",2012,2012-05-02,2012-05-15,13,"FBG112012","spring","FBG112012_2012-05-02",0,129.5
"510","FBG","FBG12",2012,2012-05-02,2012-05-15,13,"FBG122012","spring","FBG122012_2012-05-02",0,129.5
"511","FBG","FBG13",2012,2012-05-02,2012-05-15,13,"FBG132012","spring","FBG132012_2012-05-02",3,129.5
"512","FBG","FBG14",2012,2012-05-02,2012-05-15,13,"FBG142012","spring","FBG142012_2012-05-02",0,129.5
"513","FBG","FBG15",2012,2012-05-02,2012-05-15,13,"FBG152012","spring","FBG152012_2012-05-02",0,129.5
"514","FBG","FBG16",2012,2012-05-02,2012-05-15,13,"FBG162012","spring","FBG162012_2012-05-02",1,129.5
"515","SST","SST01",2012,2012-05-02,2012-05-15,13,"SST012012","spring","SST012012_2012-05-02",0,129.5
"516","SST","SST02",2012,2012-05-02,2012-05-15,13,"SST022012","spring","SST022012_2012-05-02",0,129.5
"517","SST","SST03",2012,2012-05-02,2012-05-15,13,"SST032012","spring","SST032012_2012-05-02",0,129.5
"518","SST","SST04",2012,2012-05-02,2012-05-15,13,"SST042012","spring","SST042012_2012-05-02",0,129.5
"519","SST","SST05",2012,2012-05-02,2012-05-15,13,"SST052012","spring","SST052012_2012-05-02",0,129.5
"520","SST","SST06",2012,2012-05-02,2012-05-15,13,"SST062012","spring","SST062012_2012-05-02",0,129.5
"521","SST","SST07",2012,2012-05-02,2012-05-15,13,"SST072012","spring","SST072012_2012-05-02",0,129.5
"522","SST","SST08",2012,2012-05-02,2012-05-15,13,"SST082012","spring","SST082012_2012-05-02",0,129.5
"523","SST","SST09",2012,2012-05-02,2012-05-15,13,"SST092012","spring","SST092012_2012-05-02",0,129.5
"524","SST","SST10",2012,2012-05-02,2012-05-15,13,"SST102012","spring","SST102012_2012-05-02",0,129.5
"525","SST","SST11",2012,2012-05-02,2012-05-15,13,"SST112012","spring","SST112012_2012-05-02",0,129.5
"526","SST","SST12",2012,2012-05-02,2012-05-15,13,"SST122012","spring","SST122012_2012-05-02",0,129.5
"527","SST","SST13",2012,2012-05-02,2012-05-15,13,"SST132012","spring","SST132012_2012-05-02",0,129.5
"528","SST","SST14",2012,2012-05-02,2012-05-15,13,"SST142012","spring","SST142012_2012-05-02",0,129.5
"529","SST","SST15",2012,2012-05-02,2012-05-15,13,"SST152012","spring","SST152012_2012-05-02",0,129.5
"530","SST","SST16",2012,2012-05-02,2012-05-15,13,"SST162012","spring","SST162012_2012-05-02",0,129.5
"531","HAR","HAR01",2012,2012-05-03,2012-05-16,13,"HAR012012","spring","HAR012012_2012-05-03",0,130.5
"532","HAR","HAR02",2012,2012-05-03,2012-05-16,13,"HAR022012","spring","HAR022012_2012-05-03",0,130.5
"533","HAR","HAR03",2012,2012-05-03,2012-05-16,13,"HAR032012","spring","HAR032012_2012-05-03",0,130.5
"534","HAR","HAR04",2012,2012-05-03,2012-05-16,13,"HAR042012","spring","HAR042012_2012-05-03",0,130.5
"535","HAR","HAR05",2012,2012-05-03,2012-05-16,13,"HAR052012","spring","HAR052012_2012-05-03",0,130.5
"536","HAR","HAR06",2012,2012-05-03,2012-05-16,13,"HAR062012","spring","HAR062012_2012-05-03",3,130.5
"537","HAR","HAR07",2012,2012-05-03,2012-05-16,13,"HAR072012","spring","HAR072012_2012-05-03",1,130.5
"538","HAR","HAR08",2012,2012-05-03,2012-05-16,13,"HAR082012","spring","HAR082012_2012-05-03",0,130.5
"539","HAR","HAR09",2012,2012-05-03,2012-05-16,13,"HAR092012","spring","HAR092012_2012-05-03",0,130.5
"540","HAR","HAR10",2012,2012-05-03,2012-05-16,13,"HAR102012","spring","HAR102012_2012-05-03",12,130.5
"541","HAR","HAR11",2012,2012-05-03,2012-05-16,13,"HAR112012","spring","HAR112012_2012-05-03",34,130.5
"542","HAR","HAR12",2012,2012-05-03,2012-05-16,13,"HAR122012","spring","HAR122012_2012-05-03",9,130.5
"543","HAR","HAR13",2012,2012-05-03,2012-05-16,13,"HAR132012","spring","HAR132012_2012-05-03",3,130.5
"544","HAR","HAR14",2012,2012-05-03,2012-05-16,13,"HAR142012","spring","HAR142012_2012-05-03",1,130.5
"545","HAR","HAR15",2012,2012-05-03,2012-05-16,13,"HAR152012","spring","HAR152012_2012-05-03",4,130.5
"546","HAR","HAR16",2012,2012-05-03,2012-05-16,13,"HAR162012","spring","HAR162012_2012-05-03",4,130.5
"547","WAN","WAN01",2012,2012-05-03,2012-05-16,13,"WAN012012","spring","WAN012012_2012-05-03",5,130.5
"548","WAN","WAN02",2012,2012-05-03,2012-05-16,13,"WAN022012","spring","WAN022012_2012-05-03",1,130.5
"549","WAN","WAN03",2012,2012-05-03,2012-05-16,13,"WAN032012","spring","WAN032012_2012-05-03",1,130.5
"550","WAN","WAN04",2012,2012-05-03,2012-05-16,13,"WAN042012","spring","WAN042012_2012-05-03",1,130.5
"551","WAN","WAN05",2012,2012-05-03,2012-05-16,13,"WAN052012","spring","WAN052012_2012-05-03",1,130.5
"552","WAN","WAN06",2012,2012-05-03,2012-05-16,13,"WAN062012","spring","WAN062012_2012-05-03",9,130.5
"553","WAN","WAN07",2012,2012-05-03,2012-05-16,13,"WAN072012","spring","WAN072012_2012-05-03",1,130.5
"554","WAN","WAN08",2012,2012-05-03,2012-05-16,13,"WAN082012","spring","WAN082012_2012-05-03",0,130.5
"555","WAN","WAN09",2012,2012-05-03,2012-05-16,13,"WAN092012","spring","WAN092012_2012-05-03",13,130.5
"556","WAN","WAN10",2012,2012-05-03,2012-05-16,13,"WAN102012","spring","WAN102012_2012-05-03",4,130.5
"557","WAN","WAN11",2012,2012-05-03,2012-05-16,13,"WAN112012","spring","WAN112012_2012-05-03",0,130.5
"558","WAN","WAN12",2012,2012-05-03,2012-05-16,13,"WAN122012","spring","WAN122012_2012-05-03",3,130.5
"559","WAN","WAN13",2012,2012-05-03,2012-05-16,13,"WAN132012","spring","WAN132012_2012-05-03",193,130.5
"560","WAN","WAN14",2012,2012-05-03,2012-05-16,13,"WAN142012","spring","WAN142012_2012-05-03",30,130.5
"561","WAN","WAN15",2012,2012-05-03,2012-05-16,13,"WAN152012","spring","WAN152012_2012-05-03",8,130.5
"562","WAN","WAN16",2012,2012-05-03,2012-05-16,13,"WAN162012","spring","WAN162012_2012-05-03",0,130.5
"563","GFH","GFH01",2012,2012-05-04,2012-05-17,13,"GFH012012","spring","GFH012012_2012-05-04",0,131.5
"564","GFH","GFH02",2012,2012-05-04,2012-05-17,13,"GFH022012","spring","GFH022012_2012-05-04",0,131.5
"565","GFH","GFH03",2012,2012-05-04,2012-05-17,13,"GFH032012","spring","GFH032012_2012-05-04",0,131.5
"566","GFH","GFH04",2012,2012-05-04,2012-05-17,13,"GFH042012","spring","GFH042012_2012-05-04",0,131.5
"567","GFH","GFH05",2012,2012-05-04,2012-05-17,13,"GFH052012","spring","GFH052012_2012-05-04",0,131.5
"568","GFH","GFH06",2012,2012-05-04,2012-05-17,13,"GFH062012","spring","GFH062012_2012-05-04",0,131.5
"569","GFH","GFH07",2012,2012-05-04,2012-05-17,13,"GFH072012","spring","GFH072012_2012-05-04",0,131.5
"570","GFH","GFH08",2012,2012-05-04,2012-05-17,13,"GFH082012","spring","GFH082012_2012-05-04",0,131.5
"571","GFH","GFH09",2012,2012-05-04,2012-05-17,13,"GFH092012","spring","GFH092012_2012-05-04",0,131.5
"572","GFH","GFH10",2012,2012-05-04,2012-05-17,13,"GFH102012","spring","GFH102012_2012-05-04",0,131.5
"573","GFH","GFH11",2012,2012-05-04,2012-05-17,13,"GFH112012","spring","GFH112012_2012-05-04",0,131.5
"574","GFH","GFH12",2012,2012-05-04,2012-05-17,13,"GFH122012","spring","GFH122012_2012-05-04",0,131.5
"575","GFH","GFH13",2012,2012-05-04,2012-05-17,13,"GFH132012","spring","GFH132012_2012-05-04",1,131.5
"576","GFH","GFH14",2012,2012-05-04,2012-05-17,13,"GFH142012","spring","GFH142012_2012-05-04",0,131.5
"577","GFH","GFH15",2012,2012-05-04,2012-05-17,13,"GFH152012","spring","GFH152012_2012-05-04",0,131.5
"578","GFH","GFH16",2012,2012-05-04,2012-05-17,13,"GFH162012","spring","GFH162012_2012-05-04",0,131.5
"579","SIP","SIP01",2012,2012-05-04,2012-05-17,13,"SIP012012","spring","SIP012012_2012-05-04",0,131.5
"580","SIP","SIP02",2012,2012-05-04,2012-05-17,13,"SIP022012","spring","SIP022012_2012-05-04",0,131.5
"581","SIP","SIP03",2012,2012-05-04,2012-05-17,13,"SIP032012","spring","SIP032012_2012-05-04",0,131.5
"582","SIP","SIP05",2012,2012-05-04,2012-05-17,13,"SIP052012","spring","SIP052012_2012-05-04",0,131.5
"583","SIP","SIP06",2012,2012-05-04,2012-05-17,13,"SIP062012","spring","SIP062012_2012-05-04",0,131.5
"584","SIP","SIP07",2012,2012-05-04,2012-05-17,13,"SIP072012","spring","SIP072012_2012-05-04",0,131.5
"585","SIP","SIP08",2012,2012-05-04,2012-05-17,13,"SIP082012","spring","SIP082012_2012-05-04",1,131.5
"586","SIP","SIP09",2012,2012-05-04,2012-05-17,13,"SIP092012","spring","SIP092012_2012-05-04",0,131.5
"587","SIP","SIP10",2012,2012-05-04,2012-05-17,13,"SIP102012","spring","SIP102012_2012-05-04",1,131.5
"588","SIP","SIP11",2012,2012-05-04,2012-05-17,13,"SIP112012","spring","SIP112012_2012-05-04",1,131.5
"589","SIP","SIP12",2012,2012-05-04,2012-05-17,13,"SIP122012","spring","SIP122012_2012-05-04",0,131.5
"590","SIP","SIP13",2012,2012-05-04,2012-05-17,13,"SIP132012","spring","SIP132012_2012-05-04",0,131.5
"591","SIP","SIP14",2012,2012-05-04,2012-05-17,13,"SIP142012","spring","SIP142012_2012-05-04",0,131.5
"592","SIP","SIP15",2012,2012-05-04,2012-05-17,13,"SIP152012","spring","SIP152012_2012-05-04",0,131.5
"593","SIP","SIP16",2012,2012-05-04,2012-05-17,13,"SIP162012","spring","SIP162012_2012-05-04",0,131.5
"594","FBG","FBG01",2012,2012-05-14,2012-05-29,15,"FBG012012","spring","FBG012012_2012-05-14",1,142.5
"595","FBG","FBG03",2012,2012-05-14,2012-05-29,15,"FBG032012","spring","FBG032012_2012-05-14",0,142.5
"596","FBG","FBG04",2012,2012-05-14,2012-05-29,15,"FBG042012","spring","FBG042012_2012-05-14",6,142.5
"597","FBG","FBG05",2012,2012-05-14,2012-05-29,15,"FBG052012","spring","FBG052012_2012-05-14",1,142.5
"598","FBG","FBG06",2012,2012-05-14,2012-05-29,15,"FBG062012","spring","FBG062012_2012-05-14",0,142.5
"599","FBG","FBG07",2012,2012-05-14,2012-05-29,15,"FBG072012","spring","FBG072012_2012-05-14",1,142.5
"600","FBG","FBG08",2012,2012-05-14,2012-05-29,15,"FBG082012","spring","FBG082012_2012-05-14",3,142.5
"601","FBG","FBG09",2012,2012-05-14,2012-05-29,15,"FBG092012","spring","FBG092012_2012-05-14",1,142.5
"602","FBG","FBG10",2012,2012-05-14,2012-05-29,15,"FBG102012","spring","FBG102012_2012-05-14",0,142.5
"603","FBG","FBG11",2012,2012-05-14,2012-05-29,15,"FBG112012","spring","FBG112012_2012-05-14",2,142.5
"604","FBG","FBG12",2012,2012-05-14,2012-05-29,15,"FBG122012","spring","FBG122012_2012-05-14",0,142.5
"605","FBG","FBG13",2012,2012-05-14,2012-05-29,15,"FBG132012","spring","FBG132012_2012-05-14",2,142.5
"606","FBG","FBG14",2012,2012-05-14,2012-05-29,15,"FBG142012","spring","FBG142012_2012-05-14",1,142.5
"607","FBG","FBG15",2012,2012-05-14,2012-05-29,15,"FBG152012","spring","FBG152012_2012-05-14",0,142.5
"608","FBG","FBG16",2012,2012-05-14,2012-05-29,15,"FBG162012","spring","FBG162012_2012-05-14",1,142.5
"609","SST","SST01",2012,2012-05-14,2012-05-29,15,"SST012012","spring","SST012012_2012-05-14",1,142.5
"610","SST","SST02",2012,2012-05-14,2012-05-29,15,"SST022012","spring","SST022012_2012-05-14",1,142.5
"611","SST","SST03",2012,2012-05-14,2012-05-29,15,"SST032012","spring","SST032012_2012-05-14",1,142.5
"612","SST","SST04",2012,2012-05-14,2012-05-29,15,"SST042012","spring","SST042012_2012-05-14",2,142.5
"613","SST","SST05",2012,2012-05-14,2012-05-29,15,"SST052012","spring","SST052012_2012-05-14",0,142.5
"614","SST","SST06",2012,2012-05-14,2012-05-29,15,"SST062012","spring","SST062012_2012-05-14",0,142.5
"615","SST","SST07",2012,2012-05-14,2012-05-29,15,"SST072012","spring","SST072012_2012-05-14",0,142.5
"616","SST","SST08",2012,2012-05-14,2012-05-29,15,"SST082012","spring","SST082012_2012-05-14",3,142.5
"617","SST","SST09",2012,2012-05-14,2012-05-29,15,"SST092012","spring","SST092012_2012-05-14",0,142.5
"618","SST","SST10",2012,2012-05-14,2012-05-29,15,"SST102012","spring","SST102012_2012-05-14",0,142.5
"619","SST","SST11",2012,2012-05-14,2012-05-29,15,"SST112012","spring","SST112012_2012-05-14",0,142.5
"620","SST","SST12",2012,2012-05-14,2012-05-29,15,"SST122012","spring","SST122012_2012-05-14",2,142.5
"621","SST","SST13",2012,2012-05-14,2012-05-29,15,"SST132012","spring","SST132012_2012-05-14",0,142.5
"622","SST","SST14",2012,2012-05-14,2012-05-29,15,"SST142012","spring","SST142012_2012-05-14",1,142.5
"623","SST","SST15",2012,2012-05-14,2012-05-29,15,"SST152012","spring","SST152012_2012-05-14",0,142.5
"624","SST","SST16",2012,2012-05-14,2012-05-29,15,"SST162012","spring","SST162012_2012-05-14",0,142.5
"625","HAR","HAR01",2012,2012-05-15,2012-05-30,15,"HAR012012","spring","HAR012012_2012-05-15",1,143.5
"626","HAR","HAR02",2012,2012-05-15,2012-05-30,15,"HAR022012","spring","HAR022012_2012-05-15",2,143.5
"627","HAR","HAR03",2012,2012-05-15,2012-05-30,15,"HAR032012","spring","HAR032012_2012-05-15",0,143.5
"628","HAR","HAR04",2012,2012-05-15,2012-05-30,15,"HAR042012","spring","HAR042012_2012-05-15",4,143.5
"629","HAR","HAR05",2012,2012-05-15,2012-05-30,15,"HAR052012","spring","HAR052012_2012-05-15",9,143.5
"630","HAR","HAR06",2012,2012-05-15,2012-05-30,15,"HAR062012","spring","HAR062012_2012-05-15",8,143.5
"631","HAR","HAR07",2012,2012-05-15,2012-05-30,15,"HAR072012","spring","HAR072012_2012-05-15",3,143.5
"632","HAR","HAR08",2012,2012-05-15,2012-05-30,15,"HAR082012","spring","HAR082012_2012-05-15",5,143.5
"633","HAR","HAR09",2012,2012-05-15,2012-05-30,15,"HAR092012","spring","HAR092012_2012-05-15",0,143.5
"634","HAR","HAR10",2012,2012-05-15,2012-05-30,15,"HAR102012","spring","HAR102012_2012-05-15",14,143.5
"635","HAR","HAR11",2012,2012-05-15,2012-05-30,15,"HAR112012","spring","HAR112012_2012-05-15",63,143.5
"636","HAR","HAR12",2012,2012-05-15,2012-05-30,15,"HAR122012","spring","HAR122012_2012-05-15",3,143.5
"637","HAR","HAR13",2012,2012-05-15,2012-05-30,15,"HAR132012","spring","HAR132012_2012-05-15",0,143.5
"638","HAR","HAR14",2012,2012-05-15,2012-05-30,15,"HAR142012","spring","HAR142012_2012-05-15",3,143.5
"639","HAR","HAR15",2012,2012-05-15,2012-05-30,15,"HAR152012","spring","HAR152012_2012-05-15",2,143.5
"640","HAR","HAR16",2012,2012-05-15,2012-05-30,15,"HAR162012","spring","HAR162012_2012-05-15",25,143.5
"641","WAN","WAN01",2012,2012-05-15,2012-05-30,15,"WAN012012","spring","WAN012012_2012-05-15",1,143.5
"642","WAN","WAN02",2012,2012-05-15,2012-05-30,15,"WAN022012","spring","WAN022012_2012-05-15",1,143.5
"643","WAN","WAN03",2012,2012-05-15,2012-05-30,15,"WAN032012","spring","WAN032012_2012-05-15",0,143.5
"644","WAN","WAN04",2012,2012-05-15,2012-05-30,15,"WAN042012","spring","WAN042012_2012-05-15",0,143.5
"645","WAN","WAN05",2012,2012-05-15,2012-05-30,15,"WAN052012","spring","WAN052012_2012-05-15",1,143.5
"646","WAN","WAN06",2012,2012-05-15,2012-05-30,15,"WAN062012","spring","WAN062012_2012-05-15",0,143.5
"647","WAN","WAN07",2012,2012-05-15,2012-05-30,15,"WAN072012","spring","WAN072012_2012-05-15",0,143.5
"648","WAN","WAN08",2012,2012-05-15,2012-05-30,15,"WAN082012","spring","WAN082012_2012-05-15",1,143.5
"649","WAN","WAN09",2012,2012-05-15,2012-05-30,15,"WAN092012","spring","WAN092012_2012-05-15",2,143.5
"650","WAN","WAN10",2012,2012-05-15,2012-05-30,15,"WAN102012","spring","WAN102012_2012-05-15",7,143.5
"651","WAN","WAN11",2012,2012-05-15,2012-05-30,15,"WAN112012","spring","WAN112012_2012-05-15",0,143.5
"652","WAN","WAN12",2012,2012-05-15,2012-05-30,15,"WAN122012","spring","WAN122012_2012-05-15",1,143.5
"653","WAN","WAN13",2012,2012-05-15,2012-05-30,15,"WAN132012","spring","WAN132012_2012-05-15",48,143.5
"654","WAN","WAN14",2012,2012-05-15,2012-05-30,15,"WAN142012","spring","WAN142012_2012-05-15",29,143.5
"655","WAN","WAN15",2012,2012-05-15,2012-05-30,15,"WAN152012","spring","WAN152012_2012-05-15",0,143.5
"656","WAN","WAN16",2012,2012-05-15,2012-05-30,15,"WAN162012","spring","WAN162012_2012-05-15",5,143.5
"657","GFH","GFH01",2012,2012-05-16,2012-05-31,15,"GFH012012","spring","GFH012012_2012-05-16",0,144.5
"658","GFH","GFH02",2012,2012-05-16,2012-05-31,15,"GFH022012","spring","GFH022012_2012-05-16",0,144.5
"659","GFH","GFH03",2012,2012-05-16,2012-05-31,15,"GFH032012","spring","GFH032012_2012-05-16",0,144.5
"660","GFH","GFH04",2012,2012-05-16,2012-05-31,15,"GFH042012","spring","GFH042012_2012-05-16",0,144.5
"661","GFH","GFH05",2012,2012-05-16,2012-05-31,15,"GFH052012","spring","GFH052012_2012-05-16",0,144.5
"662","GFH","GFH06",2012,2012-05-16,2012-05-31,15,"GFH062012","spring","GFH062012_2012-05-16",0,144.5
"663","GFH","GFH07",2012,2012-05-16,2012-05-31,15,"GFH072012","spring","GFH072012_2012-05-16",2,144.5
"664","GFH","GFH08",2012,2012-05-16,2012-05-31,15,"GFH082012","spring","GFH082012_2012-05-16",0,144.5
"665","GFH","GFH09",2012,2012-05-16,2012-05-31,15,"GFH092012","spring","GFH092012_2012-05-16",0,144.5
"666","GFH","GFH10",2012,2012-05-16,2012-05-31,15,"GFH102012","spring","GFH102012_2012-05-16",0,144.5
"667","GFH","GFH11",2012,2012-05-16,2012-05-31,15,"GFH112012","spring","GFH112012_2012-05-16",2,144.5
"668","GFH","GFH12",2012,2012-05-16,2012-05-31,15,"GFH122012","spring","GFH122012_2012-05-16",0,144.5
"669","GFH","GFH13",2012,2012-05-16,2012-05-31,15,"GFH132012","spring","GFH132012_2012-05-16",0,144.5
"670","GFH","GFH14",2012,2012-05-16,2012-05-31,15,"GFH142012","spring","GFH142012_2012-05-16",1,144.5
"671","GFH","GFH15",2012,2012-05-16,2012-05-31,15,"GFH152012","spring","GFH152012_2012-05-16",1,144.5
"672","GFH","GFH16",2012,2012-05-16,2012-05-31,15,"GFH162012","spring","GFH162012_2012-05-16",0,144.5
"673","SIP","SIP01",2012,2012-05-16,2012-05-31,15,"SIP012012","spring","SIP012012_2012-05-16",0,144.5
"674","SIP","SIP02",2012,2012-05-16,2012-05-31,15,"SIP022012","spring","SIP022012_2012-05-16",0,144.5
"675","SIP","SIP03",2012,2012-05-16,2012-05-31,15,"SIP032012","spring","SIP032012_2012-05-16",1,144.5
"676","SIP","SIP05",2012,2012-05-16,2012-05-31,15,"SIP052012","spring","SIP052012_2012-05-16",0,144.5
"677","SIP","SIP06",2012,2012-05-16,2012-05-31,15,"SIP062012","spring","SIP062012_2012-05-16",1,144.5
"678","SIP","SIP07",2012,2012-05-16,2012-05-31,15,"SIP072012","spring","SIP072012_2012-05-16",7,144.5
"679","SIP","SIP08",2012,2012-05-16,2012-05-31,15,"SIP082012","spring","SIP082012_2012-05-16",2,144.5
"680","SIP","SIP09",2012,2012-05-16,2012-05-31,15,"SIP092012","spring","SIP092012_2012-05-16",0,144.5
"681","SIP","SIP10",2012,2012-05-16,2012-05-31,15,"SIP102012","spring","SIP102012_2012-05-16",2,144.5
"682","SIP","SIP11",2012,2012-05-16,2012-05-31,15,"SIP112012","spring","SIP112012_2012-05-16",8,144.5
"683","SIP","SIP12",2012,2012-05-16,2012-05-31,15,"SIP122012","spring","SIP122012_2012-05-16",3,144.5
"684","SIP","SIP13",2012,2012-05-16,2012-05-31,15,"SIP132012","spring","SIP132012_2012-05-16",0,144.5
"685","SIP","SIP14",2012,2012-05-16,2012-05-31,15,"SIP142012","spring","SIP142012_2012-05-16",0,144.5
"686","SIP","SIP15",2012,2012-05-16,2012-05-31,15,"SIP152012","spring","SIP152012_2012-05-16",0,144.5
"687","SIP","SIP16",2012,2012-05-16,2012-05-31,15,"SIP162012","spring","SIP162012_2012-05-16",0,144.5
"688","FBG","FBG01",2012,2012-05-29,2012-06-12,14,"FBG012012","spring","FBG012012_2012-05-29",1,157
"689","FBG","FBG02",2012,2012-05-29,2012-06-12,14,"FBG022012","spring","FBG022012_2012-05-29",4,157
"690","FBG","FBG03",2012,2012-05-29,2012-06-12,14,"FBG032012","spring","FBG032012_2012-05-29",5,157
"691","FBG","FBG04",2012,2012-05-29,2012-06-12,14,"FBG042012","spring","FBG042012_2012-05-29",41,157
"692","FBG","FBG06",2012,2012-05-29,2012-06-12,14,"FBG062012","spring","FBG062012_2012-05-29",0,157
"693","FBG","FBG07",2012,2012-05-29,2012-06-12,14,"FBG072012","spring","FBG072012_2012-05-29",9,157
"694","FBG","FBG08",2012,2012-05-29,2012-06-12,14,"FBG082012","spring","FBG082012_2012-05-29",5,157
"695","FBG","FBG09",2012,2012-05-29,2012-06-12,14,"FBG092012","spring","FBG092012_2012-05-29",4,157
"696","FBG","FBG10",2012,2012-05-29,2012-06-12,14,"FBG102012","spring","FBG102012_2012-05-29",3,157
"697","FBG","FBG11",2012,2012-05-29,2012-06-12,14,"FBG112012","spring","FBG112012_2012-05-29",0,157
"698","FBG","FBG12",2012,2012-05-29,2012-06-12,14,"FBG122012","spring","FBG122012_2012-05-29",0,157
"699","FBG","FBG13",2012,2012-05-29,2012-06-12,14,"FBG132012","spring","FBG132012_2012-05-29",7,157
"700","FBG","FBG14",2012,2012-05-29,2012-06-12,14,"FBG142012","spring","FBG142012_2012-05-29",0,157
"701","FBG","FBG15",2012,2012-05-29,2012-06-12,14,"FBG152012","spring","FBG152012_2012-05-29",1,157
"702","FBG","FBG16",2012,2012-05-29,2012-06-12,14,"FBG162012","spring","FBG162012_2012-05-29",6,157
"703","SST","SST01",2012,2012-05-29,2012-06-12,14,"SST012012","spring","SST012012_2012-05-29",1,157
"704","SST","SST02",2012,2012-05-29,2012-06-12,14,"SST022012","spring","SST022012_2012-05-29",0,157
"705","SST","SST03",2012,2012-05-29,2012-06-12,14,"SST032012","spring","SST032012_2012-05-29",1,157
"706","SST","SST04",2012,2012-05-29,2012-06-12,14,"SST042012","spring","SST042012_2012-05-29",3,157
"707","SST","SST05",2012,2012-05-29,2012-06-12,14,"SST052012","spring","SST052012_2012-05-29",0,157
"708","SST","SST06",2012,2012-05-29,2012-06-12,14,"SST062012","spring","SST062012_2012-05-29",0,157
"709","SST","SST07",2012,2012-05-29,2012-06-12,14,"SST072012","spring","SST072012_2012-05-29",0,157
"710","SST","SST08",2012,2012-05-29,2012-06-12,14,"SST082012","spring","SST082012_2012-05-29",1,157
"711","SST","SST09",2012,2012-05-29,2012-06-12,14,"SST092012","spring","SST092012_2012-05-29",1,157
"712","SST","SST10",2012,2012-05-29,2012-06-12,14,"SST102012","spring","SST102012_2012-05-29",4,157
"713","SST","SST11",2012,2012-05-29,2012-06-12,14,"SST112012","spring","SST112012_2012-05-29",0,157
"714","SST","SST12",2012,2012-05-29,2012-06-12,14,"SST122012","spring","SST122012_2012-05-29",0,157
"715","SST","SST13",2012,2012-05-29,2012-06-12,14,"SST132012","spring","SST132012_2012-05-29",0,157
"716","SST","SST14",2012,2012-05-29,2012-06-12,14,"SST142012","spring","SST142012_2012-05-29",0,157
"717","SST","SST15",2012,2012-05-29,2012-06-12,14,"SST152012","spring","SST152012_2012-05-29",0,157
"718","SST","SST16",2012,2012-05-29,2012-06-12,14,"SST162012","spring","SST162012_2012-05-29",0,157
"719","HAR","HAR01",2012,2012-05-30,2012-06-13,14,"HAR012012","spring","HAR012012_2012-05-30",2,158
"720","HAR","HAR02",2012,2012-05-30,2012-06-13,14,"HAR022012","spring","HAR022012_2012-05-30",2,158
"721","HAR","HAR03",2012,2012-05-30,2012-06-13,14,"HAR032012","spring","HAR032012_2012-05-30",1,158
"722","HAR","HAR04",2012,2012-05-30,2012-06-13,14,"HAR042012","spring","HAR042012_2012-05-30",1,158
"723","HAR","HAR05",2012,2012-05-30,2012-06-13,14,"HAR052012","spring","HAR052012_2012-05-30",19,158
"724","HAR","HAR06",2012,2012-05-30,2012-06-13,14,"HAR062012","spring","HAR062012_2012-05-30",6,158
"725","HAR","HAR07",2012,2012-05-30,2012-06-13,14,"HAR072012","spring","HAR072012_2012-05-30",22,158
"726","HAR","HAR08",2012,2012-05-30,2012-06-13,14,"HAR082012","spring","HAR082012_2012-05-30",1,158
"727","HAR","HAR09",2012,2012-05-30,2012-06-13,14,"HAR092012","spring","HAR092012_2012-05-30",2,158
"728","HAR","HAR10",2012,2012-05-30,2012-06-13,14,"HAR102012","spring","HAR102012_2012-05-30",54,158
"729","HAR","HAR11",2012,2012-05-30,2012-06-13,14,"HAR112012","spring","HAR112012_2012-05-30",146,158
"730","HAR","HAR12",2012,2012-05-30,2012-06-13,14,"HAR122012","spring","HAR122012_2012-05-30",16,158
"731","HAR","HAR13",2012,2012-05-30,2012-06-13,14,"HAR132012","spring","HAR132012_2012-05-30",10,158
"732","HAR","HAR14",2012,2012-05-30,2012-06-13,14,"HAR142012","spring","HAR142012_2012-05-30",10,158
"733","HAR","HAR15",2012,2012-05-30,2012-06-13,14,"HAR152012","spring","HAR152012_2012-05-30",16,158
"734","HAR","HAR16",2012,2012-05-30,2012-06-13,14,"HAR162012","spring","HAR162012_2012-05-30",58,158
"735","WAN","WAN01",2012,2012-05-30,2012-06-13,14,"WAN012012","spring","WAN012012_2012-05-30",0,158
"736","WAN","WAN02",2012,2012-05-30,2012-06-13,14,"WAN022012","spring","WAN022012_2012-05-30",0,158
"737","WAN","WAN03",2012,2012-05-30,2012-06-13,14,"WAN032012","spring","WAN032012_2012-05-30",0,158
"738","WAN","WAN04",2012,2012-05-30,2012-06-13,14,"WAN042012","spring","WAN042012_2012-05-30",1,158
"739","WAN","WAN05",2012,2012-05-30,2012-06-13,14,"WAN052012","spring","WAN052012_2012-05-30",0,158
"740","WAN","WAN06",2012,2012-05-30,2012-06-13,14,"WAN062012","spring","WAN062012_2012-05-30",0,158
"741","WAN","WAN07",2012,2012-05-30,2012-06-13,14,"WAN072012","spring","WAN072012_2012-05-30",1,158
"742","WAN","WAN08",2012,2012-05-30,2012-06-13,14,"WAN082012","spring","WAN082012_2012-05-30",1,158
"743","WAN","WAN09",2012,2012-05-30,2012-06-13,14,"WAN092012","spring","WAN092012_2012-05-30",0,158
"744","WAN","WAN10",2012,2012-05-30,2012-06-13,14,"WAN102012","spring","WAN102012_2012-05-30",0,158
"745","WAN","WAN11",2012,2012-05-30,2012-06-13,14,"WAN112012","spring","WAN112012_2012-05-30",0,158
"746","WAN","WAN12",2012,2012-05-30,2012-06-13,14,"WAN122012","spring","WAN122012_2012-05-30",5,158
"747","WAN","WAN13",2012,2012-05-30,2012-06-13,14,"WAN132012","spring","WAN132012_2012-05-30",1,158
"748","WAN","WAN14",2012,2012-05-30,2012-06-13,14,"WAN142012","spring","WAN142012_2012-05-30",2,158
"749","WAN","WAN15",2012,2012-05-30,2012-06-13,14,"WAN152012","spring","WAN152012_2012-05-30",0,158
"750","WAN","WAN16",2012,2012-05-30,2012-06-13,14,"WAN162012","spring","WAN162012_2012-05-30",0,158
"751","GFH","GFH01",2012,2012-05-31,2012-06-14,14,"GFH012012","spring","GFH012012_2012-05-31",0,159
"752","GFH","GFH02",2012,2012-05-31,2012-06-14,14,"GFH022012","spring","GFH022012_2012-05-31",0,159
"753","GFH","GFH03",2012,2012-05-31,2012-06-14,14,"GFH032012","spring","GFH032012_2012-05-31",0,159
"754","GFH","GFH04",2012,2012-05-31,2012-06-14,14,"GFH042012","spring","GFH042012_2012-05-31",1,159
"755","GFH","GFH05",2012,2012-05-31,2012-06-14,14,"GFH052012","spring","GFH052012_2012-05-31",3,159
"756","GFH","GFH06",2012,2012-05-31,2012-06-14,14,"GFH062012","spring","GFH062012_2012-05-31",0,159
"757","GFH","GFH07",2012,2012-05-31,2012-06-14,14,"GFH072012","spring","GFH072012_2012-05-31",2,159
"758","GFH","GFH08",2012,2012-05-31,2012-06-14,14,"GFH082012","spring","GFH082012_2012-05-31",0,159
"759","GFH","GFH09",2012,2012-05-31,2012-06-14,14,"GFH092012","spring","GFH092012_2012-05-31",3,159
"760","GFH","GFH10",2012,2012-05-31,2012-06-14,14,"GFH102012","spring","GFH102012_2012-05-31",2,159
"761","GFH","GFH11",2012,2012-05-31,2012-06-14,14,"GFH112012","spring","GFH112012_2012-05-31",2,159
"762","GFH","GFH12",2012,2012-05-31,2012-06-14,14,"GFH122012","spring","GFH122012_2012-05-31",1,159
"763","GFH","GFH13",2012,2012-05-31,2012-06-14,14,"GFH132012","spring","GFH132012_2012-05-31",6,159
"764","GFH","GFH14",2012,2012-05-31,2012-06-14,14,"GFH142012","spring","GFH142012_2012-05-31",0,159
"765","GFH","GFH15",2012,2012-05-31,2012-06-14,14,"GFH152012","spring","GFH152012_2012-05-31",1,159
"766","GFH","GFH16",2012,2012-05-31,2012-06-14,14,"GFH162012","spring","GFH162012_2012-05-31",1,159
"767","SIP","SIP01",2012,2012-05-31,2012-06-14,14,"SIP012012","spring","SIP012012_2012-05-31",0,159
"768","SIP","SIP02",2012,2012-05-31,2012-06-14,14,"SIP022012","spring","SIP022012_2012-05-31",0,159
"769","SIP","SIP03",2012,2012-05-31,2012-06-14,14,"SIP032012","spring","SIP032012_2012-05-31",1,159
"770","SIP","SIP05",2012,2012-05-31,2012-06-14,14,"SIP052012","spring","SIP052012_2012-05-31",1,159
"771","SIP","SIP06",2012,2012-05-31,2012-06-14,14,"SIP062012","spring","SIP062012_2012-05-31",1,159
"772","SIP","SIP07",2012,2012-05-31,2012-06-14,14,"SIP072012","spring","SIP072012_2012-05-31",3,159
"773","SIP","SIP08",2012,2012-05-31,2012-06-14,14,"SIP082012","spring","SIP082012_2012-05-31",2,159
"774","SIP","SIP09",2012,2012-05-31,2012-06-14,14,"SIP092012","spring","SIP092012_2012-05-31",0,159
"775","SIP","SIP10",2012,2012-05-31,2012-06-14,14,"SIP102012","spring","SIP102012_2012-05-31",2,159
"776","SIP","SIP11",2012,2012-05-31,2012-06-14,14,"SIP112012","spring","SIP112012_2012-05-31",1,159
"777","SIP","SIP12",2012,2012-05-31,2012-06-14,14,"SIP122012","spring","SIP122012_2012-05-31",1,159
"778","SIP","SIP13",2012,2012-05-31,2012-06-14,14,"SIP132012","spring","SIP132012_2012-05-31",0,159
"779","SIP","SIP14",2012,2012-05-31,2012-06-14,14,"SIP142012","spring","SIP142012_2012-05-31",0,159
"780","SIP","SIP15",2012,2012-05-31,2012-06-14,14,"SIP152012","spring","SIP152012_2012-05-31",0,159
"781","SIP","SIP16",2012,2012-05-31,2012-06-14,14,"SIP162012","spring","SIP162012_2012-05-31",0,159
"782","FBG","FBG01",2013,2013-04-29,2013-05-13,14,"FBG012013","spring","FBG012013_2013-04-29",0,126
"783","FBG","FBG02",2013,2013-04-29,2013-05-13,14,"FBG022013","spring","FBG022013_2013-04-29",3,126
"784","FBG","FBG03",2013,2013-04-29,2013-05-13,14,"FBG032013","spring","FBG032013_2013-04-29",0,126
"785","FBG","FBG04",2013,2013-04-29,2013-05-13,14,"FBG042013","spring","FBG042013_2013-04-29",0,126
"786","FBG","FBG05",2013,2013-04-29,2013-05-13,14,"FBG052013","spring","FBG052013_2013-04-29",0,126
"787","FBG","FBG06",2013,2013-04-29,2013-05-13,14,"FBG062013","spring","FBG062013_2013-04-29",0,126
"788","FBG","FBG07",2013,2013-04-29,2013-05-13,14,"FBG072013","spring","FBG072013_2013-04-29",0,126
"789","FBG","FBG08",2013,2013-04-29,2013-05-13,14,"FBG082013","spring","FBG082013_2013-04-29",1,126
"790","FBG","FBG09",2013,2013-04-29,2013-05-13,14,"FBG092013","spring","FBG092013_2013-04-29",1,126
"791","FBG","FBG10",2013,2013-04-29,2013-05-13,14,"FBG102013","spring","FBG102013_2013-04-29",0,126
"792","FBG","FBG11",2013,2013-04-29,2013-05-13,14,"FBG112013","spring","FBG112013_2013-04-29",0,126
"793","FBG","FBG12",2013,2013-04-29,2013-05-13,14,"FBG122013","spring","FBG122013_2013-04-29",0,126
"794","FBG","FBG13",2013,2013-04-29,2013-05-13,14,"FBG132013","spring","FBG132013_2013-04-29",0,126
"795","FBG","FBG14",2013,2013-04-29,2013-05-13,14,"FBG142013","spring","FBG142013_2013-04-29",2,126
"796","FBG","FBG15",2013,2013-04-29,2013-05-13,14,"FBG152013","spring","FBG152013_2013-04-29",0,126
"797","FBG","FBG16",2013,2013-04-29,2013-05-13,14,"FBG162013","spring","FBG162013_2013-04-29",0,126
"798","SST","SST01",2013,2013-04-29,2013-05-13,14,"SST012013","spring","SST012013_2013-04-29",0,126
"799","SST","SST02",2013,2013-04-29,2013-05-13,14,"SST022013","spring","SST022013_2013-04-29",0,126
"800","SST","SST03",2013,2013-04-29,2013-05-13,14,"SST032013","spring","SST032013_2013-04-29",0,126
"801","SST","SST04",2013,2013-04-29,2013-05-13,14,"SST042013","spring","SST042013_2013-04-29",0,126
"802","SST","SST05",2013,2013-04-29,2013-05-13,14,"SST052013","spring","SST052013_2013-04-29",0,126
"803","SST","SST06",2013,2013-04-29,2013-05-13,14,"SST062013","spring","SST062013_2013-04-29",0,126
"804","SST","SST07",2013,2013-04-29,2013-05-13,14,"SST072013","spring","SST072013_2013-04-29",0,126
"805","SST","SST08",2013,2013-04-29,2013-05-13,14,"SST082013","spring","SST082013_2013-04-29",0,126
"806","SST","SST09",2013,2013-04-29,2013-05-13,14,"SST092013","spring","SST092013_2013-04-29",0,126
"807","SST","SST10",2013,2013-04-29,2013-05-13,14,"SST102013","spring","SST102013_2013-04-29",0,126
"808","SST","SST11",2013,2013-04-29,2013-05-13,14,"SST112013","spring","SST112013_2013-04-29",0,126
"809","SST","SST12",2013,2013-04-29,2013-05-13,14,"SST122013","spring","SST122013_2013-04-29",0,126
"810","SST","SST13",2013,2013-04-29,2013-05-13,14,"SST132013","spring","SST132013_2013-04-29",0,126
"811","SST","SST14",2013,2013-04-29,2013-05-13,14,"SST142013","spring","SST142013_2013-04-29",0,126
"812","SST","SST15",2013,2013-04-29,2013-05-13,14,"SST152013","spring","SST152013_2013-04-29",0,126
"813","SST","SST16",2013,2013-04-29,2013-05-13,14,"SST162013","spring","SST162013_2013-04-29",0,126
"814","HAR","HAR01",2013,2013-04-30,2013-05-14,14,"HAR012013","spring","HAR012013_2013-04-30",0,127
"815","HAR","HAR02",2013,2013-04-30,2013-05-14,14,"HAR022013","spring","HAR022013_2013-04-30",0,127
"816","HAR","HAR03",2013,2013-04-30,2013-05-14,14,"HAR032013","spring","HAR032013_2013-04-30",0,127
"817","HAR","HAR04",2013,2013-04-30,2013-05-14,14,"HAR042013","spring","HAR042013_2013-04-30",0,127
"818","HAR","HAR05",2013,2013-04-30,2013-05-14,14,"HAR052013","spring","HAR052013_2013-04-30",1,127
"819","HAR","HAR06",2013,2013-04-30,2013-05-14,14,"HAR062013","spring","HAR062013_2013-04-30",1,127
"820","HAR","HAR07",2013,2013-04-30,2013-05-14,14,"HAR072013","spring","HAR072013_2013-04-30",0,127
"821","HAR","HAR08",2013,2013-04-30,2013-05-14,14,"HAR082013","spring","HAR082013_2013-04-30",0,127
"822","HAR","HAR09",2013,2013-04-30,2013-05-14,14,"HAR092013","spring","HAR092013_2013-04-30",0,127
"823","HAR","HAR10",2013,2013-04-30,2013-05-14,14,"HAR102013","spring","HAR102013_2013-04-30",0,127
"824","HAR","HAR11",2013,2013-04-30,2013-05-14,14,"HAR112013","spring","HAR112013_2013-04-30",0,127
"825","HAR","HAR12",2013,2013-04-30,2013-05-14,14,"HAR122013","spring","HAR122013_2013-04-30",1,127
"826","HAR","HAR13",2013,2013-04-30,2013-05-14,14,"HAR132013","spring","HAR132013_2013-04-30",0,127
"827","HAR","HAR14",2013,2013-04-30,2013-05-14,14,"HAR142013","spring","HAR142013_2013-04-30",0,127
"828","HAR","HAR15",2013,2013-04-30,2013-05-14,14,"HAR152013","spring","HAR152013_2013-04-30",3,127
"829","HAR","HAR16",2013,2013-04-30,2013-05-14,14,"HAR162013","spring","HAR162013_2013-04-30",1,127
"830","WAN","WAN01",2013,2013-04-30,2013-05-14,14,"WAN012013","spring","WAN012013_2013-04-30",3,127
"831","WAN","WAN02",2013,2013-04-30,2013-05-14,14,"WAN022013","spring","WAN022013_2013-04-30",0,127
"832","WAN","WAN03",2013,2013-04-30,2013-05-14,14,"WAN032013","spring","WAN032013_2013-04-30",1,127
"833","WAN","WAN04",2013,2013-04-30,2013-05-14,14,"WAN042013","spring","WAN042013_2013-04-30",0,127
"834","WAN","WAN05",2013,2013-04-30,2013-05-14,14,"WAN052013","spring","WAN052013_2013-04-30",0,127
"835","WAN","WAN06",2013,2013-04-30,2013-05-14,14,"WAN062013","spring","WAN062013_2013-04-30",0,127
"836","WAN","WAN07",2013,2013-04-30,2013-05-14,14,"WAN072013","spring","WAN072013_2013-04-30",0,127
"837","WAN","WAN08",2013,2013-04-30,2013-05-14,14,"WAN082013","spring","WAN082013_2013-04-30",0,127
"838","WAN","WAN09",2013,2013-04-30,2013-05-14,14,"WAN092013","spring","WAN092013_2013-04-30",19,127
"839","WAN","WAN10",2013,2013-04-30,2013-05-14,14,"WAN102013","spring","WAN102013_2013-04-30",6,127
"840","WAN","WAN11",2013,2013-04-30,2013-05-14,14,"WAN112013","spring","WAN112013_2013-04-30",1,127
"841","WAN","WAN12",2013,2013-04-30,2013-05-14,14,"WAN122013","spring","WAN122013_2013-04-30",6,127
"842","WAN","WAN13",2013,2013-04-30,2013-05-14,14,"WAN132013","spring","WAN132013_2013-04-30",235,127
"843","WAN","WAN14",2013,2013-04-30,2013-05-14,14,"WAN142013","spring","WAN142013_2013-04-30",28,127
"844","WAN","WAN15",2013,2013-04-30,2013-05-14,14,"WAN152013","spring","WAN152013_2013-04-30",2,127
"845","WAN","WAN16",2013,2013-04-30,2013-05-14,14,"WAN162013","spring","WAN162013_2013-04-30",0,127
"846","GFH","GFH01",2013,2013-05-02,2013-05-16,14,"GFH012013","spring","GFH012013_2013-05-02",0,129
"847","GFH","GFH02",2013,2013-05-02,2013-05-16,14,"GFH022013","spring","GFH022013_2013-05-02",0,129
"848","GFH","GFH03",2013,2013-05-02,2013-05-16,14,"GFH032013","spring","GFH032013_2013-05-02",0,129
"849","GFH","GFH04",2013,2013-05-02,2013-05-16,14,"GFH042013","spring","GFH042013_2013-05-02",0,129
"850","GFH","GFH05",2013,2013-05-02,2013-05-16,14,"GFH052013","spring","GFH052013_2013-05-02",0,129
"851","GFH","GFH06",2013,2013-05-02,2013-05-16,14,"GFH062013","spring","GFH062013_2013-05-02",0,129
"852","GFH","GFH07",2013,2013-05-02,2013-05-16,14,"GFH072013","spring","GFH072013_2013-05-02",0,129
"853","GFH","GFH08",2013,2013-05-02,2013-05-16,14,"GFH082013","spring","GFH082013_2013-05-02",0,129
"854","GFH","GFH09",2013,2013-05-02,2013-05-16,14,"GFH092013","spring","GFH092013_2013-05-02",0,129
"855","GFH","GFH10",2013,2013-05-02,2013-05-16,14,"GFH102013","spring","GFH102013_2013-05-02",0,129
"856","GFH","GFH11",2013,2013-05-02,2013-05-16,14,"GFH112013","spring","GFH112013_2013-05-02",0,129
"857","GFH","GFH12",2013,2013-05-02,2013-05-16,14,"GFH122013","spring","GFH122013_2013-05-02",0,129
"858","GFH","GFH13",2013,2013-05-02,2013-05-16,14,"GFH132013","spring","GFH132013_2013-05-02",0,129
"859","GFH","GFH14",2013,2013-05-02,2013-05-16,14,"GFH142013","spring","GFH142013_2013-05-02",0,129
"860","GFH","GFH15",2013,2013-05-02,2013-05-16,14,"GFH152013","spring","GFH152013_2013-05-02",0,129
"861","GFH","GFH16",2013,2013-05-02,2013-05-16,14,"GFH162013","spring","GFH162013_2013-05-02",0,129
"862","SIP","SIP01",2013,2013-05-02,2013-05-16,14,"SIP012013","spring","SIP012013_2013-05-02",0,129
"863","SIP","SIP02",2013,2013-05-02,2013-05-16,14,"SIP022013","spring","SIP022013_2013-05-02",0,129
"864","SIP","SIP03",2013,2013-05-02,2013-05-16,14,"SIP032013","spring","SIP032013_2013-05-02",0,129
"865","SIP","SIP05",2013,2013-05-02,2013-05-16,14,"SIP052013","spring","SIP052013_2013-05-02",0,129
"866","SIP","SIP06",2013,2013-05-02,2013-05-16,14,"SIP062013","spring","SIP062013_2013-05-02",0,129
"867","SIP","SIP07",2013,2013-05-02,2013-05-16,14,"SIP072013","spring","SIP072013_2013-05-02",1,129
"868","SIP","SIP08",2013,2013-05-02,2013-05-16,14,"SIP082013","spring","SIP082013_2013-05-02",0,129
"869","SIP","SIP09",2013,2013-05-02,2013-05-16,14,"SIP092013","spring","SIP092013_2013-05-02",0,129
"870","SIP","SIP10",2013,2013-05-02,2013-05-16,14,"SIP102013","spring","SIP102013_2013-05-02",0,129
"871","SIP","SIP11",2013,2013-05-02,2013-05-16,14,"SIP112013","spring","SIP112013_2013-05-02",0,129
"872","SIP","SIP12",2013,2013-05-02,2013-05-16,14,"SIP122013","spring","SIP122013_2013-05-02",0,129
"873","SIP","SIP13",2013,2013-05-02,2013-05-16,14,"SIP132013","spring","SIP132013_2013-05-02",0,129
"874","SIP","SIP14",2013,2013-05-02,2013-05-16,14,"SIP142013","spring","SIP142013_2013-05-02",0,129
"875","SIP","SIP15",2013,2013-05-02,2013-05-16,14,"SIP152013","spring","SIP152013_2013-05-02",0,129
"876","SIP","SIP16",2013,2013-05-02,2013-05-16,14,"SIP162013","spring","SIP162013_2013-05-02",0,129
"877","FBG","FBG01",2013,2013-05-13,2013-05-27,14,"FBG012013","spring","FBG012013_2013-05-13",0,140
"878","FBG","FBG02",2013,2013-05-13,2013-05-27,14,"FBG022013","spring","FBG022013_2013-05-13",3,140
"879","FBG","FBG03",2013,2013-05-13,2013-05-27,14,"FBG032013","spring","FBG032013_2013-05-13",1,140
"880","FBG","FBG04",2013,2013-05-13,2013-05-27,14,"FBG042013","spring","FBG042013_2013-05-13",1,140
"881","FBG","FBG06",2013,2013-05-13,2013-05-27,14,"FBG062013","spring","FBG062013_2013-05-13",0,140
"882","FBG","FBG07",2013,2013-05-13,2013-05-27,14,"FBG072013","spring","FBG072013_2013-05-13",0,140
"883","FBG","FBG08",2013,2013-05-13,2013-05-27,14,"FBG082013","spring","FBG082013_2013-05-13",0,140
"884","FBG","FBG09",2013,2013-05-13,2013-05-27,14,"FBG092013","spring","FBG092013_2013-05-13",1,140
"885","FBG","FBG10",2013,2013-05-13,2013-05-27,14,"FBG102013","spring","FBG102013_2013-05-13",0,140
"886","FBG","FBG11",2013,2013-05-13,2013-05-27,14,"FBG112013","spring","FBG112013_2013-05-13",0,140
"887","FBG","FBG12",2013,2013-05-13,2013-05-27,14,"FBG122013","spring","FBG122013_2013-05-13",0,140
"888","FBG","FBG13",2013,2013-05-13,2013-05-27,14,"FBG132013","spring","FBG132013_2013-05-13",2,140
"889","FBG","FBG14",2013,2013-05-13,2013-05-27,14,"FBG142013","spring","FBG142013_2013-05-13",1,140
"890","FBG","FBG15",2013,2013-05-13,2013-05-27,14,"FBG152013","spring","FBG152013_2013-05-13",0,140
"891","FBG","FBG16",2013,2013-05-13,2013-05-27,14,"FBG162013","spring","FBG162013_2013-05-13",0,140
"892","HAR","HAR01",2013,2013-05-14,2013-05-28,14,"HAR012013","spring","HAR012013_2013-05-14",0,141
"893","HAR","HAR02",2013,2013-05-14,2013-05-28,14,"HAR022013","spring","HAR022013_2013-05-14",0,141
"894","HAR","HAR03",2013,2013-05-14,2013-05-28,14,"HAR032013","spring","HAR032013_2013-05-14",0,141
"895","HAR","HAR04",2013,2013-05-14,2013-05-28,14,"HAR042013","spring","HAR042013_2013-05-14",0,141
"896","HAR","HAR05",2013,2013-05-14,2013-05-28,14,"HAR052013","spring","HAR052013_2013-05-14",1,141
"897","HAR","HAR06",2013,2013-05-14,2013-05-28,14,"HAR062013","spring","HAR062013_2013-05-14",0,141
"898","HAR","HAR07",2013,2013-05-14,2013-05-28,14,"HAR072013","spring","HAR072013_2013-05-14",0,141
"899","HAR","HAR08",2013,2013-05-14,2013-05-28,14,"HAR082013","spring","HAR082013_2013-05-14",0,141
"900","HAR","HAR09",2013,2013-05-14,2013-05-28,14,"HAR092013","spring","HAR092013_2013-05-14",0,141
"901","HAR","HAR10",2013,2013-05-14,2013-05-28,14,"HAR102013","spring","HAR102013_2013-05-14",0,141
"902","HAR","HAR11",2013,2013-05-14,2013-05-28,14,"HAR112013","spring","HAR112013_2013-05-14",0,141
"903","HAR","HAR12",2013,2013-05-14,2013-05-28,14,"HAR122013","spring","HAR122013_2013-05-14",0,141
"904","HAR","HAR13",2013,2013-05-14,2013-05-28,14,"HAR132013","spring","HAR132013_2013-05-14",0,141
"905","HAR","HAR14",2013,2013-05-14,2013-05-28,14,"HAR142013","spring","HAR142013_2013-05-14",1,141
"906","HAR","HAR15",2013,2013-05-14,2013-05-28,14,"HAR152013","spring","HAR152013_2013-05-14",4,141
"907","HAR","HAR16",2013,2013-05-14,2013-05-28,14,"HAR162013","spring","HAR162013_2013-05-14",0,141
"908","WAN","WAN01",2013,2013-05-14,2013-05-28,14,"WAN012013","spring","WAN012013_2013-05-14",7,141
"909","WAN","WAN02",2013,2013-05-14,2013-05-28,14,"WAN022013","spring","WAN022013_2013-05-14",1,141
"910","WAN","WAN03",2013,2013-05-14,2013-05-28,14,"WAN032013","spring","WAN032013_2013-05-14",1,141
"911","WAN","WAN04",2013,2013-05-14,2013-05-28,14,"WAN042013","spring","WAN042013_2013-05-14",2,141
"912","WAN","WAN05",2013,2013-05-14,2013-05-28,14,"WAN052013","spring","WAN052013_2013-05-14",1,141
"913","WAN","WAN06",2013,2013-05-14,2013-05-28,14,"WAN062013","spring","WAN062013_2013-05-14",0,141
"914","WAN","WAN07",2013,2013-05-14,2013-05-28,14,"WAN072013","spring","WAN072013_2013-05-14",0,141
"915","WAN","WAN08",2013,2013-05-14,2013-05-28,14,"WAN082013","spring","WAN082013_2013-05-14",0,141
"916","WAN","WAN09",2013,2013-05-14,2013-05-28,14,"WAN092013","spring","WAN092013_2013-05-14",3,141
"917","WAN","WAN10",2013,2013-05-14,2013-05-28,14,"WAN102013","spring","WAN102013_2013-05-14",9,141
"918","WAN","WAN11",2013,2013-05-14,2013-05-28,14,"WAN112013","spring","WAN112013_2013-05-14",0,141
"919","WAN","WAN12",2013,2013-05-14,2013-05-28,14,"WAN122013","spring","WAN122013_2013-05-14",1,141
"920","WAN","WAN13",2013,2013-05-14,2013-05-28,14,"WAN132013","spring","WAN132013_2013-05-14",41,141
"921","WAN","WAN14",2013,2013-05-14,2013-05-28,14,"WAN142013","spring","WAN142013_2013-05-14",10,141
"922","WAN","WAN15",2013,2013-05-14,2013-05-28,14,"WAN152013","spring","WAN152013_2013-05-14",2,141
"923","WAN","WAN16",2013,2013-05-14,2013-05-28,14,"WAN162013","spring","WAN162013_2013-05-14",0,141
"924","SST","SST01",2013,2013-05-13,2013-05-29,16,"SST012013","spring","SST012013_2013-05-13",0,141
"925","SST","SST02",2013,2013-05-13,2013-05-29,16,"SST022013","spring","SST022013_2013-05-13",0,141
"926","SST","SST03",2013,2013-05-13,2013-05-29,16,"SST032013","spring","SST032013_2013-05-13",1,141
"927","SST","SST04",2013,2013-05-13,2013-05-29,16,"SST042013","spring","SST042013_2013-05-13",0,141
"928","SST","SST05",2013,2013-05-13,2013-05-29,16,"SST052013","spring","SST052013_2013-05-13",0,141
"929","SST","SST06",2013,2013-05-13,2013-05-29,16,"SST062013","spring","SST062013_2013-05-13",0,141
"930","SST","SST07",2013,2013-05-13,2013-05-29,16,"SST072013","spring","SST072013_2013-05-13",0,141
"931","SST","SST08",2013,2013-05-13,2013-05-29,16,"SST082013","spring","SST082013_2013-05-13",0,141
"932","SST","SST09",2013,2013-05-13,2013-05-29,16,"SST092013","spring","SST092013_2013-05-13",0,141
"933","SST","SST10",2013,2013-05-13,2013-05-29,16,"SST102013","spring","SST102013_2013-05-13",1,141
"934","SST","SST11",2013,2013-05-13,2013-05-29,16,"SST112013","spring","SST112013_2013-05-13",0,141
"935","SST","SST12",2013,2013-05-13,2013-05-29,16,"SST122013","spring","SST122013_2013-05-13",0,141
"936","SST","SST13",2013,2013-05-13,2013-05-29,16,"SST132013","spring","SST132013_2013-05-13",0,141
"937","SST","SST14",2013,2013-05-13,2013-05-29,16,"SST142013","spring","SST142013_2013-05-13",0,141
"938","SST","SST15",2013,2013-05-13,2013-05-29,16,"SST152013","spring","SST152013_2013-05-13",0,141
"939","SST","SST16",2013,2013-05-13,2013-05-29,16,"SST162013","spring","SST162013_2013-05-13",0,141
"940","GFH","GFH01",2013,2013-05-16,2013-06-03,18,"GFH012013","spring","GFH012013_2013-05-16",0,145
"941","GFH","GFH02",2013,2013-05-16,2013-06-03,18,"GFH022013","spring","GFH022013_2013-05-16",0,145
"942","GFH","GFH03",2013,2013-05-16,2013-06-03,18,"GFH032013","spring","GFH032013_2013-05-16",0,145
"943","GFH","GFH04",2013,2013-05-16,2013-06-03,18,"GFH042013","spring","GFH042013_2013-05-16",0,145
"944","GFH","GFH05",2013,2013-05-16,2013-06-03,18,"GFH052013","spring","GFH052013_2013-05-16",0,145
"945","GFH","GFH06",2013,2013-05-16,2013-06-03,18,"GFH062013","spring","GFH062013_2013-05-16",0,145
"946","GFH","GFH07",2013,2013-05-16,2013-06-03,18,"GFH072013","spring","GFH072013_2013-05-16",0,145
"947","GFH","GFH08",2013,2013-05-16,2013-06-03,18,"GFH082013","spring","GFH082013_2013-05-16",0,145
"948","GFH","GFH09",2013,2013-05-16,2013-06-03,18,"GFH092013","spring","GFH092013_2013-05-16",0,145
"949","GFH","GFH10",2013,2013-05-16,2013-06-03,18,"GFH102013","spring","GFH102013_2013-05-16",0,145
"950","GFH","GFH11",2013,2013-05-16,2013-06-03,18,"GFH112013","spring","GFH112013_2013-05-16",0,145
"951","GFH","GFH12",2013,2013-05-16,2013-06-03,18,"GFH122013","spring","GFH122013_2013-05-16",0,145
"952","GFH","GFH13",2013,2013-05-16,2013-06-03,18,"GFH132013","spring","GFH132013_2013-05-16",2,145
"953","GFH","GFH14",2013,2013-05-16,2013-06-03,18,"GFH142013","spring","GFH142013_2013-05-16",0,145
"954","GFH","GFH15",2013,2013-05-16,2013-06-03,18,"GFH152013","spring","GFH152013_2013-05-16",0,145
"955","GFH","GFH16",2013,2013-05-16,2013-06-03,18,"GFH162013","spring","GFH162013_2013-05-16",0,145
"956","SIP","SIP01",2013,2013-05-16,2013-06-03,18,"SIP012013","spring","SIP012013_2013-05-16",0,145
"957","SIP","SIP02",2013,2013-05-16,2013-06-03,18,"SIP022013","spring","SIP022013_2013-05-16",0,145
"958","SIP","SIP03",2013,2013-05-16,2013-06-03,18,"SIP032013","spring","SIP032013_2013-05-16",0,145
"959","SIP","SIP05",2013,2013-05-16,2013-06-03,18,"SIP052013","spring","SIP052013_2013-05-16",0,145
"960","SIP","SIP07",2013,2013-05-16,2013-06-03,18,"SIP072013","spring","SIP072013_2013-05-16",0,145
"961","SIP","SIP08",2013,2013-05-16,2013-06-03,18,"SIP082013","spring","SIP082013_2013-05-16",0,145
"962","SIP","SIP09",2013,2013-05-16,2013-06-03,18,"SIP092013","spring","SIP092013_2013-05-16",0,145
"963","SIP","SIP10",2013,2013-05-16,2013-06-03,18,"SIP102013","spring","SIP102013_2013-05-16",0,145
"964","SIP","SIP11",2013,2013-05-16,2013-06-03,18,"SIP112013","spring","SIP112013_2013-05-16",0,145
"965","SIP","SIP12",2013,2013-05-16,2013-06-03,18,"SIP122013","spring","SIP122013_2013-05-16",0,145
"966","SIP","SIP13",2013,2013-05-16,2013-06-03,18,"SIP132013","spring","SIP132013_2013-05-16",0,145
"967","SIP","SIP14",2013,2013-05-16,2013-06-03,18,"SIP142013","spring","SIP142013_2013-05-16",0,145
"968","SIP","SIP15",2013,2013-05-16,2013-06-03,18,"SIP152013","spring","SIP152013_2013-05-16",0,145
"969","SIP","SIP16",2013,2013-05-16,2013-06-03,18,"SIP162013","spring","SIP162013_2013-05-16",0,145
"970","FBG","FBG01",2013,2013-05-27,2013-06-10,14,"FBG012013","spring","FBG012013_2013-05-27",2,154
"971","FBG","FBG02",2013,2013-05-27,2013-06-10,14,"FBG022013","spring","FBG022013_2013-05-27",3,154
"972","FBG","FBG03",2013,2013-05-27,2013-06-10,14,"FBG032013","spring","FBG032013_2013-05-27",0,154
"973","FBG","FBG04",2013,2013-05-27,2013-06-10,14,"FBG042013","spring","FBG042013_2013-05-27",0,154
"974","FBG","FBG05",2013,2013-05-27,2013-06-10,14,"FBG052013","spring","FBG052013_2013-05-27",1,154
"975","FBG","FBG06",2013,2013-05-27,2013-06-10,14,"FBG062013","spring","FBG062013_2013-05-27",0,154
"976","FBG","FBG07",2013,2013-05-27,2013-06-10,14,"FBG072013","spring","FBG072013_2013-05-27",0,154
"977","FBG","FBG08",2013,2013-05-27,2013-06-10,14,"FBG082013","spring","FBG082013_2013-05-27",1,154
"978","FBG","FBG09",2013,2013-05-27,2013-06-10,14,"FBG092013","spring","FBG092013_2013-05-27",0,154
"979","FBG","FBG10",2013,2013-05-27,2013-06-10,14,"FBG102013","spring","FBG102013_2013-05-27",0,154
"980","FBG","FBG11",2013,2013-05-27,2013-06-10,14,"FBG112013","spring","FBG112013_2013-05-27",0,154
"981","FBG","FBG12",2013,2013-05-27,2013-06-10,14,"FBG122013","spring","FBG122013_2013-05-27",0,154
"982","FBG","FBG13",2013,2013-05-27,2013-06-10,14,"FBG132013","spring","FBG132013_2013-05-27",0,154
"983","FBG","FBG14",2013,2013-05-27,2013-06-10,14,"FBG142013","spring","FBG142013_2013-05-27",0,154
"984","FBG","FBG15",2013,2013-05-27,2013-06-10,14,"FBG152013","spring","FBG152013_2013-05-27",0,154
"985","FBG","FBG16",2013,2013-05-27,2013-06-10,14,"FBG162013","spring","FBG162013_2013-05-27",0,154
"986","SST","SST01",2013,2013-05-29,2013-06-10,12,"SST012013","spring","SST012013_2013-05-29",0,155
"987","SST","SST02",2013,2013-05-29,2013-06-10,12,"SST022013","spring","SST022013_2013-05-29",0,155
"988","SST","SST03",2013,2013-05-29,2013-06-10,12,"SST032013","spring","SST032013_2013-05-29",0,155
"989","SST","SST04",2013,2013-05-29,2013-06-10,12,"SST042013","spring","SST042013_2013-05-29",0,155
"990","SST","SST05",2013,2013-05-29,2013-06-10,12,"SST052013","spring","SST052013_2013-05-29",0,155
"991","SST","SST06",2013,2013-05-29,2013-06-10,12,"SST062013","spring","SST062013_2013-05-29",0,155
"992","SST","SST07",2013,2013-05-29,2013-06-10,12,"SST072013","spring","SST072013_2013-05-29",0,155
"993","SST","SST08",2013,2013-05-29,2013-06-10,12,"SST082013","spring","SST082013_2013-05-29",0,155
"994","SST","SST09",2013,2013-05-29,2013-06-10,12,"SST092013","spring","SST092013_2013-05-29",0,155
"995","SST","SST10",2013,2013-05-29,2013-06-10,12,"SST102013","spring","SST102013_2013-05-29",0,155
"996","SST","SST11",2013,2013-05-29,2013-06-10,12,"SST112013","spring","SST112013_2013-05-29",0,155
"997","SST","SST12",2013,2013-05-29,2013-06-10,12,"SST122013","spring","SST122013_2013-05-29",0,155
"998","SST","SST13",2013,2013-05-29,2013-06-10,12,"SST132013","spring","SST132013_2013-05-29",0,155
"999","SST","SST14",2013,2013-05-29,2013-06-10,12,"SST142013","spring","SST142013_2013-05-29",0,155
"1000","SST","SST15",2013,2013-05-29,2013-06-10,12,"SST152013","spring","SST152013_2013-05-29",0,155
"1001","SST","SST16",2013,2013-05-29,2013-06-10,12,"SST162013","spring","SST162013_2013-05-29",0,155
"1002","HAR","HAR01",2013,2013-05-28,2013-06-11,14,"HAR012013","spring","HAR012013_2013-05-28",0,155
"1003","HAR","HAR02",2013,2013-05-28,2013-06-11,14,"HAR022013","spring","HAR022013_2013-05-28",0,155
"1004","HAR","HAR03",2013,2013-05-28,2013-06-11,14,"HAR032013","spring","HAR032013_2013-05-28",0,155
"1005","HAR","HAR04",2013,2013-05-28,2013-06-11,14,"HAR042013","spring","HAR042013_2013-05-28",0,155
"1006","HAR","HAR05",2013,2013-05-28,2013-06-11,14,"HAR052013","spring","HAR052013_2013-05-28",0,155
"1007","HAR","HAR06",2013,2013-05-28,2013-06-11,14,"HAR062013","spring","HAR062013_2013-05-28",2,155
"1008","HAR","HAR07",2013,2013-05-28,2013-06-11,14,"HAR072013","spring","HAR072013_2013-05-28",0,155
"1009","HAR","HAR08",2013,2013-05-28,2013-06-11,14,"HAR082013","spring","HAR082013_2013-05-28",1,155
"1010","HAR","HAR09",2013,2013-05-28,2013-06-11,14,"HAR092013","spring","HAR092013_2013-05-28",1,155
"1011","HAR","HAR10",2013,2013-05-28,2013-06-11,14,"HAR102013","spring","HAR102013_2013-05-28",2,155
"1012","HAR","HAR11",2013,2013-05-28,2013-06-11,14,"HAR112013","spring","HAR112013_2013-05-28",1,155
"1013","HAR","HAR12",2013,2013-05-28,2013-06-11,14,"HAR122013","spring","HAR122013_2013-05-28",1,155
"1014","HAR","HAR13",2013,2013-05-28,2013-06-11,14,"HAR132013","spring","HAR132013_2013-05-28",0,155
"1015","HAR","HAR14",2013,2013-05-28,2013-06-11,14,"HAR142013","spring","HAR142013_2013-05-28",1,155
"1016","HAR","HAR15",2013,2013-05-28,2013-06-11,14,"HAR152013","spring","HAR152013_2013-05-28",2,155
"1017","HAR","HAR16",2013,2013-05-28,2013-06-11,14,"HAR162013","spring","HAR162013_2013-05-28",0,155
"1018","WAN","WAN01",2013,2013-05-28,2013-06-11,14,"WAN012013","spring","WAN012013_2013-05-28",1,155
"1019","WAN","WAN02",2013,2013-05-28,2013-06-11,14,"WAN022013","spring","WAN022013_2013-05-28",0,155
"1020","WAN","WAN03",2013,2013-05-28,2013-06-11,14,"WAN032013","spring","WAN032013_2013-05-28",0,155
"1021","WAN","WAN04",2013,2013-05-28,2013-06-11,14,"WAN042013","spring","WAN042013_2013-05-28",0,155
"1022","WAN","WAN05",2013,2013-05-28,2013-06-11,14,"WAN052013","spring","WAN052013_2013-05-28",1,155
"1023","WAN","WAN06",2013,2013-05-28,2013-06-11,14,"WAN062013","spring","WAN062013_2013-05-28",0,155
"1024","WAN","WAN07",2013,2013-05-28,2013-06-11,14,"WAN072013","spring","WAN072013_2013-05-28",0,155
"1025","WAN","WAN08",2013,2013-05-28,2013-06-11,14,"WAN082013","spring","WAN082013_2013-05-28",0,155
"1026","WAN","WAN09",2013,2013-05-28,2013-06-11,14,"WAN092013","spring","WAN092013_2013-05-28",0,155
"1027","WAN","WAN10",2013,2013-05-28,2013-06-11,14,"WAN102013","spring","WAN102013_2013-05-28",1,155
"1028","WAN","WAN12",2013,2013-05-28,2013-06-11,14,"WAN122013","spring","WAN122013_2013-05-28",0,155
"1029","WAN","WAN13",2013,2013-05-28,2013-06-11,14,"WAN132013","spring","WAN132013_2013-05-28",4,155
"1030","WAN","WAN14",2013,2013-05-28,2013-06-11,14,"WAN142013","spring","WAN142013_2013-05-28",1,155
"1031","WAN","WAN15",2013,2013-05-28,2013-06-11,14,"WAN152013","spring","WAN152013_2013-05-28",0,155
"1032","WAN","WAN16",2013,2013-05-28,2013-06-11,14,"WAN162013","spring","WAN162013_2013-05-28",0,155
"1033","GFH","GFH01",2013,2013-06-03,2013-06-13,10,"GFH012013","spring","GFH012013_2013-06-03",0,159
"1034","GFH","GFH02",2013,2013-06-03,2013-06-13,10,"GFH022013","spring","GFH022013_2013-06-03",0,159
"1035","GFH","GFH03",2013,2013-06-03,2013-06-13,10,"GFH032013","spring","GFH032013_2013-06-03",0,159
"1036","GFH","GFH04",2013,2013-06-03,2013-06-13,10,"GFH042013","spring","GFH042013_2013-06-03",1,159
"1037","GFH","GFH05",2013,2013-06-03,2013-06-13,10,"GFH052013","spring","GFH052013_2013-06-03",1,159
"1038","GFH","GFH06",2013,2013-06-03,2013-06-13,10,"GFH062013","spring","GFH062013_2013-06-03",0,159
"1039","GFH","GFH07",2013,2013-06-03,2013-06-13,10,"GFH072013","spring","GFH072013_2013-06-03",0,159
"1040","GFH","GFH08",2013,2013-06-03,2013-06-13,10,"GFH082013","spring","GFH082013_2013-06-03",0,159
"1041","GFH","GFH09",2013,2013-06-03,2013-06-13,10,"GFH092013","spring","GFH092013_2013-06-03",0,159
"1042","GFH","GFH10",2013,2013-06-03,2013-06-13,10,"GFH102013","spring","GFH102013_2013-06-03",1,159
"1043","GFH","GFH11",2013,2013-06-03,2013-06-13,10,"GFH112013","spring","GFH112013_2013-06-03",0,159
"1044","GFH","GFH12",2013,2013-06-03,2013-06-13,10,"GFH122013","spring","GFH122013_2013-06-03",0,159
"1045","GFH","GFH13",2013,2013-06-03,2013-06-13,10,"GFH132013","spring","GFH132013_2013-06-03",0,159
"1046","GFH","GFH14",2013,2013-06-03,2013-06-13,10,"GFH142013","spring","GFH142013_2013-06-03",0,159
"1047","GFH","GFH15",2013,2013-06-03,2013-06-13,10,"GFH152013","spring","GFH152013_2013-06-03",0,159
"1048","GFH","GFH16",2013,2013-06-03,2013-06-13,10,"GFH162013","spring","GFH162013_2013-06-03",0,159
"1049","SIP","SIP01",2013,2013-06-03,2013-06-13,10,"SIP012013","spring","SIP012013_2013-06-03",3,159
"1050","SIP","SIP02",2013,2013-06-03,2013-06-13,10,"SIP022013","spring","SIP022013_2013-06-03",0,159
"1051","SIP","SIP03",2013,2013-06-03,2013-06-13,10,"SIP032013","spring","SIP032013_2013-06-03",0,159
"1052","SIP","SIP05",2013,2013-06-03,2013-06-13,10,"SIP052013","spring","SIP052013_2013-06-03",1,159
"1053","SIP","SIP06",2013,2013-06-03,2013-06-13,10,"SIP062013","spring","SIP062013_2013-06-03",1,159
"1054","SIP","SIP07",2013,2013-06-03,2013-06-13,10,"SIP072013","spring","SIP072013_2013-06-03",1,159
"1055","SIP","SIP08",2013,2013-06-03,2013-06-13,10,"SIP082013","spring","SIP082013_2013-06-03",0,159
"1056","SIP","SIP09",2013,2013-06-03,2013-06-13,10,"SIP092013","spring","SIP092013_2013-06-03",0,159
"1057","SIP","SIP10",2013,2013-06-03,2013-06-13,10,"SIP102013","spring","SIP102013_2013-06-03",2,159
"1058","SIP","SIP11",2013,2013-06-03,2013-06-13,10,"SIP112013","spring","SIP112013_2013-06-03",2,159
"1059","SIP","SIP12",2013,2013-06-03,2013-06-13,10,"SIP122013","spring","SIP122013_2013-06-03",2,159
"1060","SIP","SIP13",2013,2013-06-03,2013-06-13,10,"SIP132013","spring","SIP132013_2013-06-03",1,159
"1061","SIP","SIP14",2013,2013-06-03,2013-06-13,10,"SIP142013","spring","SIP142013_2013-06-03",0,159
"1062","SIP","SIP15",2013,2013-06-03,2013-06-13,10,"SIP152013","spring","SIP152013_2013-06-03",2,159
"1063","SIP","SIP16",2013,2013-06-03,2013-06-13,10,"SIP162013","spring","SIP162013_2013-06-03",0,159
"1064","FBG","FBG01",2014,2014-04-14,2014-04-28,14,"FBG012014","spring","FBG012014_2014-04-14",0,111
"1065","FBG","FBG02",2014,2014-04-14,2014-04-28,14,"FBG022014","spring","FBG022014_2014-04-14",6,111
"1066","FBG","FBG03",2014,2014-04-14,2014-04-28,14,"FBG032014","spring","FBG032014_2014-04-14",0,111
"1067","FBG","FBG04",2014,2014-04-14,2014-04-28,14,"FBG042014","spring","FBG042014_2014-04-14",0,111
"1068","FBG","FBG05",2014,2014-04-14,2014-04-28,14,"FBG052014","spring","FBG052014_2014-04-14",0,111
"1069","FBG","FBG06",2014,2014-04-14,2014-04-28,14,"FBG062014","spring","FBG062014_2014-04-14",1,111
"1070","FBG","FBG07",2014,2014-04-14,2014-04-28,14,"FBG072014","spring","FBG072014_2014-04-14",0,111
"1071","FBG","FBG08",2014,2014-04-14,2014-04-28,14,"FBG082014","spring","FBG082014_2014-04-14",0,111
"1072","FBG","FBG09",2014,2014-04-14,2014-04-28,14,"FBG092014","spring","FBG092014_2014-04-14",1,111
"1073","FBG","FBG10",2014,2014-04-14,2014-04-28,14,"FBG102014","spring","FBG102014_2014-04-14",0,111
"1074","FBG","FBG11",2014,2014-04-14,2014-04-28,14,"FBG112014","spring","FBG112014_2014-04-14",0,111
"1075","FBG","FBG12",2014,2014-04-14,2014-04-28,14,"FBG122014","spring","FBG122014_2014-04-14",0,111
"1076","FBG","FBG13",2014,2014-04-14,2014-04-28,14,"FBG132014","spring","FBG132014_2014-04-14",2,111
"1077","FBG","FBG14",2014,2014-04-14,2014-04-28,14,"FBG142014","spring","FBG142014_2014-04-14",0,111
"1078","FBG","FBG15",2014,2014-04-14,2014-04-28,14,"FBG152014","spring","FBG152014_2014-04-14",0,111
"1079","FBG","FBG16",2014,2014-04-14,2014-04-28,14,"FBG162014","spring","FBG162014_2014-04-14",2,111
"1080","SST","SST02",2014,2014-04-14,2014-04-28,14,"SST022014","spring","SST022014_2014-04-14",0,111
"1081","SST","SST03",2014,2014-04-14,2014-04-28,14,"SST032014","spring","SST032014_2014-04-14",1,111
"1082","SST","SST04",2014,2014-04-14,2014-04-28,14,"SST042014","spring","SST042014_2014-04-14",1,111
"1083","SST","SST05",2014,2014-04-14,2014-04-28,14,"SST052014","spring","SST052014_2014-04-14",0,111
"1084","SST","SST06",2014,2014-04-14,2014-04-28,14,"SST062014","spring","SST062014_2014-04-14",0,111
"1085","SST","SST07",2014,2014-04-14,2014-04-28,14,"SST072014","spring","SST072014_2014-04-14",0,111
"1086","SST","SST08",2014,2014-04-14,2014-04-28,14,"SST082014","spring","SST082014_2014-04-14",0,111
"1087","SST","SST09",2014,2014-04-14,2014-04-28,14,"SST092014","spring","SST092014_2014-04-14",0,111
"1088","SST","SST10",2014,2014-04-14,2014-04-28,14,"SST102014","spring","SST102014_2014-04-14",1,111
"1089","SST","SST11",2014,2014-04-14,2014-04-28,14,"SST112014","spring","SST112014_2014-04-14",0,111
"1090","SST","SST12",2014,2014-04-14,2014-04-28,14,"SST122014","spring","SST122014_2014-04-14",0,111
"1091","SST","SST13",2014,2014-04-14,2014-04-28,14,"SST132014","spring","SST132014_2014-04-14",0,111
"1092","SST","SST14",2014,2014-04-14,2014-04-28,14,"SST142014","spring","SST142014_2014-04-14",0,111
"1093","SST","SST15",2014,2014-04-14,2014-04-28,14,"SST152014","spring","SST152014_2014-04-14",0,111
"1094","SST","SST16",2014,2014-04-14,2014-04-28,14,"SST162014","spring","SST162014_2014-04-14",0,111
"1095","HAR","HAR01",2014,2014-04-15,2014-04-29,14,"HAR012014","spring","HAR012014_2014-04-15",0,112
"1096","HAR","HAR02",2014,2014-04-15,2014-04-29,14,"HAR022014","spring","HAR022014_2014-04-15",0,112
"1097","HAR","HAR03",2014,2014-04-15,2014-04-29,14,"HAR032014","spring","HAR032014_2014-04-15",0,112
"1098","HAR","HAR04",2014,2014-04-15,2014-04-29,14,"HAR042014","spring","HAR042014_2014-04-15",0,112
"1099","HAR","HAR05",2014,2014-04-15,2014-04-29,14,"HAR052014","spring","HAR052014_2014-04-15",4,112
"1100","HAR","HAR06",2014,2014-04-15,2014-04-29,14,"HAR062014","spring","HAR062014_2014-04-15",1,112
"1101","HAR","HAR07",2014,2014-04-15,2014-04-29,14,"HAR072014","spring","HAR072014_2014-04-15",2,112
"1102","HAR","HAR08",2014,2014-04-15,2014-04-29,14,"HAR082014","spring","HAR082014_2014-04-15",0,112
"1103","HAR","HAR09",2014,2014-04-15,2014-04-29,14,"HAR092014","spring","HAR092014_2014-04-15",1,112
"1104","HAR","HAR10",2014,2014-04-15,2014-04-29,14,"HAR102014","spring","HAR102014_2014-04-15",4,112
"1105","HAR","HAR11",2014,2014-04-15,2014-04-29,14,"HAR112014","spring","HAR112014_2014-04-15",1,112
"1106","HAR","HAR12",2014,2014-04-15,2014-04-29,14,"HAR122014","spring","HAR122014_2014-04-15",1,112
"1107","HAR","HAR13",2014,2014-04-15,2014-04-29,14,"HAR132014","spring","HAR132014_2014-04-15",7,112
"1108","HAR","HAR14",2014,2014-04-15,2014-04-29,14,"HAR142014","spring","HAR142014_2014-04-15",10,112
"1109","HAR","HAR15",2014,2014-04-15,2014-04-29,14,"HAR152014","spring","HAR152014_2014-04-15",2,112
"1110","HAR","HAR16",2014,2014-04-15,2014-04-29,14,"HAR162014","spring","HAR162014_2014-04-15",45,112
"1111","WAN","WAN01",2014,2014-04-15,2014-04-29,14,"WAN012014","spring","WAN012014_2014-04-15",2,112
"1112","WAN","WAN02",2014,2014-04-15,2014-04-29,14,"WAN022014","spring","WAN022014_2014-04-15",4,112
"1113","WAN","WAN03",2014,2014-04-15,2014-04-29,14,"WAN032014","spring","WAN032014_2014-04-15",5,112
"1114","WAN","WAN04",2014,2014-04-15,2014-04-29,14,"WAN042014","spring","WAN042014_2014-04-15",1,112
"1115","WAN","WAN05",2014,2014-04-15,2014-04-29,14,"WAN052014","spring","WAN052014_2014-04-15",1,112
"1116","WAN","WAN06",2014,2014-04-15,2014-04-29,14,"WAN062014","spring","WAN062014_2014-04-15",0,112
"1117","WAN","WAN07",2014,2014-04-15,2014-04-29,14,"WAN072014","spring","WAN072014_2014-04-15",1,112
"1118","WAN","WAN08",2014,2014-04-15,2014-04-29,14,"WAN082014","spring","WAN082014_2014-04-15",0,112
"1119","WAN","WAN09",2014,2014-04-15,2014-04-29,14,"WAN092014","spring","WAN092014_2014-04-15",0,112
"1120","WAN","WAN10",2014,2014-04-15,2014-04-29,14,"WAN102014","spring","WAN102014_2014-04-15",2,112
"1121","WAN","WAN11",2014,2014-04-15,2014-04-29,14,"WAN112014","spring","WAN112014_2014-04-15",1,112
"1122","WAN","WAN12",2014,2014-04-15,2014-04-29,14,"WAN122014","spring","WAN122014_2014-04-15",5,112
"1123","WAN","WAN13",2014,2014-04-15,2014-04-29,14,"WAN132014","spring","WAN132014_2014-04-15",1,112
"1124","WAN","WAN14",2014,2014-04-15,2014-04-29,14,"WAN142014","spring","WAN142014_2014-04-15",0,112
"1125","WAN","WAN15",2014,2014-04-15,2014-04-29,14,"WAN152014","spring","WAN152014_2014-04-15",1,112
"1126","WAN","WAN16",2014,2014-04-15,2014-04-29,14,"WAN162014","spring","WAN162014_2014-04-15",0,112
"1127","GFH","GFH01",2014,2014-04-16,2014-05-02,16,"GFH012014","spring","GFH012014_2014-04-16",0,114
"1128","GFH","GFH02",2014,2014-04-16,2014-05-02,16,"GFH022014","spring","GFH022014_2014-04-16",0,114
"1129","GFH","GFH03",2014,2014-04-16,2014-05-02,16,"GFH032014","spring","GFH032014_2014-04-16",0,114
"1130","GFH","GFH04",2014,2014-04-16,2014-05-02,16,"GFH042014","spring","GFH042014_2014-04-16",2,114
"1131","GFH","GFH05",2014,2014-04-16,2014-05-02,16,"GFH052014","spring","GFH052014_2014-04-16",0,114
"1132","GFH","GFH06",2014,2014-04-16,2014-05-02,16,"GFH062014","spring","GFH062014_2014-04-16",0,114
"1133","GFH","GFH07",2014,2014-04-16,2014-05-02,16,"GFH072014","spring","GFH072014_2014-04-16",3,114
"1134","GFH","GFH08",2014,2014-04-16,2014-05-02,16,"GFH082014","spring","GFH082014_2014-04-16",0,114
"1135","GFH","GFH09",2014,2014-04-16,2014-05-02,16,"GFH092014","spring","GFH092014_2014-04-16",0,114
"1136","GFH","GFH10",2014,2014-04-16,2014-05-02,16,"GFH102014","spring","GFH102014_2014-04-16",1,114
"1137","GFH","GFH11",2014,2014-04-16,2014-05-02,16,"GFH112014","spring","GFH112014_2014-04-16",0,114
"1138","GFH","GFH12",2014,2014-04-16,2014-05-02,16,"GFH122014","spring","GFH122014_2014-04-16",1,114
"1139","GFH","GFH13",2014,2014-04-16,2014-05-02,16,"GFH132014","spring","GFH132014_2014-04-16",1,114
"1140","GFH","GFH14",2014,2014-04-16,2014-05-02,16,"GFH142014","spring","GFH142014_2014-04-16",1,114
"1141","GFH","GFH15",2014,2014-04-16,2014-05-02,16,"GFH152014","spring","GFH152014_2014-04-16",0,114
"1142","GFH","GFH16",2014,2014-04-16,2014-05-02,16,"GFH162014","spring","GFH162014_2014-04-16",1,114
"1143","SIP","SIP01",2014,2014-04-16,2014-05-02,16,"SIP012014","spring","SIP012014_2014-04-16",0,114
"1144","SIP","SIP02",2014,2014-04-16,2014-05-02,16,"SIP022014","spring","SIP022014_2014-04-16",0,114
"1145","SIP","SIP03",2014,2014-04-16,2014-05-02,16,"SIP032014","spring","SIP032014_2014-04-16",0,114
"1146","SIP","SIP05",2014,2014-04-16,2014-05-02,16,"SIP052014","spring","SIP052014_2014-04-16",0,114
"1147","SIP","SIP06",2014,2014-04-16,2014-05-02,16,"SIP062014","spring","SIP062014_2014-04-16",0,114
"1148","SIP","SIP07",2014,2014-04-16,2014-05-02,16,"SIP072014","spring","SIP072014_2014-04-16",0,114
"1149","SIP","SIP08",2014,2014-04-16,2014-05-02,16,"SIP082014","spring","SIP082014_2014-04-16",0,114
"1150","SIP","SIP09",2014,2014-04-16,2014-05-02,16,"SIP092014","spring","SIP092014_2014-04-16",0,114
"1151","SIP","SIP10",2014,2014-04-16,2014-05-02,16,"SIP102014","spring","SIP102014_2014-04-16",0,114
"1152","SIP","SIP11",2014,2014-04-16,2014-05-02,16,"SIP112014","spring","SIP112014_2014-04-16",0,114
"1153","SIP","SIP12",2014,2014-04-16,2014-05-02,16,"SIP122014","spring","SIP122014_2014-04-16",0,114
"1154","SIP","SIP13",2014,2014-04-16,2014-05-02,16,"SIP132014","spring","SIP132014_2014-04-16",0,114
"1155","SIP","SIP14",2014,2014-04-16,2014-05-02,16,"SIP142014","spring","SIP142014_2014-04-16",0,114
"1156","SIP","SIP15",2014,2014-04-16,2014-05-02,16,"SIP152014","spring","SIP152014_2014-04-16",0,114
"1157","SIP","SIP16",2014,2014-04-16,2014-05-02,16,"SIP162014","spring","SIP162014_2014-04-16",0,114
"1158","FBG","FBG01",2014,2014-04-28,2014-05-12,14,"FBG012014","spring","FBG012014_2014-04-28",0,125
"1159","FBG","FBG02",2014,2014-04-28,2014-05-12,14,"FBG022014","spring","FBG022014_2014-04-28",3,125
"1160","FBG","FBG03",2014,2014-04-28,2014-05-12,14,"FBG032014","spring","FBG032014_2014-04-28",0,125
"1161","FBG","FBG04",2014,2014-04-28,2014-05-12,14,"FBG042014","spring","FBG042014_2014-04-28",0,125
"1162","FBG","FBG05",2014,2014-04-28,2014-05-12,14,"FBG052014","spring","FBG052014_2014-04-28",0,125
"1163","FBG","FBG06",2014,2014-04-28,2014-05-12,14,"FBG062014","spring","FBG062014_2014-04-28",1,125
"1164","FBG","FBG07",2014,2014-04-28,2014-05-12,14,"FBG072014","spring","FBG072014_2014-04-28",0,125
"1165","FBG","FBG08",2014,2014-04-28,2014-05-12,14,"FBG082014","spring","FBG082014_2014-04-28",0,125
"1166","FBG","FBG09",2014,2014-04-28,2014-05-12,14,"FBG092014","spring","FBG092014_2014-04-28",0,125
"1167","FBG","FBG10",2014,2014-04-28,2014-05-12,14,"FBG102014","spring","FBG102014_2014-04-28",0,125
"1168","FBG","FBG11",2014,2014-04-28,2014-05-12,14,"FBG112014","spring","FBG112014_2014-04-28",1,125
"1169","FBG","FBG12",2014,2014-04-28,2014-05-12,14,"FBG122014","spring","FBG122014_2014-04-28",1,125
"1170","FBG","FBG13",2014,2014-04-28,2014-05-12,14,"FBG132014","spring","FBG132014_2014-04-28",3,125
"1171","FBG","FBG14",2014,2014-04-28,2014-05-12,14,"FBG142014","spring","FBG142014_2014-04-28",0,125
"1172","FBG","FBG15",2014,2014-04-28,2014-05-12,14,"FBG152014","spring","FBG152014_2014-04-28",0,125
"1173","FBG","FBG16",2014,2014-04-28,2014-05-12,14,"FBG162014","spring","FBG162014_2014-04-28",1,125
"1174","SST","SST01",2014,2014-04-28,2014-05-12,14,"SST012014","spring","SST012014_2014-04-28",1,125
"1175","SST","SST02",2014,2014-04-28,2014-05-12,14,"SST022014","spring","SST022014_2014-04-28",0,125
"1176","SST","SST03",2014,2014-04-28,2014-05-12,14,"SST032014","spring","SST032014_2014-04-28",0,125
"1177","SST","SST04",2014,2014-04-28,2014-05-12,14,"SST042014","spring","SST042014_2014-04-28",0,125
"1178","SST","SST05",2014,2014-04-28,2014-05-12,14,"SST052014","spring","SST052014_2014-04-28",1,125
"1179","SST","SST06",2014,2014-04-28,2014-05-12,14,"SST062014","spring","SST062014_2014-04-28",0,125
"1180","SST","SST07",2014,2014-04-28,2014-05-12,14,"SST072014","spring","SST072014_2014-04-28",0,125
"1181","SST","SST08",2014,2014-04-28,2014-05-12,14,"SST082014","spring","SST082014_2014-04-28",0,125
"1182","SST","SST09",2014,2014-04-28,2014-05-12,14,"SST092014","spring","SST092014_2014-04-28",0,125
"1183","SST","SST10",2014,2014-04-28,2014-05-12,14,"SST102014","spring","SST102014_2014-04-28",2,125
"1184","SST","SST11",2014,2014-04-28,2014-05-12,14,"SST112014","spring","SST112014_2014-04-28",0,125
"1185","SST","SST12",2014,2014-04-28,2014-05-12,14,"SST122014","spring","SST122014_2014-04-28",0,125
"1186","SST","SST13",2014,2014-04-28,2014-05-12,14,"SST132014","spring","SST132014_2014-04-28",0,125
"1187","SST","SST14",2014,2014-04-28,2014-05-12,14,"SST142014","spring","SST142014_2014-04-28",0,125
"1188","SST","SST15",2014,2014-04-28,2014-05-12,14,"SST152014","spring","SST152014_2014-04-28",0,125
"1189","SST","SST16",2014,2014-04-28,2014-05-12,14,"SST162014","spring","SST162014_2014-04-28",0,125
"1190","HAR","HAR01",2014,2014-04-29,2014-05-13,14,"HAR012014","spring","HAR012014_2014-04-29",0,126
"1191","HAR","HAR02",2014,2014-04-29,2014-05-13,14,"HAR022014","spring","HAR022014_2014-04-29",0,126
"1192","HAR","HAR03",2014,2014-04-29,2014-05-13,14,"HAR032014","spring","HAR032014_2014-04-29",0,126
"1193","HAR","HAR04",2014,2014-04-29,2014-05-13,14,"HAR042014","spring","HAR042014_2014-04-29",2,126
"1194","HAR","HAR05",2014,2014-04-29,2014-05-13,14,"HAR052014","spring","HAR052014_2014-04-29",4,126
"1195","HAR","HAR06",2014,2014-04-29,2014-05-13,14,"HAR062014","spring","HAR062014_2014-04-29",5,126
"1196","HAR","HAR07",2014,2014-04-29,2014-05-13,14,"HAR072014","spring","HAR072014_2014-04-29",0,126
"1197","HAR","HAR08",2014,2014-04-29,2014-05-13,14,"HAR082014","spring","HAR082014_2014-04-29",0,126
"1198","HAR","HAR09",2014,2014-04-29,2014-05-13,14,"HAR092014","spring","HAR092014_2014-04-29",0,126
"1199","HAR","HAR10",2014,2014-04-29,2014-05-13,14,"HAR102014","spring","HAR102014_2014-04-29",2,126
"1200","HAR","HAR11",2014,2014-04-29,2014-05-13,14,"HAR112014","spring","HAR112014_2014-04-29",4,126
"1201","HAR","HAR12",2014,2014-04-29,2014-05-13,14,"HAR122014","spring","HAR122014_2014-04-29",1,126
"1202","HAR","HAR13",2014,2014-04-29,2014-05-13,14,"HAR132014","spring","HAR132014_2014-04-29",4,126
"1203","HAR","HAR14",2014,2014-04-29,2014-05-13,14,"HAR142014","spring","HAR142014_2014-04-29",1,126
"1204","HAR","HAR15",2014,2014-04-29,2014-05-13,14,"HAR152014","spring","HAR152014_2014-04-29",4,126
"1205","HAR","HAR16",2014,2014-04-29,2014-05-13,14,"HAR162014","spring","HAR162014_2014-04-29",153,126
"1206","WAN","WAN01",2014,2014-04-29,2014-05-13,14,"WAN012014","spring","WAN012014_2014-04-29",0,126
"1207","WAN","WAN02",2014,2014-04-29,2014-05-13,14,"WAN022014","spring","WAN022014_2014-04-29",4,126
"1208","WAN","WAN03",2014,2014-04-29,2014-05-13,14,"WAN032014","spring","WAN032014_2014-04-29",2,126
"1209","WAN","WAN04",2014,2014-04-29,2014-05-13,14,"WAN042014","spring","WAN042014_2014-04-29",1,126
"1210","WAN","WAN05",2014,2014-04-29,2014-05-13,14,"WAN052014","spring","WAN052014_2014-04-29",0,126
"1211","WAN","WAN06",2014,2014-04-29,2014-05-13,14,"WAN062014","spring","WAN062014_2014-04-29",0,126
"1212","WAN","WAN07",2014,2014-04-29,2014-05-13,14,"WAN072014","spring","WAN072014_2014-04-29",3,126
"1213","WAN","WAN08",2014,2014-04-29,2014-05-13,14,"WAN082014","spring","WAN082014_2014-04-29",0,126
"1214","WAN","WAN09",2014,2014-04-29,2014-05-13,14,"WAN092014","spring","WAN092014_2014-04-29",0,126
"1215","WAN","WAN10",2014,2014-04-29,2014-05-13,14,"WAN102014","spring","WAN102014_2014-04-29",0,126
"1216","WAN","WAN11",2014,2014-04-29,2014-05-13,14,"WAN112014","spring","WAN112014_2014-04-29",0,126
"1217","WAN","WAN12",2014,2014-04-29,2014-05-13,14,"WAN122014","spring","WAN122014_2014-04-29",4,126
"1218","WAN","WAN13",2014,2014-04-29,2014-05-13,14,"WAN132014","spring","WAN132014_2014-04-29",1,126
"1219","WAN","WAN14",2014,2014-04-29,2014-05-13,14,"WAN142014","spring","WAN142014_2014-04-29",0,126
"1220","WAN","WAN15",2014,2014-04-29,2014-05-13,14,"WAN152014","spring","WAN152014_2014-04-29",2,126
"1221","WAN","WAN16",2014,2014-04-29,2014-05-13,14,"WAN162014","spring","WAN162014_2014-04-29",0,126
"1222","GFH","GFH01",2014,2014-05-02,2014-05-14,12,"GFH012014","spring","GFH012014_2014-05-02",0,128
"1223","GFH","GFH02",2014,2014-05-02,2014-05-14,12,"GFH022014","spring","GFH022014_2014-05-02",0,128
"1224","GFH","GFH03",2014,2014-05-02,2014-05-14,12,"GFH032014","spring","GFH032014_2014-05-02",0,128
"1225","GFH","GFH04",2014,2014-05-02,2014-05-14,12,"GFH042014","spring","GFH042014_2014-05-02",0,128
"1226","GFH","GFH05",2014,2014-05-02,2014-05-14,12,"GFH052014","spring","GFH052014_2014-05-02",0,128
"1227","GFH","GFH06",2014,2014-05-02,2014-05-14,12,"GFH062014","spring","GFH062014_2014-05-02",0,128
"1228","GFH","GFH07",2014,2014-05-02,2014-05-14,12,"GFH072014","spring","GFH072014_2014-05-02",0,128
"1229","GFH","GFH08",2014,2014-05-02,2014-05-14,12,"GFH082014","spring","GFH082014_2014-05-02",0,128
"1230","GFH","GFH09",2014,2014-05-02,2014-05-14,12,"GFH092014","spring","GFH092014_2014-05-02",0,128
"1231","GFH","GFH10",2014,2014-05-02,2014-05-14,12,"GFH102014","spring","GFH102014_2014-05-02",0,128
"1232","GFH","GFH11",2014,2014-05-02,2014-05-14,12,"GFH112014","spring","GFH112014_2014-05-02",0,128
"1233","GFH","GFH12",2014,2014-05-02,2014-05-14,12,"GFH122014","spring","GFH122014_2014-05-02",0,128
"1234","GFH","GFH13",2014,2014-05-02,2014-05-14,12,"GFH132014","spring","GFH132014_2014-05-02",1,128
"1235","GFH","GFH14",2014,2014-05-02,2014-05-14,12,"GFH142014","spring","GFH142014_2014-05-02",0,128
"1236","GFH","GFH15",2014,2014-05-02,2014-05-14,12,"GFH152014","spring","GFH152014_2014-05-02",0,128
"1237","GFH","GFH16",2014,2014-05-02,2014-05-14,12,"GFH162014","spring","GFH162014_2014-05-02",0,128
"1238","SIP","SIP01",2014,2014-05-02,2014-05-14,12,"SIP012014","spring","SIP012014_2014-05-02",0,128
"1239","SIP","SIP02",2014,2014-05-02,2014-05-14,12,"SIP022014","spring","SIP022014_2014-05-02",0,128
"1240","SIP","SIP03",2014,2014-05-02,2014-05-14,12,"SIP032014","spring","SIP032014_2014-05-02",0,128
"1241","SIP","SIP05",2014,2014-05-02,2014-05-14,12,"SIP052014","spring","SIP052014_2014-05-02",0,128
"1242","SIP","SIP06",2014,2014-05-02,2014-05-14,12,"SIP062014","spring","SIP062014_2014-05-02",0,128
"1243","SIP","SIP07",2014,2014-05-02,2014-05-14,12,"SIP072014","spring","SIP072014_2014-05-02",0,128
"1244","SIP","SIP08",2014,2014-05-02,2014-05-14,12,"SIP082014","spring","SIP082014_2014-05-02",0,128
"1245","SIP","SIP09",2014,2014-05-02,2014-05-14,12,"SIP092014","spring","SIP092014_2014-05-02",0,128
"1246","SIP","SIP10",2014,2014-05-02,2014-05-14,12,"SIP102014","spring","SIP102014_2014-05-02",0,128
"1247","SIP","SIP11",2014,2014-05-02,2014-05-14,12,"SIP112014","spring","SIP112014_2014-05-02",0,128
"1248","SIP","SIP12",2014,2014-05-02,2014-05-14,12,"SIP122014","spring","SIP122014_2014-05-02",0,128
"1249","SIP","SIP13",2014,2014-05-02,2014-05-14,12,"SIP132014","spring","SIP132014_2014-05-02",0,128
"1250","SIP","SIP14",2014,2014-05-02,2014-05-14,12,"SIP142014","spring","SIP142014_2014-05-02",0,128
"1251","SIP","SIP15",2014,2014-05-02,2014-05-14,12,"SIP152014","spring","SIP152014_2014-05-02",0,128
"1252","SIP","SIP16",2014,2014-05-02,2014-05-14,12,"SIP162014","spring","SIP162014_2014-05-02",0,128
"1253","FBG","FBG01",2014,2014-05-12,2014-05-26,14,"FBG012014","spring","FBG012014_2014-05-12",0,139
"1254","FBG","FBG02",2014,2014-05-12,2014-05-26,14,"FBG022014","spring","FBG022014_2014-05-12",2,139
"1255","FBG","FBG03",2014,2014-05-12,2014-05-26,14,"FBG032014","spring","FBG032014_2014-05-12",1,139
"1256","FBG","FBG04",2014,2014-05-12,2014-05-26,14,"FBG042014","spring","FBG042014_2014-05-12",3,139
"1257","FBG","FBG05",2014,2014-05-12,2014-05-26,14,"FBG052014","spring","FBG052014_2014-05-12",0,139
"1258","FBG","FBG06",2014,2014-05-12,2014-05-26,14,"FBG062014","spring","FBG062014_2014-05-12",1,139
"1259","FBG","FBG07",2014,2014-05-12,2014-05-26,14,"FBG072014","spring","FBG072014_2014-05-12",3,139
"1260","FBG","FBG08",2014,2014-05-12,2014-05-26,14,"FBG082014","spring","FBG082014_2014-05-12",0,139
"1261","FBG","FBG09",2014,2014-05-12,2014-05-26,14,"FBG092014","spring","FBG092014_2014-05-12",2,139
"1262","FBG","FBG10",2014,2014-05-12,2014-05-26,14,"FBG102014","spring","FBG102014_2014-05-12",1,139
"1263","FBG","FBG11",2014,2014-05-12,2014-05-26,14,"FBG112014","spring","FBG112014_2014-05-12",0,139
"1264","FBG","FBG12",2014,2014-05-12,2014-05-26,14,"FBG122014","spring","FBG122014_2014-05-12",3,139
"1265","FBG","FBG13",2014,2014-05-12,2014-05-26,14,"FBG132014","spring","FBG132014_2014-05-12",1,139
"1266","FBG","FBG14",2014,2014-05-12,2014-05-26,14,"FBG142014","spring","FBG142014_2014-05-12",0,139
"1267","FBG","FBG15",2014,2014-05-12,2014-05-26,14,"FBG152014","spring","FBG152014_2014-05-12",2,139
"1268","FBG","FBG16",2014,2014-05-12,2014-05-26,14,"FBG162014","spring","FBG162014_2014-05-12",0,139
"1269","SST","SST01",2014,2014-05-12,2014-05-26,14,"SST012014","spring","SST012014_2014-05-12",0,139
"1270","SST","SST02",2014,2014-05-12,2014-05-26,14,"SST022014","spring","SST022014_2014-05-12",0,139
"1271","SST","SST03",2014,2014-05-12,2014-05-26,14,"SST032014","spring","SST032014_2014-05-12",1,139
"1272","SST","SST04",2014,2014-05-12,2014-05-26,14,"SST042014","spring","SST042014_2014-05-12",2,139
"1273","SST","SST05",2014,2014-05-12,2014-05-26,14,"SST052014","spring","SST052014_2014-05-12",0,139
"1274","SST","SST06",2014,2014-05-12,2014-05-26,14,"SST062014","spring","SST062014_2014-05-12",0,139
"1275","SST","SST07",2014,2014-05-12,2014-05-26,14,"SST072014","spring","SST072014_2014-05-12",0,139
"1276","SST","SST08",2014,2014-05-12,2014-05-26,14,"SST082014","spring","SST082014_2014-05-12",0,139
"1277","SST","SST09",2014,2014-05-12,2014-05-26,14,"SST092014","spring","SST092014_2014-05-12",0,139
"1278","SST","SST10",2014,2014-05-12,2014-05-26,14,"SST102014","spring","SST102014_2014-05-12",0,139
"1279","SST","SST11",2014,2014-05-12,2014-05-26,14,"SST112014","spring","SST112014_2014-05-12",0,139
"1280","SST","SST12",2014,2014-05-12,2014-05-26,14,"SST122014","spring","SST122014_2014-05-12",0,139
"1281","SST","SST13",2014,2014-05-12,2014-05-26,14,"SST132014","spring","SST132014_2014-05-12",0,139
"1282","SST","SST14",2014,2014-05-12,2014-05-26,14,"SST142014","spring","SST142014_2014-05-12",0,139
"1283","SST","SST15",2014,2014-05-12,2014-05-26,14,"SST152014","spring","SST152014_2014-05-12",0,139
"1284","SST","SST16",2014,2014-05-12,2014-05-26,14,"SST162014","spring","SST162014_2014-05-12",0,139
"1285","HAR","HAR01",2014,2014-05-13,2014-05-27,14,"HAR012014","spring","HAR012014_2014-05-13",0,140
"1286","HAR","HAR02",2014,2014-05-13,2014-05-27,14,"HAR022014","spring","HAR022014_2014-05-13",1,140
"1287","HAR","HAR03",2014,2014-05-13,2014-05-27,14,"HAR032014","spring","HAR032014_2014-05-13",1,140
"1288","HAR","HAR04",2014,2014-05-13,2014-05-27,14,"HAR042014","spring","HAR042014_2014-05-13",0,140
"1289","HAR","HAR05",2014,2014-05-13,2014-05-27,14,"HAR052014","spring","HAR052014_2014-05-13",5,140
"1290","HAR","HAR06",2014,2014-05-13,2014-05-27,14,"HAR062014","spring","HAR062014_2014-05-13",4,140
"1291","HAR","HAR07",2014,2014-05-13,2014-05-27,14,"HAR072014","spring","HAR072014_2014-05-13",2,140
"1292","HAR","HAR08",2014,2014-05-13,2014-05-27,14,"HAR082014","spring","HAR082014_2014-05-13",0,140
"1293","HAR","HAR09",2014,2014-05-13,2014-05-27,14,"HAR092014","spring","HAR092014_2014-05-13",1,140
"1294","HAR","HAR10",2014,2014-05-13,2014-05-27,14,"HAR102014","spring","HAR102014_2014-05-13",4,140
"1295","HAR","HAR11",2014,2014-05-13,2014-05-27,14,"HAR112014","spring","HAR112014_2014-05-13",2,140
"1296","HAR","HAR12",2014,2014-05-13,2014-05-27,14,"HAR122014","spring","HAR122014_2014-05-13",0,140
"1297","HAR","HAR13",2014,2014-05-13,2014-05-27,14,"HAR132014","spring","HAR132014_2014-05-13",7,140
"1298","HAR","HAR14",2014,2014-05-13,2014-05-27,14,"HAR142014","spring","HAR142014_2014-05-13",7,140
"1299","HAR","HAR15",2014,2014-05-13,2014-05-27,14,"HAR152014","spring","HAR152014_2014-05-13",2,140
"1300","HAR","HAR16",2014,2014-05-13,2014-05-27,14,"HAR162014","spring","HAR162014_2014-05-13",166,140
"1301","WAN","WAN01",2014,2014-05-13,2014-05-27,14,"WAN012014","spring","WAN012014_2014-05-13",1,140
"1302","WAN","WAN02",2014,2014-05-13,2014-05-27,14,"WAN022014","spring","WAN022014_2014-05-13",0,140
"1303","WAN","WAN03",2014,2014-05-13,2014-05-27,14,"WAN032014","spring","WAN032014_2014-05-13",1,140
"1304","WAN","WAN04",2014,2014-05-13,2014-05-27,14,"WAN042014","spring","WAN042014_2014-05-13",1,140
"1305","WAN","WAN05",2014,2014-05-13,2014-05-27,14,"WAN052014","spring","WAN052014_2014-05-13",1,140
"1306","WAN","WAN06",2014,2014-05-13,2014-05-27,14,"WAN062014","spring","WAN062014_2014-05-13",1,140
"1307","WAN","WAN07",2014,2014-05-13,2014-05-27,14,"WAN072014","spring","WAN072014_2014-05-13",0,140
"1308","WAN","WAN08",2014,2014-05-13,2014-05-27,14,"WAN082014","spring","WAN082014_2014-05-13",0,140
"1309","WAN","WAN09",2014,2014-05-13,2014-05-27,14,"WAN092014","spring","WAN092014_2014-05-13",0,140
"1310","WAN","WAN10",2014,2014-05-13,2014-05-27,14,"WAN102014","spring","WAN102014_2014-05-13",1,140
"1311","WAN","WAN12",2014,2014-05-13,2014-05-27,14,"WAN122014","spring","WAN122014_2014-05-13",6,140
"1312","WAN","WAN13",2014,2014-05-13,2014-05-27,14,"WAN132014","spring","WAN132014_2014-05-13",1,140
"1313","WAN","WAN14",2014,2014-05-13,2014-05-27,14,"WAN142014","spring","WAN142014_2014-05-13",1,140
"1314","WAN","WAN15",2014,2014-05-13,2014-05-27,14,"WAN152014","spring","WAN152014_2014-05-13",0,140
"1315","WAN","WAN16",2014,2014-05-13,2014-05-27,14,"WAN162014","spring","WAN162014_2014-05-13",0,140
"1316","GFH","GFH01",2014,2014-05-14,2014-05-28,14,"GFH012014","spring","GFH012014_2014-05-14",1,141
"1317","GFH","GFH02",2014,2014-05-14,2014-05-28,14,"GFH022014","spring","GFH022014_2014-05-14",0,141
"1318","GFH","GFH03",2014,2014-05-14,2014-05-28,14,"GFH032014","spring","GFH032014_2014-05-14",0,141
"1319","GFH","GFH04",2014,2014-05-14,2014-05-28,14,"GFH042014","spring","GFH042014_2014-05-14",1,141
"1320","GFH","GFH05",2014,2014-05-14,2014-05-28,14,"GFH052014","spring","GFH052014_2014-05-14",1,141
"1321","GFH","GFH06",2014,2014-05-14,2014-05-28,14,"GFH062014","spring","GFH062014_2014-05-14",0,141
"1322","GFH","GFH07",2014,2014-05-14,2014-05-28,14,"GFH072014","spring","GFH072014_2014-05-14",0,141
"1323","GFH","GFH08",2014,2014-05-14,2014-05-28,14,"GFH082014","spring","GFH082014_2014-05-14",0,141
"1324","GFH","GFH09",2014,2014-05-14,2014-05-28,14,"GFH092014","spring","GFH092014_2014-05-14",1,141
"1325","GFH","GFH10",2014,2014-05-14,2014-05-28,14,"GFH102014","spring","GFH102014_2014-05-14",0,141
"1326","GFH","GFH11",2014,2014-05-14,2014-05-28,14,"GFH112014","spring","GFH112014_2014-05-14",1,141
"1327","GFH","GFH12",2014,2014-05-14,2014-05-28,14,"GFH122014","spring","GFH122014_2014-05-14",2,141
"1328","GFH","GFH13",2014,2014-05-14,2014-05-28,14,"GFH132014","spring","GFH132014_2014-05-14",1,141
"1329","GFH","GFH14",2014,2014-05-14,2014-05-28,14,"GFH142014","spring","GFH142014_2014-05-14",0,141
"1330","GFH","GFH15",2014,2014-05-14,2014-05-28,14,"GFH152014","spring","GFH152014_2014-05-14",0,141
"1331","GFH","GFH16",2014,2014-05-14,2014-05-28,14,"GFH162014","spring","GFH162014_2014-05-14",3,141
"1332","SIP","SIP01",2014,2014-05-14,2014-05-28,14,"SIP012014","spring","SIP012014_2014-05-14",0,141
"1333","SIP","SIP02",2014,2014-05-14,2014-05-28,14,"SIP022014","spring","SIP022014_2014-05-14",5,141
"1334","SIP","SIP03",2014,2014-05-14,2014-05-28,14,"SIP032014","spring","SIP032014_2014-05-14",0,141
"1335","SIP","SIP05",2014,2014-05-14,2014-05-28,14,"SIP052014","spring","SIP052014_2014-05-14",0,141
"1336","SIP","SIP06",2014,2014-05-14,2014-05-28,14,"SIP062014","spring","SIP062014_2014-05-14",0,141
"1337","SIP","SIP07",2014,2014-05-14,2014-05-28,14,"SIP072014","spring","SIP072014_2014-05-14",1,141
"1338","SIP","SIP08",2014,2014-05-14,2014-05-28,14,"SIP082014","spring","SIP082014_2014-05-14",0,141
"1339","SIP","SIP09",2014,2014-05-14,2014-05-28,14,"SIP092014","spring","SIP092014_2014-05-14",0,141
"1340","SIP","SIP10",2014,2014-05-14,2014-05-28,14,"SIP102014","spring","SIP102014_2014-05-14",0,141
"1341","SIP","SIP11",2014,2014-05-14,2014-05-28,14,"SIP112014","spring","SIP112014_2014-05-14",0,141
"1342","SIP","SIP12",2014,2014-05-14,2014-05-28,14,"SIP122014","spring","SIP122014_2014-05-14",0,141
"1343","SIP","SIP13",2014,2014-05-14,2014-05-28,14,"SIP132014","spring","SIP132014_2014-05-14",0,141
"1344","SIP","SIP14",2014,2014-05-14,2014-05-28,14,"SIP142014","spring","SIP142014_2014-05-14",1,141
"1345","SIP","SIP15",2014,2014-05-14,2014-05-28,14,"SIP152014","spring","SIP152014_2014-05-14",0,141
"1346","SIP","SIP16",2014,2014-05-14,2014-05-28,14,"SIP162014","spring","SIP162014_2014-05-14",0,141
"1347","FBG","FBG01",2015,2015-04-20,2015-05-04,14,"FBG012015","spring","FBG012015_2015-04-20",0,117
"1348","FBG","FBG02",2015,2015-04-20,2015-05-04,14,"FBG022015","spring","FBG022015_2015-04-20",1,117
"1349","FBG","FBG03",2015,2015-04-20,2015-05-04,14,"FBG032015","spring","FBG032015_2015-04-20",0,117
"1350","FBG","FBG04",2015,2015-04-20,2015-05-04,14,"FBG042015","spring","FBG042015_2015-04-20",1,117
"1351","FBG","FBG05",2015,2015-04-20,2015-05-04,14,"FBG052015","spring","FBG052015_2015-04-20",0,117
"1352","FBG","FBG06",2015,2015-04-20,2015-05-04,14,"FBG062015","spring","FBG062015_2015-04-20",0,117
"1353","FBG","FBG07",2015,2015-04-20,2015-05-04,14,"FBG072015","spring","FBG072015_2015-04-20",0,117
"1354","FBG","FBG08",2015,2015-04-20,2015-05-04,14,"FBG082015","spring","FBG082015_2015-04-20",0,117
"1355","FBG","FBG09",2015,2015-04-20,2015-05-04,14,"FBG092015","spring","FBG092015_2015-04-20",0,117
"1356","FBG","FBG10",2015,2015-04-20,2015-05-04,14,"FBG102015","spring","FBG102015_2015-04-20",0,117
"1357","FBG","FBG11",2015,2015-04-20,2015-05-04,14,"FBG112015","spring","FBG112015_2015-04-20",0,117
"1358","FBG","FBG12",2015,2015-04-20,2015-05-04,14,"FBG122015","spring","FBG122015_2015-04-20",0,117
"1359","FBG","FBG13",2015,2015-04-20,2015-05-04,14,"FBG132015","spring","FBG132015_2015-04-20",0,117
"1360","FBG","FBG14",2015,2015-04-20,2015-05-04,14,"FBG142015","spring","FBG142015_2015-04-20",0,117
"1361","FBG","FBG15",2015,2015-04-20,2015-05-04,14,"FBG152015","spring","FBG152015_2015-04-20",0,117
"1362","FBG","FBG16",2015,2015-04-20,2015-05-04,14,"FBG162015","spring","FBG162015_2015-04-20",0,117
"1363","SST","SST01",2015,2015-04-20,2015-05-04,14,"SST012015","spring","SST012015_2015-04-20",0,117
"1364","SST","SST02",2015,2015-04-20,2015-05-04,14,"SST022015","spring","SST022015_2015-04-20",0,117
"1365","SST","SST03",2015,2015-04-20,2015-05-04,14,"SST032015","spring","SST032015_2015-04-20",0,117
"1366","SST","SST04",2015,2015-04-20,2015-05-04,14,"SST042015","spring","SST042015_2015-04-20",0,117
"1367","SST","SST05",2015,2015-04-20,2015-05-04,14,"SST052015","spring","SST052015_2015-04-20",0,117
"1368","SST","SST06",2015,2015-04-20,2015-05-04,14,"SST062015","spring","SST062015_2015-04-20",0,117
"1369","SST","SST07",2015,2015-04-20,2015-05-04,14,"SST072015","spring","SST072015_2015-04-20",0,117
"1370","SST","SST08",2015,2015-04-20,2015-05-04,14,"SST082015","spring","SST082015_2015-04-20",0,117
"1371","SST","SST09",2015,2015-04-20,2015-05-04,14,"SST092015","spring","SST092015_2015-04-20",0,117
"1372","SST","SST10",2015,2015-04-20,2015-05-04,14,"SST102015","spring","SST102015_2015-04-20",0,117
"1373","SST","SST11",2015,2015-04-20,2015-05-04,14,"SST112015","spring","SST112015_2015-04-20",0,117
"1374","SST","SST12",2015,2015-04-20,2015-05-04,14,"SST122015","spring","SST122015_2015-04-20",0,117
"1375","SST","SST13",2015,2015-04-20,2015-05-04,14,"SST132015","spring","SST132015_2015-04-20",0,117
"1376","SST","SST14",2015,2015-04-20,2015-05-04,14,"SST142015","spring","SST142015_2015-04-20",0,117
"1377","SST","SST15",2015,2015-04-20,2015-05-04,14,"SST152015","spring","SST152015_2015-04-20",0,117
"1378","SST","SST16",2015,2015-04-20,2015-05-04,14,"SST162015","spring","SST162015_2015-04-20",0,117
"1379","GFH","GFH01",2015,2015-04-21,2015-05-05,14,"GFH012015","spring","GFH012015_2015-04-21",0,118
"1380","GFH","GFH02",2015,2015-04-21,2015-05-05,14,"GFH022015","spring","GFH022015_2015-04-21",0,118
"1381","GFH","GFH03",2015,2015-04-21,2015-05-05,14,"GFH032015","spring","GFH032015_2015-04-21",0,118
"1382","GFH","GFH04",2015,2015-04-21,2015-05-05,14,"GFH042015","spring","GFH042015_2015-04-21",0,118
"1383","GFH","GFH05",2015,2015-04-21,2015-05-05,14,"GFH052015","spring","GFH052015_2015-04-21",0,118
"1384","GFH","GFH06",2015,2015-04-21,2015-05-05,14,"GFH062015","spring","GFH062015_2015-04-21",0,118
"1385","GFH","GFH07",2015,2015-04-21,2015-05-05,14,"GFH072015","spring","GFH072015_2015-04-21",0,118
"1386","GFH","GFH08",2015,2015-04-21,2015-05-05,14,"GFH082015","spring","GFH082015_2015-04-21",0,118
"1387","GFH","GFH09",2015,2015-04-21,2015-05-05,14,"GFH092015","spring","GFH092015_2015-04-21",0,118
"1388","GFH","GFH10",2015,2015-04-21,2015-05-05,14,"GFH102015","spring","GFH102015_2015-04-21",0,118
"1389","GFH","GFH11",2015,2015-04-21,2015-05-05,14,"GFH112015","spring","GFH112015_2015-04-21",0,118
"1390","GFH","GFH12",2015,2015-04-21,2015-05-05,14,"GFH122015","spring","GFH122015_2015-04-21",0,118
"1391","GFH","GFH13",2015,2015-04-21,2015-05-05,14,"GFH132015","spring","GFH132015_2015-04-21",1,118
"1392","GFH","GFH14",2015,2015-04-21,2015-05-05,14,"GFH142015","spring","GFH142015_2015-04-21",0,118
"1393","GFH","GFH15",2015,2015-04-21,2015-05-05,14,"GFH152015","spring","GFH152015_2015-04-21",3,118
"1394","GFH","GFH16",2015,2015-04-21,2015-05-05,14,"GFH162015","spring","GFH162015_2015-04-21",0,118
"1395","SIP","SIP01",2015,2015-04-21,2015-05-05,14,"SIP012015","spring","SIP012015_2015-04-21",0,118
"1396","SIP","SIP02",2015,2015-04-21,2015-05-05,14,"SIP022015","spring","SIP022015_2015-04-21",0,118
"1397","SIP","SIP03",2015,2015-04-21,2015-05-05,14,"SIP032015","spring","SIP032015_2015-04-21",0,118
"1398","SIP","SIP05",2015,2015-04-21,2015-05-05,14,"SIP052015","spring","SIP052015_2015-04-21",0,118
"1399","SIP","SIP06",2015,2015-04-21,2015-05-05,14,"SIP062015","spring","SIP062015_2015-04-21",0,118
"1400","SIP","SIP07",2015,2015-04-21,2015-05-05,14,"SIP072015","spring","SIP072015_2015-04-21",0,118
"1401","SIP","SIP08",2015,2015-04-21,2015-05-05,14,"SIP082015","spring","SIP082015_2015-04-21",0,118
"1402","SIP","SIP09",2015,2015-04-21,2015-05-05,14,"SIP092015","spring","SIP092015_2015-04-21",0,118
"1403","SIP","SIP10",2015,2015-04-21,2015-05-05,14,"SIP102015","spring","SIP102015_2015-04-21",0,118
"1404","SIP","SIP11",2015,2015-04-21,2015-05-05,14,"SIP112015","spring","SIP112015_2015-04-21",0,118
"1405","SIP","SIP12",2015,2015-04-21,2015-05-05,14,"SIP122015","spring","SIP122015_2015-04-21",0,118
"1406","SIP","SIP13",2015,2015-04-21,2015-05-05,14,"SIP132015","spring","SIP132015_2015-04-21",0,118
"1407","SIP","SIP14",2015,2015-04-21,2015-05-05,14,"SIP142015","spring","SIP142015_2015-04-21",0,118
"1408","SIP","SIP15",2015,2015-04-21,2015-05-05,14,"SIP152015","spring","SIP152015_2015-04-21",0,118
"1409","SIP","SIP16",2015,2015-04-21,2015-05-05,14,"SIP162015","spring","SIP162015_2015-04-21",0,118
"1410","HAR","HAR02",2015,2015-04-22,2015-05-06,14,"HAR022015","spring","HAR022015_2015-04-22",0,119
"1411","HAR","HAR03",2015,2015-04-22,2015-05-06,14,"HAR032015","spring","HAR032015_2015-04-22",0,119
"1412","HAR","HAR04",2015,2015-04-22,2015-05-06,14,"HAR042015","spring","HAR042015_2015-04-22",0,119
"1413","HAR","HAR05",2015,2015-04-22,2015-05-06,14,"HAR052015","spring","HAR052015_2015-04-22",0,119
"1414","HAR","HAR06",2015,2015-04-22,2015-05-06,14,"HAR062015","spring","HAR062015_2015-04-22",6,119
"1415","HAR","HAR07",2015,2015-04-22,2015-05-06,14,"HAR072015","spring","HAR072015_2015-04-22",1,119
"1416","HAR","HAR08",2015,2015-04-22,2015-05-06,14,"HAR082015","spring","HAR082015_2015-04-22",0,119
"1417","HAR","HAR09",2015,2015-04-22,2015-05-06,14,"HAR092015","spring","HAR092015_2015-04-22",0,119
"1418","HAR","HAR10",2015,2015-04-22,2015-05-06,14,"HAR102015","spring","HAR102015_2015-04-22",0,119
"1419","HAR","HAR11",2015,2015-04-22,2015-05-06,14,"HAR112015","spring","HAR112015_2015-04-22",0,119
"1420","HAR","HAR12",2015,2015-04-22,2015-05-06,14,"HAR122015","spring","HAR122015_2015-04-22",0,119
"1421","HAR","HAR13",2015,2015-04-22,2015-05-06,14,"HAR132015","spring","HAR132015_2015-04-22",2,119
"1422","HAR","HAR14",2015,2015-04-22,2015-05-06,14,"HAR142015","spring","HAR142015_2015-04-22",2,119
"1423","HAR","HAR15",2015,2015-04-22,2015-05-06,14,"HAR152015","spring","HAR152015_2015-04-22",6,119
"1424","HAR","HAR16",2015,2015-04-22,2015-05-06,14,"HAR162015","spring","HAR162015_2015-04-22",1,119
"1425","WAN","WAN01",2015,2015-04-22,2015-05-06,14,"WAN012015","spring","WAN012015_2015-04-22",0,119
"1426","WAN","WAN02",2015,2015-04-22,2015-05-06,14,"WAN022015","spring","WAN022015_2015-04-22",3,119
"1427","WAN","WAN03",2015,2015-04-22,2015-05-06,14,"WAN032015","spring","WAN032015_2015-04-22",3,119
"1428","WAN","WAN04",2015,2015-04-22,2015-05-06,14,"WAN042015","spring","WAN042015_2015-04-22",2,119
"1429","WAN","WAN05",2015,2015-04-22,2015-05-06,14,"WAN052015","spring","WAN052015_2015-04-22",5,119
"1430","WAN","WAN06",2015,2015-04-22,2015-05-06,14,"WAN062015","spring","WAN062015_2015-04-22",1,119
"1431","WAN","WAN07",2015,2015-04-22,2015-05-06,14,"WAN072015","spring","WAN072015_2015-04-22",1,119
"1432","WAN","WAN08",2015,2015-04-22,2015-05-06,14,"WAN082015","spring","WAN082015_2015-04-22",0,119
"1433","WAN","WAN09",2015,2015-04-22,2015-05-06,14,"WAN092015","spring","WAN092015_2015-04-22",13,119
"1434","WAN","WAN10",2015,2015-04-22,2015-05-06,14,"WAN102015","spring","WAN102015_2015-04-22",0,119
"1435","WAN","WAN11",2015,2015-04-22,2015-05-06,14,"WAN112015","spring","WAN112015_2015-04-22",0,119
"1436","WAN","WAN12",2015,2015-04-22,2015-05-06,14,"WAN122015","spring","WAN122015_2015-04-22",0,119
"1437","WAN","WAN13",2015,2015-04-22,2015-05-06,14,"WAN132015","spring","WAN132015_2015-04-22",2,119
"1438","WAN","WAN14",2015,2015-04-22,2015-05-06,14,"WAN142015","spring","WAN142015_2015-04-22",4,119
"1439","WAN","WAN15",2015,2015-04-22,2015-05-06,14,"WAN152015","spring","WAN152015_2015-04-22",1,119
"1440","WAN","WAN16",2015,2015-04-22,2015-05-06,14,"WAN162015","spring","WAN162015_2015-04-22",0,119
"1441","FBG","FBG01",2015,2015-05-04,2015-05-18,14,"FBG012015","spring","FBG012015_2015-05-04",0,131
"1442","FBG","FBG03",2015,2015-05-04,2015-05-18,14,"FBG032015","spring","FBG032015_2015-05-04",0,131
"1443","FBG","FBG04",2015,2015-05-04,2015-05-18,14,"FBG042015","spring","FBG042015_2015-05-04",0,131
"1444","FBG","FBG05",2015,2015-05-04,2015-05-18,14,"FBG052015","spring","FBG052015_2015-05-04",1,131
"1445","FBG","FBG06",2015,2015-05-04,2015-05-18,14,"FBG062015","spring","FBG062015_2015-05-04",0,131
"1446","FBG","FBG07",2015,2015-05-04,2015-05-18,14,"FBG072015","spring","FBG072015_2015-05-04",1,131
"1447","FBG","FBG08",2015,2015-05-04,2015-05-18,14,"FBG082015","spring","FBG082015_2015-05-04",0,131
"1448","FBG","FBG09",2015,2015-05-04,2015-05-18,14,"FBG092015","spring","FBG092015_2015-05-04",2,131
"1449","FBG","FBG10",2015,2015-05-04,2015-05-18,14,"FBG102015","spring","FBG102015_2015-05-04",0,131
"1450","FBG","FBG11",2015,2015-05-04,2015-05-18,14,"FBG112015","spring","FBG112015_2015-05-04",1,131
"1451","FBG","FBG12",2015,2015-05-04,2015-05-18,14,"FBG122015","spring","FBG122015_2015-05-04",1,131
"1452","FBG","FBG13",2015,2015-05-04,2015-05-18,14,"FBG132015","spring","FBG132015_2015-05-04",19,131
"1453","FBG","FBG14",2015,2015-05-04,2015-05-18,14,"FBG142015","spring","FBG142015_2015-05-04",2,131
"1454","FBG","FBG15",2015,2015-05-04,2015-05-18,14,"FBG152015","spring","FBG152015_2015-05-04",0,131
"1455","FBG","FBG16",2015,2015-05-04,2015-05-18,14,"FBG162015","spring","FBG162015_2015-05-04",0,131
"1456","SST","SST01",2015,2015-05-04,2015-05-18,14,"SST012015","spring","SST012015_2015-05-04",0,131
"1457","SST","SST02",2015,2015-05-04,2015-05-18,14,"SST022015","spring","SST022015_2015-05-04",0,131
"1458","SST","SST03",2015,2015-05-04,2015-05-18,14,"SST032015","spring","SST032015_2015-05-04",0,131
"1459","SST","SST04",2015,2015-05-04,2015-05-18,14,"SST042015","spring","SST042015_2015-05-04",0,131
"1460","SST","SST05",2015,2015-05-04,2015-05-18,14,"SST052015","spring","SST052015_2015-05-04",0,131
"1461","SST","SST06",2015,2015-05-04,2015-05-18,14,"SST062015","spring","SST062015_2015-05-04",0,131
"1462","SST","SST07",2015,2015-05-04,2015-05-18,14,"SST072015","spring","SST072015_2015-05-04",0,131
"1463","SST","SST08",2015,2015-05-04,2015-05-18,14,"SST082015","spring","SST082015_2015-05-04",1,131
"1464","SST","SST09",2015,2015-05-04,2015-05-18,14,"SST092015","spring","SST092015_2015-05-04",0,131
"1465","SST","SST10",2015,2015-05-04,2015-05-18,14,"SST102015","spring","SST102015_2015-05-04",0,131
"1466","SST","SST11",2015,2015-05-04,2015-05-18,14,"SST112015","spring","SST112015_2015-05-04",0,131
"1467","SST","SST12",2015,2015-05-04,2015-05-18,14,"SST122015","spring","SST122015_2015-05-04",0,131
"1468","SST","SST13",2015,2015-05-04,2015-05-18,14,"SST132015","spring","SST132015_2015-05-04",0,131
"1469","SST","SST14",2015,2015-05-04,2015-05-18,14,"SST142015","spring","SST142015_2015-05-04",0,131
"1470","SST","SST15",2015,2015-05-04,2015-05-18,14,"SST152015","spring","SST152015_2015-05-04",0,131
"1471","GFH","GFH01",2015,2015-05-05,2015-05-19,14,"GFH012015","spring","GFH012015_2015-05-05",0,132
"1472","GFH","GFH02",2015,2015-05-05,2015-05-19,14,"GFH022015","spring","GFH022015_2015-05-05",0,132
"1473","GFH","GFH03",2015,2015-05-05,2015-05-19,14,"GFH032015","spring","GFH032015_2015-05-05",0,132
"1474","GFH","GFH04",2015,2015-05-05,2015-05-19,14,"GFH042015","spring","GFH042015_2015-05-05",0,132
"1475","GFH","GFH05",2015,2015-05-05,2015-05-19,14,"GFH052015","spring","GFH052015_2015-05-05",2,132
"1476","GFH","GFH06",2015,2015-05-05,2015-05-19,14,"GFH062015","spring","GFH062015_2015-05-05",0,132
"1477","GFH","GFH07",2015,2015-05-05,2015-05-19,14,"GFH072015","spring","GFH072015_2015-05-05",0,132
"1478","GFH","GFH08",2015,2015-05-05,2015-05-19,14,"GFH082015","spring","GFH082015_2015-05-05",0,132
"1479","GFH","GFH09",2015,2015-05-05,2015-05-19,14,"GFH092015","spring","GFH092015_2015-05-05",0,132
"1480","GFH","GFH10",2015,2015-05-05,2015-05-19,14,"GFH102015","spring","GFH102015_2015-05-05",1,132
"1481","GFH","GFH11",2015,2015-05-05,2015-05-19,14,"GFH112015","spring","GFH112015_2015-05-05",1,132
"1482","GFH","GFH12",2015,2015-05-05,2015-05-19,14,"GFH122015","spring","GFH122015_2015-05-05",3,132
"1483","GFH","GFH13",2015,2015-05-05,2015-05-19,14,"GFH132015","spring","GFH132015_2015-05-05",0,132
"1484","GFH","GFH14",2015,2015-05-05,2015-05-19,14,"GFH142015","spring","GFH142015_2015-05-05",0,132
"1485","GFH","GFH15",2015,2015-05-05,2015-05-19,14,"GFH152015","spring","GFH152015_2015-05-05",1,132
"1486","GFH","GFH16",2015,2015-05-05,2015-05-19,14,"GFH162015","spring","GFH162015_2015-05-05",0,132
"1487","SIP","SIP01",2015,2015-05-05,2015-05-19,14,"SIP012015","spring","SIP012015_2015-05-05",0,132
"1488","SIP","SIP03",2015,2015-05-05,2015-05-19,14,"SIP032015","spring","SIP032015_2015-05-05",0,132
"1489","SIP","SIP06",2015,2015-05-05,2015-05-19,14,"SIP062015","spring","SIP062015_2015-05-05",0,132
"1490","SIP","SIP07",2015,2015-05-05,2015-05-19,14,"SIP072015","spring","SIP072015_2015-05-05",0,132
"1491","SIP","SIP08",2015,2015-05-05,2015-05-19,14,"SIP082015","spring","SIP082015_2015-05-05",0,132
"1492","SIP","SIP09",2015,2015-05-05,2015-05-19,14,"SIP092015","spring","SIP092015_2015-05-05",0,132
"1493","SIP","SIP10",2015,2015-05-05,2015-05-19,14,"SIP102015","spring","SIP102015_2015-05-05",0,132
"1494","SIP","SIP11",2015,2015-05-05,2015-05-19,14,"SIP112015","spring","SIP112015_2015-05-05",0,132
"1495","SIP","SIP12",2015,2015-05-05,2015-05-19,14,"SIP122015","spring","SIP122015_2015-05-05",0,132
"1496","SIP","SIP13",2015,2015-05-05,2015-05-19,14,"SIP132015","spring","SIP132015_2015-05-05",0,132
"1497","SIP","SIP14",2015,2015-05-05,2015-05-19,14,"SIP142015","spring","SIP142015_2015-05-05",0,132
"1498","SIP","SIP15",2015,2015-05-05,2015-05-19,14,"SIP152015","spring","SIP152015_2015-05-05",0,132
"1499","SIP","SIP16",2015,2015-05-05,2015-05-19,14,"SIP162015","spring","SIP162015_2015-05-05",0,132
"1500","HAR","HAR01",2015,2015-05-06,2015-05-20,14,"HAR012015","spring","HAR012015_2015-05-06",0,133
"1501","HAR","HAR02",2015,2015-05-06,2015-05-20,14,"HAR022015","spring","HAR022015_2015-05-06",2,133
"1502","HAR","HAR03",2015,2015-05-06,2015-05-20,14,"HAR032015","spring","HAR032015_2015-05-06",0,133
"1503","HAR","HAR04",2015,2015-05-06,2015-05-20,14,"HAR042015","spring","HAR042015_2015-05-06",0,133
"1504","HAR","HAR05",2015,2015-05-06,2015-05-20,14,"HAR052015","spring","HAR052015_2015-05-06",5,133
"1505","HAR","HAR06",2015,2015-05-06,2015-05-20,14,"HAR062015","spring","HAR062015_2015-05-06",68,133
"1506","HAR","HAR07",2015,2015-05-06,2015-05-20,14,"HAR072015","spring","HAR072015_2015-05-06",1,133
"1507","HAR","HAR08",2015,2015-05-06,2015-05-20,14,"HAR082015","spring","HAR082015_2015-05-06",2,133
"1508","HAR","HAR09",2015,2015-05-06,2015-05-20,14,"HAR092015","spring","HAR092015_2015-05-06",1,133
"1509","HAR","HAR11",2015,2015-05-06,2015-05-20,14,"HAR112015","spring","HAR112015_2015-05-06",8,133
"1510","HAR","HAR12",2015,2015-05-06,2015-05-20,14,"HAR122015","spring","HAR122015_2015-05-06",3,133
"1511","HAR","HAR13",2015,2015-05-06,2015-05-20,14,"HAR132015","spring","HAR132015_2015-05-06",3,133
"1512","HAR","HAR14",2015,2015-05-06,2015-05-20,14,"HAR142015","spring","HAR142015_2015-05-06",4,133
"1513","HAR","HAR15",2015,2015-05-06,2015-05-20,14,"HAR152015","spring","HAR152015_2015-05-06",6,133
"1514","HAR","HAR16",2015,2015-05-06,2015-05-20,14,"HAR162015","spring","HAR162015_2015-05-06",4,133
"1515","WAN","WAN01",2015,2015-05-06,2015-05-20,14,"WAN012015","spring","WAN012015_2015-05-06",22,133
"1516","WAN","WAN02",2015,2015-05-06,2015-05-20,14,"WAN022015","spring","WAN022015_2015-05-06",2,133
"1517","WAN","WAN03",2015,2015-05-06,2015-05-20,14,"WAN032015","spring","WAN032015_2015-05-06",0,133
"1518","WAN","WAN04",2015,2015-05-06,2015-05-20,14,"WAN042015","spring","WAN042015_2015-05-06",0,133
"1519","WAN","WAN05",2015,2015-05-06,2015-05-20,14,"WAN052015","spring","WAN052015_2015-05-06",0,133
"1520","WAN","WAN06",2015,2015-05-06,2015-05-20,14,"WAN062015","spring","WAN062015_2015-05-06",2,133
"1521","WAN","WAN07",2015,2015-05-06,2015-05-20,14,"WAN072015","spring","WAN072015_2015-05-06",0,133
"1522","WAN","WAN08",2015,2015-05-06,2015-05-20,14,"WAN082015","spring","WAN082015_2015-05-06",0,133
"1523","WAN","WAN09",2015,2015-05-06,2015-05-20,14,"WAN092015","spring","WAN092015_2015-05-06",6,133
"1524","WAN","WAN10",2015,2015-05-06,2015-05-20,14,"WAN102015","spring","WAN102015_2015-05-06",0,133
"1525","WAN","WAN11",2015,2015-05-06,2015-05-20,14,"WAN112015","spring","WAN112015_2015-05-06",0,133
"1526","WAN","WAN12",2015,2015-05-06,2015-05-20,14,"WAN122015","spring","WAN122015_2015-05-06",0,133
"1527","WAN","WAN13",2015,2015-05-06,2015-05-20,14,"WAN132015","spring","WAN132015_2015-05-06",3,133
"1528","WAN","WAN14",2015,2015-05-06,2015-05-20,14,"WAN142015","spring","WAN142015_2015-05-06",2,133
"1529","WAN","WAN15",2015,2015-05-06,2015-05-20,14,"WAN152015","spring","WAN152015_2015-05-06",1,133
"1530","WAN","WAN16",2015,2015-05-06,2015-05-20,14,"WAN162015","spring","WAN162015_2015-05-06",0,133
"1531","FBG","FBG01",2015,2015-05-18,2015-06-01,14,"FBG012015","spring","FBG012015_2015-05-18",2,145
"1532","FBG","FBG02",2015,2015-05-18,2015-06-01,14,"FBG022015","spring","FBG022015_2015-05-18",5,145
"1533","FBG","FBG03",2015,2015-05-18,2015-06-01,14,"FBG032015","spring","FBG032015_2015-05-18",0,145
"1534","FBG","FBG04",2015,2015-05-18,2015-06-01,14,"FBG042015","spring","FBG042015_2015-05-18",0,145
"1535","FBG","FBG05",2015,2015-05-18,2015-06-01,14,"FBG052015","spring","FBG052015_2015-05-18",2,145
"1536","FBG","FBG06",2015,2015-05-18,2015-06-01,14,"FBG062015","spring","FBG062015_2015-05-18",3,145
"1537","FBG","FBG07",2015,2015-05-18,2015-06-01,14,"FBG072015","spring","FBG072015_2015-05-18",0,145
"1538","FBG","FBG08",2015,2015-05-18,2015-06-01,14,"FBG082015","spring","FBG082015_2015-05-18",0,145
"1539","FBG","FBG09",2015,2015-05-18,2015-06-01,14,"FBG092015","spring","FBG092015_2015-05-18",0,145
"1540","FBG","FBG10",2015,2015-05-18,2015-06-01,14,"FBG102015","spring","FBG102015_2015-05-18",0,145
"1541","FBG","FBG11",2015,2015-05-18,2015-06-01,14,"FBG112015","spring","FBG112015_2015-05-18",0,145
"1542","FBG","FBG12",2015,2015-05-18,2015-06-01,14,"FBG122015","spring","FBG122015_2015-05-18",0,145
"1543","FBG","FBG13",2015,2015-05-18,2015-06-01,14,"FBG132015","spring","FBG132015_2015-05-18",0,145
"1544","FBG","FBG14",2015,2015-05-18,2015-06-01,14,"FBG142015","spring","FBG142015_2015-05-18",0,145
"1545","FBG","FBG15",2015,2015-05-18,2015-06-01,14,"FBG152015","spring","FBG152015_2015-05-18",0,145
"1546","FBG","FBG16",2015,2015-05-18,2015-06-01,14,"FBG162015","spring","FBG162015_2015-05-18",3,145
"1547","SST","SST01",2015,2015-05-18,2015-06-01,14,"SST012015","spring","SST012015_2015-05-18",0,145
"1548","SST","SST02",2015,2015-05-18,2015-06-01,14,"SST022015","spring","SST022015_2015-05-18",0,145
"1549","SST","SST03",2015,2015-05-18,2015-06-01,14,"SST032015","spring","SST032015_2015-05-18",0,145
"1550","SST","SST04",2015,2015-05-18,2015-06-01,14,"SST042015","spring","SST042015_2015-05-18",1,145
"1551","SST","SST05",2015,2015-05-18,2015-06-01,14,"SST052015","spring","SST052015_2015-05-18",0,145
"1552","SST","SST06",2015,2015-05-18,2015-06-01,14,"SST062015","spring","SST062015_2015-05-18",0,145
"1553","SST","SST07",2015,2015-05-18,2015-06-01,14,"SST072015","spring","SST072015_2015-05-18",0,145
"1554","SST","SST08",2015,2015-05-18,2015-06-01,14,"SST082015","spring","SST082015_2015-05-18",0,145
"1555","SST","SST09",2015,2015-05-18,2015-06-01,14,"SST092015","spring","SST092015_2015-05-18",0,145
"1556","SST","SST10",2015,2015-05-18,2015-06-01,14,"SST102015","spring","SST102015_2015-05-18",1,145
"1557","SST","SST11",2015,2015-05-18,2015-06-01,14,"SST112015","spring","SST112015_2015-05-18",0,145
"1558","SST","SST12",2015,2015-05-18,2015-06-01,14,"SST122015","spring","SST122015_2015-05-18",0,145
"1559","SST","SST13",2015,2015-05-18,2015-06-01,14,"SST132015","spring","SST132015_2015-05-18",0,145
"1560","SST","SST14",2015,2015-05-18,2015-06-01,14,"SST142015","spring","SST142015_2015-05-18",0,145
"1561","SST","SST15",2015,2015-05-18,2015-06-01,14,"SST152015","spring","SST152015_2015-05-18",0,145
"1562","SST","SST16",2015,2015-05-18,2015-06-01,14,"SST162015","spring","SST162015_2015-05-18",0,145
"1563","HAR","HAR01",2015,2015-05-20,2015-06-02,13,"HAR012015","spring","HAR012015_2015-05-20",0,146.5
"1564","HAR","HAR02",2015,2015-05-20,2015-06-02,13,"HAR022015","spring","HAR022015_2015-05-20",0,146.5
"1565","HAR","HAR03",2015,2015-05-20,2015-06-02,13,"HAR032015","spring","HAR032015_2015-05-20",0,146.5
"1566","HAR","HAR04",2015,2015-05-20,2015-06-02,13,"HAR042015","spring","HAR042015_2015-05-20",0,146.5
"1567","HAR","HAR05",2015,2015-05-20,2015-06-02,13,"HAR052015","spring","HAR052015_2015-05-20",9,146.5
"1568","HAR","HAR06",2015,2015-05-20,2015-06-02,13,"HAR062015","spring","HAR062015_2015-05-20",180,146.5
"1569","HAR","HAR07",2015,2015-05-20,2015-06-02,13,"HAR072015","spring","HAR072015_2015-05-20",1,146.5
"1570","HAR","HAR08",2015,2015-05-20,2015-06-02,13,"HAR082015","spring","HAR082015_2015-05-20",0,146.5
"1571","HAR","HAR09",2015,2015-05-20,2015-06-02,13,"HAR092015","spring","HAR092015_2015-05-20",2,146.5
"1572","HAR","HAR10",2015,2015-05-20,2015-06-02,13,"HAR102015","spring","HAR102015_2015-05-20",3,146.5
"1573","HAR","HAR11",2015,2015-05-20,2015-06-02,13,"HAR112015","spring","HAR112015_2015-05-20",41,146.5
"1574","HAR","HAR12",2015,2015-05-20,2015-06-02,13,"HAR122015","spring","HAR122015_2015-05-20",0,146.5
"1575","HAR","HAR13",2015,2015-05-20,2015-06-02,13,"HAR132015","spring","HAR132015_2015-05-20",2,146.5
"1576","HAR","HAR14",2015,2015-05-20,2015-06-02,13,"HAR142015","spring","HAR142015_2015-05-20",2,146.5
"1577","HAR","HAR15",2015,2015-05-20,2015-06-02,13,"HAR152015","spring","HAR152015_2015-05-20",7,146.5
"1578","HAR","HAR16",2015,2015-05-20,2015-06-02,13,"HAR162015","spring","HAR162015_2015-05-20",14,146.5
"1579","WAN","WAN01",2015,2015-05-20,2015-06-02,13,"WAN012015","spring","WAN012015_2015-05-20",5,146.5
"1580","WAN","WAN02",2015,2015-05-20,2015-06-02,13,"WAN022015","spring","WAN022015_2015-05-20",0,146.5
"1581","WAN","WAN03",2015,2015-05-20,2015-06-02,13,"WAN032015","spring","WAN032015_2015-05-20",0,146.5
"1582","WAN","WAN04",2015,2015-05-20,2015-06-02,13,"WAN042015","spring","WAN042015_2015-05-20",0,146.5
"1583","WAN","WAN05",2015,2015-05-20,2015-06-02,13,"WAN052015","spring","WAN052015_2015-05-20",0,146.5
"1584","WAN","WAN06",2015,2015-05-20,2015-06-02,13,"WAN062015","spring","WAN062015_2015-05-20",0,146.5
"1585","WAN","WAN08",2015,2015-05-20,2015-06-02,13,"WAN082015","spring","WAN082015_2015-05-20",0,146.5
"1586","WAN","WAN09",2015,2015-05-20,2015-06-02,13,"WAN092015","spring","WAN092015_2015-05-20",3,146.5
"1587","WAN","WAN10",2015,2015-05-20,2015-06-02,13,"WAN102015","spring","WAN102015_2015-05-20",0,146.5
"1588","WAN","WAN11",2015,2015-05-20,2015-06-02,13,"WAN112015","spring","WAN112015_2015-05-20",0,146.5
"1589","WAN","WAN12",2015,2015-05-20,2015-06-02,13,"WAN122015","spring","WAN122015_2015-05-20",0,146.5
"1590","WAN","WAN13",2015,2015-05-20,2015-06-02,13,"WAN132015","spring","WAN132015_2015-05-20",1,146.5
"1591","WAN","WAN14",2015,2015-05-20,2015-06-02,13,"WAN142015","spring","WAN142015_2015-05-20",0,146.5
"1592","WAN","WAN15",2015,2015-05-20,2015-06-02,13,"WAN152015","spring","WAN152015_2015-05-20",2,146.5
"1593","WAN","WAN16",2015,2015-05-20,2015-06-02,13,"WAN162015","spring","WAN162015_2015-05-20",0,146.5
"1594","GFH","GFH01",2015,2015-05-19,2015-06-03,15,"GFH012015","spring","GFH012015_2015-05-19",0,146.5
"1595","GFH","GFH02",2015,2015-05-19,2015-06-03,15,"GFH022015","spring","GFH022015_2015-05-19",0,146.5
"1596","GFH","GFH03",2015,2015-05-19,2015-06-03,15,"GFH032015","spring","GFH032015_2015-05-19",0,146.5
"1597","GFH","GFH04",2015,2015-05-19,2015-06-03,15,"GFH042015","spring","GFH042015_2015-05-19",1,146.5
"1598","GFH","GFH05",2015,2015-05-19,2015-06-03,15,"GFH052015","spring","GFH052015_2015-05-19",1,146.5
"1599","GFH","GFH06",2015,2015-05-19,2015-06-03,15,"GFH062015","spring","GFH062015_2015-05-19",0,146.5
"1600","GFH","GFH08",2015,2015-05-19,2015-06-03,15,"GFH082015","spring","GFH082015_2015-05-19",0,146.5
"1601","GFH","GFH09",2015,2015-05-19,2015-06-03,15,"GFH092015","spring","GFH092015_2015-05-19",0,146.5
"1602","GFH","GFH10",2015,2015-05-19,2015-06-03,15,"GFH102015","spring","GFH102015_2015-05-19",0,146.5
"1603","GFH","GFH11",2015,2015-05-19,2015-06-03,15,"GFH112015","spring","GFH112015_2015-05-19",0,146.5
"1604","GFH","GFH12",2015,2015-05-19,2015-06-03,15,"GFH122015","spring","GFH122015_2015-05-19",1,146.5
"1605","GFH","GFH13",2015,2015-05-19,2015-06-03,15,"GFH132015","spring","GFH132015_2015-05-19",1,146.5
"1606","GFH","GFH14",2015,2015-05-19,2015-06-03,15,"GFH142015","spring","GFH142015_2015-05-19",0,146.5
"1607","GFH","GFH15",2015,2015-05-19,2015-06-03,15,"GFH152015","spring","GFH152015_2015-05-19",0,146.5
"1608","GFH","GFH16",2015,2015-05-19,2015-06-03,15,"GFH162015","spring","GFH162015_2015-05-19",1,146.5
"1609","SIP","SIP01",2015,2015-05-19,2015-06-03,15,"SIP012015","spring","SIP012015_2015-05-19",0,146.5
"1610","SIP","SIP02",2015,2015-05-19,2015-06-03,15,"SIP022015","spring","SIP022015_2015-05-19",0,146.5
"1611","SIP","SIP03",2015,2015-05-19,2015-06-03,15,"SIP032015","spring","SIP032015_2015-05-19",1,146.5
"1612","SIP","SIP05",2015,2015-05-19,2015-06-03,15,"SIP052015","spring","SIP052015_2015-05-19",0,146.5
"1613","SIP","SIP06",2015,2015-05-19,2015-06-03,15,"SIP062015","spring","SIP062015_2015-05-19",17,146.5
"1614","SIP","SIP07",2015,2015-05-19,2015-06-03,15,"SIP072015","spring","SIP072015_2015-05-19",5,146.5
"1615","SIP","SIP08",2015,2015-05-19,2015-06-03,15,"SIP082015","spring","SIP082015_2015-05-19",0,146.5
"1616","SIP","SIP09",2015,2015-05-19,2015-06-03,15,"SIP092015","spring","SIP092015_2015-05-19",0,146.5
"1617","SIP","SIP10",2015,2015-05-19,2015-06-03,15,"SIP102015","spring","SIP102015_2015-05-19",0,146.5
"1618","SIP","SIP11",2015,2015-05-19,2015-06-03,15,"SIP112015","spring","SIP112015_2015-05-19",0,146.5
"1619","SIP","SIP12",2015,2015-05-19,2015-06-03,15,"SIP122015","spring","SIP122015_2015-05-19",0,146.5
"1620","SIP","SIP13",2015,2015-05-19,2015-06-03,15,"SIP132015","spring","SIP132015_2015-05-19",0,146.5
"1621","SIP","SIP14",2015,2015-05-19,2015-06-03,15,"SIP142015","spring","SIP142015_2015-05-19",0,146.5
"1622","SIP","SIP15",2015,2015-05-19,2015-06-03,15,"SIP152015","spring","SIP152015_2015-05-19",0,146.5
"1623","SIP","SIP16",2015,2015-05-19,2015-06-03,15,"SIP162015","spring","SIP162015_2015-05-19",0,146.5
"1624","HAR","HAR01",2016,2016-04-18,2016-05-02,14,"HAR012016","spring","HAR012016_2016-04-18",0,116
"1625","HAR","HAR02",2016,2016-04-18,2016-05-02,14,"HAR022016","spring","HAR022016_2016-04-18",0,116
"1626","HAR","HAR03",2016,2016-04-18,2016-05-02,14,"HAR032016","spring","HAR032016_2016-04-18",0,116
"1627","HAR","HAR04",2016,2016-04-18,2016-05-02,14,"HAR042016","spring","HAR042016_2016-04-18",0,116
"1628","HAR","HAR05",2016,2016-04-18,2016-05-02,14,"HAR052016","spring","HAR052016_2016-04-18",1,116
"1629","HAR","HAR06",2016,2016-04-18,2016-05-02,14,"HAR062016","spring","HAR062016_2016-04-18",1,116
"1630","HAR","HAR07",2016,2016-04-18,2016-05-02,14,"HAR072016","spring","HAR072016_2016-04-18",0,116
"1631","HAR","HAR08",2016,2016-04-18,2016-05-02,14,"HAR082016","spring","HAR082016_2016-04-18",0,116
"1632","HAR","HAR09",2016,2016-04-18,2016-05-02,14,"HAR092016","spring","HAR092016_2016-04-18",0,116
"1633","HAR","HAR10",2016,2016-04-18,2016-05-02,14,"HAR102016","spring","HAR102016_2016-04-18",0,116
"1634","HAR","HAR11",2016,2016-04-18,2016-05-02,14,"HAR112016","spring","HAR112016_2016-04-18",0,116
"1635","HAR","HAR12",2016,2016-04-18,2016-05-02,14,"HAR122016","spring","HAR122016_2016-04-18",0,116
"1636","HAR","HAR13",2016,2016-04-18,2016-05-02,14,"HAR132016","spring","HAR132016_2016-04-18",0,116
"1637","HAR","HAR14",2016,2016-04-18,2016-05-02,14,"HAR142016","spring","HAR142016_2016-04-18",0,116
"1638","HAR","HAR15",2016,2016-04-18,2016-05-02,14,"HAR152016","spring","HAR152016_2016-04-18",10,116
"1639","HAR","HAR16",2016,2016-04-18,2016-05-02,14,"HAR162016","spring","HAR162016_2016-04-18",1,116
"1640","WAN","WAN01",2016,2016-04-18,2016-05-02,14,"WAN012016","spring","WAN012016_2016-04-18",0,116
"1641","WAN","WAN02",2016,2016-04-18,2016-05-02,14,"WAN022016","spring","WAN022016_2016-04-18",0,116
"1642","WAN","WAN03",2016,2016-04-18,2016-05-02,14,"WAN032016","spring","WAN032016_2016-04-18",0,116
"1643","WAN","WAN04",2016,2016-04-18,2016-05-02,14,"WAN042016","spring","WAN042016_2016-04-18",0,116
"1644","WAN","WAN05",2016,2016-04-18,2016-05-02,14,"WAN052016","spring","WAN052016_2016-04-18",0,116
"1645","WAN","WAN06",2016,2016-04-18,2016-05-02,14,"WAN062016","spring","WAN062016_2016-04-18",1,116
"1646","WAN","WAN07",2016,2016-04-18,2016-05-02,14,"WAN072016","spring","WAN072016_2016-04-18",1,116
"1647","WAN","WAN08",2016,2016-04-18,2016-05-02,14,"WAN082016","spring","WAN082016_2016-04-18",1,116
"1648","WAN","WAN09",2016,2016-04-18,2016-05-02,14,"WAN092016","spring","WAN092016_2016-04-18",3,116
"1649","WAN","WAN10",2016,2016-04-18,2016-05-02,14,"WAN102016","spring","WAN102016_2016-04-18",1,116
"1650","WAN","WAN11",2016,2016-04-18,2016-05-02,14,"WAN112016","spring","WAN112016_2016-04-18",0,116
"1651","WAN","WAN12",2016,2016-04-18,2016-05-02,14,"WAN122016","spring","WAN122016_2016-04-18",2,116
"1652","WAN","WAN13",2016,2016-04-18,2016-05-02,14,"WAN132016","spring","WAN132016_2016-04-18",1,116
"1653","WAN","WAN14",2016,2016-04-18,2016-05-02,14,"WAN142016","spring","WAN142016_2016-04-18",0,116
"1654","WAN","WAN15",2016,2016-04-18,2016-05-02,14,"WAN152016","spring","WAN152016_2016-04-18",0,116
"1655","WAN","WAN16",2016,2016-04-18,2016-05-02,14,"WAN162016","spring","WAN162016_2016-04-18",0,116
"1656","GFH","GFH01",2016,2016-04-19,2016-05-03,14,"GFH012016","spring","GFH012016_2016-04-19",0,117
"1657","GFH","GFH02",2016,2016-04-19,2016-05-03,14,"GFH022016","spring","GFH022016_2016-04-19",0,117
"1658","GFH","GFH03",2016,2016-04-19,2016-05-03,14,"GFH032016","spring","GFH032016_2016-04-19",0,117
"1659","GFH","GFH04",2016,2016-04-19,2016-05-03,14,"GFH042016","spring","GFH042016_2016-04-19",0,117
"1660","GFH","GFH05",2016,2016-04-19,2016-05-03,14,"GFH052016","spring","GFH052016_2016-04-19",2,117
"1661","GFH","GFH06",2016,2016-04-19,2016-05-03,14,"GFH062016","spring","GFH062016_2016-04-19",0,117
"1662","GFH","GFH07",2016,2016-04-19,2016-05-03,14,"GFH072016","spring","GFH072016_2016-04-19",0,117
"1663","GFH","GFH08",2016,2016-04-19,2016-05-03,14,"GFH082016","spring","GFH082016_2016-04-19",0,117
"1664","GFH","GFH09",2016,2016-04-19,2016-05-03,14,"GFH092016","spring","GFH092016_2016-04-19",0,117
"1665","GFH","GFH10",2016,2016-04-19,2016-05-03,14,"GFH102016","spring","GFH102016_2016-04-19",0,117
"1666","GFH","GFH11",2016,2016-04-19,2016-05-03,14,"GFH112016","spring","GFH112016_2016-04-19",0,117
"1667","GFH","GFH12",2016,2016-04-19,2016-05-03,14,"GFH122016","spring","GFH122016_2016-04-19",0,117
"1668","GFH","GFH13",2016,2016-04-19,2016-05-03,14,"GFH132016","spring","GFH132016_2016-04-19",0,117
"1669","GFH","GFH14",2016,2016-04-19,2016-05-03,14,"GFH142016","spring","GFH142016_2016-04-19",1,117
"1670","GFH","GFH15",2016,2016-04-19,2016-05-03,14,"GFH152016","spring","GFH152016_2016-04-19",7,117
"1671","GFH","GFH16",2016,2016-04-19,2016-05-03,14,"GFH162016","spring","GFH162016_2016-04-19",0,117
"1672","SIP","SIP01",2016,2016-04-19,2016-05-03,14,"SIP012016","spring","SIP012016_2016-04-19",0,117
"1673","SIP","SIP02",2016,2016-04-19,2016-05-03,14,"SIP022016","spring","SIP022016_2016-04-19",0,117
"1674","SIP","SIP03",2016,2016-04-19,2016-05-03,14,"SIP032016","spring","SIP032016_2016-04-19",0,117
"1675","SIP","SIP05",2016,2016-04-19,2016-05-03,14,"SIP052016","spring","SIP052016_2016-04-19",0,117
"1676","SIP","SIP06",2016,2016-04-19,2016-05-03,14,"SIP062016","spring","SIP062016_2016-04-19",0,117
"1677","SIP","SIP07",2016,2016-04-19,2016-05-03,14,"SIP072016","spring","SIP072016_2016-04-19",0,117
"1678","SIP","SIP08",2016,2016-04-19,2016-05-03,14,"SIP082016","spring","SIP082016_2016-04-19",0,117
"1679","SIP","SIP09",2016,2016-04-19,2016-05-03,14,"SIP092016","spring","SIP092016_2016-04-19",0,117
"1680","SIP","SIP10",2016,2016-04-19,2016-05-03,14,"SIP102016","spring","SIP102016_2016-04-19",0,117
"1681","SIP","SIP11",2016,2016-04-19,2016-05-03,14,"SIP112016","spring","SIP112016_2016-04-19",1,117
"1682","SIP","SIP12",2016,2016-04-19,2016-05-03,14,"SIP122016","spring","SIP122016_2016-04-19",0,117
"1683","SIP","SIP13",2016,2016-04-19,2016-05-03,14,"SIP132016","spring","SIP132016_2016-04-19",0,117
"1684","SIP","SIP14",2016,2016-04-19,2016-05-03,14,"SIP142016","spring","SIP142016_2016-04-19",0,117
"1685","SIP","SIP15",2016,2016-04-19,2016-05-03,14,"SIP152016","spring","SIP152016_2016-04-19",0,117
"1686","SIP","SIP16",2016,2016-04-19,2016-05-03,14,"SIP162016","spring","SIP162016_2016-04-19",0,117
"1687","FBG","FBG01",2016,2016-04-20,2016-05-04,14,"FBG012016","spring","FBG012016_2016-04-20",0,118
"1688","FBG","FBG02",2016,2016-04-20,2016-05-04,14,"FBG022016","spring","FBG022016_2016-04-20",9,118
"1689","FBG","FBG03",2016,2016-04-20,2016-05-04,14,"FBG032016","spring","FBG032016_2016-04-20",1,118
"1690","FBG","FBG04",2016,2016-04-20,2016-05-04,14,"FBG042016","spring","FBG042016_2016-04-20",0,118
"1691","FBG","FBG05",2016,2016-04-20,2016-05-04,14,"FBG052016","spring","FBG052016_2016-04-20",0,118
"1692","FBG","FBG06",2016,2016-04-20,2016-05-04,14,"FBG062016","spring","FBG062016_2016-04-20",1,118
"1693","FBG","FBG07",2016,2016-04-20,2016-05-04,14,"FBG072016","spring","FBG072016_2016-04-20",2,118
"1694","FBG","FBG09",2016,2016-04-20,2016-05-04,14,"FBG092016","spring","FBG092016_2016-04-20",0,118
"1695","FBG","FBG10",2016,2016-04-20,2016-05-04,14,"FBG102016","spring","FBG102016_2016-04-20",2,118
"1696","FBG","FBG11",2016,2016-04-20,2016-05-04,14,"FBG112016","spring","FBG112016_2016-04-20",0,118
"1697","FBG","FBG12",2016,2016-04-20,2016-05-04,14,"FBG122016","spring","FBG122016_2016-04-20",0,118
"1698","FBG","FBG13",2016,2016-04-20,2016-05-04,14,"FBG132016","spring","FBG132016_2016-04-20",0,118
"1699","FBG","FBG14",2016,2016-04-20,2016-05-04,14,"FBG142016","spring","FBG142016_2016-04-20",0,118
"1700","FBG","FBG15",2016,2016-04-20,2016-05-04,14,"FBG152016","spring","FBG152016_2016-04-20",0,118
"1701","FBG","FBG16",2016,2016-04-20,2016-05-04,14,"FBG162016","spring","FBG162016_2016-04-20",0,118
"1702","SST","SST01",2016,2016-04-20,2016-05-04,14,"SST012016","spring","SST012016_2016-04-20",0,118
"1703","SST","SST02",2016,2016-04-20,2016-05-04,14,"SST022016","spring","SST022016_2016-04-20",0,118
"1704","SST","SST03",2016,2016-04-20,2016-05-04,14,"SST032016","spring","SST032016_2016-04-20",0,118
"1705","SST","SST04",2016,2016-04-20,2016-05-04,14,"SST042016","spring","SST042016_2016-04-20",0,118
"1706","SST","SST05",2016,2016-04-20,2016-05-04,14,"SST052016","spring","SST052016_2016-04-20",0,118
"1707","SST","SST06",2016,2016-04-20,2016-05-04,14,"SST062016","spring","SST062016_2016-04-20",0,118
"1708","SST","SST07",2016,2016-04-20,2016-05-04,14,"SST072016","spring","SST072016_2016-04-20",0,118
"1709","SST","SST08",2016,2016-04-20,2016-05-04,14,"SST082016","spring","SST082016_2016-04-20",0,118
"1710","SST","SST09",2016,2016-04-20,2016-05-04,14,"SST092016","spring","SST092016_2016-04-20",0,118
"1711","SST","SST10",2016,2016-04-20,2016-05-04,14,"SST102016","spring","SST102016_2016-04-20",0,118
"1712","SST","SST11",2016,2016-04-20,2016-05-04,14,"SST112016","spring","SST112016_2016-04-20",0,118
"1713","SST","SST12",2016,2016-04-20,2016-05-04,14,"SST122016","spring","SST122016_2016-04-20",0,118
"1714","SST","SST13",2016,2016-04-20,2016-05-04,14,"SST132016","spring","SST132016_2016-04-20",0,118
"1715","SST","SST14",2016,2016-04-20,2016-05-04,14,"SST142016","spring","SST142016_2016-04-20",0,118
"1716","SST","SST15",2016,2016-04-20,2016-05-04,14,"SST152016","spring","SST152016_2016-04-20",0,118
"1717","SST","SST16",2016,2016-04-20,2016-05-04,14,"SST162016","spring","SST162016_2016-04-20",0,118
"1718","HAR","HAR01",2016,2016-05-02,2016-05-17,15,"HAR012016","spring","HAR012016_2016-05-02",6,130.5
"1719","HAR","HAR02",2016,2016-05-02,2016-05-17,15,"HAR022016","spring","HAR022016_2016-05-02",0,130.5
"1720","HAR","HAR03",2016,2016-05-02,2016-05-17,15,"HAR032016","spring","HAR032016_2016-05-02",0,130.5
"1721","HAR","HAR04",2016,2016-05-02,2016-05-17,15,"HAR042016","spring","HAR042016_2016-05-02",0,130.5
"1722","HAR","HAR05",2016,2016-05-02,2016-05-17,15,"HAR052016","spring","HAR052016_2016-05-02",0,130.5
"1723","HAR","HAR06",2016,2016-05-02,2016-05-17,15,"HAR062016","spring","HAR062016_2016-05-02",53,130.5
"1724","HAR","HAR07",2016,2016-05-02,2016-05-17,15,"HAR072016","spring","HAR072016_2016-05-02",0,130.5
"1725","HAR","HAR09",2016,2016-05-02,2016-05-17,15,"HAR092016","spring","HAR092016_2016-05-02",2,130.5
"1726","HAR","HAR10",2016,2016-05-02,2016-05-17,15,"HAR102016","spring","HAR102016_2016-05-02",0,130.5
"1727","HAR","HAR11",2016,2016-05-02,2016-05-17,15,"HAR112016","spring","HAR112016_2016-05-02",1,130.5
"1728","HAR","HAR12",2016,2016-05-02,2016-05-17,15,"HAR122016","spring","HAR122016_2016-05-02",1,130.5
"1729","HAR","HAR13",2016,2016-05-02,2016-05-17,15,"HAR132016","spring","HAR132016_2016-05-02",0,130.5
"1730","HAR","HAR14",2016,2016-05-02,2016-05-17,15,"HAR142016","spring","HAR142016_2016-05-02",6,130.5
"1731","HAR","HAR15",2016,2016-05-02,2016-05-17,15,"HAR152016","spring","HAR152016_2016-05-02",5,130.5
"1732","HAR","HAR16",2016,2016-05-02,2016-05-17,15,"HAR162016","spring","HAR162016_2016-05-02",2,130.5
"1733","WAN","WAN01",2016,2016-05-02,2016-05-17,15,"WAN012016","spring","WAN012016_2016-05-02",3,130.5
"1734","WAN","WAN02",2016,2016-05-02,2016-05-17,15,"WAN022016","spring","WAN022016_2016-05-02",6,130.5
"1735","WAN","WAN03",2016,2016-05-02,2016-05-17,15,"WAN032016","spring","WAN032016_2016-05-02",0,130.5
"1736","WAN","WAN04",2016,2016-05-02,2016-05-17,15,"WAN042016","spring","WAN042016_2016-05-02",4,130.5
"1737","WAN","WAN05",2016,2016-05-02,2016-05-17,15,"WAN052016","spring","WAN052016_2016-05-02",0,130.5
"1738","WAN","WAN06",2016,2016-05-02,2016-05-17,15,"WAN062016","spring","WAN062016_2016-05-02",1,130.5
"1739","WAN","WAN07",2016,2016-05-02,2016-05-17,15,"WAN072016","spring","WAN072016_2016-05-02",0,130.5
"1740","WAN","WAN08",2016,2016-05-02,2016-05-17,15,"WAN082016","spring","WAN082016_2016-05-02",0,130.5
"1741","WAN","WAN09",2016,2016-05-02,2016-05-17,15,"WAN092016","spring","WAN092016_2016-05-02",8,130.5
"1742","WAN","WAN10",2016,2016-05-02,2016-05-17,15,"WAN102016","spring","WAN102016_2016-05-02",1,130.5
"1743","WAN","WAN11",2016,2016-05-02,2016-05-17,15,"WAN112016","spring","WAN112016_2016-05-02",0,130.5
"1744","WAN","WAN12",2016,2016-05-02,2016-05-17,15,"WAN122016","spring","WAN122016_2016-05-02",1,130.5
"1745","WAN","WAN13",2016,2016-05-02,2016-05-17,15,"WAN132016","spring","WAN132016_2016-05-02",6,130.5
"1746","WAN","WAN14",2016,2016-05-02,2016-05-17,15,"WAN142016","spring","WAN142016_2016-05-02",3,130.5
"1747","WAN","WAN15",2016,2016-05-02,2016-05-17,15,"WAN152016","spring","WAN152016_2016-05-02",0,130.5
"1748","WAN","WAN16",2016,2016-05-02,2016-05-17,15,"WAN162016","spring","WAN162016_2016-05-02",1,130.5
"1749","FBG","FBG01",2016,2016-05-04,2016-05-18,14,"FBG012016","spring","FBG012016_2016-05-04",0,132
"1750","FBG","FBG03",2016,2016-05-04,2016-05-18,14,"FBG032016","spring","FBG032016_2016-05-04",0,132
"1751","FBG","FBG04",2016,2016-05-04,2016-05-18,14,"FBG042016","spring","FBG042016_2016-05-04",2,132
"1752","FBG","FBG05",2016,2016-05-04,2016-05-18,14,"FBG052016","spring","FBG052016_2016-05-04",0,132
"1753","FBG","FBG06",2016,2016-05-04,2016-05-18,14,"FBG062016","spring","FBG062016_2016-05-04",3,132
"1754","FBG","FBG07",2016,2016-05-04,2016-05-18,14,"FBG072016","spring","FBG072016_2016-05-04",0,132
"1755","FBG","FBG08",2016,2016-05-04,2016-05-18,14,"FBG082016","spring","FBG082016_2016-05-04",0,132
"1756","FBG","FBG09",2016,2016-05-04,2016-05-18,14,"FBG092016","spring","FBG092016_2016-05-04",0,132
"1757","FBG","FBG10",2016,2016-05-04,2016-05-18,14,"FBG102016","spring","FBG102016_2016-05-04",0,132
"1758","FBG","FBG11",2016,2016-05-04,2016-05-18,14,"FBG112016","spring","FBG112016_2016-05-04",1,132
"1759","FBG","FBG12",2016,2016-05-04,2016-05-18,14,"FBG122016","spring","FBG122016_2016-05-04",3,132
"1760","FBG","FBG13",2016,2016-05-04,2016-05-18,14,"FBG132016","spring","FBG132016_2016-05-04",4,132
"1761","FBG","FBG14",2016,2016-05-04,2016-05-18,14,"FBG142016","spring","FBG142016_2016-05-04",2,132
"1762","FBG","FBG15",2016,2016-05-04,2016-05-18,14,"FBG152016","spring","FBG152016_2016-05-04",2,132
"1763","FBG","FBG16",2016,2016-05-04,2016-05-18,14,"FBG162016","spring","FBG162016_2016-05-04",1,132
"1764","SST","SST01",2016,2016-05-04,2016-05-18,14,"SST012016","spring","SST012016_2016-05-04",0,132
"1765","SST","SST02",2016,2016-05-04,2016-05-18,14,"SST022016","spring","SST022016_2016-05-04",0,132
"1766","SST","SST03",2016,2016-05-04,2016-05-18,14,"SST032016","spring","SST032016_2016-05-04",0,132
"1767","SST","SST04",2016,2016-05-04,2016-05-18,14,"SST042016","spring","SST042016_2016-05-04",1,132
"1768","SST","SST05",2016,2016-05-04,2016-05-18,14,"SST052016","spring","SST052016_2016-05-04",0,132
"1769","SST","SST07",2016,2016-05-04,2016-05-18,14,"SST072016","spring","SST072016_2016-05-04",0,132
"1770","SST","SST08",2016,2016-05-04,2016-05-18,14,"SST082016","spring","SST082016_2016-05-04",0,132
"1771","SST","SST09",2016,2016-05-04,2016-05-18,14,"SST092016","spring","SST092016_2016-05-04",0,132
"1772","SST","SST10",2016,2016-05-04,2016-05-18,14,"SST102016","spring","SST102016_2016-05-04",0,132
"1773","SST","SST11",2016,2016-05-04,2016-05-18,14,"SST112016","spring","SST112016_2016-05-04",0,132
"1774","SST","SST12",2016,2016-05-04,2016-05-18,14,"SST122016","spring","SST122016_2016-05-04",0,132
"1775","SST","SST13",2016,2016-05-04,2016-05-18,14,"SST132016","spring","SST132016_2016-05-04",0,132
"1776","SST","SST14",2016,2016-05-04,2016-05-18,14,"SST142016","spring","SST142016_2016-05-04",0,132
"1777","SST","SST15",2016,2016-05-04,2016-05-18,14,"SST152016","spring","SST152016_2016-05-04",0,132
"1778","SST","SST16",2016,2016-05-04,2016-05-18,14,"SST162016","spring","SST162016_2016-05-04",0,132
"1779","GFH","GFH01",2016,2016-05-03,2016-05-19,16,"GFH012016","spring","GFH012016_2016-05-03",1,132
"1780","GFH","GFH02",2016,2016-05-03,2016-05-19,16,"GFH022016","spring","GFH022016_2016-05-03",0,132
"1781","GFH","GFH03",2016,2016-05-03,2016-05-19,16,"GFH032016","spring","GFH032016_2016-05-03",1,132
"1782","GFH","GFH04",2016,2016-05-03,2016-05-19,16,"GFH042016","spring","GFH042016_2016-05-03",0,132
"1783","GFH","GFH05",2016,2016-05-03,2016-05-19,16,"GFH052016","spring","GFH052016_2016-05-03",0,132
"1784","GFH","GFH06",2016,2016-05-03,2016-05-19,16,"GFH062016","spring","GFH062016_2016-05-03",0,132
"1785","GFH","GFH07",2016,2016-05-03,2016-05-19,16,"GFH072016","spring","GFH072016_2016-05-03",0,132
"1786","GFH","GFH08",2016,2016-05-03,2016-05-19,16,"GFH082016","spring","GFH082016_2016-05-03",0,132
"1787","GFH","GFH09",2016,2016-05-03,2016-05-19,16,"GFH092016","spring","GFH092016_2016-05-03",0,132
"1788","GFH","GFH10",2016,2016-05-03,2016-05-19,16,"GFH102016","spring","GFH102016_2016-05-03",1,132
"1789","GFH","GFH11",2016,2016-05-03,2016-05-19,16,"GFH112016","spring","GFH112016_2016-05-03",1,132
"1790","GFH","GFH12",2016,2016-05-03,2016-05-19,16,"GFH122016","spring","GFH122016_2016-05-03",0,132
"1791","GFH","GFH13",2016,2016-05-03,2016-05-19,16,"GFH132016","spring","GFH132016_2016-05-03",0,132
"1792","GFH","GFH14",2016,2016-05-03,2016-05-19,16,"GFH142016","spring","GFH142016_2016-05-03",0,132
"1793","GFH","GFH15",2016,2016-05-03,2016-05-19,16,"GFH152016","spring","GFH152016_2016-05-03",0,132
"1794","GFH","GFH16",2016,2016-05-03,2016-05-19,16,"GFH162016","spring","GFH162016_2016-05-03",2,132
"1795","SIP","SIP01",2016,2016-05-03,2016-05-19,16,"SIP012016","spring","SIP012016_2016-05-03",0,132
"1796","SIP","SIP02",2016,2016-05-03,2016-05-19,16,"SIP022016","spring","SIP022016_2016-05-03",0,132
"1797","SIP","SIP03",2016,2016-05-03,2016-05-19,16,"SIP032016","spring","SIP032016_2016-05-03",0,132
"1798","SIP","SIP05",2016,2016-05-03,2016-05-19,16,"SIP052016","spring","SIP052016_2016-05-03",0,132
"1799","SIP","SIP06",2016,2016-05-03,2016-05-19,16,"SIP062016","spring","SIP062016_2016-05-03",0,132
"1800","SIP","SIP07",2016,2016-05-03,2016-05-19,16,"SIP072016","spring","SIP072016_2016-05-03",0,132
"1801","SIP","SIP08",2016,2016-05-03,2016-05-19,16,"SIP082016","spring","SIP082016_2016-05-03",0,132
"1802","SIP","SIP09",2016,2016-05-03,2016-05-19,16,"SIP092016","spring","SIP092016_2016-05-03",0,132
"1803","SIP","SIP10",2016,2016-05-03,2016-05-19,16,"SIP102016","spring","SIP102016_2016-05-03",0,132
"1804","SIP","SIP11",2016,2016-05-03,2016-05-19,16,"SIP112016","spring","SIP112016_2016-05-03",0,132
"1805","SIP","SIP12",2016,2016-05-03,2016-05-19,16,"SIP122016","spring","SIP122016_2016-05-03",0,132
"1806","SIP","SIP13",2016,2016-05-03,2016-05-19,16,"SIP132016","spring","SIP132016_2016-05-03",0,132
"1807","SIP","SIP14",2016,2016-05-03,2016-05-19,16,"SIP142016","spring","SIP142016_2016-05-03",0,132
"1808","SIP","SIP15",2016,2016-05-03,2016-05-19,16,"SIP152016","spring","SIP152016_2016-05-03",0,132
"1809","SIP","SIP16",2016,2016-05-03,2016-05-19,16,"SIP162016","spring","SIP162016_2016-05-03",0,132
"1810","HAR","HAR01",2016,2016-05-17,2016-05-30,13,"HAR012016","spring","HAR012016_2016-05-17",3,144.5
"1811","HAR","HAR02",2016,2016-05-17,2016-05-30,13,"HAR022016","spring","HAR022016_2016-05-17",0,144.5
"1812","HAR","HAR03",2016,2016-05-17,2016-05-30,13,"HAR032016","spring","HAR032016_2016-05-17",0,144.5
"1813","HAR","HAR04",2016,2016-05-17,2016-05-30,13,"HAR042016","spring","HAR042016_2016-05-17",0,144.5
"1814","HAR","HAR05",2016,2016-05-17,2016-05-30,13,"HAR052016","spring","HAR052016_2016-05-17",7,144.5
"1815","HAR","HAR06",2016,2016-05-17,2016-05-30,13,"HAR062016","spring","HAR062016_2016-05-17",198,144.5
"1816","HAR","HAR07",2016,2016-05-17,2016-05-30,13,"HAR072016","spring","HAR072016_2016-05-17",3,144.5
"1817","HAR","HAR08",2016,2016-05-17,2016-05-30,13,"HAR082016","spring","HAR082016_2016-05-17",0,144.5
"1818","HAR","HAR09",2016,2016-05-17,2016-05-30,13,"HAR092016","spring","HAR092016_2016-05-17",2,144.5
"1819","HAR","HAR10",2016,2016-05-17,2016-05-30,13,"HAR102016","spring","HAR102016_2016-05-17",5,144.5
"1820","HAR","HAR11",2016,2016-05-17,2016-05-30,13,"HAR112016","spring","HAR112016_2016-05-17",0,144.5
"1821","HAR","HAR12",2016,2016-05-17,2016-05-30,13,"HAR122016","spring","HAR122016_2016-05-17",3,144.5
"1822","HAR","HAR13",2016,2016-05-17,2016-05-30,13,"HAR132016","spring","HAR132016_2016-05-17",4,144.5
"1823","HAR","HAR14",2016,2016-05-17,2016-05-30,13,"HAR142016","spring","HAR142016_2016-05-17",3,144.5
"1824","HAR","HAR15",2016,2016-05-17,2016-05-30,13,"HAR152016","spring","HAR152016_2016-05-17",3,144.5
"1825","HAR","HAR16",2016,2016-05-17,2016-05-30,13,"HAR162016","spring","HAR162016_2016-05-17",2,144.5
"1826","WAN","WAN01",2016,2016-05-17,2016-05-30,13,"WAN012016","spring","WAN012016_2016-05-17",9,144.5
"1827","WAN","WAN02",2016,2016-05-17,2016-05-30,13,"WAN022016","spring","WAN022016_2016-05-17",4,144.5
"1828","WAN","WAN03",2016,2016-05-17,2016-05-30,13,"WAN032016","spring","WAN032016_2016-05-17",3,144.5
"1829","WAN","WAN04",2016,2016-05-17,2016-05-30,13,"WAN042016","spring","WAN042016_2016-05-17",1,144.5
"1830","WAN","WAN05",2016,2016-05-17,2016-05-30,13,"WAN052016","spring","WAN052016_2016-05-17",8,144.5
"1831","WAN","WAN06",2016,2016-05-17,2016-05-30,13,"WAN062016","spring","WAN062016_2016-05-17",0,144.5
"1832","WAN","WAN07",2016,2016-05-17,2016-05-30,13,"WAN072016","spring","WAN072016_2016-05-17",1,144.5
"1833","WAN","WAN08",2016,2016-05-17,2016-05-30,13,"WAN082016","spring","WAN082016_2016-05-17",0,144.5
"1834","WAN","WAN09",2016,2016-05-17,2016-05-30,13,"WAN092016","spring","WAN092016_2016-05-17",7,144.5
"1835","WAN","WAN10",2016,2016-05-17,2016-05-30,13,"WAN102016","spring","WAN102016_2016-05-17",2,144.5
"1836","WAN","WAN11",2016,2016-05-17,2016-05-30,13,"WAN112016","spring","WAN112016_2016-05-17",0,144.5
"1837","WAN","WAN12",2016,2016-05-17,2016-05-30,13,"WAN122016","spring","WAN122016_2016-05-17",1,144.5
"1838","WAN","WAN13",2016,2016-05-17,2016-05-30,13,"WAN132016","spring","WAN132016_2016-05-17",5,144.5
"1839","WAN","WAN14",2016,2016-05-17,2016-05-30,13,"WAN142016","spring","WAN142016_2016-05-17",2,144.5
"1840","WAN","WAN15",2016,2016-05-17,2016-05-30,13,"WAN152016","spring","WAN152016_2016-05-17",1,144.5
"1841","WAN","WAN16",2016,2016-05-17,2016-05-30,13,"WAN162016","spring","WAN162016_2016-05-17",0,144.5
"1842","GFH","GFH01",2016,2016-05-19,2016-05-31,12,"GFH012016","spring","GFH012016_2016-05-19",1,146
"1843","GFH","GFH02",2016,2016-05-19,2016-05-31,12,"GFH022016","spring","GFH022016_2016-05-19",2,146
"1844","GFH","GFH03",2016,2016-05-19,2016-05-31,12,"GFH032016","spring","GFH032016_2016-05-19",1,146
"1845","GFH","GFH04",2016,2016-05-19,2016-05-31,12,"GFH042016","spring","GFH042016_2016-05-19",2,146
"1846","GFH","GFH05",2016,2016-05-19,2016-05-31,12,"GFH052016","spring","GFH052016_2016-05-19",0,146
"1847","GFH","GFH06",2016,2016-05-19,2016-05-31,12,"GFH062016","spring","GFH062016_2016-05-19",1,146
"1848","GFH","GFH07",2016,2016-05-19,2016-05-31,12,"GFH072016","spring","GFH072016_2016-05-19",5,146
"1849","GFH","GFH08",2016,2016-05-19,2016-05-31,12,"GFH082016","spring","GFH082016_2016-05-19",0,146
"1850","GFH","GFH10",2016,2016-05-19,2016-05-31,12,"GFH102016","spring","GFH102016_2016-05-19",0,146
"1851","GFH","GFH11",2016,2016-05-19,2016-05-31,12,"GFH112016","spring","GFH112016_2016-05-19",0,146
"1852","GFH","GFH12",2016,2016-05-19,2016-05-31,12,"GFH122016","spring","GFH122016_2016-05-19",0,146
"1853","GFH","GFH13",2016,2016-05-19,2016-05-31,12,"GFH132016","spring","GFH132016_2016-05-19",0,146
"1854","GFH","GFH14",2016,2016-05-19,2016-05-31,12,"GFH142016","spring","GFH142016_2016-05-19",1,146
"1855","GFH","GFH15",2016,2016-05-19,2016-05-31,12,"GFH152016","spring","GFH152016_2016-05-19",2,146
"1856","GFH","GFH16",2016,2016-05-19,2016-05-31,12,"GFH162016","spring","GFH162016_2016-05-19",2,146
"1857","SIP","SIP01",2016,2016-05-19,2016-05-31,12,"SIP012016","spring","SIP012016_2016-05-19",1,146
"1858","SIP","SIP02",2016,2016-05-19,2016-05-31,12,"SIP022016","spring","SIP022016_2016-05-19",0,146
"1859","SIP","SIP03",2016,2016-05-19,2016-05-31,12,"SIP032016","spring","SIP032016_2016-05-19",0,146
"1860","SIP","SIP05",2016,2016-05-19,2016-05-31,12,"SIP052016","spring","SIP052016_2016-05-19",1,146
"1861","SIP","SIP06",2016,2016-05-19,2016-05-31,12,"SIP062016","spring","SIP062016_2016-05-19",1,146
"1862","SIP","SIP07",2016,2016-05-19,2016-05-31,12,"SIP072016","spring","SIP072016_2016-05-19",3,146
"1863","SIP","SIP08",2016,2016-05-19,2016-05-31,12,"SIP082016","spring","SIP082016_2016-05-19",0,146
"1864","SIP","SIP09",2016,2016-05-19,2016-05-31,12,"SIP092016","spring","SIP092016_2016-05-19",0,146
"1865","SIP","SIP11",2016,2016-05-19,2016-05-31,12,"SIP112016","spring","SIP112016_2016-05-19",2,146
"1866","SIP","SIP12",2016,2016-05-19,2016-05-31,12,"SIP122016","spring","SIP122016_2016-05-19",1,146
"1867","SIP","SIP13",2016,2016-05-19,2016-05-31,12,"SIP132016","spring","SIP132016_2016-05-19",0,146
"1868","SIP","SIP14",2016,2016-05-19,2016-05-31,12,"SIP142016","spring","SIP142016_2016-05-19",2,146
"1869","SIP","SIP15",2016,2016-05-19,2016-05-31,12,"SIP152016","spring","SIP152016_2016-05-19",1,146
"1870","SIP","SIP16",2016,2016-05-19,2016-05-31,12,"SIP162016","spring","SIP162016_2016-05-19",0,146
"1871","FBG","FBG01",2016,2016-05-18,2016-06-01,14,"FBG012016","spring","FBG012016_2016-05-18",1,146
"1872","FBG","FBG02",2016,2016-05-18,2016-06-01,14,"FBG022016","spring","FBG022016_2016-05-18",3,146
"1873","FBG","FBG03",2016,2016-05-18,2016-06-01,14,"FBG032016","spring","FBG032016_2016-05-18",1,146
"1874","FBG","FBG04",2016,2016-05-18,2016-06-01,14,"FBG042016","spring","FBG042016_2016-05-18",16,146
"1875","FBG","FBG05",2016,2016-05-18,2016-06-01,14,"FBG052016","spring","FBG052016_2016-05-18",1,146
"1876","FBG","FBG06",2016,2016-05-18,2016-06-01,14,"FBG062016","spring","FBG062016_2016-05-18",3,146
"1877","FBG","FBG07",2016,2016-05-18,2016-06-01,14,"FBG072016","spring","FBG072016_2016-05-18",1,146
"1878","FBG","FBG08",2016,2016-05-18,2016-06-01,14,"FBG082016","spring","FBG082016_2016-05-18",0,146
"1879","FBG","FBG09",2016,2016-05-18,2016-06-01,14,"FBG092016","spring","FBG092016_2016-05-18",0,146
"1880","FBG","FBG10",2016,2016-05-18,2016-06-01,14,"FBG102016","spring","FBG102016_2016-05-18",1,146
"1881","FBG","FBG11",2016,2016-05-18,2016-06-01,14,"FBG112016","spring","FBG112016_2016-05-18",0,146
"1882","FBG","FBG12",2016,2016-05-18,2016-06-01,14,"FBG122016","spring","FBG122016_2016-05-18",0,146
"1883","FBG","FBG13",2016,2016-05-18,2016-06-01,14,"FBG132016","spring","FBG132016_2016-05-18",12,146
"1884","FBG","FBG14",2016,2016-05-18,2016-06-01,14,"FBG142016","spring","FBG142016_2016-05-18",2,146
"1885","FBG","FBG15",2016,2016-05-18,2016-06-01,14,"FBG152016","spring","FBG152016_2016-05-18",4,146
"1886","FBG","FBG16",2016,2016-05-18,2016-06-01,14,"FBG162016","spring","FBG162016_2016-05-18",0,146
"1887","SST","SST01",2016,2016-05-18,2016-06-01,14,"SST012016","spring","SST012016_2016-05-18",0,146
"1888","SST","SST02",2016,2016-05-18,2016-06-01,14,"SST022016","spring","SST022016_2016-05-18",0,146
"1889","SST","SST03",2016,2016-05-18,2016-06-01,14,"SST032016","spring","SST032016_2016-05-18",4,146
"1890","SST","SST04",2016,2016-05-18,2016-06-01,14,"SST042016","spring","SST042016_2016-05-18",2,146
"1891","SST","SST05",2016,2016-05-18,2016-06-01,14,"SST052016","spring","SST052016_2016-05-18",0,146
"1892","SST","SST06",2016,2016-05-18,2016-06-01,14,"SST062016","spring","SST062016_2016-05-18",0,146
"1893","SST","SST07",2016,2016-05-18,2016-06-01,14,"SST072016","spring","SST072016_2016-05-18",0,146
"1894","SST","SST09",2016,2016-05-18,2016-06-01,14,"SST092016","spring","SST092016_2016-05-18",0,146
"1895","SST","SST10",2016,2016-05-18,2016-06-01,14,"SST102016","spring","SST102016_2016-05-18",1,146
"1896","SST","SST11",2016,2016-05-18,2016-06-01,14,"SST112016","spring","SST112016_2016-05-18",0,146
"1897","SST","SST13",2016,2016-05-18,2016-06-01,14,"SST132016","spring","SST132016_2016-05-18",0,146
"1898","SST","SST14",2016,2016-05-18,2016-06-01,14,"SST142016","spring","SST142016_2016-05-18",0,146
"1899","SST","SST15",2016,2016-05-18,2016-06-01,14,"SST152016","spring","SST152016_2016-05-18",0,146
"1900","SST","SST16",2016,2016-05-18,2016-06-01,14,"SST162016","spring","SST162016_2016-05-18",0,146
"1901","HAR","HAR01",2017,2017-04-18,2017-05-02,14,"HAR012017","spring","HAR012017_2017-04-18",0,115
"1902","HAR","HAR04",2017,2017-04-18,2017-05-02,14,"HAR042017","spring","HAR042017_2017-04-18",0,115
"1903","HAR","HAR05",2017,2017-04-18,2017-05-02,14,"HAR052017","spring","HAR052017_2017-04-18",0,115
"1904","HAR","HAR06",2017,2017-04-18,2017-05-02,14,"HAR062017","spring","HAR062017_2017-04-18",0,115
"1905","HAR","HAR07",2017,2017-04-18,2017-05-02,14,"HAR072017","spring","HAR072017_2017-04-18",0,115
"1906","HAR","HAR08",2017,2017-04-18,2017-05-02,14,"HAR082017","spring","HAR082017_2017-04-18",0,115
"1907","HAR","HAR10",2017,2017-04-18,2017-05-02,14,"HAR102017","spring","HAR102017_2017-04-18",1,115
"1908","HAR","HAR11",2017,2017-04-18,2017-05-02,14,"HAR112017","spring","HAR112017_2017-04-18",0,115
"1909","HAR","HAR12",2017,2017-04-18,2017-05-02,14,"HAR122017","spring","HAR122017_2017-04-18",0,115
"1910","HAR","HAR15",2017,2017-04-18,2017-05-02,14,"HAR152017","spring","HAR152017_2017-04-18",21,115
"1911","HAR","HAR16",2017,2017-04-18,2017-05-02,14,"HAR162017","spring","HAR162017_2017-04-18",2,115
"1912","WAN","WAN07",2017,2017-04-18,2017-05-02,14,"WAN072017","spring","WAN072017_2017-04-18",0,115
"1913","WAN","WAN08",2017,2017-04-18,2017-05-02,14,"WAN082017","spring","WAN082017_2017-04-18",0,115
"1914","WAN","WAN09",2017,2017-04-18,2017-05-02,14,"WAN092017","spring","WAN092017_2017-04-18",0,115
"1915","WAN","WAN13",2017,2017-04-18,2017-05-02,14,"WAN132017","spring","WAN132017_2017-04-18",0,115
"1916","WAN","WAN14",2017,2017-04-18,2017-05-02,14,"WAN142017","spring","WAN142017_2017-04-18",3,115
"1917","WAN","WAN16",2017,2017-04-18,2017-05-02,14,"WAN162017","spring","WAN162017_2017-04-18",0,115
"1918","GFH","GFH01",2017,2017-04-19,2017-05-03,14,"GFH012017","spring","GFH012017_2017-04-19",0,116
"1919","GFH","GFH02",2017,2017-04-19,2017-05-03,14,"GFH022017","spring","GFH022017_2017-04-19",0,116
"1920","GFH","GFH04",2017,2017-04-19,2017-05-03,14,"GFH042017","spring","GFH042017_2017-04-19",2,116
"1921","GFH","GFH05",2017,2017-04-19,2017-05-03,14,"GFH052017","spring","GFH052017_2017-04-19",7,116
"1922","GFH","GFH06",2017,2017-04-19,2017-05-03,14,"GFH062017","spring","GFH062017_2017-04-19",0,116
"1923","GFH","GFH07",2017,2017-04-19,2017-05-03,14,"GFH072017","spring","GFH072017_2017-04-19",1,116
"1924","GFH","GFH08",2017,2017-04-19,2017-05-03,14,"GFH082017","spring","GFH082017_2017-04-19",0,116
"1925","GFH","GFH09",2017,2017-04-19,2017-05-03,14,"GFH092017","spring","GFH092017_2017-04-19",0,116
"1926","GFH","GFH10",2017,2017-04-19,2017-05-03,14,"GFH102017","spring","GFH102017_2017-04-19",0,116
"1927","GFH","GFH11",2017,2017-04-19,2017-05-03,14,"GFH112017","spring","GFH112017_2017-04-19",1,116
"1928","GFH","GFH13",2017,2017-04-19,2017-05-03,14,"GFH132017","spring","GFH132017_2017-04-19",0,116
"1929","GFH","GFH14",2017,2017-04-19,2017-05-03,14,"GFH142017","spring","GFH142017_2017-04-19",1,116
"1930","SIP","SIP01",2017,2017-04-19,2017-05-03,14,"SIP012017","spring","SIP012017_2017-04-19",0,116
"1931","SIP","SIP02",2017,2017-04-19,2017-05-03,14,"SIP022017","spring","SIP022017_2017-04-19",0,116
"1932","SIP","SIP03",2017,2017-04-19,2017-05-03,14,"SIP032017","spring","SIP032017_2017-04-19",0,116
"1933","SIP","SIP05",2017,2017-04-19,2017-05-03,14,"SIP052017","spring","SIP052017_2017-04-19",0,116
"1934","SIP","SIP07",2017,2017-04-19,2017-05-03,14,"SIP072017","spring","SIP072017_2017-04-19",0,116
"1935","SIP","SIP08",2017,2017-04-19,2017-05-03,14,"SIP082017","spring","SIP082017_2017-04-19",0,116
"1936","SIP","SIP09",2017,2017-04-19,2017-05-03,14,"SIP092017","spring","SIP092017_2017-04-19",1,116
"1937","SIP","SIP11",2017,2017-04-19,2017-05-03,14,"SIP112017","spring","SIP112017_2017-04-19",0,116
"1938","SIP","SIP12",2017,2017-04-19,2017-05-03,14,"SIP122017","spring","SIP122017_2017-04-19",0,116
"1939","SIP","SIP13",2017,2017-04-19,2017-05-03,14,"SIP132017","spring","SIP132017_2017-04-19",0,116
"1940","SIP","SIP14",2017,2017-04-19,2017-05-03,14,"SIP142017","spring","SIP142017_2017-04-19",0,116
"1941","FBG","FBG01",2017,2017-04-20,2017-05-04,14,"FBG012017","spring","FBG012017_2017-04-20",0,117
"1942","FBG","FBG03",2017,2017-04-20,2017-05-04,14,"FBG032017","spring","FBG032017_2017-04-20",0,117
"1943","FBG","FBG04",2017,2017-04-20,2017-05-04,14,"FBG042017","spring","FBG042017_2017-04-20",0,117
"1944","FBG","FBG05",2017,2017-04-20,2017-05-04,14,"FBG052017","spring","FBG052017_2017-04-20",1,117
"1945","FBG","FBG06",2017,2017-04-20,2017-05-04,14,"FBG062017","spring","FBG062017_2017-04-20",19,117
"1946","FBG","FBG09",2017,2017-04-20,2017-05-04,14,"FBG092017","spring","FBG092017_2017-04-20",1,117
"1947","FBG","FBG10",2017,2017-04-20,2017-05-04,14,"FBG102017","spring","FBG102017_2017-04-20",1,117
"1948","FBG","FBG11",2017,2017-04-20,2017-05-04,14,"FBG112017","spring","FBG112017_2017-04-20",6,117
"1949","FBG","FBG12",2017,2017-04-20,2017-05-04,14,"FBG122017","spring","FBG122017_2017-04-20",0,117
"1950","FBG","FBG13",2017,2017-04-20,2017-05-04,14,"FBG132017","spring","FBG132017_2017-04-20",9,117
"1951","FBG","FBG14",2017,2017-04-20,2017-05-04,14,"FBG142017","spring","FBG142017_2017-04-20",1,117
"1952","FBG","FBG15",2017,2017-04-20,2017-05-04,14,"FBG152017","spring","FBG152017_2017-04-20",2,117
"1953","FBG","FBG16",2017,2017-04-20,2017-05-04,14,"FBG162017","spring","FBG162017_2017-04-20",2,117
"1954","SST","SST01",2017,2017-04-20,2017-05-04,14,"SST012017","spring","SST012017_2017-04-20",0,117
"1955","SST","SST03",2017,2017-04-20,2017-05-04,14,"SST032017","spring","SST032017_2017-04-20",0,117
"1956","SST","SST04",2017,2017-04-20,2017-05-04,14,"SST042017","spring","SST042017_2017-04-20",0,117
"1957","SST","SST05",2017,2017-04-20,2017-05-04,14,"SST052017","spring","SST052017_2017-04-20",0,117
"1958","SST","SST07",2017,2017-04-20,2017-05-04,14,"SST072017","spring","SST072017_2017-04-20",0,117
"1959","SST","SST08",2017,2017-04-20,2017-05-04,14,"SST082017","spring","SST082017_2017-04-20",0,117
"1960","SST","SST09",2017,2017-04-20,2017-05-04,14,"SST092017","spring","SST092017_2017-04-20",0,117
"1961","SST","SST11",2017,2017-04-20,2017-05-04,14,"SST112017","spring","SST112017_2017-04-20",0,117
"1962","SST","SST12",2017,2017-04-20,2017-05-04,14,"SST122017","spring","SST122017_2017-04-20",0,117
"1963","SST","SST13",2017,2017-04-20,2017-05-04,14,"SST132017","spring","SST132017_2017-04-20",0,117
"1964","SST","SST14",2017,2017-04-20,2017-05-04,14,"SST142017","spring","SST142017_2017-04-20",0,117
"1965","SST","SST15",2017,2017-04-20,2017-05-04,14,"SST152017","spring","SST152017_2017-04-20",0,117
"1966","HAR","HAR01",2017,2017-05-02,2017-05-15,13,"HAR012017","spring","HAR012017_2017-05-02",0,128.5
"1967","HAR","HAR04",2017,2017-05-02,2017-05-15,13,"HAR042017","spring","HAR042017_2017-05-02",0,128.5
"1968","HAR","HAR05",2017,2017-05-02,2017-05-15,13,"HAR052017","spring","HAR052017_2017-05-02",4,128.5
"1969","HAR","HAR06",2017,2017-05-02,2017-05-15,13,"HAR062017","spring","HAR062017_2017-05-02",3,128.5
"1970","HAR","HAR07",2017,2017-05-02,2017-05-15,13,"HAR072017","spring","HAR072017_2017-05-02",0,128.5
"1971","HAR","HAR08",2017,2017-05-02,2017-05-15,13,"HAR082017","spring","HAR082017_2017-05-02",0,128.5
"1972","HAR","HAR10",2017,2017-05-02,2017-05-15,13,"HAR102017","spring","HAR102017_2017-05-02",0,128.5
"1973","HAR","HAR11",2017,2017-05-02,2017-05-15,13,"HAR112017","spring","HAR112017_2017-05-02",0,128.5
"1974","HAR","HAR15",2017,2017-05-02,2017-05-15,13,"HAR152017","spring","HAR152017_2017-05-02",3,128.5
"1975","HAR","HAR16",2017,2017-05-02,2017-05-15,13,"HAR162017","spring","HAR162017_2017-05-02",1,128.5
"1976","WAN","WAN03",2017,2017-05-02,2017-05-15,13,"WAN032017","spring","WAN032017_2017-05-02",1,128.5
"1977","WAN","WAN04",2017,2017-05-02,2017-05-15,13,"WAN042017","spring","WAN042017_2017-05-02",3,128.5
"1978","WAN","WAN07",2017,2017-05-02,2017-05-15,13,"WAN072017","spring","WAN072017_2017-05-02",0,128.5
"1979","WAN","WAN08",2017,2017-05-02,2017-05-15,13,"WAN082017","spring","WAN082017_2017-05-02",1,128.5
"1980","WAN","WAN11",2017,2017-05-02,2017-05-15,13,"WAN112017","spring","WAN112017_2017-05-02",0,128.5
"1981","WAN","WAN12",2017,2017-05-02,2017-05-15,13,"WAN122017","spring","WAN122017_2017-05-02",0,128.5
"1982","WAN","WAN14",2017,2017-05-02,2017-05-15,13,"WAN142017","spring","WAN142017_2017-05-02",0,128.5
"1983","WAN","WAN15",2017,2017-05-02,2017-05-15,13,"WAN152017","spring","WAN152017_2017-05-02",0,128.5
"1984","WAN","WAN16",2017,2017-05-02,2017-05-15,13,"WAN162017","spring","WAN162017_2017-05-02",0,128.5
"1985","GFH","GFH01",2017,2017-05-03,2017-05-16,13,"GFH012017","spring","GFH012017_2017-05-03",1,129.5
"1986","GFH","GFH02",2017,2017-05-03,2017-05-16,13,"GFH022017","spring","GFH022017_2017-05-03",1,129.5
"1987","GFH","GFH04",2017,2017-05-03,2017-05-16,13,"GFH042017","spring","GFH042017_2017-05-03",1,129.5
"1988","GFH","GFH05",2017,2017-05-03,2017-05-16,13,"GFH052017","spring","GFH052017_2017-05-03",2,129.5
"1989","GFH","GFH06",2017,2017-05-03,2017-05-16,13,"GFH062017","spring","GFH062017_2017-05-03",0,129.5
"1990","GFH","GFH07",2017,2017-05-03,2017-05-16,13,"GFH072017","spring","GFH072017_2017-05-03",3,129.5
"1991","GFH","GFH08",2017,2017-05-03,2017-05-16,13,"GFH082017","spring","GFH082017_2017-05-03",0,129.5
"1992","GFH","GFH09",2017,2017-05-03,2017-05-16,13,"GFH092017","spring","GFH092017_2017-05-03",0,129.5
"1993","GFH","GFH10",2017,2017-05-03,2017-05-16,13,"GFH102017","spring","GFH102017_2017-05-03",0,129.5
"1994","GFH","GFH11",2017,2017-05-03,2017-05-16,13,"GFH112017","spring","GFH112017_2017-05-03",2,129.5
"1995","GFH","GFH13",2017,2017-05-03,2017-05-16,13,"GFH132017","spring","GFH132017_2017-05-03",0,129.5
"1996","GFH","GFH14",2017,2017-05-03,2017-05-16,13,"GFH142017","spring","GFH142017_2017-05-03",0,129.5
"1997","SIP","SIP01",2017,2017-05-03,2017-05-16,13,"SIP012017","spring","SIP012017_2017-05-03",0,129.5
"1998","SIP","SIP02",2017,2017-05-03,2017-05-16,13,"SIP022017","spring","SIP022017_2017-05-03",0,129.5
"1999","SIP","SIP03",2017,2017-05-03,2017-05-16,13,"SIP032017","spring","SIP032017_2017-05-03",0,129.5
"2000","SIP","SIP05",2017,2017-05-03,2017-05-16,13,"SIP052017","spring","SIP052017_2017-05-03",0,129.5
"2001","SIP","SIP07",2017,2017-05-03,2017-05-16,13,"SIP072017","spring","SIP072017_2017-05-03",0,129.5
"2002","SIP","SIP09",2017,2017-05-03,2017-05-16,13,"SIP092017","spring","SIP092017_2017-05-03",0,129.5
"2003","SIP","SIP11",2017,2017-05-03,2017-05-16,13,"SIP112017","spring","SIP112017_2017-05-03",0,129.5
"2004","SIP","SIP12",2017,2017-05-03,2017-05-16,13,"SIP122017","spring","SIP122017_2017-05-03",1,129.5
"2005","SIP","SIP13",2017,2017-05-03,2017-05-16,13,"SIP132017","spring","SIP132017_2017-05-03",0,129.5
"2006","SIP","SIP14",2017,2017-05-03,2017-05-16,13,"SIP142017","spring","SIP142017_2017-05-03",0,129.5
"2007","FBG","FBG01",2017,2017-05-04,2017-05-17,13,"FBG012017","spring","FBG012017_2017-05-04",9,130.5
"2008","FBG","FBG03",2017,2017-05-04,2017-05-17,13,"FBG032017","spring","FBG032017_2017-05-04",0,130.5
"2009","FBG","FBG04",2017,2017-05-04,2017-05-17,13,"FBG042017","spring","FBG042017_2017-05-04",0,130.5
"2010","FBG","FBG05",2017,2017-05-04,2017-05-17,13,"FBG052017","spring","FBG052017_2017-05-04",2,130.5
"2011","FBG","FBG06",2017,2017-05-04,2017-05-17,13,"FBG062017","spring","FBG062017_2017-05-04",2,130.5
"2012","FBG","FBG09",2017,2017-05-04,2017-05-17,13,"FBG092017","spring","FBG092017_2017-05-04",0,130.5
"2013","FBG","FBG10",2017,2017-05-04,2017-05-17,13,"FBG102017","spring","FBG102017_2017-05-04",0,130.5
"2014","FBG","FBG11",2017,2017-05-04,2017-05-17,13,"FBG112017","spring","FBG112017_2017-05-04",0,130.5
"2015","FBG","FBG12",2017,2017-05-04,2017-05-17,13,"FBG122017","spring","FBG122017_2017-05-04",1,130.5
"2016","FBG","FBG13",2017,2017-05-04,2017-05-17,13,"FBG132017","spring","FBG132017_2017-05-04",16,130.5
"2017","FBG","FBG14",2017,2017-05-04,2017-05-17,13,"FBG142017","spring","FBG142017_2017-05-04",2,130.5
"2018","FBG","FBG15",2017,2017-05-04,2017-05-17,13,"FBG152017","spring","FBG152017_2017-05-04",1,130.5
"2019","FBG","FBG16",2017,2017-05-04,2017-05-17,13,"FBG162017","spring","FBG162017_2017-05-04",0,130.5
"2020","SST","SST01",2017,2017-05-04,2017-05-17,13,"SST012017","spring","SST012017_2017-05-04",1,130.5
"2021","SST","SST03",2017,2017-05-04,2017-05-17,13,"SST032017","spring","SST032017_2017-05-04",2,130.5
"2022","SST","SST04",2017,2017-05-04,2017-05-17,13,"SST042017","spring","SST042017_2017-05-04",1,130.5
"2023","SST","SST05",2017,2017-05-04,2017-05-17,13,"SST052017","spring","SST052017_2017-05-04",0,130.5
"2024","SST","SST07",2017,2017-05-04,2017-05-17,13,"SST072017","spring","SST072017_2017-05-04",0,130.5
"2025","SST","SST08",2017,2017-05-04,2017-05-17,13,"SST082017","spring","SST082017_2017-05-04",0,130.5
"2026","SST","SST09",2017,2017-05-04,2017-05-17,13,"SST092017","spring","SST092017_2017-05-04",0,130.5
"2027","SST","SST11",2017,2017-05-04,2017-05-17,13,"SST112017","spring","SST112017_2017-05-04",0,130.5
"2028","SST","SST12",2017,2017-05-04,2017-05-17,13,"SST122017","spring","SST122017_2017-05-04",1,130.5
"2029","SST","SST13",2017,2017-05-04,2017-05-17,13,"SST132017","spring","SST132017_2017-05-04",0,130.5
"2030","SST","SST14",2017,2017-05-04,2017-05-17,13,"SST142017","spring","SST142017_2017-05-04",1,130.5
"2031","SST","SST16",2017,2017-05-04,2017-05-17,13,"SST162017","spring","SST162017_2017-05-04",1,130.5
"2032","HAR","HAR01",2017,2017-05-15,2017-05-29,14,"HAR012017","spring","HAR012017_2017-05-15",3,142
"2033","HAR","HAR04",2017,2017-05-15,2017-05-29,14,"HAR042017","spring","HAR042017_2017-05-15",0,142
"2034","HAR","HAR05",2017,2017-05-15,2017-05-29,14,"HAR052017","spring","HAR052017_2017-05-15",0,142
"2035","HAR","HAR06",2017,2017-05-15,2017-05-29,14,"HAR062017","spring","HAR062017_2017-05-15",6,142
"2036","HAR","HAR07",2017,2017-05-15,2017-05-29,14,"HAR072017","spring","HAR072017_2017-05-15",2,142
"2037","HAR","HAR08",2017,2017-05-15,2017-05-29,14,"HAR082017","spring","HAR082017_2017-05-15",0,142
"2038","HAR","HAR10",2017,2017-05-15,2017-05-29,14,"HAR102017","spring","HAR102017_2017-05-15",7,142
"2039","HAR","HAR11",2017,2017-05-15,2017-05-29,14,"HAR112017","spring","HAR112017_2017-05-15",0,142
"2040","HAR","HAR12",2017,2017-05-15,2017-05-29,14,"HAR122017","spring","HAR122017_2017-05-15",1,142
"2041","HAR","HAR15",2017,2017-05-15,2017-05-29,14,"HAR152017","spring","HAR152017_2017-05-15",9,142
"2042","HAR","HAR16",2017,2017-05-15,2017-05-29,14,"HAR162017","spring","HAR162017_2017-05-15",1,142
"2043","WAN","WAN01",2017,2017-05-15,2017-05-29,14,"WAN012017","spring","WAN012017_2017-05-15",0,142
"2044","WAN","WAN03",2017,2017-05-15,2017-05-29,14,"WAN032017","spring","WAN032017_2017-05-15",1,142
"2045","WAN","WAN07",2017,2017-05-15,2017-05-29,14,"WAN072017","spring","WAN072017_2017-05-15",0,142
"2046","WAN","WAN08",2017,2017-05-15,2017-05-29,14,"WAN082017","spring","WAN082017_2017-05-15",1,142
"2047","WAN","WAN09",2017,2017-05-15,2017-05-29,14,"WAN092017","spring","WAN092017_2017-05-15",0,142
"2048","WAN","WAN10",2017,2017-05-15,2017-05-29,14,"WAN102017","spring","WAN102017_2017-05-15",5,142
"2049","WAN","WAN11",2017,2017-05-15,2017-05-29,14,"WAN112017","spring","WAN112017_2017-05-15",0,142
"2050","WAN","WAN13",2017,2017-05-15,2017-05-29,14,"WAN132017","spring","WAN132017_2017-05-15",12,142
"2051","WAN","WAN14",2017,2017-05-15,2017-05-29,14,"WAN142017","spring","WAN142017_2017-05-15",3,142
"2052","WAN","WAN15",2017,2017-05-15,2017-05-29,14,"WAN152017","spring","WAN152017_2017-05-15",0,142
"2053","GFH","GFH01",2017,2017-05-16,2017-05-30,14,"GFH012017","spring","GFH012017_2017-05-16",0,143
"2054","GFH","GFH02",2017,2017-05-16,2017-05-30,14,"GFH022017","spring","GFH022017_2017-05-16",0,143
"2055","GFH","GFH04",2017,2017-05-16,2017-05-30,14,"GFH042017","spring","GFH042017_2017-05-16",2,143
"2056","GFH","GFH05",2017,2017-05-16,2017-05-30,14,"GFH052017","spring","GFH052017_2017-05-16",9,143
"2057","GFH","GFH06",2017,2017-05-16,2017-05-30,14,"GFH062017","spring","GFH062017_2017-05-16",0,143
"2058","GFH","GFH07",2017,2017-05-16,2017-05-30,14,"GFH072017","spring","GFH072017_2017-05-16",5,143
"2059","GFH","GFH08",2017,2017-05-16,2017-05-30,14,"GFH082017","spring","GFH082017_2017-05-16",2,143
"2060","GFH","GFH09",2017,2017-05-16,2017-05-30,14,"GFH092017","spring","GFH092017_2017-05-16",1,143
"2061","GFH","GFH10",2017,2017-05-16,2017-05-30,14,"GFH102017","spring","GFH102017_2017-05-16",3,143
"2062","GFH","GFH11",2017,2017-05-16,2017-05-30,14,"GFH112017","spring","GFH112017_2017-05-16",6,143
"2063","GFH","GFH13",2017,2017-05-16,2017-05-30,14,"GFH132017","spring","GFH132017_2017-05-16",1,143
"2064","GFH","GFH14",2017,2017-05-16,2017-05-30,14,"GFH142017","spring","GFH142017_2017-05-16",3,143
"2065","SIP","SIP01",2017,2017-05-16,2017-05-30,14,"SIP012017","spring","SIP012017_2017-05-16",2,143
"2066","SIP","SIP02",2017,2017-05-16,2017-05-30,14,"SIP022017","spring","SIP022017_2017-05-16",0,143
"2067","SIP","SIP03",2017,2017-05-16,2017-05-30,14,"SIP032017","spring","SIP032017_2017-05-16",0,143
"2068","SIP","SIP05",2017,2017-05-16,2017-05-30,14,"SIP052017","spring","SIP052017_2017-05-16",1,143
"2069","SIP","SIP07",2017,2017-05-16,2017-05-30,14,"SIP072017","spring","SIP072017_2017-05-16",0,143
"2070","SIP","SIP08",2017,2017-05-16,2017-05-30,14,"SIP082017","spring","SIP082017_2017-05-16",0,143
"2071","SIP","SIP09",2017,2017-05-16,2017-05-30,14,"SIP092017","spring","SIP092017_2017-05-16",0,143
"2072","SIP","SIP11",2017,2017-05-16,2017-05-30,14,"SIP112017","spring","SIP112017_2017-05-16",2,143
"2073","SIP","SIP12",2017,2017-05-16,2017-05-30,14,"SIP122017","spring","SIP122017_2017-05-16",0,143
"2074","SIP","SIP13",2017,2017-05-16,2017-05-30,14,"SIP132017","spring","SIP132017_2017-05-16",0,143
"2075","SIP","SIP14",2017,2017-05-16,2017-05-30,14,"SIP142017","spring","SIP142017_2017-05-16",0,143
"2076","FBG","FBG01",2017,2017-05-17,2017-05-31,14,"FBG012017","spring","FBG012017_2017-05-17",5,144
"2077","FBG","FBG02",2017,2017-05-17,2017-05-31,14,"FBG022017","spring","FBG022017_2017-05-17",0,144
"2078","FBG","FBG03",2017,2017-05-17,2017-05-31,14,"FBG032017","spring","FBG032017_2017-05-17",0,144
"2079","FBG","FBG04",2017,2017-05-17,2017-05-31,14,"FBG042017","spring","FBG042017_2017-05-17",2,144
"2080","FBG","FBG05",2017,2017-05-17,2017-05-31,14,"FBG052017","spring","FBG052017_2017-05-17",1,144
"2081","FBG","FBG06",2017,2017-05-17,2017-05-31,14,"FBG062017","spring","FBG062017_2017-05-17",5,144
"2082","FBG","FBG09",2017,2017-05-17,2017-05-31,14,"FBG092017","spring","FBG092017_2017-05-17",0,144
"2083","FBG","FBG10",2017,2017-05-17,2017-05-31,14,"FBG102017","spring","FBG102017_2017-05-17",0,144
"2084","FBG","FBG11",2017,2017-05-17,2017-05-31,14,"FBG112017","spring","FBG112017_2017-05-17",3,144
"2085","FBG","FBG12",2017,2017-05-17,2017-05-31,14,"FBG122017","spring","FBG122017_2017-05-17",9,144
"2086","FBG","FBG13",2017,2017-05-17,2017-05-31,14,"FBG132017","spring","FBG132017_2017-05-17",16,144
"2087","FBG","FBG14",2017,2017-05-17,2017-05-31,14,"FBG142017","spring","FBG142017_2017-05-17",0,144
"2088","FBG","FBG15",2017,2017-05-17,2017-05-31,14,"FBG152017","spring","FBG152017_2017-05-17",2,144
"2089","FBG","FBG16",2017,2017-05-17,2017-05-31,14,"FBG162017","spring","FBG162017_2017-05-17",1,144
"2090","SST","SST01",2017,2017-05-17,2017-05-31,14,"SST012017","spring","SST012017_2017-05-17",2,144
"2091","SST","SST03",2017,2017-05-17,2017-05-31,14,"SST032017","spring","SST032017_2017-05-17",2,144
"2092","SST","SST04",2017,2017-05-17,2017-05-31,14,"SST042017","spring","SST042017_2017-05-17",2,144
"2093","SST","SST05",2017,2017-05-17,2017-05-31,14,"SST052017","spring","SST052017_2017-05-17",0,144
"2094","SST","SST07",2017,2017-05-17,2017-05-31,14,"SST072017","spring","SST072017_2017-05-17",0,144
"2095","SST","SST08",2017,2017-05-17,2017-05-31,14,"SST082017","spring","SST082017_2017-05-17",2,144
"2096","SST","SST09",2017,2017-05-17,2017-05-31,14,"SST092017","spring","SST092017_2017-05-17",0,144
"2097","SST","SST11",2017,2017-05-17,2017-05-31,14,"SST112017","spring","SST112017_2017-05-17",0,144
"2098","SST","SST12",2017,2017-05-17,2017-05-31,14,"SST122017","spring","SST122017_2017-05-17",2,144
"2099","SST","SST13",2017,2017-05-17,2017-05-31,14,"SST132017","spring","SST132017_2017-05-17",0,144
"2100","SST","SST14",2017,2017-05-17,2017-05-31,14,"SST142017","spring","SST142017_2017-05-17",2,144
"2101","SST","SST16",2017,2017-05-17,2017-05-31,14,"SST162017","spring","SST162017_2017-05-17",1,144
"2102","SIP","SIP06",2017,2017-05-30,2017-06-13,14,"SIP062017","spring","SIP062017_2017-05-30",0,157
"2103","SIP","SIP08",2017,2017-05-30,2017-06-13,14,"SIP082017","spring","SIP082017_2017-05-30",0,157
"2104","SIP","SIP09",2017,2017-05-30,2017-06-13,14,"SIP092017","spring","SIP092017_2017-05-30",1,157
"2105","SIP","SIP10",2017,2017-05-30,2017-06-13,14,"SIP102017","spring","SIP102017_2017-05-30",0,157
"2106","SIP","SIP12",2017,2017-05-30,2017-06-13,14,"SIP122017","spring","SIP122017_2017-05-30",1,157
"2107","SIP","SIP15",2017,2017-05-30,2017-06-13,14,"SIP152017","spring","SIP152017_2017-05-30",1,157
"2108","SIP","SIP16",2017,2017-05-30,2017-06-13,14,"SIP162017","spring","SIP162017_2017-05-30",1,157
"2109","HAR","HAR01",2018,2018-04-16,2018-04-30,14,"HAR012018","spring","HAR012018_2018-04-16",0,113
"2110","HAR","HAR02",2018,2018-04-16,2018-04-30,14,"HAR022018","spring","HAR022018_2018-04-16",0,113
"2111","HAR","HAR03",2018,2018-04-16,2018-04-30,14,"HAR032018","spring","HAR032018_2018-04-16",0,113
"2112","HAR","HAR04",2018,2018-04-16,2018-04-30,14,"HAR042018","spring","HAR042018_2018-04-16",1,113
"2113","HAR","HAR05",2018,2018-04-16,2018-04-30,14,"HAR052018","spring","HAR052018_2018-04-16",0,113
"2114","HAR","HAR06",2018,2018-04-16,2018-04-30,14,"HAR062018","spring","HAR062018_2018-04-16",0,113
"2115","HAR","HAR07",2018,2018-04-16,2018-04-30,14,"HAR072018","spring","HAR072018_2018-04-16",0,113
"2116","HAR","HAR08",2018,2018-04-16,2018-04-30,14,"HAR082018","spring","HAR082018_2018-04-16",0,113
"2117","HAR","HAR09",2018,2018-04-16,2018-04-30,14,"HAR092018","spring","HAR092018_2018-04-16",1,113
"2118","HAR","HAR10",2018,2018-04-16,2018-04-30,14,"HAR102018","spring","HAR102018_2018-04-16",0,113
"2119","HAR","HAR11",2018,2018-04-16,2018-04-30,14,"HAR112018","spring","HAR112018_2018-04-16",0,113
"2120","HAR","HAR12",2018,2018-04-16,2018-04-30,14,"HAR122018","spring","HAR122018_2018-04-16",0,113
"2121","HAR","HAR13",2018,2018-04-16,2018-04-30,14,"HAR132018","spring","HAR132018_2018-04-16",0,113
"2122","HAR","HAR14",2018,2018-04-16,2018-04-30,14,"HAR142018","spring","HAR142018_2018-04-16",1,113
"2123","HAR","HAR15",2018,2018-04-16,2018-04-30,14,"HAR152018","spring","HAR152018_2018-04-16",3,113
"2124","HAR","HAR16",2018,2018-04-16,2018-04-30,14,"HAR162018","spring","HAR162018_2018-04-16",5,113
"2125","WAN","WAN01",2018,2018-04-16,2018-04-30,14,"WAN012018","spring","WAN012018_2018-04-16",1,113
"2126","WAN","WAN03",2018,2018-04-16,2018-04-30,14,"WAN032018","spring","WAN032018_2018-04-16",0,113
"2127","WAN","WAN04",2018,2018-04-16,2018-04-30,14,"WAN042018","spring","WAN042018_2018-04-16",0,113
"2128","WAN","WAN05",2018,2018-04-16,2018-04-30,14,"WAN052018","spring","WAN052018_2018-04-16",1,113
"2129","WAN","WAN06",2018,2018-04-16,2018-04-30,14,"WAN062018","spring","WAN062018_2018-04-16",0,113
"2130","WAN","WAN07",2018,2018-04-16,2018-04-30,14,"WAN072018","spring","WAN072018_2018-04-16",0,113
"2131","WAN","WAN08",2018,2018-04-16,2018-04-30,14,"WAN082018","spring","WAN082018_2018-04-16",0,113
"2132","WAN","WAN09",2018,2018-04-16,2018-04-30,14,"WAN092018","spring","WAN092018_2018-04-16",1,113
"2133","WAN","WAN11",2018,2018-04-16,2018-04-30,14,"WAN112018","spring","WAN112018_2018-04-16",0,113
"2134","WAN","WAN12",2018,2018-04-16,2018-04-30,14,"WAN122018","spring","WAN122018_2018-04-16",0,113
"2135","WAN","WAN15",2018,2018-04-16,2018-04-30,14,"WAN152018","spring","WAN152018_2018-04-16",0,113
"2136","WAN","WAN16",2018,2018-04-16,2018-04-30,14,"WAN162018","spring","WAN162018_2018-04-16",0,113
"2137","GFH","GFH01",2018,2018-04-17,2018-05-01,14,"GFH012018","spring","GFH012018_2018-04-17",0,114
"2138","GFH","GFH02",2018,2018-04-17,2018-05-01,14,"GFH022018","spring","GFH022018_2018-04-17",0,114
"2139","GFH","GFH04",2018,2018-04-17,2018-05-01,14,"GFH042018","spring","GFH042018_2018-04-17",0,114
"2140","GFH","GFH05",2018,2018-04-17,2018-05-01,14,"GFH052018","spring","GFH052018_2018-04-17",2,114
"2141","GFH","GFH06",2018,2018-04-17,2018-05-01,14,"GFH062018","spring","GFH062018_2018-04-17",0,114
"2142","GFH","GFH07",2018,2018-04-17,2018-05-01,14,"GFH072018","spring","GFH072018_2018-04-17",0,114
"2143","GFH","GFH08",2018,2018-04-17,2018-05-01,14,"GFH082018","spring","GFH082018_2018-04-17",0,114
"2144","GFH","GFH09",2018,2018-04-17,2018-05-01,14,"GFH092018","spring","GFH092018_2018-04-17",0,114
"2145","GFH","GFH10",2018,2018-04-17,2018-05-01,14,"GFH102018","spring","GFH102018_2018-04-17",0,114
"2146","GFH","GFH11",2018,2018-04-17,2018-05-01,14,"GFH112018","spring","GFH112018_2018-04-17",0,114
"2147","GFH","GFH12",2018,2018-04-17,2018-05-01,14,"GFH122018","spring","GFH122018_2018-04-17",0,114
"2148","GFH","GFH13",2018,2018-04-17,2018-05-01,14,"GFH132018","spring","GFH132018_2018-04-17",0,114
"2149","GFH","GFH14",2018,2018-04-17,2018-05-01,14,"GFH142018","spring","GFH142018_2018-04-17",0,114
"2150","GFH","GFH15",2018,2018-04-17,2018-05-01,14,"GFH152018","spring","GFH152018_2018-04-17",0,114
"2151","GFH","GFH16",2018,2018-04-17,2018-05-01,14,"GFH162018","spring","GFH162018_2018-04-17",0,114
"2152","SIP","SIP01",2018,2018-04-17,2018-05-01,14,"SIP012018","spring","SIP012018_2018-04-17",3,114
"2153","SIP","SIP02",2018,2018-04-17,2018-05-01,14,"SIP022018","spring","SIP022018_2018-04-17",0,114
"2154","SIP","SIP03",2018,2018-04-17,2018-05-01,14,"SIP032018","spring","SIP032018_2018-04-17",0,114
"2155","SIP","SIP05",2018,2018-04-17,2018-05-01,14,"SIP052018","spring","SIP052018_2018-04-17",0,114
"2156","SIP","SIP06",2018,2018-04-17,2018-05-01,14,"SIP062018","spring","SIP062018_2018-04-17",0,114
"2157","SIP","SIP07",2018,2018-04-17,2018-05-01,14,"SIP072018","spring","SIP072018_2018-04-17",0,114
"2158","SIP","SIP08",2018,2018-04-17,2018-05-01,14,"SIP082018","spring","SIP082018_2018-04-17",0,114
"2159","SIP","SIP09",2018,2018-04-17,2018-05-01,14,"SIP092018","spring","SIP092018_2018-04-17",1,114
"2160","SIP","SIP10",2018,2018-04-17,2018-05-01,14,"SIP102018","spring","SIP102018_2018-04-17",0,114
"2161","SIP","SIP11",2018,2018-04-17,2018-05-01,14,"SIP112018","spring","SIP112018_2018-04-17",0,114
"2162","SIP","SIP12",2018,2018-04-17,2018-05-01,14,"SIP122018","spring","SIP122018_2018-04-17",0,114
"2163","SIP","SIP13",2018,2018-04-17,2018-05-01,14,"SIP132018","spring","SIP132018_2018-04-17",0,114
"2164","SIP","SIP14",2018,2018-04-17,2018-05-01,14,"SIP142018","spring","SIP142018_2018-04-17",0,114
"2165","SIP","SIP15",2018,2018-04-17,2018-05-01,14,"SIP152018","spring","SIP152018_2018-04-17",0,114
"2166","SIP","SIP16",2018,2018-04-17,2018-05-01,14,"SIP162018","spring","SIP162018_2018-04-17",0,114
"2167","FBG","FBG01",2018,2018-04-18,2018-05-02,14,"FBG012018","spring","FBG012018_2018-04-18",0,115
"2168","FBG","FBG02",2018,2018-04-18,2018-05-02,14,"FBG022018","spring","FBG022018_2018-04-18",1,115
"2169","FBG","FBG03",2018,2018-04-18,2018-05-02,14,"FBG032018","spring","FBG032018_2018-04-18",1,115
"2170","FBG","FBG04",2018,2018-04-18,2018-05-02,14,"FBG042018","spring","FBG042018_2018-04-18",0,115
"2171","FBG","FBG05",2018,2018-04-18,2018-05-02,14,"FBG052018","spring","FBG052018_2018-04-18",0,115
"2172","FBG","FBG06",2018,2018-04-18,2018-05-02,14,"FBG062018","spring","FBG062018_2018-04-18",2,115
"2173","FBG","FBG07",2018,2018-04-18,2018-05-02,14,"FBG072018","spring","FBG072018_2018-04-18",0,115
"2174","FBG","FBG08",2018,2018-04-18,2018-05-02,14,"FBG082018","spring","FBG082018_2018-04-18",0,115
"2175","FBG","FBG09",2018,2018-04-18,2018-05-02,14,"FBG092018","spring","FBG092018_2018-04-18",0,115
"2176","FBG","FBG10",2018,2018-04-18,2018-05-02,14,"FBG102018","spring","FBG102018_2018-04-18",1,115
"2177","FBG","FBG11",2018,2018-04-18,2018-05-02,14,"FBG112018","spring","FBG112018_2018-04-18",0,115
"2178","FBG","FBG12",2018,2018-04-18,2018-05-02,14,"FBG122018","spring","FBG122018_2018-04-18",0,115
"2179","FBG","FBG13",2018,2018-04-18,2018-05-02,14,"FBG132018","spring","FBG132018_2018-04-18",0,115
"2180","FBG","FBG14",2018,2018-04-18,2018-05-02,14,"FBG142018","spring","FBG142018_2018-04-18",1,115
"2181","FBG","FBG15",2018,2018-04-18,2018-05-02,14,"FBG152018","spring","FBG152018_2018-04-18",0,115
"2182","FBG","FBG16",2018,2018-04-18,2018-05-02,14,"FBG162018","spring","FBG162018_2018-04-18",0,115
"2183","SST","SST01",2018,2018-04-18,2018-05-02,14,"SST012018","spring","SST012018_2018-04-18",0,115
"2184","SST","SST02",2018,2018-04-18,2018-05-02,14,"SST022018","spring","SST022018_2018-04-18",0,115
"2185","SST","SST03",2018,2018-04-18,2018-05-02,14,"SST032018","spring","SST032018_2018-04-18",1,115
"2186","SST","SST04",2018,2018-04-18,2018-05-02,14,"SST042018","spring","SST042018_2018-04-18",3,115
"2187","SST","SST05",2018,2018-04-18,2018-05-02,14,"SST052018","spring","SST052018_2018-04-18",0,115
"2188","SST","SST06",2018,2018-04-18,2018-05-02,14,"SST062018","spring","SST062018_2018-04-18",0,115
"2189","SST","SST07",2018,2018-04-18,2018-05-02,14,"SST072018","spring","SST072018_2018-04-18",0,115
"2190","SST","SST08",2018,2018-04-18,2018-05-02,14,"SST082018","spring","SST082018_2018-04-18",0,115
"2191","SST","SST09",2018,2018-04-18,2018-05-02,14,"SST092018","spring","SST092018_2018-04-18",0,115
"2192","SST","SST10",2018,2018-04-18,2018-05-02,14,"SST102018","spring","SST102018_2018-04-18",3,115
"2193","SST","SST11",2018,2018-04-18,2018-05-02,14,"SST112018","spring","SST112018_2018-04-18",1,115
"2194","SST","SST12",2018,2018-04-18,2018-05-02,14,"SST122018","spring","SST122018_2018-04-18",3,115
"2195","SST","SST13",2018,2018-04-18,2018-05-02,14,"SST132018","spring","SST132018_2018-04-18",0,115
"2196","SST","SST14",2018,2018-04-18,2018-05-02,14,"SST142018","spring","SST142018_2018-04-18",0,115
"2197","SST","SST15",2018,2018-04-18,2018-05-02,14,"SST152018","spring","SST152018_2018-04-18",23,115
"2198","SST","SST16",2018,2018-04-18,2018-05-02,14,"SST162018","spring","SST162018_2018-04-18",2,115
"2199","HAR","HAR01",2018,2018-04-30,2018-05-14,14,"HAR012018","spring","HAR012018_2018-04-30",0,127
"2200","HAR","HAR02",2018,2018-04-30,2018-05-14,14,"HAR022018","spring","HAR022018_2018-04-30",0,127
"2201","HAR","HAR03",2018,2018-04-30,2018-05-14,14,"HAR032018","spring","HAR032018_2018-04-30",2,127
"2202","HAR","HAR04",2018,2018-04-30,2018-05-14,14,"HAR042018","spring","HAR042018_2018-04-30",0,127
"2203","HAR","HAR05",2018,2018-04-30,2018-05-14,14,"HAR052018","spring","HAR052018_2018-04-30",2,127
"2204","HAR","HAR06",2018,2018-04-30,2018-05-14,14,"HAR062018","spring","HAR062018_2018-04-30",1,127
"2205","HAR","HAR07",2018,2018-04-30,2018-05-14,14,"HAR072018","spring","HAR072018_2018-04-30",0,127
"2206","HAR","HAR08",2018,2018-04-30,2018-05-14,14,"HAR082018","spring","HAR082018_2018-04-30",0,127
"2207","HAR","HAR09",2018,2018-04-30,2018-05-14,14,"HAR092018","spring","HAR092018_2018-04-30",2,127
"2208","HAR","HAR10",2018,2018-04-30,2018-05-14,14,"HAR102018","spring","HAR102018_2018-04-30",0,127
"2209","HAR","HAR11",2018,2018-04-30,2018-05-14,14,"HAR112018","spring","HAR112018_2018-04-30",9,127
"2210","HAR","HAR12",2018,2018-04-30,2018-05-14,14,"HAR122018","spring","HAR122018_2018-04-30",20,127
"2211","HAR","HAR13",2018,2018-04-30,2018-05-14,14,"HAR132018","spring","HAR132018_2018-04-30",2,127
"2212","HAR","HAR14",2018,2018-04-30,2018-05-14,14,"HAR142018","spring","HAR142018_2018-04-30",0,127
"2213","HAR","HAR15",2018,2018-04-30,2018-05-14,14,"HAR152018","spring","HAR152018_2018-04-30",2,127
"2214","HAR","HAR16",2018,2018-04-30,2018-05-14,14,"HAR162018","spring","HAR162018_2018-04-30",108,127
"2215","WAN","WAN01",2018,2018-04-30,2018-05-14,14,"WAN012018","spring","WAN012018_2018-04-30",12,127
"2216","WAN","WAN02",2018,2018-04-30,2018-05-14,14,"WAN022018","spring","WAN022018_2018-04-30",8,127
"2217","WAN","WAN03",2018,2018-04-30,2018-05-14,14,"WAN032018","spring","WAN032018_2018-04-30",0,127
"2218","WAN","WAN04",2018,2018-04-30,2018-05-14,14,"WAN042018","spring","WAN042018_2018-04-30",1,127
"2219","WAN","WAN05",2018,2018-04-30,2018-05-14,14,"WAN052018","spring","WAN052018_2018-04-30",1,127
"2220","WAN","WAN06",2018,2018-04-30,2018-05-14,14,"WAN062018","spring","WAN062018_2018-04-30",0,127
"2221","WAN","WAN07",2018,2018-04-30,2018-05-14,14,"WAN072018","spring","WAN072018_2018-04-30",2,127
"2222","WAN","WAN08",2018,2018-04-30,2018-05-14,14,"WAN082018","spring","WAN082018_2018-04-30",1,127
"2223","WAN","WAN09",2018,2018-04-30,2018-05-14,14,"WAN092018","spring","WAN092018_2018-04-30",0,127
"2224","WAN","WAN10",2018,2018-04-30,2018-05-14,14,"WAN102018","spring","WAN102018_2018-04-30",1,127
"2225","WAN","WAN11",2018,2018-04-30,2018-05-14,14,"WAN112018","spring","WAN112018_2018-04-30",0,127
"2226","WAN","WAN12",2018,2018-04-30,2018-05-14,14,"WAN122018","spring","WAN122018_2018-04-30",0,127
"2227","WAN","WAN14",2018,2018-04-30,2018-05-14,14,"WAN142018","spring","WAN142018_2018-04-30",1,127
"2228","WAN","WAN15",2018,2018-04-30,2018-05-14,14,"WAN152018","spring","WAN152018_2018-04-30",1,127
"2229","WAN","WAN16",2018,2018-04-30,2018-05-14,14,"WAN162018","spring","WAN162018_2018-04-30",2,127
"2230","GFH","GFH01",2018,2018-05-01,2018-05-15,14,"GFH012018","spring","GFH012018_2018-05-01",1,128
"2231","GFH","GFH02",2018,2018-05-01,2018-05-15,14,"GFH022018","spring","GFH022018_2018-05-01",0,128
"2232","GFH","GFH04",2018,2018-05-01,2018-05-15,14,"GFH042018","spring","GFH042018_2018-05-01",3,128
"2233","GFH","GFH05",2018,2018-05-01,2018-05-15,14,"GFH052018","spring","GFH052018_2018-05-01",0,128
"2234","GFH","GFH06",2018,2018-05-01,2018-05-15,14,"GFH062018","spring","GFH062018_2018-05-01",0,128
"2235","GFH","GFH07",2018,2018-05-01,2018-05-15,14,"GFH072018","spring","GFH072018_2018-05-01",0,128
"2236","GFH","GFH08",2018,2018-05-01,2018-05-15,14,"GFH082018","spring","GFH082018_2018-05-01",0,128
"2237","GFH","GFH09",2018,2018-05-01,2018-05-15,14,"GFH092018","spring","GFH092018_2018-05-01",0,128
"2238","GFH","GFH10",2018,2018-05-01,2018-05-15,14,"GFH102018","spring","GFH102018_2018-05-01",0,128
"2239","GFH","GFH11",2018,2018-05-01,2018-05-15,14,"GFH112018","spring","GFH112018_2018-05-01",0,128
"2240","GFH","GFH12",2018,2018-05-01,2018-05-15,14,"GFH122018","spring","GFH122018_2018-05-01",0,128
"2241","GFH","GFH13",2018,2018-05-01,2018-05-15,14,"GFH132018","spring","GFH132018_2018-05-01",1,128
"2242","GFH","GFH14",2018,2018-05-01,2018-05-15,14,"GFH142018","spring","GFH142018_2018-05-01",3,128
"2243","GFH","GFH15",2018,2018-05-01,2018-05-15,14,"GFH152018","spring","GFH152018_2018-05-01",0,128
"2244","GFH","GFH16",2018,2018-05-01,2018-05-15,14,"GFH162018","spring","GFH162018_2018-05-01",0,128
"2245","SIP","SIP01",2018,2018-05-01,2018-05-15,14,"SIP012018","spring","SIP012018_2018-05-01",0,128
"2246","SIP","SIP02",2018,2018-05-01,2018-05-15,14,"SIP022018","spring","SIP022018_2018-05-01",0,128
"2247","SIP","SIP03",2018,2018-05-01,2018-05-15,14,"SIP032018","spring","SIP032018_2018-05-01",0,128
"2248","SIP","SIP05",2018,2018-05-01,2018-05-15,14,"SIP052018","spring","SIP052018_2018-05-01",0,128
"2249","SIP","SIP06",2018,2018-05-01,2018-05-15,14,"SIP062018","spring","SIP062018_2018-05-01",3,128
"2250","SIP","SIP07",2018,2018-05-01,2018-05-15,14,"SIP072018","spring","SIP072018_2018-05-01",0,128
"2251","SIP","SIP08",2018,2018-05-01,2018-05-15,14,"SIP082018","spring","SIP082018_2018-05-01",0,128
"2252","SIP","SIP09",2018,2018-05-01,2018-05-15,14,"SIP092018","spring","SIP092018_2018-05-01",0,128
"2253","SIP","SIP10",2018,2018-05-01,2018-05-15,14,"SIP102018","spring","SIP102018_2018-05-01",0,128
"2254","SIP","SIP11",2018,2018-05-01,2018-05-15,14,"SIP112018","spring","SIP112018_2018-05-01",0,128
"2255","SIP","SIP12",2018,2018-05-01,2018-05-15,14,"SIP122018","spring","SIP122018_2018-05-01",0,128
"2256","SIP","SIP13",2018,2018-05-01,2018-05-15,14,"SIP132018","spring","SIP132018_2018-05-01",0,128
"2257","SIP","SIP14",2018,2018-05-01,2018-05-15,14,"SIP142018","spring","SIP142018_2018-05-01",0,128
"2258","SIP","SIP15",2018,2018-05-01,2018-05-15,14,"SIP152018","spring","SIP152018_2018-05-01",1,128
"2259","SIP","SIP16",2018,2018-05-01,2018-05-15,14,"SIP162018","spring","SIP162018_2018-05-01",0,128
"2260","FBG","FBG01",2018,2018-05-02,2018-05-16,14,"FBG012018","spring","FBG012018_2018-05-02",0,129
"2261","FBG","FBG02",2018,2018-05-02,2018-05-16,14,"FBG022018","spring","FBG022018_2018-05-02",9,129
"2262","FBG","FBG03",2018,2018-05-02,2018-05-16,14,"FBG032018","spring","FBG032018_2018-05-02",1,129
"2263","FBG","FBG04",2018,2018-05-02,2018-05-16,14,"FBG042018","spring","FBG042018_2018-05-02",1,129
"2264","FBG","FBG05",2018,2018-05-02,2018-05-16,14,"FBG052018","spring","FBG052018_2018-05-02",1,129
"2265","FBG","FBG06",2018,2018-05-02,2018-05-16,14,"FBG062018","spring","FBG062018_2018-05-02",0,129
"2266","FBG","FBG07",2018,2018-05-02,2018-05-16,14,"FBG072018","spring","FBG072018_2018-05-02",5,129
"2267","FBG","FBG08",2018,2018-05-02,2018-05-16,14,"FBG082018","spring","FBG082018_2018-05-02",0,129
"2268","FBG","FBG09",2018,2018-05-02,2018-05-16,14,"FBG092018","spring","FBG092018_2018-05-02",0,129
"2269","FBG","FBG10",2018,2018-05-02,2018-05-16,14,"FBG102018","spring","FBG102018_2018-05-02",1,129
"2270","FBG","FBG11",2018,2018-05-02,2018-05-16,14,"FBG112018","spring","FBG112018_2018-05-02",0,129
"2271","FBG","FBG12",2018,2018-05-02,2018-05-16,14,"FBG122018","spring","FBG122018_2018-05-02",2,129
"2272","FBG","FBG13",2018,2018-05-02,2018-05-16,14,"FBG132018","spring","FBG132018_2018-05-02",11,129
"2273","FBG","FBG14",2018,2018-05-02,2018-05-16,14,"FBG142018","spring","FBG142018_2018-05-02",10,129
"2274","FBG","FBG15",2018,2018-05-02,2018-05-16,14,"FBG152018","spring","FBG152018_2018-05-02",4,129
"2275","FBG","FBG16",2018,2018-05-02,2018-05-16,14,"FBG162018","spring","FBG162018_2018-05-02",1,129
"2276","SST","SST01",2018,2018-05-02,2018-05-16,14,"SST012018","spring","SST012018_2018-05-02",1,129
"2277","SST","SST02",2018,2018-05-02,2018-05-16,14,"SST022018","spring","SST022018_2018-05-02",0,129
"2278","SST","SST03",2018,2018-05-02,2018-05-16,14,"SST032018","spring","SST032018_2018-05-02",0,129
"2279","SST","SST04",2018,2018-05-02,2018-05-16,14,"SST042018","spring","SST042018_2018-05-02",0,129
"2280","SST","SST05",2018,2018-05-02,2018-05-16,14,"SST052018","spring","SST052018_2018-05-02",1,129
"2281","SST","SST06",2018,2018-05-02,2018-05-16,14,"SST062018","spring","SST062018_2018-05-02",0,129
"2282","SST","SST07",2018,2018-05-02,2018-05-16,14,"SST072018","spring","SST072018_2018-05-02",0,129
"2283","SST","SST08",2018,2018-05-02,2018-05-16,14,"SST082018","spring","SST082018_2018-05-02",1,129
"2284","SST","SST09",2018,2018-05-02,2018-05-16,14,"SST092018","spring","SST092018_2018-05-02",1,129
"2285","SST","SST10",2018,2018-05-02,2018-05-16,14,"SST102018","spring","SST102018_2018-05-02",0,129
"2286","SST","SST11",2018,2018-05-02,2018-05-16,14,"SST112018","spring","SST112018_2018-05-02",1,129
"2287","SST","SST12",2018,2018-05-02,2018-05-16,14,"SST122018","spring","SST122018_2018-05-02",2,129
"2288","SST","SST13",2018,2018-05-02,2018-05-16,14,"SST132018","spring","SST132018_2018-05-02",0,129
"2289","SST","SST14",2018,2018-05-02,2018-05-16,14,"SST142018","spring","SST142018_2018-05-02",0,129
"2290","SST","SST15",2018,2018-05-02,2018-05-16,14,"SST152018","spring","SST152018_2018-05-02",0,129
"2291","SST","SST16",2018,2018-05-02,2018-05-16,14,"SST162018","spring","SST162018_2018-05-02",3,129
"2292","HAR","HAR01",2018,2018-05-14,2018-05-28,14,"HAR012018","spring","HAR012018_2018-05-14",0,141
"2293","HAR","HAR02",2018,2018-05-14,2018-05-28,14,"HAR022018","spring","HAR022018_2018-05-14",7,141
"2294","HAR","HAR03",2018,2018-05-14,2018-05-28,14,"HAR032018","spring","HAR032018_2018-05-14",2,141
"2295","HAR","HAR04",2018,2018-05-14,2018-05-28,14,"HAR042018","spring","HAR042018_2018-05-14",3,141
"2296","HAR","HAR05",2018,2018-05-14,2018-05-28,14,"HAR052018","spring","HAR052018_2018-05-14",8,141
"2297","HAR","HAR06",2018,2018-05-14,2018-05-28,14,"HAR062018","spring","HAR062018_2018-05-14",2,141
"2298","HAR","HAR07",2018,2018-05-14,2018-05-28,14,"HAR072018","spring","HAR072018_2018-05-14",3,141
"2299","HAR","HAR08",2018,2018-05-14,2018-05-28,14,"HAR082018","spring","HAR082018_2018-05-14",1,141
"2300","HAR","HAR09",2018,2018-05-14,2018-05-28,14,"HAR092018","spring","HAR092018_2018-05-14",5,141
"2301","HAR","HAR10",2018,2018-05-14,2018-05-28,14,"HAR102018","spring","HAR102018_2018-05-14",5,141
"2302","HAR","HAR11",2018,2018-05-14,2018-05-28,14,"HAR112018","spring","HAR112018_2018-05-14",3,141
"2303","HAR","HAR12",2018,2018-05-14,2018-05-28,14,"HAR122018","spring","HAR122018_2018-05-14",6,141
"2304","HAR","HAR13",2018,2018-05-14,2018-05-28,14,"HAR132018","spring","HAR132018_2018-05-14",24,141
"2305","HAR","HAR14",2018,2018-05-14,2018-05-28,14,"HAR142018","spring","HAR142018_2018-05-14",8,141
"2306","HAR","HAR15",2018,2018-05-14,2018-05-28,14,"HAR152018","spring","HAR152018_2018-05-14",10,141
"2307","HAR","HAR16",2018,2018-05-14,2018-05-28,14,"HAR162018","spring","HAR162018_2018-05-14",57,141
"2308","WAN","WAN01",2018,2018-05-14,2018-05-28,14,"WAN012018","spring","WAN012018_2018-05-14",17,141
"2309","WAN","WAN02",2018,2018-05-14,2018-05-28,14,"WAN022018","spring","WAN022018_2018-05-14",11,141
"2310","WAN","WAN04",2018,2018-05-14,2018-05-28,14,"WAN042018","spring","WAN042018_2018-05-14",4,141
"2311","WAN","WAN06",2018,2018-05-14,2018-05-28,14,"WAN062018","spring","WAN062018_2018-05-14",1,141
"2312","WAN","WAN08",2018,2018-05-14,2018-05-28,14,"WAN082018","spring","WAN082018_2018-05-14",2,141
"2313","WAN","WAN09",2018,2018-05-14,2018-05-28,14,"WAN092018","spring","WAN092018_2018-05-14",6,141
"2314","WAN","WAN10",2018,2018-05-14,2018-05-28,14,"WAN102018","spring","WAN102018_2018-05-14",0,141
"2315","WAN","WAN11",2018,2018-05-14,2018-05-28,14,"WAN112018","spring","WAN112018_2018-05-14",0,141
"2316","WAN","WAN12",2018,2018-05-14,2018-05-28,14,"WAN122018","spring","WAN122018_2018-05-14",7,141
"2317","WAN","WAN13",2018,2018-05-14,2018-05-28,14,"WAN132018","spring","WAN132018_2018-05-14",6,141
"2318","WAN","WAN14",2018,2018-05-14,2018-05-28,14,"WAN142018","spring","WAN142018_2018-05-14",2,141
"2319","WAN","WAN15",2018,2018-05-14,2018-05-28,14,"WAN152018","spring","WAN152018_2018-05-14",2,141
"2320","WAN","WAN16",2018,2018-05-14,2018-05-28,14,"WAN162018","spring","WAN162018_2018-05-14",1,141
"2321","GFH","GFH01",2018,2018-05-15,2018-05-29,14,"GFH012018","spring","GFH012018_2018-05-15",0,142
"2322","GFH","GFH02",2018,2018-05-15,2018-05-29,14,"GFH022018","spring","GFH022018_2018-05-15",1,142
"2323","GFH","GFH04",2018,2018-05-15,2018-05-29,14,"GFH042018","spring","GFH042018_2018-05-15",0,142
"2324","GFH","GFH05",2018,2018-05-15,2018-05-29,14,"GFH052018","spring","GFH052018_2018-05-15",1,142
"2325","GFH","GFH06",2018,2018-05-15,2018-05-29,14,"GFH062018","spring","GFH062018_2018-05-15",0,142
"2326","GFH","GFH07",2018,2018-05-15,2018-05-29,14,"GFH072018","spring","GFH072018_2018-05-15",0,142
"2327","GFH","GFH08",2018,2018-05-15,2018-05-29,14,"GFH082018","spring","GFH082018_2018-05-15",0,142
"2328","GFH","GFH09",2018,2018-05-15,2018-05-29,14,"GFH092018","spring","GFH092018_2018-05-15",2,142
"2329","GFH","GFH10",2018,2018-05-15,2018-05-29,14,"GFH102018","spring","GFH102018_2018-05-15",0,142
"2330","GFH","GFH11",2018,2018-05-15,2018-05-29,14,"GFH112018","spring","GFH112018_2018-05-15",1,142
"2331","GFH","GFH12",2018,2018-05-15,2018-05-29,14,"GFH122018","spring","GFH122018_2018-05-15",1,142
"2332","GFH","GFH13",2018,2018-05-15,2018-05-29,14,"GFH132018","spring","GFH132018_2018-05-15",1,142
"2333","GFH","GFH15",2018,2018-05-15,2018-05-29,14,"GFH152018","spring","GFH152018_2018-05-15",3,142
"2334","GFH","GFH16",2018,2018-05-15,2018-05-29,14,"GFH162018","spring","GFH162018_2018-05-15",3,142
"2335","SIP","SIP01",2018,2018-05-15,2018-05-29,14,"SIP012018","spring","SIP012018_2018-05-15",3,142
"2336","SIP","SIP02",2018,2018-05-15,2018-05-29,14,"SIP022018","spring","SIP022018_2018-05-15",2,142
"2337","SIP","SIP03",2018,2018-05-15,2018-05-29,14,"SIP032018","spring","SIP032018_2018-05-15",2,142
"2338","SIP","SIP05",2018,2018-05-15,2018-05-29,14,"SIP052018","spring","SIP052018_2018-05-15",0,142
"2339","SIP","SIP06",2018,2018-05-15,2018-05-29,14,"SIP062018","spring","SIP062018_2018-05-15",8,142
"2340","SIP","SIP07",2018,2018-05-15,2018-05-29,14,"SIP072018","spring","SIP072018_2018-05-15",6,142
"2341","SIP","SIP08",2018,2018-05-15,2018-05-29,14,"SIP082018","spring","SIP082018_2018-05-15",1,142
"2342","SIP","SIP09",2018,2018-05-15,2018-05-29,14,"SIP092018","spring","SIP092018_2018-05-15",0,142
"2343","SIP","SIP10",2018,2018-05-15,2018-05-29,14,"SIP102018","spring","SIP102018_2018-05-15",3,142
"2344","SIP","SIP11",2018,2018-05-15,2018-05-29,14,"SIP112018","spring","SIP112018_2018-05-15",2,142
"2345","SIP","SIP12",2018,2018-05-15,2018-05-29,14,"SIP122018","spring","SIP122018_2018-05-15",0,142
"2346","SIP","SIP13",2018,2018-05-15,2018-05-29,14,"SIP132018","spring","SIP132018_2018-05-15",0,142
"2347","SIP","SIP14",2018,2018-05-15,2018-05-29,14,"SIP142018","spring","SIP142018_2018-05-15",3,142
"2348","SIP","SIP15",2018,2018-05-15,2018-05-29,14,"SIP152018","spring","SIP152018_2018-05-15",0,142
"2349","SIP","SIP16",2018,2018-05-15,2018-05-29,14,"SIP162018","spring","SIP162018_2018-05-15",0,142
"2350","FBG","FBG01",2018,2018-05-16,2018-05-30,14,"FBG012018","spring","FBG012018_2018-05-16",5,143
"2351","FBG","FBG02",2018,2018-05-16,2018-05-30,14,"FBG022018","spring","FBG022018_2018-05-16",16,143
"2352","FBG","FBG03",2018,2018-05-16,2018-05-30,14,"FBG032018","spring","FBG032018_2018-05-16",5,143
"2353","FBG","FBG04",2018,2018-05-16,2018-05-30,14,"FBG042018","spring","FBG042018_2018-05-16",28,143
"2354","FBG","FBG05",2018,2018-05-16,2018-05-30,14,"FBG052018","spring","FBG052018_2018-05-16",9,143
"2355","FBG","FBG06",2018,2018-05-16,2018-05-30,14,"FBG062018","spring","FBG062018_2018-05-16",8,143
"2356","FBG","FBG07",2018,2018-05-16,2018-05-30,14,"FBG072018","spring","FBG072018_2018-05-16",8,143
"2357","FBG","FBG08",2018,2018-05-16,2018-05-30,14,"FBG082018","spring","FBG082018_2018-05-16",1,143
"2358","FBG","FBG09",2018,2018-05-16,2018-05-30,14,"FBG092018","spring","FBG092018_2018-05-16",1,143
"2359","FBG","FBG10",2018,2018-05-16,2018-05-30,14,"FBG102018","spring","FBG102018_2018-05-16",3,143
"2360","FBG","FBG11",2018,2018-05-16,2018-05-30,14,"FBG112018","spring","FBG112018_2018-05-16",6,143
"2361","FBG","FBG12",2018,2018-05-16,2018-05-30,14,"FBG122018","spring","FBG122018_2018-05-16",14,143
"2362","FBG","FBG13",2018,2018-05-16,2018-05-30,14,"FBG132018","spring","FBG132018_2018-05-16",6,143
"2363","FBG","FBG14",2018,2018-05-16,2018-05-30,14,"FBG142018","spring","FBG142018_2018-05-16",4,143
"2364","FBG","FBG15",2018,2018-05-16,2018-05-30,14,"FBG152018","spring","FBG152018_2018-05-16",2,143
"2365","FBG","FBG16",2018,2018-05-16,2018-05-30,14,"FBG162018","spring","FBG162018_2018-05-16",8,143
"2366","SST","SST01",2018,2018-05-16,2018-05-30,14,"SST012018","spring","SST012018_2018-05-16",3,143
"2367","SST","SST02",2018,2018-05-16,2018-05-30,14,"SST022018","spring","SST022018_2018-05-16",7,143
"2368","SST","SST03",2018,2018-05-16,2018-05-30,14,"SST032018","spring","SST032018_2018-05-16",9,143
"2369","SST","SST04",2018,2018-05-16,2018-05-30,14,"SST042018","spring","SST042018_2018-05-16",6,143
"2370","SST","SST05",2018,2018-05-16,2018-05-30,14,"SST052018","spring","SST052018_2018-05-16",0,143
"2371","SST","SST07",2018,2018-05-16,2018-05-30,14,"SST072018","spring","SST072018_2018-05-16",0,143
"2372","SST","SST08",2018,2018-05-16,2018-05-30,14,"SST082018","spring","SST082018_2018-05-16",9,143
"2373","SST","SST09",2018,2018-05-16,2018-05-30,14,"SST092018","spring","SST092018_2018-05-16",3,143
"2374","SST","SST10",2018,2018-05-16,2018-05-30,14,"SST102018","spring","SST102018_2018-05-16",18,143
"2375","SST","SST11",2018,2018-05-16,2018-05-30,14,"SST112018","spring","SST112018_2018-05-16",6,143
"2376","SST","SST12",2018,2018-05-16,2018-05-30,14,"SST122018","spring","SST122018_2018-05-16",2,143
"2377","SST","SST13",2018,2018-05-16,2018-05-30,14,"SST132018","spring","SST132018_2018-05-16",1,143
"2378","SST","SST14",2018,2018-05-16,2018-05-30,14,"SST142018","spring","SST142018_2018-05-16",5,143
"2379","SST","SST15",2018,2018-05-16,2018-05-30,14,"SST152018","spring","SST152018_2018-05-16",1,143
"2380","SST","SST16",2018,2018-05-16,2018-05-30,14,"SST162018","spring","SST162018_2018-05-16",5,143
"2381","FBG","FBG01",2019,2019-04-15,2019-04-29,14,"FBG012019","spring","FBG012019_2019-04-15",1,112
"2382","FBG","FBG02",2019,2019-04-15,2019-04-29,14,"FBG022019","spring","FBG022019_2019-04-15",0,112
"2383","FBG","FBG03",2019,2019-04-15,2019-04-29,14,"FBG032019","spring","FBG032019_2019-04-15",5,112
"2384","FBG","FBG04",2019,2019-04-15,2019-04-29,14,"FBG042019","spring","FBG042019_2019-04-15",0,112
"2385","FBG","FBG06",2019,2019-04-15,2019-04-29,14,"FBG062019","spring","FBG062019_2019-04-15",4,112
"2386","FBG","FBG07",2019,2019-04-15,2019-04-29,14,"FBG072019","spring","FBG072019_2019-04-15",17,112
"2387","FBG","FBG08",2019,2019-04-15,2019-04-29,14,"FBG082019","spring","FBG082019_2019-04-15",0,112
"2388","FBG","FBG09",2019,2019-04-15,2019-04-29,14,"FBG092019","spring","FBG092019_2019-04-15",1,112
"2389","FBG","FBG10",2019,2019-04-15,2019-04-29,14,"FBG102019","spring","FBG102019_2019-04-15",1,112
"2390","FBG","FBG11",2019,2019-04-15,2019-04-29,14,"FBG112019","spring","FBG112019_2019-04-15",1,112
"2391","FBG","FBG12",2019,2019-04-15,2019-04-29,14,"FBG122019","spring","FBG122019_2019-04-15",2,112
"2392","FBG","FBG13",2019,2019-04-15,2019-04-29,14,"FBG132019","spring","FBG132019_2019-04-15",3,112
"2393","FBG","FBG14",2019,2019-04-15,2019-04-29,14,"FBG142019","spring","FBG142019_2019-04-15",3,112
"2394","FBG","FBG15",2019,2019-04-15,2019-04-29,14,"FBG152019","spring","FBG152019_2019-04-15",1,112
"2395","FBG","FBG16",2019,2019-04-15,2019-04-29,14,"FBG162019","spring","FBG162019_2019-04-15",6,112
"2396","SST","SST01",2019,2019-04-15,2019-04-29,14,"SST012019","spring","SST012019_2019-04-15",2,112
"2397","SST","SST02",2019,2019-04-15,2019-04-29,14,"SST022019","spring","SST022019_2019-04-15",1,112
"2398","SST","SST03",2019,2019-04-15,2019-04-29,14,"SST032019","spring","SST032019_2019-04-15",0,112
"2399","SST","SST04",2019,2019-04-15,2019-04-29,14,"SST042019","spring","SST042019_2019-04-15",1,112
"2400","SST","SST05",2019,2019-04-15,2019-04-29,14,"SST052019","spring","SST052019_2019-04-15",3,112
"2401","SST","SST07",2019,2019-04-15,2019-04-29,14,"SST072019","spring","SST072019_2019-04-15",0,112
"2402","SST","SST08",2019,2019-04-15,2019-04-29,14,"SST082019","spring","SST082019_2019-04-15",0,112
"2403","SST","SST09",2019,2019-04-15,2019-04-29,14,"SST092019","spring","SST092019_2019-04-15",1,112
"2404","SST","SST10",2019,2019-04-15,2019-04-29,14,"SST102019","spring","SST102019_2019-04-15",2,112
"2405","SST","SST11",2019,2019-04-15,2019-04-29,14,"SST112019","spring","SST112019_2019-04-15",0,112
"2406","SST","SST12",2019,2019-04-15,2019-04-29,14,"SST122019","spring","SST122019_2019-04-15",3,112
"2407","SST","SST13",2019,2019-04-15,2019-04-29,14,"SST132019","spring","SST132019_2019-04-15",0,112
"2408","SST","SST14",2019,2019-04-15,2019-04-29,14,"SST142019","spring","SST142019_2019-04-15",1,112
"2409","SST","SST15",2019,2019-04-15,2019-04-29,14,"SST152019","spring","SST152019_2019-04-15",0,112
"2410","SST","SST16",2019,2019-04-15,2019-04-29,14,"SST162019","spring","SST162019_2019-04-15",1,112
"2411","GFH","GFH01",2019,2019-04-16,2019-04-30,14,"GFH012019","spring","GFH012019_2019-04-16",0,113
"2412","GFH","GFH02",2019,2019-04-16,2019-04-30,14,"GFH022019","spring","GFH022019_2019-04-16",0,113
"2413","GFH","GFH03",2019,2019-04-16,2019-04-30,14,"GFH032019","spring","GFH032019_2019-04-16",1,113
"2414","GFH","GFH04",2019,2019-04-16,2019-04-30,14,"GFH042019","spring","GFH042019_2019-04-16",1,113
"2415","GFH","GFH05",2019,2019-04-16,2019-04-30,14,"GFH052019","spring","GFH052019_2019-04-16",1,113
"2416","GFH","GFH06",2019,2019-04-16,2019-04-30,14,"GFH062019","spring","GFH062019_2019-04-16",1,113
"2417","GFH","GFH07",2019,2019-04-16,2019-04-30,14,"GFH072019","spring","GFH072019_2019-04-16",0,113
"2418","GFH","GFH08",2019,2019-04-16,2019-04-30,14,"GFH082019","spring","GFH082019_2019-04-16",0,113
"2419","GFH","GFH09",2019,2019-04-16,2019-04-30,14,"GFH092019","spring","GFH092019_2019-04-16",0,113
"2420","GFH","GFH10",2019,2019-04-16,2019-04-30,14,"GFH102019","spring","GFH102019_2019-04-16",1,113
"2421","GFH","GFH11",2019,2019-04-16,2019-04-30,14,"GFH112019","spring","GFH112019_2019-04-16",0,113
"2422","GFH","GFH12",2019,2019-04-16,2019-04-30,14,"GFH122019","spring","GFH122019_2019-04-16",0,113
"2423","GFH","GFH13",2019,2019-04-16,2019-04-30,14,"GFH132019","spring","GFH132019_2019-04-16",0,113
"2424","GFH","GFH14",2019,2019-04-16,2019-04-30,14,"GFH142019","spring","GFH142019_2019-04-16",0,113
"2425","GFH","GFH15",2019,2019-04-16,2019-04-30,14,"GFH152019","spring","GFH152019_2019-04-16",3,113
"2426","GFH","GFH16",2019,2019-04-16,2019-04-30,14,"GFH162019","spring","GFH162019_2019-04-16",1,113
"2427","SIP","SIP01",2019,2019-04-16,2019-04-30,14,"SIP012019","spring","SIP012019_2019-04-16",1,113
"2428","SIP","SIP02",2019,2019-04-16,2019-04-30,14,"SIP022019","spring","SIP022019_2019-04-16",0,113
"2429","SIP","SIP03",2019,2019-04-16,2019-04-30,14,"SIP032019","spring","SIP032019_2019-04-16",0,113
"2430","SIP","SIP05",2019,2019-04-16,2019-04-30,14,"SIP052019","spring","SIP052019_2019-04-16",2,113
"2431","SIP","SIP06",2019,2019-04-16,2019-04-30,14,"SIP062019","spring","SIP062019_2019-04-16",0,113
"2432","SIP","SIP07",2019,2019-04-16,2019-04-30,14,"SIP072019","spring","SIP072019_2019-04-16",0,113
"2433","SIP","SIP08",2019,2019-04-16,2019-04-30,14,"SIP082019","spring","SIP082019_2019-04-16",0,113
"2434","SIP","SIP09",2019,2019-04-16,2019-04-30,14,"SIP092019","spring","SIP092019_2019-04-16",3,113
"2435","SIP","SIP10",2019,2019-04-16,2019-04-30,14,"SIP102019","spring","SIP102019_2019-04-16",0,113
"2436","SIP","SIP11",2019,2019-04-16,2019-04-30,14,"SIP112019","spring","SIP112019_2019-04-16",1,113
"2437","SIP","SIP12",2019,2019-04-16,2019-04-30,14,"SIP122019","spring","SIP122019_2019-04-16",0,113
"2438","SIP","SIP13",2019,2019-04-16,2019-04-30,14,"SIP132019","spring","SIP132019_2019-04-16",0,113
"2439","SIP","SIP14",2019,2019-04-16,2019-04-30,14,"SIP142019","spring","SIP142019_2019-04-16",0,113
"2440","SIP","SIP15",2019,2019-04-16,2019-04-30,14,"SIP152019","spring","SIP152019_2019-04-16",0,113
"2441","SIP","SIP16",2019,2019-04-16,2019-04-30,14,"SIP162019","spring","SIP162019_2019-04-16",0,113
"2442","HAR","HAR01",2019,2019-04-17,2019-05-02,15,"HAR012019","spring","HAR012019_2019-04-17",0,114.5
"2443","HAR","HAR02",2019,2019-04-17,2019-05-02,15,"HAR022019","spring","HAR022019_2019-04-17",2,114.5
"2444","HAR","HAR03",2019,2019-04-17,2019-05-02,15,"HAR032019","spring","HAR032019_2019-04-17",1,114.5
"2445","HAR","HAR04",2019,2019-04-17,2019-05-02,15,"HAR042019","spring","HAR042019_2019-04-17",2,114.5
"2446","HAR","HAR05",2019,2019-04-17,2019-05-02,15,"HAR052019","spring","HAR052019_2019-04-17",4,114.5
"2447","HAR","HAR06",2019,2019-04-17,2019-05-02,15,"HAR062019","spring","HAR062019_2019-04-17",8,114.5
"2448","HAR","HAR07",2019,2019-04-17,2019-05-02,15,"HAR072019","spring","HAR072019_2019-04-17",1,114.5
"2449","HAR","HAR08",2019,2019-04-17,2019-05-02,15,"HAR082019","spring","HAR082019_2019-04-17",0,114.5
"2450","HAR","HAR09",2019,2019-04-17,2019-05-02,15,"HAR092019","spring","HAR092019_2019-04-17",1,114.5
"2451","HAR","HAR10",2019,2019-04-17,2019-05-02,15,"HAR102019","spring","HAR102019_2019-04-17",0,114.5
"2452","HAR","HAR11",2019,2019-04-17,2019-05-02,15,"HAR112019","spring","HAR112019_2019-04-17",2,114.5
"2453","HAR","HAR12",2019,2019-04-17,2019-05-02,15,"HAR122019","spring","HAR122019_2019-04-17",2,114.5
"2454","HAR","HAR13",2019,2019-04-17,2019-05-02,15,"HAR132019","spring","HAR132019_2019-04-17",0,114.5
"2455","HAR","HAR14",2019,2019-04-17,2019-05-02,15,"HAR142019","spring","HAR142019_2019-04-17",2,114.5
"2456","HAR","HAR15",2019,2019-04-17,2019-05-02,15,"HAR152019","spring","HAR152019_2019-04-17",3,114.5
"2457","HAR","HAR16",2019,2019-04-17,2019-05-02,15,"HAR162019","spring","HAR162019_2019-04-17",3,114.5
"2458","WAN","WAN01",2019,2019-04-17,2019-05-02,15,"WAN012019","spring","WAN012019_2019-04-17",4,114.5
"2459","WAN","WAN02",2019,2019-04-17,2019-05-02,15,"WAN022019","spring","WAN022019_2019-04-17",3,114.5
"2460","WAN","WAN03",2019,2019-04-17,2019-05-02,15,"WAN032019","spring","WAN032019_2019-04-17",2,114.5
"2461","WAN","WAN04",2019,2019-04-17,2019-05-02,15,"WAN042019","spring","WAN042019_2019-04-17",5,114.5
"2462","WAN","WAN05",2019,2019-04-17,2019-05-02,15,"WAN052019","spring","WAN052019_2019-04-17",0,114.5
"2463","WAN","WAN06",2019,2019-04-17,2019-05-02,15,"WAN062019","spring","WAN062019_2019-04-17",2,114.5
"2464","WAN","WAN07",2019,2019-04-17,2019-05-02,15,"WAN072019","spring","WAN072019_2019-04-17",0,114.5
"2465","WAN","WAN08",2019,2019-04-17,2019-05-02,15,"WAN082019","spring","WAN082019_2019-04-17",0,114.5
"2466","WAN","WAN09",2019,2019-04-17,2019-05-02,15,"WAN092019","spring","WAN092019_2019-04-17",8,114.5
"2467","WAN","WAN10",2019,2019-04-17,2019-05-02,15,"WAN102019","spring","WAN102019_2019-04-17",0,114.5
"2468","WAN","WAN11",2019,2019-04-17,2019-05-02,15,"WAN112019","spring","WAN112019_2019-04-17",1,114.5
"2469","WAN","WAN12",2019,2019-04-17,2019-05-02,15,"WAN122019","spring","WAN122019_2019-04-17",11,114.5
"2470","WAN","WAN13",2019,2019-04-17,2019-05-02,15,"WAN132019","spring","WAN132019_2019-04-17",6,114.5
"2471","WAN","WAN14",2019,2019-04-17,2019-05-02,15,"WAN142019","spring","WAN142019_2019-04-17",0,114.5
"2472","WAN","WAN15",2019,2019-04-17,2019-05-02,15,"WAN152019","spring","WAN152019_2019-04-17",1,114.5
"2473","WAN","WAN16",2019,2019-04-17,2019-05-02,15,"WAN162019","spring","WAN162019_2019-04-17",3,114.5
"2474","FBG","FBG01",2019,2019-04-29,2019-05-13,14,"FBG012019","spring","FBG012019_2019-04-29",1,126
"2475","FBG","FBG03",2019,2019-04-29,2019-05-13,14,"FBG032019","spring","FBG032019_2019-04-29",0,126
"2476","FBG","FBG04",2019,2019-04-29,2019-05-13,14,"FBG042019","spring","FBG042019_2019-04-29",0,126
"2477","FBG","FBG05",2019,2019-04-29,2019-05-13,14,"FBG052019","spring","FBG052019_2019-04-29",3,126
"2478","FBG","FBG06",2019,2019-04-29,2019-05-13,14,"FBG062019","spring","FBG062019_2019-04-29",14,126
"2479","FBG","FBG07",2019,2019-04-29,2019-05-13,14,"FBG072019","spring","FBG072019_2019-04-29",1,126
"2480","FBG","FBG08",2019,2019-04-29,2019-05-13,14,"FBG082019","spring","FBG082019_2019-04-29",0,126
"2481","FBG","FBG09",2019,2019-04-29,2019-05-13,14,"FBG092019","spring","FBG092019_2019-04-29",0,126
"2482","FBG","FBG10",2019,2019-04-29,2019-05-13,14,"FBG102019","spring","FBG102019_2019-04-29",1,126
"2483","FBG","FBG11",2019,2019-04-29,2019-05-13,14,"FBG112019","spring","FBG112019_2019-04-29",1,126
"2484","FBG","FBG12",2019,2019-04-29,2019-05-13,14,"FBG122019","spring","FBG122019_2019-04-29",3,126
"2485","FBG","FBG13",2019,2019-04-29,2019-05-13,14,"FBG132019","spring","FBG132019_2019-04-29",24,126
"2486","FBG","FBG14",2019,2019-04-29,2019-05-13,14,"FBG142019","spring","FBG142019_2019-04-29",2,126
"2487","FBG","FBG15",2019,2019-04-29,2019-05-13,14,"FBG152019","spring","FBG152019_2019-04-29",3,126
"2488","FBG","FBG16",2019,2019-04-29,2019-05-13,14,"FBG162019","spring","FBG162019_2019-04-29",3,126
"2489","SST","SST01",2019,2019-04-29,2019-05-13,14,"SST012019","spring","SST012019_2019-04-29",1,126
"2490","SST","SST02",2019,2019-04-29,2019-05-13,14,"SST022019","spring","SST022019_2019-04-29",0,126
"2491","SST","SST03",2019,2019-04-29,2019-05-13,14,"SST032019","spring","SST032019_2019-04-29",3,126
"2492","SST","SST04",2019,2019-04-29,2019-05-13,14,"SST042019","spring","SST042019_2019-04-29",0,126
"2493","SST","SST05",2019,2019-04-29,2019-05-13,14,"SST052019","spring","SST052019_2019-04-29",0,126
"2494","SST","SST06",2019,2019-04-29,2019-05-13,14,"SST062019","spring","SST062019_2019-04-29",0,126
"2495","SST","SST07",2019,2019-04-29,2019-05-13,14,"SST072019","spring","SST072019_2019-04-29",0,126
"2496","SST","SST08",2019,2019-04-29,2019-05-13,14,"SST082019","spring","SST082019_2019-04-29",2,126
"2497","SST","SST09",2019,2019-04-29,2019-05-13,14,"SST092019","spring","SST092019_2019-04-29",4,126
"2498","SST","SST10",2019,2019-04-29,2019-05-13,14,"SST102019","spring","SST102019_2019-04-29",0,126
"2499","SST","SST11",2019,2019-04-29,2019-05-13,14,"SST112019","spring","SST112019_2019-04-29",0,126
"2500","SST","SST12",2019,2019-04-29,2019-05-13,14,"SST122019","spring","SST122019_2019-04-29",3,126
"2501","SST","SST13",2019,2019-04-29,2019-05-13,14,"SST132019","spring","SST132019_2019-04-29",0,126
"2502","SST","SST14",2019,2019-04-29,2019-05-13,14,"SST142019","spring","SST142019_2019-04-29",0,126
"2503","SST","SST15",2019,2019-04-29,2019-05-13,14,"SST152019","spring","SST152019_2019-04-29",0,126
"2504","SST","SST16",2019,2019-04-29,2019-05-13,14,"SST162019","spring","SST162019_2019-04-29",1,126
"2505","GFH","GFH01",2019,2019-04-30,2019-05-14,14,"GFH012019","spring","GFH012019_2019-04-30",0,127
"2506","GFH","GFH02",2019,2019-04-30,2019-05-14,14,"GFH022019","spring","GFH022019_2019-04-30",0,127
"2507","GFH","GFH03",2019,2019-04-30,2019-05-14,14,"GFH032019","spring","GFH032019_2019-04-30",0,127
"2508","GFH","GFH04",2019,2019-04-30,2019-05-14,14,"GFH042019","spring","GFH042019_2019-04-30",1,127
"2509","GFH","GFH05",2019,2019-04-30,2019-05-14,14,"GFH052019","spring","GFH052019_2019-04-30",2,127
"2510","GFH","GFH06",2019,2019-04-30,2019-05-14,14,"GFH062019","spring","GFH062019_2019-04-30",0,127
"2511","GFH","GFH07",2019,2019-04-30,2019-05-14,14,"GFH072019","spring","GFH072019_2019-04-30",1,127
"2512","GFH","GFH08",2019,2019-04-30,2019-05-14,14,"GFH082019","spring","GFH082019_2019-04-30",0,127
"2513","GFH","GFH09",2019,2019-04-30,2019-05-14,14,"GFH092019","spring","GFH092019_2019-04-30",0,127
"2514","GFH","GFH10",2019,2019-04-30,2019-05-14,14,"GFH102019","spring","GFH102019_2019-04-30",0,127
"2515","GFH","GFH11",2019,2019-04-30,2019-05-14,14,"GFH112019","spring","GFH112019_2019-04-30",0,127
"2516","GFH","GFH12",2019,2019-04-30,2019-05-14,14,"GFH122019","spring","GFH122019_2019-04-30",0,127
"2517","GFH","GFH13",2019,2019-04-30,2019-05-14,14,"GFH132019","spring","GFH132019_2019-04-30",0,127
"2518","GFH","GFH14",2019,2019-04-30,2019-05-14,14,"GFH142019","spring","GFH142019_2019-04-30",0,127
"2519","GFH","GFH15",2019,2019-04-30,2019-05-14,14,"GFH152019","spring","GFH152019_2019-04-30",4,127
"2520","GFH","GFH16",2019,2019-04-30,2019-05-14,14,"GFH162019","spring","GFH162019_2019-04-30",5,127
"2521","SIP","SIP01",2019,2019-04-30,2019-05-14,14,"SIP012019","spring","SIP012019_2019-04-30",0,127
"2522","SIP","SIP02",2019,2019-04-30,2019-05-14,14,"SIP022019","spring","SIP022019_2019-04-30",0,127
"2523","SIP","SIP03",2019,2019-04-30,2019-05-14,14,"SIP032019","spring","SIP032019_2019-04-30",0,127
"2524","SIP","SIP05",2019,2019-04-30,2019-05-14,14,"SIP052019","spring","SIP052019_2019-04-30",0,127
"2525","SIP","SIP06",2019,2019-04-30,2019-05-14,14,"SIP062019","spring","SIP062019_2019-04-30",0,127
"2526","SIP","SIP07",2019,2019-04-30,2019-05-14,14,"SIP072019","spring","SIP072019_2019-04-30",0,127
"2527","SIP","SIP08",2019,2019-04-30,2019-05-14,14,"SIP082019","spring","SIP082019_2019-04-30",0,127
"2528","SIP","SIP09",2019,2019-04-30,2019-05-14,14,"SIP092019","spring","SIP092019_2019-04-30",1,127
"2529","SIP","SIP10",2019,2019-04-30,2019-05-14,14,"SIP102019","spring","SIP102019_2019-04-30",0,127
"2530","SIP","SIP11",2019,2019-04-30,2019-05-14,14,"SIP112019","spring","SIP112019_2019-04-30",0,127
"2531","SIP","SIP12",2019,2019-04-30,2019-05-14,14,"SIP122019","spring","SIP122019_2019-04-30",0,127
"2532","SIP","SIP13",2019,2019-04-30,2019-05-14,14,"SIP132019","spring","SIP132019_2019-04-30",0,127
"2533","SIP","SIP14",2019,2019-04-30,2019-05-14,14,"SIP142019","spring","SIP142019_2019-04-30",0,127
"2534","SIP","SIP15",2019,2019-04-30,2019-05-14,14,"SIP152019","spring","SIP152019_2019-04-30",0,127
"2535","SIP","SIP16",2019,2019-04-30,2019-05-14,14,"SIP162019","spring","SIP162019_2019-04-30",0,127
"2536","HAR","HAR01",2019,2019-05-02,2019-05-15,13,"HAR012019","spring","HAR012019_2019-05-02",0,128.5
"2537","HAR","HAR02",2019,2019-05-02,2019-05-15,13,"HAR022019","spring","HAR022019_2019-05-02",1,128.5
"2538","HAR","HAR03",2019,2019-05-02,2019-05-15,13,"HAR032019","spring","HAR032019_2019-05-02",0,128.5
"2539","HAR","HAR04",2019,2019-05-02,2019-05-15,13,"HAR042019","spring","HAR042019_2019-05-02",0,128.5
"2540","HAR","HAR05",2019,2019-05-02,2019-05-15,13,"HAR052019","spring","HAR052019_2019-05-02",3,128.5
"2541","HAR","HAR06",2019,2019-05-02,2019-05-15,13,"HAR062019","spring","HAR062019_2019-05-02",0,128.5
"2542","HAR","HAR07",2019,2019-05-02,2019-05-15,13,"HAR072019","spring","HAR072019_2019-05-02",0,128.5
"2543","HAR","HAR08",2019,2019-05-02,2019-05-15,13,"HAR082019","spring","HAR082019_2019-05-02",0,128.5
"2544","HAR","HAR09",2019,2019-05-02,2019-05-15,13,"HAR092019","spring","HAR092019_2019-05-02",0,128.5
"2545","HAR","HAR10",2019,2019-05-02,2019-05-15,13,"HAR102019","spring","HAR102019_2019-05-02",0,128.5
"2546","HAR","HAR11",2019,2019-05-02,2019-05-15,13,"HAR112019","spring","HAR112019_2019-05-02",0,128.5
"2547","HAR","HAR12",2019,2019-05-02,2019-05-15,13,"HAR122019","spring","HAR122019_2019-05-02",1,128.5
"2548","HAR","HAR13",2019,2019-05-02,2019-05-15,13,"HAR132019","spring","HAR132019_2019-05-02",0,128.5
"2549","HAR","HAR14",2019,2019-05-02,2019-05-15,13,"HAR142019","spring","HAR142019_2019-05-02",4,128.5
"2550","HAR","HAR15",2019,2019-05-02,2019-05-15,13,"HAR152019","spring","HAR152019_2019-05-02",3,128.5
"2551","HAR","HAR16",2019,2019-05-02,2019-05-15,13,"HAR162019","spring","HAR162019_2019-05-02",1,128.5
"2552","WAN","WAN01",2019,2019-05-02,2019-05-15,13,"WAN012019","spring","WAN012019_2019-05-02",3,128.5
"2553","WAN","WAN02",2019,2019-05-02,2019-05-15,13,"WAN022019","spring","WAN022019_2019-05-02",0,128.5
"2554","WAN","WAN03",2019,2019-05-02,2019-05-15,13,"WAN032019","spring","WAN032019_2019-05-02",2,128.5
"2555","WAN","WAN04",2019,2019-05-02,2019-05-15,13,"WAN042019","spring","WAN042019_2019-05-02",0,128.5
"2556","WAN","WAN05",2019,2019-05-02,2019-05-15,13,"WAN052019","spring","WAN052019_2019-05-02",0,128.5
"2557","WAN","WAN06",2019,2019-05-02,2019-05-15,13,"WAN062019","spring","WAN062019_2019-05-02",0,128.5
"2558","WAN","WAN07",2019,2019-05-02,2019-05-15,13,"WAN072019","spring","WAN072019_2019-05-02",0,128.5
"2559","WAN","WAN08",2019,2019-05-02,2019-05-15,13,"WAN082019","spring","WAN082019_2019-05-02",0,128.5
"2560","WAN","WAN09",2019,2019-05-02,2019-05-15,13,"WAN092019","spring","WAN092019_2019-05-02",1,128.5
"2561","WAN","WAN10",2019,2019-05-02,2019-05-15,13,"WAN102019","spring","WAN102019_2019-05-02",0,128.5
"2562","WAN","WAN11",2019,2019-05-02,2019-05-15,13,"WAN112019","spring","WAN112019_2019-05-02",0,128.5
"2563","WAN","WAN12",2019,2019-05-02,2019-05-15,13,"WAN122019","spring","WAN122019_2019-05-02",1,128.5
"2564","WAN","WAN13",2019,2019-05-02,2019-05-15,13,"WAN132019","spring","WAN132019_2019-05-02",0,128.5
"2565","WAN","WAN14",2019,2019-05-02,2019-05-15,13,"WAN142019","spring","WAN142019_2019-05-02",0,128.5
"2566","WAN","WAN15",2019,2019-05-02,2019-05-15,13,"WAN152019","spring","WAN152019_2019-05-02",1,128.5
"2567","WAN","WAN16",2019,2019-05-02,2019-05-15,13,"WAN162019","spring","WAN162019_2019-05-02",1,128.5
"2568","FBG","FBG01",2019,2019-05-13,2019-05-27,14,"FBG012019","spring","FBG012019_2019-05-13",0,140
"2569","FBG","FBG02",2019,2019-05-13,2019-05-27,14,"FBG022019","spring","FBG022019_2019-05-13",4,140
"2570","FBG","FBG03",2019,2019-05-13,2019-05-27,14,"FBG032019","spring","FBG032019_2019-05-13",1,140
"2571","FBG","FBG04",2019,2019-05-13,2019-05-27,14,"FBG042019","spring","FBG042019_2019-05-13",0,140
"2572","FBG","FBG05",2019,2019-05-13,2019-05-27,14,"FBG052019","spring","FBG052019_2019-05-13",1,140
"2573","FBG","FBG06",2019,2019-05-13,2019-05-27,14,"FBG062019","spring","FBG062019_2019-05-13",3,140
"2574","FBG","FBG07",2019,2019-05-13,2019-05-27,14,"FBG072019","spring","FBG072019_2019-05-13",0,140
"2575","FBG","FBG08",2019,2019-05-13,2019-05-27,14,"FBG082019","spring","FBG082019_2019-05-13",0,140
"2576","FBG","FBG09",2019,2019-05-13,2019-05-27,14,"FBG092019","spring","FBG092019_2019-05-13",2,140
"2577","FBG","FBG10",2019,2019-05-13,2019-05-27,14,"FBG102019","spring","FBG102019_2019-05-13",0,140
"2578","FBG","FBG11",2019,2019-05-13,2019-05-27,14,"FBG112019","spring","FBG112019_2019-05-13",0,140
"2579","FBG","FBG12",2019,2019-05-13,2019-05-27,14,"FBG122019","spring","FBG122019_2019-05-13",7,140
"2580","FBG","FBG13",2019,2019-05-13,2019-05-27,14,"FBG132019","spring","FBG132019_2019-05-13",11,140
"2581","FBG","FBG14",2019,2019-05-13,2019-05-27,14,"FBG142019","spring","FBG142019_2019-05-13",1,140
"2582","FBG","FBG15",2019,2019-05-13,2019-05-27,14,"FBG152019","spring","FBG152019_2019-05-13",0,140
"2583","FBG","FBG16",2019,2019-05-13,2019-05-27,14,"FBG162019","spring","FBG162019_2019-05-13",0,140
"2584","SST","SST01",2019,2019-05-13,2019-05-27,14,"SST012019","spring","SST012019_2019-05-13",0,140
"2585","SST","SST02",2019,2019-05-13,2019-05-27,14,"SST022019","spring","SST022019_2019-05-13",0,140
"2586","SST","SST03",2019,2019-05-13,2019-05-27,14,"SST032019","spring","SST032019_2019-05-13",0,140
"2587","SST","SST04",2019,2019-05-13,2019-05-27,14,"SST042019","spring","SST042019_2019-05-13",3,140
"2588","SST","SST05",2019,2019-05-13,2019-05-27,14,"SST052019","spring","SST052019_2019-05-13",3,140
"2589","SST","SST07",2019,2019-05-13,2019-05-27,14,"SST072019","spring","SST072019_2019-05-13",0,140
"2590","SST","SST08",2019,2019-05-13,2019-05-27,14,"SST082019","spring","SST082019_2019-05-13",9,140
"2591","SST","SST09",2019,2019-05-13,2019-05-27,14,"SST092019","spring","SST092019_2019-05-13",4,140
"2592","SST","SST10",2019,2019-05-13,2019-05-27,14,"SST102019","spring","SST102019_2019-05-13",0,140
"2593","SST","SST11",2019,2019-05-13,2019-05-27,14,"SST112019","spring","SST112019_2019-05-13",2,140
"2594","SST","SST12",2019,2019-05-13,2019-05-27,14,"SST122019","spring","SST122019_2019-05-13",7,140
"2595","SST","SST13",2019,2019-05-13,2019-05-27,14,"SST132019","spring","SST132019_2019-05-13",8,140
"2596","SST","SST14",2019,2019-05-13,2019-05-27,14,"SST142019","spring","SST142019_2019-05-13",2,140
"2597","SST","SST15",2019,2019-05-13,2019-05-27,14,"SST152019","spring","SST152019_2019-05-13",1,140
"2598","SST","SST16",2019,2019-05-13,2019-05-27,14,"SST162019","spring","SST162019_2019-05-13",1,140
"2599","GFH","GFH01",2019,2019-05-14,2019-05-29,15,"GFH012019","spring","GFH012019_2019-05-14",0,141.5
"2600","GFH","GFH03",2019,2019-05-14,2019-05-29,15,"GFH032019","spring","GFH032019_2019-05-14",2,141.5
"2601","GFH","GFH04",2019,2019-05-14,2019-05-29,15,"GFH042019","spring","GFH042019_2019-05-14",1,141.5
"2602","GFH","GFH05",2019,2019-05-14,2019-05-29,15,"GFH052019","spring","GFH052019_2019-05-14",2,141.5
"2603","GFH","GFH07",2019,2019-05-14,2019-05-29,15,"GFH072019","spring","GFH072019_2019-05-14",3,141.5
"2604","GFH","GFH08",2019,2019-05-14,2019-05-29,15,"GFH082019","spring","GFH082019_2019-05-14",2,141.5
"2605","GFH","GFH09",2019,2019-05-14,2019-05-29,15,"GFH092019","spring","GFH092019_2019-05-14",0,141.5
"2606","GFH","GFH10",2019,2019-05-14,2019-05-29,15,"GFH102019","spring","GFH102019_2019-05-14",0,141.5
"2607","GFH","GFH11",2019,2019-05-14,2019-05-29,15,"GFH112019","spring","GFH112019_2019-05-14",0,141.5
"2608","GFH","GFH12",2019,2019-05-14,2019-05-29,15,"GFH122019","spring","GFH122019_2019-05-14",0,141.5
"2609","GFH","GFH13",2019,2019-05-14,2019-05-29,15,"GFH132019","spring","GFH132019_2019-05-14",2,141.5
"2610","GFH","GFH14",2019,2019-05-14,2019-05-29,15,"GFH142019","spring","GFH142019_2019-05-14",0,141.5
"2611","GFH","GFH15",2019,2019-05-14,2019-05-29,15,"GFH152019","spring","GFH152019_2019-05-14",2,141.5
"2612","GFH","GFH16",2019,2019-05-14,2019-05-29,15,"GFH162019","spring","GFH162019_2019-05-14",1,141.5
"2613","SIP","SIP01",2019,2019-05-14,2019-05-29,15,"SIP012019","spring","SIP012019_2019-05-14",0,141.5
"2614","SIP","SIP02",2019,2019-05-14,2019-05-29,15,"SIP022019","spring","SIP022019_2019-05-14",0,141.5
"2615","SIP","SIP03",2019,2019-05-14,2019-05-29,15,"SIP032019","spring","SIP032019_2019-05-14",0,141.5
"2616","SIP","SIP05",2019,2019-05-14,2019-05-29,15,"SIP052019","spring","SIP052019_2019-05-14",1,141.5
"2617","SIP","SIP06",2019,2019-05-14,2019-05-29,15,"SIP062019","spring","SIP062019_2019-05-14",0,141.5
"2618","SIP","SIP07",2019,2019-05-14,2019-05-29,15,"SIP072019","spring","SIP072019_2019-05-14",2,141.5
"2619","SIP","SIP08",2019,2019-05-14,2019-05-29,15,"SIP082019","spring","SIP082019_2019-05-14",0,141.5
"2620","SIP","SIP09",2019,2019-05-14,2019-05-29,15,"SIP092019","spring","SIP092019_2019-05-14",0,141.5
"2621","SIP","SIP10",2019,2019-05-14,2019-05-29,15,"SIP102019","spring","SIP102019_2019-05-14",0,141.5
"2622","SIP","SIP11",2019,2019-05-14,2019-05-29,15,"SIP112019","spring","SIP112019_2019-05-14",0,141.5
"2623","SIP","SIP12",2019,2019-05-14,2019-05-29,15,"SIP122019","spring","SIP122019_2019-05-14",0,141.5
"2624","SIP","SIP13",2019,2019-05-14,2019-05-29,15,"SIP132019","spring","SIP132019_2019-05-14",0,141.5
"2625","SIP","SIP14",2019,2019-05-14,2019-05-29,15,"SIP142019","spring","SIP142019_2019-05-14",0,141.5
"2626","SIP","SIP15",2019,2019-05-14,2019-05-29,15,"SIP152019","spring","SIP152019_2019-05-14",0,141.5
"2627","SIP","SIP16",2019,2019-05-14,2019-05-29,15,"SIP162019","spring","SIP162019_2019-05-14",0,141.5
"2628","HAR","HAR01",2019,2019-05-15,2019-05-29,14,"HAR012019","spring","HAR012019_2019-05-15",1,142
"2629","HAR","HAR02",2019,2019-05-15,2019-05-29,14,"HAR022019","spring","HAR022019_2019-05-15",0,142
"2630","HAR","HAR04",2019,2019-05-15,2019-05-29,14,"HAR042019","spring","HAR042019_2019-05-15",3,142
"2631","HAR","HAR05",2019,2019-05-15,2019-05-29,14,"HAR052019","spring","HAR052019_2019-05-15",2,142
"2632","HAR","HAR06",2019,2019-05-15,2019-05-29,14,"HAR062019","spring","HAR062019_2019-05-15",2,142
"2633","HAR","HAR07",2019,2019-05-15,2019-05-29,14,"HAR072019","spring","HAR072019_2019-05-15",2,142
"2634","HAR","HAR08",2019,2019-05-15,2019-05-29,14,"HAR082019","spring","HAR082019_2019-05-15",0,142
"2635","HAR","HAR09",2019,2019-05-15,2019-05-29,14,"HAR092019","spring","HAR092019_2019-05-15",3,142
"2636","HAR","HAR10",2019,2019-05-15,2019-05-29,14,"HAR102019","spring","HAR102019_2019-05-15",2,142
"2637","HAR","HAR11",2019,2019-05-15,2019-05-29,14,"HAR112019","spring","HAR112019_2019-05-15",3,142
"2638","HAR","HAR12",2019,2019-05-15,2019-05-29,14,"HAR122019","spring","HAR122019_2019-05-15",2,142
"2639","HAR","HAR13",2019,2019-05-15,2019-05-29,14,"HAR132019","spring","HAR132019_2019-05-15",11,142
"2640","HAR","HAR14",2019,2019-05-15,2019-05-29,14,"HAR142019","spring","HAR142019_2019-05-15",9,142
"2641","HAR","HAR15",2019,2019-05-15,2019-05-29,14,"HAR152019","spring","HAR152019_2019-05-15",10,142
"2642","HAR","HAR16",2019,2019-05-15,2019-05-29,14,"HAR162019","spring","HAR162019_2019-05-15",6,142
"2643","WAN","WAN01",2019,2019-05-15,2019-05-29,14,"WAN012019","spring","WAN012019_2019-05-15",5,142
"2644","WAN","WAN02",2019,2019-05-15,2019-05-29,14,"WAN022019","spring","WAN022019_2019-05-15",1,142
"2645","WAN","WAN03",2019,2019-05-15,2019-05-29,14,"WAN032019","spring","WAN032019_2019-05-15",1,142
"2646","WAN","WAN04",2019,2019-05-15,2019-05-29,14,"WAN042019","spring","WAN042019_2019-05-15",0,142
"2647","WAN","WAN05",2019,2019-05-15,2019-05-29,14,"WAN052019","spring","WAN052019_2019-05-15",1,142
"2648","WAN","WAN06",2019,2019-05-15,2019-05-29,14,"WAN062019","spring","WAN062019_2019-05-15",0,142
"2649","WAN","WAN07",2019,2019-05-15,2019-05-29,14,"WAN072019","spring","WAN072019_2019-05-15",0,142
"2650","WAN","WAN08",2019,2019-05-15,2019-05-29,14,"WAN082019","spring","WAN082019_2019-05-15",0,142
"2651","WAN","WAN09",2019,2019-05-15,2019-05-29,14,"WAN092019","spring","WAN092019_2019-05-15",2,142
"2652","WAN","WAN10",2019,2019-05-15,2019-05-29,14,"WAN102019","spring","WAN102019_2019-05-15",0,142
"2653","WAN","WAN12",2019,2019-05-15,2019-05-29,14,"WAN122019","spring","WAN122019_2019-05-15",5,142
"2654","WAN","WAN13",2019,2019-05-15,2019-05-29,14,"WAN132019","spring","WAN132019_2019-05-15",1,142
"2655","WAN","WAN14",2019,2019-05-15,2019-05-29,14,"WAN142019","spring","WAN142019_2019-05-15",0,142
"2656","WAN","WAN15",2019,2019-05-15,2019-05-29,14,"WAN152019","spring","WAN152019_2019-05-15",1,142
"2657","WAN","WAN16",2019,2019-05-15,2019-05-29,14,"WAN162019","spring","WAN162019_2019-05-15",0,142
"2658","HAR","HAR01",2020,2020-04-14,2020-04-28,14,"HAR012020","spring","HAR012020_2020-04-14",0,112
"2659","HAR","HAR02",2020,2020-04-14,2020-04-28,14,"HAR022020","spring","HAR022020_2020-04-14",4,112
"2660","HAR","HAR03",2020,2020-04-14,2020-04-28,14,"HAR032020","spring","HAR032020_2020-04-14",0,112
"2661","HAR","HAR04",2020,2020-04-14,2020-04-28,14,"HAR042020","spring","HAR042020_2020-04-14",1,112
"2662","HAR","HAR05",2020,2020-04-14,2020-04-28,14,"HAR052020","spring","HAR052020_2020-04-14",26,112
"2663","HAR","HAR06",2020,2020-04-14,2020-04-28,14,"HAR062020","spring","HAR062020_2020-04-14",1,112
"2664","HAR","HAR07",2020,2020-04-14,2020-04-28,14,"HAR072020","spring","HAR072020_2020-04-14",0,112
"2665","HAR","HAR08",2020,2020-04-14,2020-04-28,14,"HAR082020","spring","HAR082020_2020-04-14",0,112
"2666","HAR","HAR09",2020,2020-04-14,2020-04-28,14,"HAR092020","spring","HAR092020_2020-04-14",1,112
"2667","HAR","HAR10",2020,2020-04-14,2020-04-28,14,"HAR102020","spring","HAR102020_2020-04-14",1,112
"2668","HAR","HAR12",2020,2020-04-14,2020-04-28,14,"HAR122020","spring","HAR122020_2020-04-14",0,112
"2669","HAR","HAR13",2020,2020-04-14,2020-04-28,14,"HAR132020","spring","HAR132020_2020-04-14",1,112
"2670","HAR","HAR14",2020,2020-04-14,2020-04-28,14,"HAR142020","spring","HAR142020_2020-04-14",0,112
"2671","HAR","HAR15",2020,2020-04-14,2020-04-28,14,"HAR152020","spring","HAR152020_2020-04-14",1,112
"2672","HAR","HAR16",2020,2020-04-14,2020-04-28,14,"HAR162020","spring","HAR162020_2020-04-14",2,112
"2673","FBG","FBG01",2020,2020-04-15,2020-04-29,14,"FBG012020","spring","FBG012020_2020-04-15",0,113
"2674","FBG","FBG02",2020,2020-04-15,2020-04-29,14,"FBG022020","spring","FBG022020_2020-04-15",6,113
"2675","FBG","FBG04",2020,2020-04-15,2020-04-29,14,"FBG042020","spring","FBG042020_2020-04-15",3,113
"2676","FBG","FBG05",2020,2020-04-15,2020-04-29,14,"FBG052020","spring","FBG052020_2020-04-15",2,113
"2677","FBG","FBG07",2020,2020-04-15,2020-04-29,14,"FBG072020","spring","FBG072020_2020-04-15",0,113
"2678","FBG","FBG08",2020,2020-04-15,2020-04-29,14,"FBG082020","spring","FBG082020_2020-04-15",0,113
"2679","FBG","FBG09",2020,2020-04-15,2020-04-29,14,"FBG092020","spring","FBG092020_2020-04-15",1,113
"2680","FBG","FBG11",2020,2020-04-15,2020-04-29,14,"FBG112020","spring","FBG112020_2020-04-15",3,113
"2681","FBG","FBG12",2020,2020-04-15,2020-04-29,14,"FBG122020","spring","FBG122020_2020-04-15",0,113
"2682","FBG","FBG13",2020,2020-04-15,2020-04-29,14,"FBG132020","spring","FBG132020_2020-04-15",1,113
"2683","FBG","FBG14",2020,2020-04-15,2020-04-29,14,"FBG142020","spring","FBG142020_2020-04-15",0,113
"2684","FBG","FBG15",2020,2020-04-15,2020-04-29,14,"FBG152020","spring","FBG152020_2020-04-15",0,113
"2685","FBG","FBG16",2020,2020-04-15,2020-04-29,14,"FBG162020","spring","FBG162020_2020-04-15",4,113
"2686","SST","SST01",2020,2020-04-15,2020-04-29,14,"SST012020","spring","SST012020_2020-04-15",1,113
"2687","SST","SST02",2020,2020-04-15,2020-04-29,14,"SST022020","spring","SST022020_2020-04-15",0,113
"2688","SST","SST03",2020,2020-04-15,2020-04-29,14,"SST032020","spring","SST032020_2020-04-15",1,113
"2689","SST","SST04",2020,2020-04-15,2020-04-29,14,"SST042020","spring","SST042020_2020-04-15",1,113
"2690","SST","SST05",2020,2020-04-15,2020-04-29,14,"SST052020","spring","SST052020_2020-04-15",0,113
"2691","SST","SST06",2020,2020-04-15,2020-04-29,14,"SST062020","spring","SST062020_2020-04-15",0,113
"2692","SST","SST07",2020,2020-04-15,2020-04-29,14,"SST072020","spring","SST072020_2020-04-15",0,113
"2693","SST","SST08",2020,2020-04-15,2020-04-29,14,"SST082020","spring","SST082020_2020-04-15",4,113
"2694","SST","SST09",2020,2020-04-15,2020-04-29,14,"SST092020","spring","SST092020_2020-04-15",1,113
"2695","SST","SST11",2020,2020-04-15,2020-04-29,14,"SST112020","spring","SST112020_2020-04-15",1,113
"2696","SST","SST12",2020,2020-04-15,2020-04-29,14,"SST122020","spring","SST122020_2020-04-15",3,113
"2697","SST","SST13",2020,2020-04-15,2020-04-29,14,"SST132020","spring","SST132020_2020-04-15",0,113
"2698","SST","SST14",2020,2020-04-15,2020-04-29,14,"SST142020","spring","SST142020_2020-04-15",0,113
"2699","SST","SST15",2020,2020-04-15,2020-04-29,14,"SST152020","spring","SST152020_2020-04-15",0,113
"2700","SST","SST16",2020,2020-04-15,2020-04-29,14,"SST162020","spring","SST162020_2020-04-15",0,113
"2701","GFH","GFH01",2020,2020-04-16,2020-04-30,14,"GFH012020","spring","GFH012020_2020-04-16",1,114
"2702","GFH","GFH02",2020,2020-04-16,2020-04-30,14,"GFH022020","spring","GFH022020_2020-04-16",1,114
"2703","GFH","GFH03",2020,2020-04-16,2020-04-30,14,"GFH032020","spring","GFH032020_2020-04-16",2,114
"2704","GFH","GFH04",2020,2020-04-16,2020-04-30,14,"GFH042020","spring","GFH042020_2020-04-16",3,114
"2705","GFH","GFH05",2020,2020-04-16,2020-04-30,14,"GFH052020","spring","GFH052020_2020-04-16",4,114
"2706","GFH","GFH06",2020,2020-04-16,2020-04-30,14,"GFH062020","spring","GFH062020_2020-04-16",0,114
"2707","GFH","GFH07",2020,2020-04-16,2020-04-30,14,"GFH072020","spring","GFH072020_2020-04-16",0,114
"2708","GFH","GFH08",2020,2020-04-16,2020-04-30,14,"GFH082020","spring","GFH082020_2020-04-16",2,114
"2709","GFH","GFH09",2020,2020-04-16,2020-04-30,14,"GFH092020","spring","GFH092020_2020-04-16",0,114
"2710","GFH","GFH10",2020,2020-04-16,2020-04-30,14,"GFH102020","spring","GFH102020_2020-04-16",1,114
"2711","GFH","GFH11",2020,2020-04-16,2020-04-30,14,"GFH112020","spring","GFH112020_2020-04-16",0,114
"2712","GFH","GFH12",2020,2020-04-16,2020-04-30,14,"GFH122020","spring","GFH122020_2020-04-16",8,114
"2713","GFH","GFH13",2020,2020-04-16,2020-04-30,14,"GFH132020","spring","GFH132020_2020-04-16",0,114
"2714","GFH","GFH14",2020,2020-04-16,2020-04-30,14,"GFH142020","spring","GFH142020_2020-04-16",0,114
"2715","GFH","GFH15",2020,2020-04-16,2020-04-30,14,"GFH152020","spring","GFH152020_2020-04-16",0,114
"2716","GFH","GFH16",2020,2020-04-16,2020-04-30,14,"GFH162020","spring","GFH162020_2020-04-16",22,114
"2717","SIP","SIP01",2020,2020-04-16,2020-04-30,14,"SIP012020","spring","SIP012020_2020-04-16",0,114
"2718","SIP","SIP02",2020,2020-04-16,2020-04-30,14,"SIP022020","spring","SIP022020_2020-04-16",1,114
"2719","SIP","SIP05",2020,2020-04-16,2020-04-30,14,"SIP052020","spring","SIP052020_2020-04-16",0,114
"2720","SIP","SIP08",2020,2020-04-16,2020-04-30,14,"SIP082020","spring","SIP082020_2020-04-16",0,114
"2721","SIP","SIP09",2020,2020-04-16,2020-04-30,14,"SIP092020","spring","SIP092020_2020-04-16",0,114
"2722","SIP","SIP10",2020,2020-04-16,2020-04-30,14,"SIP102020","spring","SIP102020_2020-04-16",0,114
"2723","SIP","SIP12",2020,2020-04-16,2020-04-30,14,"SIP122020","spring","SIP122020_2020-04-16",2,114
"2724","SIP","SIP13",2020,2020-04-16,2020-04-30,14,"SIP132020","spring","SIP132020_2020-04-16",0,114
"2725","SIP","SIP14",2020,2020-04-16,2020-04-30,14,"SIP142020","spring","SIP142020_2020-04-16",0,114
"2726","SIP","SIP15",2020,2020-04-16,2020-04-30,14,"SIP152020","spring","SIP152020_2020-04-16",1,114
"2727","SIP","SIP16",2020,2020-04-16,2020-04-30,14,"SIP162020","spring","SIP162020_2020-04-16",0,114
"2728","HAR","HAR01",2020,2020-04-28,2020-05-12,14,"HAR012020","spring","HAR012020_2020-04-28",1,126
"2729","HAR","HAR02",2020,2020-04-28,2020-05-12,14,"HAR022020","spring","HAR022020_2020-04-28",6,126
"2730","HAR","HAR03",2020,2020-04-28,2020-05-12,14,"HAR032020","spring","HAR032020_2020-04-28",0,126
"2731","HAR","HAR04",2020,2020-04-28,2020-05-12,14,"HAR042020","spring","HAR042020_2020-04-28",1,126
"2732","HAR","HAR05",2020,2020-04-28,2020-05-12,14,"HAR052020","spring","HAR052020_2020-04-28",3,126
"2733","HAR","HAR06",2020,2020-04-28,2020-05-12,14,"HAR062020","spring","HAR062020_2020-04-28",0,126
"2734","HAR","HAR07",2020,2020-04-28,2020-05-12,14,"HAR072020","spring","HAR072020_2020-04-28",0,126
"2735","HAR","HAR08",2020,2020-04-28,2020-05-12,14,"HAR082020","spring","HAR082020_2020-04-28",2,126
"2736","HAR","HAR09",2020,2020-04-28,2020-05-12,14,"HAR092020","spring","HAR092020_2020-04-28",0,126
"2737","HAR","HAR10",2020,2020-04-28,2020-05-12,14,"HAR102020","spring","HAR102020_2020-04-28",0,126
"2738","HAR","HAR11",2020,2020-04-28,2020-05-12,14,"HAR112020","spring","HAR112020_2020-04-28",1,126
"2739","HAR","HAR12",2020,2020-04-28,2020-05-12,14,"HAR122020","spring","HAR122020_2020-04-28",0,126
"2740","HAR","HAR13",2020,2020-04-28,2020-05-12,14,"HAR132020","spring","HAR132020_2020-04-28",4,126
"2741","HAR","HAR14",2020,2020-04-28,2020-05-12,14,"HAR142020","spring","HAR142020_2020-04-28",3,126
"2742","HAR","HAR15",2020,2020-04-28,2020-05-12,14,"HAR152020","spring","HAR152020_2020-04-28",1,126
"2743","HAR","HAR16",2020,2020-04-28,2020-05-12,14,"HAR162020","spring","HAR162020_2020-04-28",2,126
"2744","WAN","WAN01",2020,2020-04-28,2020-05-12,14,"WAN012020","spring","WAN012020_2020-04-28",8,126
"2745","WAN","WAN02",2020,2020-04-28,2020-05-12,14,"WAN022020","spring","WAN022020_2020-04-28",0,126
"2746","WAN","WAN03",2020,2020-04-28,2020-05-12,14,"WAN032020","spring","WAN032020_2020-04-28",0,126
"2747","WAN","WAN04",2020,2020-04-28,2020-05-12,14,"WAN042020","spring","WAN042020_2020-04-28",4,126
"2748","WAN","WAN05",2020,2020-04-28,2020-05-12,14,"WAN052020","spring","WAN052020_2020-04-28",4,126
"2749","WAN","WAN06",2020,2020-04-28,2020-05-12,14,"WAN062020","spring","WAN062020_2020-04-28",1,126
"2750","WAN","WAN07",2020,2020-04-28,2020-05-12,14,"WAN072020","spring","WAN072020_2020-04-28",1,126
"2751","WAN","WAN08",2020,2020-04-28,2020-05-12,14,"WAN082020","spring","WAN082020_2020-04-28",0,126
"2752","WAN","WAN09",2020,2020-04-28,2020-05-12,14,"WAN092020","spring","WAN092020_2020-04-28",3,126
"2753","WAN","WAN10",2020,2020-04-28,2020-05-12,14,"WAN102020","spring","WAN102020_2020-04-28",0,126
"2754","WAN","WAN11",2020,2020-04-28,2020-05-12,14,"WAN112020","spring","WAN112020_2020-04-28",0,126
"2755","WAN","WAN12",2020,2020-04-28,2020-05-12,14,"WAN122020","spring","WAN122020_2020-04-28",0,126
"2756","WAN","WAN13",2020,2020-04-28,2020-05-12,14,"WAN132020","spring","WAN132020_2020-04-28",0,126
"2757","WAN","WAN14",2020,2020-04-28,2020-05-12,14,"WAN142020","spring","WAN142020_2020-04-28",0,126
"2758","WAN","WAN15",2020,2020-04-28,2020-05-12,14,"WAN152020","spring","WAN152020_2020-04-28",1,126
"2759","WAN","WAN16",2020,2020-04-28,2020-05-12,14,"WAN162020","spring","WAN162020_2020-04-28",0,126
"2760","FBG","FBG01",2020,2020-04-29,2020-05-13,14,"FBG012020","spring","FBG012020_2020-04-29",5,127
"2761","FBG","FBG02",2020,2020-04-29,2020-05-13,14,"FBG022020","spring","FBG022020_2020-04-29",5,127
"2762","FBG","FBG04",2020,2020-04-29,2020-05-13,14,"FBG042020","spring","FBG042020_2020-04-29",0,127
"2763","FBG","FBG05",2020,2020-04-29,2020-05-13,14,"FBG052020","spring","FBG052020_2020-04-29",2,127
"2764","FBG","FBG06",2020,2020-04-29,2020-05-13,14,"FBG062020","spring","FBG062020_2020-04-29",0,127
"2765","FBG","FBG07",2020,2020-04-29,2020-05-13,14,"FBG072020","spring","FBG072020_2020-04-29",0,127
"2766","FBG","FBG08",2020,2020-04-29,2020-05-13,14,"FBG082020","spring","FBG082020_2020-04-29",0,127
"2767","FBG","FBG09",2020,2020-04-29,2020-05-13,14,"FBG092020","spring","FBG092020_2020-04-29",2,127
"2768","FBG","FBG10",2020,2020-04-29,2020-05-13,14,"FBG102020","spring","FBG102020_2020-04-29",5,127
"2769","FBG","FBG11",2020,2020-04-29,2020-05-13,14,"FBG112020","spring","FBG112020_2020-04-29",1,127
"2770","FBG","FBG12",2020,2020-04-29,2020-05-13,14,"FBG122020","spring","FBG122020_2020-04-29",0,127
"2771","FBG","FBG13",2020,2020-04-29,2020-05-13,14,"FBG132020","spring","FBG132020_2020-04-29",12,127
"2772","FBG","FBG14",2020,2020-04-29,2020-05-13,14,"FBG142020","spring","FBG142020_2020-04-29",4,127
"2773","FBG","FBG15",2020,2020-04-29,2020-05-13,14,"FBG152020","spring","FBG152020_2020-04-29",3,127
"2774","FBG","FBG16",2020,2020-04-29,2020-05-13,14,"FBG162020","spring","FBG162020_2020-04-29",8,127
"2775","SST","SST01",2020,2020-04-29,2020-05-13,14,"SST012020","spring","SST012020_2020-04-29",2,127
"2776","SST","SST02",2020,2020-04-29,2020-05-13,14,"SST022020","spring","SST022020_2020-04-29",2,127
"2777","SST","SST03",2020,2020-04-29,2020-05-13,14,"SST032020","spring","SST032020_2020-04-29",0,127
"2778","SST","SST04",2020,2020-04-29,2020-05-13,14,"SST042020","spring","SST042020_2020-04-29",0,127
"2779","SST","SST05",2020,2020-04-29,2020-05-13,14,"SST052020","spring","SST052020_2020-04-29",0,127
"2780","SST","SST06",2020,2020-04-29,2020-05-13,14,"SST062020","spring","SST062020_2020-04-29",0,127
"2781","SST","SST07",2020,2020-04-29,2020-05-13,14,"SST072020","spring","SST072020_2020-04-29",0,127
"2782","SST","SST08",2020,2020-04-29,2020-05-13,14,"SST082020","spring","SST082020_2020-04-29",8,127
"2783","SST","SST09",2020,2020-04-29,2020-05-13,14,"SST092020","spring","SST092020_2020-04-29",0,127
"2784","SST","SST10",2020,2020-04-29,2020-05-13,14,"SST102020","spring","SST102020_2020-04-29",2,127
"2785","SST","SST11",2020,2020-04-29,2020-05-13,14,"SST112020","spring","SST112020_2020-04-29",1,127
"2786","SST","SST12",2020,2020-04-29,2020-05-13,14,"SST122020","spring","SST122020_2020-04-29",1,127
"2787","SST","SST13",2020,2020-04-29,2020-05-13,14,"SST132020","spring","SST132020_2020-04-29",0,127
"2788","SST","SST14",2020,2020-04-29,2020-05-13,14,"SST142020","spring","SST142020_2020-04-29",0,127
"2789","SST","SST15",2020,2020-04-29,2020-05-13,14,"SST152020","spring","SST152020_2020-04-29",0,127
"2790","SST","SST16",2020,2020-04-29,2020-05-13,14,"SST162020","spring","SST162020_2020-04-29",0,127
"2791","GFH","GFH01",2020,2020-04-30,2020-05-14,14,"GFH012020","spring","GFH012020_2020-04-30",0,128
"2792","GFH","GFH02",2020,2020-04-30,2020-05-14,14,"GFH022020","spring","GFH022020_2020-04-30",0,128
"2793","GFH","GFH03",2020,2020-04-30,2020-05-14,14,"GFH032020","spring","GFH032020_2020-04-30",1,128
"2794","GFH","GFH04",2020,2020-04-30,2020-05-14,14,"GFH042020","spring","GFH042020_2020-04-30",12,128
"2795","GFH","GFH05",2020,2020-04-30,2020-05-14,14,"GFH052020","spring","GFH052020_2020-04-30",11,128
"2796","GFH","GFH06",2020,2020-04-30,2020-05-14,14,"GFH062020","spring","GFH062020_2020-04-30",0,128
"2797","GFH","GFH07",2020,2020-04-30,2020-05-14,14,"GFH072020","spring","GFH072020_2020-04-30",3,128
"2798","GFH","GFH08",2020,2020-04-30,2020-05-14,14,"GFH082020","spring","GFH082020_2020-04-30",1,128
"2799","GFH","GFH09",2020,2020-04-30,2020-05-14,14,"GFH092020","spring","GFH092020_2020-04-30",0,128
"2800","GFH","GFH10",2020,2020-04-30,2020-05-14,14,"GFH102020","spring","GFH102020_2020-04-30",0,128
"2801","GFH","GFH11",2020,2020-04-30,2020-05-14,14,"GFH112020","spring","GFH112020_2020-04-30",0,128
"2802","GFH","GFH12",2020,2020-04-30,2020-05-14,14,"GFH122020","spring","GFH122020_2020-04-30",0,128
"2803","GFH","GFH13",2020,2020-04-30,2020-05-14,14,"GFH132020","spring","GFH132020_2020-04-30",1,128
"2804","GFH","GFH14",2020,2020-04-30,2020-05-14,14,"GFH142020","spring","GFH142020_2020-04-30",0,128
"2805","GFH","GFH15",2020,2020-04-30,2020-05-14,14,"GFH152020","spring","GFH152020_2020-04-30",1,128
"2806","GFH","GFH16",2020,2020-04-30,2020-05-14,14,"GFH162020","spring","GFH162020_2020-04-30",9,128
"2807","HAR","HAR01",2020,2020-05-12,2020-05-26,14,"HAR012020","spring","HAR012020_2020-05-12",1,140
"2808","HAR","HAR02",2020,2020-05-12,2020-05-26,14,"HAR022020","spring","HAR022020_2020-05-12",2,140
"2809","HAR","HAR03",2020,2020-05-12,2020-05-26,14,"HAR032020","spring","HAR032020_2020-05-12",0,140
"2810","HAR","HAR04",2020,2020-05-12,2020-05-26,14,"HAR042020","spring","HAR042020_2020-05-12",0,140
"2811","HAR","HAR05",2020,2020-05-12,2020-05-26,14,"HAR052020","spring","HAR052020_2020-05-12",3,140
"2812","HAR","HAR06",2020,2020-05-12,2020-05-26,14,"HAR062020","spring","HAR062020_2020-05-12",1,140
"2813","HAR","HAR07",2020,2020-05-12,2020-05-26,14,"HAR072020","spring","HAR072020_2020-05-12",1,140
"2814","HAR","HAR08",2020,2020-05-12,2020-05-26,14,"HAR082020","spring","HAR082020_2020-05-12",0,140
"2815","HAR","HAR09",2020,2020-05-12,2020-05-26,14,"HAR092020","spring","HAR092020_2020-05-12",0,140
"2816","HAR","HAR10",2020,2020-05-12,2020-05-26,14,"HAR102020","spring","HAR102020_2020-05-12",1,140
"2817","HAR","HAR11",2020,2020-05-12,2020-05-26,14,"HAR112020","spring","HAR112020_2020-05-12",5,140
"2818","HAR","HAR12",2020,2020-05-12,2020-05-26,14,"HAR122020","spring","HAR122020_2020-05-12",0,140
"2819","HAR","HAR13",2020,2020-05-12,2020-05-26,14,"HAR132020","spring","HAR132020_2020-05-12",7,140
"2820","HAR","HAR14",2020,2020-05-12,2020-05-26,14,"HAR142020","spring","HAR142020_2020-05-12",2,140
"2821","HAR","HAR15",2020,2020-05-12,2020-05-26,14,"HAR152020","spring","HAR152020_2020-05-12",6,140
"2822","HAR","HAR16",2020,2020-05-12,2020-05-26,14,"HAR162020","spring","HAR162020_2020-05-12",4,140
"2823","WAN","WAN01",2020,2020-05-12,2020-05-26,14,"WAN012020","spring","WAN012020_2020-05-12",2,140
"2824","WAN","WAN02",2020,2020-05-12,2020-05-26,14,"WAN022020","spring","WAN022020_2020-05-12",6,140
"2825","WAN","WAN03",2020,2020-05-12,2020-05-26,14,"WAN032020","spring","WAN032020_2020-05-12",2,140
"2826","WAN","WAN05",2020,2020-05-12,2020-05-26,14,"WAN052020","spring","WAN052020_2020-05-12",7,140
"2827","WAN","WAN07",2020,2020-05-12,2020-05-26,14,"WAN072020","spring","WAN072020_2020-05-12",0,140
"2828","WAN","WAN08",2020,2020-05-12,2020-05-26,14,"WAN082020","spring","WAN082020_2020-05-12",8,140
"2829","WAN","WAN09",2020,2020-05-12,2020-05-26,14,"WAN092020","spring","WAN092020_2020-05-12",8,140
"2830","WAN","WAN11",2020,2020-05-12,2020-05-26,14,"WAN112020","spring","WAN112020_2020-05-12",0,140
"2831","WAN","WAN14",2020,2020-05-12,2020-05-26,14,"WAN142020","spring","WAN142020_2020-05-12",10,140
"2832","FBG","FBG01",2020,2020-05-13,2020-05-27,14,"FBG012020","spring","FBG012020_2020-05-13",6,141
"2833","FBG","FBG02",2020,2020-05-13,2020-05-27,14,"FBG022020","spring","FBG022020_2020-05-13",7,141
"2834","FBG","FBG03",2020,2020-05-13,2020-05-27,14,"FBG032020","spring","FBG032020_2020-05-13",2,141
"2835","FBG","FBG04",2020,2020-05-13,2020-05-27,14,"FBG042020","spring","FBG042020_2020-05-13",6,141
"2836","FBG","FBG06",2020,2020-05-13,2020-05-27,14,"FBG062020","spring","FBG062020_2020-05-13",0,141
"2837","FBG","FBG07",2020,2020-05-13,2020-05-27,14,"FBG072020","spring","FBG072020_2020-05-13",0,141
"2838","FBG","FBG08",2020,2020-05-13,2020-05-27,14,"FBG082020","spring","FBG082020_2020-05-13",0,141
"2839","FBG","FBG09",2020,2020-05-13,2020-05-27,14,"FBG092020","spring","FBG092020_2020-05-13",1,141
"2840","FBG","FBG10",2020,2020-05-13,2020-05-27,14,"FBG102020","spring","FBG102020_2020-05-13",8,141
"2841","FBG","FBG11",2020,2020-05-13,2020-05-27,14,"FBG112020","spring","FBG112020_2020-05-13",2,141
"2842","FBG","FBG12",2020,2020-05-13,2020-05-27,14,"FBG122020","spring","FBG122020_2020-05-13",0,141
"2843","FBG","FBG13",2020,2020-05-13,2020-05-27,14,"FBG132020","spring","FBG132020_2020-05-13",6,141
"2844","FBG","FBG14",2020,2020-05-13,2020-05-27,14,"FBG142020","spring","FBG142020_2020-05-13",7,141
"2845","FBG","FBG15",2020,2020-05-13,2020-05-27,14,"FBG152020","spring","FBG152020_2020-05-13",1,141
"2846","FBG","FBG16",2020,2020-05-13,2020-05-27,14,"FBG162020","spring","FBG162020_2020-05-13",6,141
"2847","SST","SST01",2020,2020-05-13,2020-05-27,14,"SST012020","spring","SST012020_2020-05-13",1,141
"2848","SST","SST02",2020,2020-05-13,2020-05-27,14,"SST022020","spring","SST022020_2020-05-13",2,141
"2849","SST","SST03",2020,2020-05-13,2020-05-27,14,"SST032020","spring","SST032020_2020-05-13",1,141
"2850","SST","SST04",2020,2020-05-13,2020-05-27,14,"SST042020","spring","SST042020_2020-05-13",9,141
"2851","SST","SST05",2020,2020-05-13,2020-05-27,14,"SST052020","spring","SST052020_2020-05-13",2,141
"2852","SST","SST06",2020,2020-05-13,2020-05-27,14,"SST062020","spring","SST062020_2020-05-13",1,141
"2853","SST","SST07",2020,2020-05-13,2020-05-27,14,"SST072020","spring","SST072020_2020-05-13",0,141
"2854","SST","SST08",2020,2020-05-13,2020-05-27,14,"SST082020","spring","SST082020_2020-05-13",24,141
"2855","SST","SST09",2020,2020-05-13,2020-05-27,14,"SST092020","spring","SST092020_2020-05-13",4,141
"2856","SST","SST10",2020,2020-05-13,2020-05-27,14,"SST102020","spring","SST102020_2020-05-13",7,141
"2857","SST","SST11",2020,2020-05-13,2020-05-27,14,"SST112020","spring","SST112020_2020-05-13",5,141
"2858","SST","SST12",2020,2020-05-13,2020-05-27,14,"SST122020","spring","SST122020_2020-05-13",4,141
"2859","SST","SST13",2020,2020-05-13,2020-05-27,14,"SST132020","spring","SST132020_2020-05-13",13,141
"2860","SST","SST14",2020,2020-05-13,2020-05-27,14,"SST142020","spring","SST142020_2020-05-13",2,141
"2861","SST","SST15",2020,2020-05-13,2020-05-27,14,"SST152020","spring","SST152020_2020-05-13",1,141
"2862","SST","SST16",2020,2020-05-13,2020-05-27,14,"SST162020","spring","SST162020_2020-05-13",5,141
"2863","GFH","GFH01",2020,2020-05-14,2020-05-29,15,"GFH012020","spring","GFH012020_2020-05-14",3,142.5
"2864","GFH","GFH02",2020,2020-05-14,2020-05-29,15,"GFH022020","spring","GFH022020_2020-05-14",1,142.5
"2865","GFH","GFH03",2020,2020-05-14,2020-05-29,15,"GFH032020","spring","GFH032020_2020-05-14",2,142.5
"2866","GFH","GFH04",2020,2020-05-14,2020-05-29,15,"GFH042020","spring","GFH042020_2020-05-14",8,142.5
"2867","GFH","GFH05",2020,2020-05-14,2020-05-29,15,"GFH052020","spring","GFH052020_2020-05-14",8,142.5
"2868","GFH","GFH06",2020,2020-05-14,2020-05-29,15,"GFH062020","spring","GFH062020_2020-05-14",0,142.5
"2869","GFH","GFH08",2020,2020-05-14,2020-05-29,15,"GFH082020","spring","GFH082020_2020-05-14",0,142.5
"2870","GFH","GFH09",2020,2020-05-14,2020-05-29,15,"GFH092020","spring","GFH092020_2020-05-14",2,142.5
"2871","GFH","GFH10",2020,2020-05-14,2020-05-29,15,"GFH102020","spring","GFH102020_2020-05-14",6,142.5
"2872","GFH","GFH11",2020,2020-05-14,2020-05-29,15,"GFH112020","spring","GFH112020_2020-05-14",1,142.5
"2873","GFH","GFH12",2020,2020-05-14,2020-05-29,15,"GFH122020","spring","GFH122020_2020-05-14",0,142.5
"2874","GFH","GFH13",2020,2020-05-14,2020-05-29,15,"GFH132020","spring","GFH132020_2020-05-14",5,142.5
"2875","GFH","GFH14",2020,2020-05-14,2020-05-29,15,"GFH142020","spring","GFH142020_2020-05-14",1,142.5
"2876","GFH","GFH15",2020,2020-05-14,2020-05-29,15,"GFH152020","spring","GFH152020_2020-05-14",3,142.5
"2877","GFH","GFH16",2020,2020-05-14,2020-05-29,15,"GFH162020","spring","GFH162020_2020-05-14",50,142.5
"2878","SIP","SIP01",2020,2020-05-14,2020-05-29,15,"SIP012020","spring","SIP012020_2020-05-14",0,142.5
"2879","SIP","SIP02",2020,2020-05-14,2020-05-29,15,"SIP022020","spring","SIP022020_2020-05-14",1,142.5
"2880","SIP","SIP03",2020,2020-05-14,2020-05-29,15,"SIP032020","spring","SIP032020_2020-05-14",1,142.5
"2881","SIP","SIP05",2020,2020-05-14,2020-05-29,15,"SIP052020","spring","SIP052020_2020-05-14",0,142.5
"2882","SIP","SIP06",2020,2020-05-14,2020-05-29,15,"SIP062020","spring","SIP062020_2020-05-14",0,142.5
"2883","SIP","SIP07",2020,2020-05-14,2020-05-29,15,"SIP072020","spring","SIP072020_2020-05-14",4,142.5
"2884","SIP","SIP08",2020,2020-05-14,2020-05-29,15,"SIP082020","spring","SIP082020_2020-05-14",0,142.5
"2885","SIP","SIP09",2020,2020-05-14,2020-05-29,15,"SIP092020","spring","SIP092020_2020-05-14",0,142.5
"2886","SIP","SIP10",2020,2020-05-14,2020-05-29,15,"SIP102020","spring","SIP102020_2020-05-14",1,142.5
"2887","SIP","SIP12",2020,2020-05-14,2020-05-29,15,"SIP122020","spring","SIP122020_2020-05-14",0,142.5
"2888","SIP","SIP13",2020,2020-05-14,2020-05-29,15,"SIP132020","spring","SIP132020_2020-05-14",1,142.5
"2889","SIP","SIP14",2020,2020-05-14,2020-05-29,15,"SIP142020","spring","SIP142020_2020-05-14",0,142.5
"2890","SIP","SIP15",2020,2020-05-14,2020-05-29,15,"SIP152020","spring","SIP152020_2020-05-14",0,142.5
"2891","SIP","SIP16",2020,2020-05-14,2020-05-29,15,"SIP162020","spring","SIP162020_2020-05-14",0,142.5
"2892","HAR","HAR01",2021,2021-04-13,2021-04-27,14,"HAR012021","spring","HAR012021_2021-04-13",1,110
"2893","HAR","HAR02",2021,2021-04-13,2021-04-27,14,"HAR022021","spring","HAR022021_2021-04-13",0,110
"2894","HAR","HAR03",2021,2021-04-13,2021-04-27,14,"HAR032021","spring","HAR032021_2021-04-13",0,110
"2895","HAR","HAR04",2021,2021-04-13,2021-04-27,14,"HAR042021","spring","HAR042021_2021-04-13",0,110
"2896","HAR","HAR05",2021,2021-04-13,2021-04-27,14,"HAR052021","spring","HAR052021_2021-04-13",2,110
"2897","HAR","HAR06",2021,2021-04-13,2021-04-27,14,"HAR062021","spring","HAR062021_2021-04-13",1,110
"2898","HAR","HAR07",2021,2021-04-13,2021-04-27,14,"HAR072021","spring","HAR072021_2021-04-13",0,110
"2899","HAR","HAR08",2021,2021-04-13,2021-04-27,14,"HAR082021","spring","HAR082021_2021-04-13",4,110
"2900","HAR","HAR09",2021,2021-04-13,2021-04-27,14,"HAR092021","spring","HAR092021_2021-04-13",3,110
"2901","HAR","HAR10",2021,2021-04-13,2021-04-27,14,"HAR102021","spring","HAR102021_2021-04-13",0,110
"2902","HAR","HAR11",2021,2021-04-13,2021-04-27,14,"HAR112021","spring","HAR112021_2021-04-13",25,110
"2903","HAR","HAR12",2021,2021-04-13,2021-04-27,14,"HAR122021","spring","HAR122021_2021-04-13",0,110
"2904","HAR","HAR14",2021,2021-04-13,2021-04-27,14,"HAR142021","spring","HAR142021_2021-04-13",7,110
"2905","HAR","HAR15",2021,2021-04-13,2021-04-27,14,"HAR152021","spring","HAR152021_2021-04-13",4,110
"2906","HAR","HAR16",2021,2021-04-13,2021-04-27,14,"HAR162021","spring","HAR162021_2021-04-13",3,110
"2907","WAN","WAN01",2021,2021-04-13,2021-04-27,14,"WAN012021","spring","WAN012021_2021-04-13",15,110
"2908","WAN","WAN02",2021,2021-04-13,2021-04-27,14,"WAN022021","spring","WAN022021_2021-04-13",14,110
"2909","WAN","WAN03",2021,2021-04-13,2021-04-27,14,"WAN032021","spring","WAN032021_2021-04-13",0,110
"2910","WAN","WAN04",2021,2021-04-13,2021-04-27,14,"WAN042021","spring","WAN042021_2021-04-13",0,110
"2911","WAN","WAN05",2021,2021-04-13,2021-04-27,14,"WAN052021","spring","WAN052021_2021-04-13",5,110
"2912","WAN","WAN06",2021,2021-04-13,2021-04-27,14,"WAN062021","spring","WAN062021_2021-04-13",1,110
"2913","WAN","WAN07",2021,2021-04-13,2021-04-27,14,"WAN072021","spring","WAN072021_2021-04-13",0,110
"2914","WAN","WAN08",2021,2021-04-13,2021-04-27,14,"WAN082021","spring","WAN082021_2021-04-13",0,110
"2915","WAN","WAN09",2021,2021-04-13,2021-04-27,14,"WAN092021","spring","WAN092021_2021-04-13",2,110
"2916","WAN","WAN10",2021,2021-04-13,2021-04-27,14,"WAN102021","spring","WAN102021_2021-04-13",0,110
"2917","WAN","WAN11",2021,2021-04-13,2021-04-27,14,"WAN112021","spring","WAN112021_2021-04-13",1,110
"2918","WAN","WAN13",2021,2021-04-13,2021-04-27,14,"WAN132021","spring","WAN132021_2021-04-13",0,110
"2919","WAN","WAN14",2021,2021-04-13,2021-04-27,14,"WAN142021","spring","WAN142021_2021-04-13",1,110
"2920","WAN","WAN15",2021,2021-04-13,2021-04-27,14,"WAN152021","spring","WAN152021_2021-04-13",1,110
"2921","WAN","WAN16",2021,2021-04-13,2021-04-27,14,"WAN162021","spring","WAN162021_2021-04-13",3,110
"2922","GFH","GFH01",2021,2021-04-14,2021-04-28,14,"GFH012021","spring","GFH012021_2021-04-14",0,111
"2923","GFH","GFH02",2021,2021-04-14,2021-04-28,14,"GFH022021","spring","GFH022021_2021-04-14",1,111
"2924","GFH","GFH03",2021,2021-04-14,2021-04-28,14,"GFH032021","spring","GFH032021_2021-04-14",0,111
"2925","GFH","GFH04",2021,2021-04-14,2021-04-28,14,"GFH042021","spring","GFH042021_2021-04-14",2,111
"2926","GFH","GFH05",2021,2021-04-14,2021-04-28,14,"GFH052021","spring","GFH052021_2021-04-14",37,111
"2927","GFH","GFH06",2021,2021-04-14,2021-04-28,14,"GFH062021","spring","GFH062021_2021-04-14",0,111
"2928","GFH","GFH07",2021,2021-04-14,2021-04-28,14,"GFH072021","spring","GFH072021_2021-04-14",6,111
"2929","GFH","GFH08",2021,2021-04-14,2021-04-28,14,"GFH082021","spring","GFH082021_2021-04-14",0,111
"2930","GFH","GFH09",2021,2021-04-14,2021-04-28,14,"GFH092021","spring","GFH092021_2021-04-14",2,111
"2931","GFH","GFH10",2021,2021-04-14,2021-04-28,14,"GFH102021","spring","GFH102021_2021-04-14",0,111
"2932","GFH","GFH11",2021,2021-04-14,2021-04-28,14,"GFH112021","spring","GFH112021_2021-04-14",0,111
"2933","GFH","GFH12",2021,2021-04-14,2021-04-28,14,"GFH122021","spring","GFH122021_2021-04-14",0,111
"2934","GFH","GFH13",2021,2021-04-14,2021-04-28,14,"GFH132021","spring","GFH132021_2021-04-14",2,111
"2935","GFH","GFH14",2021,2021-04-14,2021-04-28,14,"GFH142021","spring","GFH142021_2021-04-14",1,111
"2936","GFH","GFH15",2021,2021-04-14,2021-04-28,14,"GFH152021","spring","GFH152021_2021-04-14",1,111
"2937","GFH","GFH16",2021,2021-04-14,2021-04-28,14,"GFH162021","spring","GFH162021_2021-04-14",6,111
"2938","SIP","SIP01",2021,2021-04-14,2021-04-28,14,"SIP012021","spring","SIP012021_2021-04-14",1,111
"2939","SIP","SIP02",2021,2021-04-14,2021-04-28,14,"SIP022021","spring","SIP022021_2021-04-14",1,111
"2940","SIP","SIP03",2021,2021-04-14,2021-04-28,14,"SIP032021","spring","SIP032021_2021-04-14",0,111
"2941","SIP","SIP05",2021,2021-04-14,2021-04-28,14,"SIP052021","spring","SIP052021_2021-04-14",1,111
"2942","SIP","SIP06",2021,2021-04-14,2021-04-28,14,"SIP062021","spring","SIP062021_2021-04-14",0,111
"2943","SIP","SIP07",2021,2021-04-14,2021-04-28,14,"SIP072021","spring","SIP072021_2021-04-14",0,111
"2944","SIP","SIP08",2021,2021-04-14,2021-04-28,14,"SIP082021","spring","SIP082021_2021-04-14",1,111
"2945","SIP","SIP09",2021,2021-04-14,2021-04-28,14,"SIP092021","spring","SIP092021_2021-04-14",0,111
"2946","SIP","SIP10",2021,2021-04-14,2021-04-28,14,"SIP102021","spring","SIP102021_2021-04-14",0,111
"2947","SIP","SIP11",2021,2021-04-14,2021-04-28,14,"SIP112021","spring","SIP112021_2021-04-14",0,111
"2948","SIP","SIP12",2021,2021-04-14,2021-04-28,14,"SIP122021","spring","SIP122021_2021-04-14",0,111
"2949","SIP","SIP13",2021,2021-04-14,2021-04-28,14,"SIP132021","spring","SIP132021_2021-04-14",0,111
"2950","SIP","SIP14",2021,2021-04-14,2021-04-28,14,"SIP142021","spring","SIP142021_2021-04-14",1,111
"2951","SIP","SIP15",2021,2021-04-14,2021-04-28,14,"SIP152021","spring","SIP152021_2021-04-14",0,111
"2952","SIP","SIP16",2021,2021-04-14,2021-04-28,14,"SIP162021","spring","SIP162021_2021-04-14",0,111
"2953","FBG","FBG01",2021,2021-04-15,2021-04-29,14,"FBG012021","spring","FBG012021_2021-04-15",9,112
"2954","FBG","FBG02",2021,2021-04-15,2021-04-29,14,"FBG022021","spring","FBG022021_2021-04-15",12,112
"2955","FBG","FBG03",2021,2021-04-15,2021-04-29,14,"FBG032021","spring","FBG032021_2021-04-15",0,112
"2956","FBG","FBG04",2021,2021-04-15,2021-04-29,14,"FBG042021","spring","FBG042021_2021-04-15",0,112
"2957","FBG","FBG06",2021,2021-04-15,2021-04-29,14,"FBG062021","spring","FBG062021_2021-04-15",3,112
"2958","FBG","FBG07",2021,2021-04-15,2021-04-29,14,"FBG072021","spring","FBG072021_2021-04-15",1,112
"2959","FBG","FBG09",2021,2021-04-15,2021-04-29,14,"FBG092021","spring","FBG092021_2021-04-15",1,112
"2960","FBG","FBG10",2021,2021-04-15,2021-04-29,14,"FBG102021","spring","FBG102021_2021-04-15",9,112
"2961","FBG","FBG11",2021,2021-04-15,2021-04-29,14,"FBG112021","spring","FBG112021_2021-04-15",1,112
"2962","FBG","FBG12",2021,2021-04-15,2021-04-29,14,"FBG122021","spring","FBG122021_2021-04-15",3,112
"2963","FBG","FBG13",2021,2021-04-15,2021-04-29,14,"FBG132021","spring","FBG132021_2021-04-15",0,112
"2964","FBG","FBG14",2021,2021-04-15,2021-04-29,14,"FBG142021","spring","FBG142021_2021-04-15",0,112
"2965","FBG","FBG15",2021,2021-04-15,2021-04-29,14,"FBG152021","spring","FBG152021_2021-04-15",1,112
"2966","FBG","FBG16",2021,2021-04-15,2021-04-29,14,"FBG162021","spring","FBG162021_2021-04-15",53,112
"2967","SST","SST01",2021,2021-04-15,2021-04-29,14,"SST012021","spring","SST012021_2021-04-15",31,112
"2968","SST","SST02",2021,2021-04-15,2021-04-29,14,"SST022021","spring","SST022021_2021-04-15",1,112
"2969","SST","SST03",2021,2021-04-15,2021-04-29,14,"SST032021","spring","SST032021_2021-04-15",13,112
"2970","SST","SST04",2021,2021-04-15,2021-04-29,14,"SST042021","spring","SST042021_2021-04-15",181,112
"2971","SST","SST05",2021,2021-04-15,2021-04-29,14,"SST052021","spring","SST052021_2021-04-15",1,112
"2972","SST","SST06",2021,2021-04-15,2021-04-29,14,"SST062021","spring","SST062021_2021-04-15",8,112
"2973","SST","SST07",2021,2021-04-15,2021-04-29,14,"SST072021","spring","SST072021_2021-04-15",11,112
"2974","SST","SST08",2021,2021-04-15,2021-04-29,14,"SST082021","spring","SST082021_2021-04-15",8,112
"2975","SST","SST09",2021,2021-04-15,2021-04-29,14,"SST092021","spring","SST092021_2021-04-15",0,112
"2976","SST","SST10",2021,2021-04-15,2021-04-29,14,"SST102021","spring","SST102021_2021-04-15",2,112
"2977","SST","SST11",2021,2021-04-15,2021-04-29,14,"SST112021","spring","SST112021_2021-04-15",16,112
"2978","SST","SST12",2021,2021-04-15,2021-04-29,14,"SST122021","spring","SST122021_2021-04-15",5,112
"2979","SST","SST13",2021,2021-04-15,2021-04-29,14,"SST132021","spring","SST132021_2021-04-15",2,112
"2980","SST","SST14",2021,2021-04-15,2021-04-29,14,"SST142021","spring","SST142021_2021-04-15",0,112
"2981","SST","SST15",2021,2021-04-15,2021-04-29,14,"SST152021","spring","SST152021_2021-04-15",2,112
"2982","SST","SST16",2021,2021-04-15,2021-04-29,14,"SST162021","spring","SST162021_2021-04-15",3,112
"2983","HAR","HAR01",2021,2021-04-27,2021-05-11,14,"HAR012021","spring","HAR012021_2021-04-27",0,124
"2984","HAR","HAR02",2021,2021-04-27,2021-05-11,14,"HAR022021","spring","HAR022021_2021-04-27",0,124
"2985","HAR","HAR03",2021,2021-04-27,2021-05-11,14,"HAR032021","spring","HAR032021_2021-04-27",0,124
"2986","HAR","HAR04",2021,2021-04-27,2021-05-11,14,"HAR042021","spring","HAR042021_2021-04-27",0,124
"2987","HAR","HAR05",2021,2021-04-27,2021-05-11,14,"HAR052021","spring","HAR052021_2021-04-27",2,124
"2988","HAR","HAR06",2021,2021-04-27,2021-05-11,14,"HAR062021","spring","HAR062021_2021-04-27",13,124
"2989","HAR","HAR07",2021,2021-04-27,2021-05-11,14,"HAR072021","spring","HAR072021_2021-04-27",0,124
"2990","HAR","HAR08",2021,2021-04-27,2021-05-11,14,"HAR082021","spring","HAR082021_2021-04-27",0,124
"2991","HAR","HAR09",2021,2021-04-27,2021-05-11,14,"HAR092021","spring","HAR092021_2021-04-27",1,124
"2992","HAR","HAR10",2021,2021-04-27,2021-05-11,14,"HAR102021","spring","HAR102021_2021-04-27",1,124
"2993","HAR","HAR11",2021,2021-04-27,2021-05-11,14,"HAR112021","spring","HAR112021_2021-04-27",0,124
"2994","HAR","HAR12",2021,2021-04-27,2021-05-11,14,"HAR122021","spring","HAR122021_2021-04-27",0,124
"2995","HAR","HAR13",2021,2021-04-27,2021-05-11,14,"HAR132021","spring","HAR132021_2021-04-27",10,124
"2996","HAR","HAR14",2021,2021-04-27,2021-05-11,14,"HAR142021","spring","HAR142021_2021-04-27",2,124
"2997","HAR","HAR15",2021,2021-04-27,2021-05-11,14,"HAR152021","spring","HAR152021_2021-04-27",10,124
"2998","HAR","HAR16",2021,2021-04-27,2021-05-11,14,"HAR162021","spring","HAR162021_2021-04-27",2,124
"2999","WAN","WAN01",2021,2021-04-27,2021-05-11,14,"WAN012021","spring","WAN012021_2021-04-27",10,124
"3000","WAN","WAN02",2021,2021-04-27,2021-05-11,14,"WAN022021","spring","WAN022021_2021-04-27",13,124
"3001","WAN","WAN03",2021,2021-04-27,2021-05-11,14,"WAN032021","spring","WAN032021_2021-04-27",0,124
"3002","WAN","WAN04",2021,2021-04-27,2021-05-11,14,"WAN042021","spring","WAN042021_2021-04-27",0,124
"3003","WAN","WAN05",2021,2021-04-27,2021-05-11,14,"WAN052021","spring","WAN052021_2021-04-27",1,124
"3004","WAN","WAN06",2021,2021-04-27,2021-05-11,14,"WAN062021","spring","WAN062021_2021-04-27",0,124
"3005","WAN","WAN07",2021,2021-04-27,2021-05-11,14,"WAN072021","spring","WAN072021_2021-04-27",0,124
"3006","WAN","WAN08",2021,2021-04-27,2021-05-11,14,"WAN082021","spring","WAN082021_2021-04-27",0,124
"3007","WAN","WAN09",2021,2021-04-27,2021-05-11,14,"WAN092021","spring","WAN092021_2021-04-27",0,124
"3008","WAN","WAN10",2021,2021-04-27,2021-05-11,14,"WAN102021","spring","WAN102021_2021-04-27",0,124
"3009","WAN","WAN11",2021,2021-04-27,2021-05-11,14,"WAN112021","spring","WAN112021_2021-04-27",1,124
"3010","WAN","WAN14",2021,2021-04-27,2021-05-11,14,"WAN142021","spring","WAN142021_2021-04-27",6,124
"3011","WAN","WAN15",2021,2021-04-27,2021-05-11,14,"WAN152021","spring","WAN152021_2021-04-27",0,124
"3012","WAN","WAN16",2021,2021-04-27,2021-05-11,14,"WAN162021","spring","WAN162021_2021-04-27",0,124
"3013","GFH","GFH01",2021,2021-04-28,2021-05-12,14,"GFH012021","spring","GFH012021_2021-04-28",0,125
"3014","GFH","GFH02",2021,2021-04-28,2021-05-12,14,"GFH022021","spring","GFH022021_2021-04-28",1,125
"3015","GFH","GFH03",2021,2021-04-28,2021-05-12,14,"GFH032021","spring","GFH032021_2021-04-28",1,125
"3016","GFH","GFH04",2021,2021-04-28,2021-05-12,14,"GFH042021","spring","GFH042021_2021-04-28",1,125
"3017","GFH","GFH05",2021,2021-04-28,2021-05-12,14,"GFH052021","spring","GFH052021_2021-04-28",17,125
"3018","GFH","GFH06",2021,2021-04-28,2021-05-12,14,"GFH062021","spring","GFH062021_2021-04-28",0,125
"3019","GFH","GFH07",2021,2021-04-28,2021-05-12,14,"GFH072021","spring","GFH072021_2021-04-28",1,125
"3020","GFH","GFH08",2021,2021-04-28,2021-05-12,14,"GFH082021","spring","GFH082021_2021-04-28",0,125
"3021","GFH","GFH09",2021,2021-04-28,2021-05-12,14,"GFH092021","spring","GFH092021_2021-04-28",0,125
"3022","GFH","GFH10",2021,2021-04-28,2021-05-12,14,"GFH102021","spring","GFH102021_2021-04-28",0,125
"3023","GFH","GFH11",2021,2021-04-28,2021-05-12,14,"GFH112021","spring","GFH112021_2021-04-28",1,125
"3024","GFH","GFH12",2021,2021-04-28,2021-05-12,14,"GFH122021","spring","GFH122021_2021-04-28",0,125
"3025","GFH","GFH13",2021,2021-04-28,2021-05-12,14,"GFH132021","spring","GFH132021_2021-04-28",1,125
"3026","GFH","GFH14",2021,2021-04-28,2021-05-12,14,"GFH142021","spring","GFH142021_2021-04-28",2,125
"3027","GFH","GFH15",2021,2021-04-28,2021-05-12,14,"GFH152021","spring","GFH152021_2021-04-28",27,125
"3028","GFH","GFH16",2021,2021-04-28,2021-05-12,14,"GFH162021","spring","GFH162021_2021-04-28",0,125
"3029","SIP","SIP01",2021,2021-04-28,2021-05-12,14,"SIP012021","spring","SIP012021_2021-04-28",1,125
"3030","SIP","SIP02",2021,2021-04-28,2021-05-12,14,"SIP022021","spring","SIP022021_2021-04-28",0,125
"3031","SIP","SIP03",2021,2021-04-28,2021-05-12,14,"SIP032021","spring","SIP032021_2021-04-28",0,125
"3032","SIP","SIP05",2021,2021-04-28,2021-05-12,14,"SIP052021","spring","SIP052021_2021-04-28",0,125
"3033","SIP","SIP06",2021,2021-04-28,2021-05-12,14,"SIP062021","spring","SIP062021_2021-04-28",1,125
"3034","SIP","SIP07",2021,2021-04-28,2021-05-12,14,"SIP072021","spring","SIP072021_2021-04-28",0,125
"3035","SIP","SIP08",2021,2021-04-28,2021-05-12,14,"SIP082021","spring","SIP082021_2021-04-28",0,125
"3036","SIP","SIP09",2021,2021-04-28,2021-05-12,14,"SIP092021","spring","SIP092021_2021-04-28",0,125
"3037","SIP","SIP10",2021,2021-04-28,2021-05-12,14,"SIP102021","spring","SIP102021_2021-04-28",0,125
"3038","SIP","SIP11",2021,2021-04-28,2021-05-12,14,"SIP112021","spring","SIP112021_2021-04-28",0,125
"3039","SIP","SIP12",2021,2021-04-28,2021-05-12,14,"SIP122021","spring","SIP122021_2021-04-28",1,125
"3040","SIP","SIP13",2021,2021-04-28,2021-05-12,14,"SIP132021","spring","SIP132021_2021-04-28",1,125
"3041","SIP","SIP14",2021,2021-04-28,2021-05-12,14,"SIP142021","spring","SIP142021_2021-04-28",1,125
"3042","SIP","SIP16",2021,2021-04-28,2021-05-12,14,"SIP162021","spring","SIP162021_2021-04-28",0,125
"3043","FBG","FBG01",2021,2021-04-29,2021-05-13,14,"FBG012021","spring","FBG012021_2021-04-29",5,126
"3044","FBG","FBG02",2021,2021-04-29,2021-05-13,14,"FBG022021","spring","FBG022021_2021-04-29",26,126
"3045","FBG","FBG03",2021,2021-04-29,2021-05-13,14,"FBG032021","spring","FBG032021_2021-04-29",0,126
"3046","FBG","FBG04",2021,2021-04-29,2021-05-13,14,"FBG042021","spring","FBG042021_2021-04-29",0,126
"3047","FBG","FBG05",2021,2021-04-29,2021-05-13,14,"FBG052021","spring","FBG052021_2021-04-29",2,126
"3048","FBG","FBG06",2021,2021-04-29,2021-05-13,14,"FBG062021","spring","FBG062021_2021-04-29",1,126
"3049","FBG","FBG07",2021,2021-04-29,2021-05-13,14,"FBG072021","spring","FBG072021_2021-04-29",1,126
"3050","FBG","FBG08",2021,2021-04-29,2021-05-13,14,"FBG082021","spring","FBG082021_2021-04-29",0,126
"3051","FBG","FBG09",2021,2021-04-29,2021-05-13,14,"FBG092021","spring","FBG092021_2021-04-29",0,126
"3052","FBG","FBG10",2021,2021-04-29,2021-05-13,14,"FBG102021","spring","FBG102021_2021-04-29",1,126
"3053","FBG","FBG11",2021,2021-04-29,2021-05-13,14,"FBG112021","spring","FBG112021_2021-04-29",0,126
"3054","FBG","FBG12",2021,2021-04-29,2021-05-13,14,"FBG122021","spring","FBG122021_2021-04-29",0,126
"3055","FBG","FBG13",2021,2021-04-29,2021-05-13,14,"FBG132021","spring","FBG132021_2021-04-29",0,126
"3056","FBG","FBG14",2021,2021-04-29,2021-05-13,14,"FBG142021","spring","FBG142021_2021-04-29",0,126
"3057","FBG","FBG15",2021,2021-04-29,2021-05-13,14,"FBG152021","spring","FBG152021_2021-04-29",1,126
"3058","FBG","FBG16",2021,2021-04-29,2021-05-13,14,"FBG162021","spring","FBG162021_2021-04-29",3,126
"3059","SST","SST01",2021,2021-04-29,2021-05-13,14,"SST012021","spring","SST012021_2021-04-29",0,126
"3060","SST","SST02",2021,2021-04-29,2021-05-13,14,"SST022021","spring","SST022021_2021-04-29",0,126
"3061","SST","SST03",2021,2021-04-29,2021-05-13,14,"SST032021","spring","SST032021_2021-04-29",4,126
"3062","SST","SST04",2021,2021-04-29,2021-05-13,14,"SST042021","spring","SST042021_2021-04-29",81,126
"3063","SST","SST05",2021,2021-04-29,2021-05-13,14,"SST052021","spring","SST052021_2021-04-29",107,126
"3064","SST","SST07",2021,2021-04-29,2021-05-13,14,"SST072021","spring","SST072021_2021-04-29",2,126
"3065","SST","SST08",2021,2021-04-29,2021-05-13,14,"SST082021","spring","SST082021_2021-04-29",13,126
"3066","SST","SST09",2021,2021-04-29,2021-05-13,14,"SST092021","spring","SST092021_2021-04-29",0,126
"3067","SST","SST10",2021,2021-04-29,2021-05-13,14,"SST102021","spring","SST102021_2021-04-29",12,126
"3068","SST","SST11",2021,2021-04-29,2021-05-13,14,"SST112021","spring","SST112021_2021-04-29",205,126
"3069","SST","SST13",2021,2021-04-29,2021-05-13,14,"SST132021","spring","SST132021_2021-04-29",7,126
"3070","SST","SST14",2021,2021-04-29,2021-05-13,14,"SST142021","spring","SST142021_2021-04-29",0,126
"3071","SST","SST15",2021,2021-04-29,2021-05-13,14,"SST152021","spring","SST152021_2021-04-29",1,126
"3072","SST","SST16",2021,2021-04-29,2021-05-13,14,"SST162021","spring","SST162021_2021-04-29",2,126
"3073","HAR","HAR01",2021,2021-05-11,2021-05-25,14,"HAR012021","spring","HAR012021_2021-05-11",0,138
"3074","HAR","HAR02",2021,2021-05-11,2021-05-25,14,"HAR022021","spring","HAR022021_2021-05-11",0,138
"3075","HAR","HAR03",2021,2021-05-11,2021-05-25,14,"HAR032021","spring","HAR032021_2021-05-11",0,138
"3076","HAR","HAR04",2021,2021-05-11,2021-05-25,14,"HAR042021","spring","HAR042021_2021-05-11",0,138
"3077","HAR","HAR05",2021,2021-05-11,2021-05-25,14,"HAR052021","spring","HAR052021_2021-05-11",5,138
"3078","HAR","HAR06",2021,2021-05-11,2021-05-25,14,"HAR062021","spring","HAR062021_2021-05-11",20,138
"3079","HAR","HAR07",2021,2021-05-11,2021-05-25,14,"HAR072021","spring","HAR072021_2021-05-11",0,138
"3080","HAR","HAR08",2021,2021-05-11,2021-05-25,14,"HAR082021","spring","HAR082021_2021-05-11",0,138
"3081","HAR","HAR10",2021,2021-05-11,2021-05-25,14,"HAR102021","spring","HAR102021_2021-05-11",0,138
"3082","HAR","HAR11",2021,2021-05-11,2021-05-25,14,"HAR112021","spring","HAR112021_2021-05-11",0,138
"3083","HAR","HAR12",2021,2021-05-11,2021-05-25,14,"HAR122021","spring","HAR122021_2021-05-11",0,138
"3084","HAR","HAR13",2021,2021-05-11,2021-05-25,14,"HAR132021","spring","HAR132021_2021-05-11",0,138
"3085","HAR","HAR14",2021,2021-05-11,2021-05-25,14,"HAR142021","spring","HAR142021_2021-05-11",0,138
"3086","HAR","HAR15",2021,2021-05-11,2021-05-25,14,"HAR152021","spring","HAR152021_2021-05-11",4,138
"3087","HAR","HAR16",2021,2021-05-11,2021-05-25,14,"HAR162021","spring","HAR162021_2021-05-11",0,138
"3088","WAN","WAN01",2021,2021-05-11,2021-05-25,14,"WAN012021","spring","WAN012021_2021-05-11",5,138
"3089","WAN","WAN02",2021,2021-05-11,2021-05-25,14,"WAN022021","spring","WAN022021_2021-05-11",0,138
"3090","WAN","WAN03",2021,2021-05-11,2021-05-25,14,"WAN032021","spring","WAN032021_2021-05-11",1,138
"3091","WAN","WAN04",2021,2021-05-11,2021-05-25,14,"WAN042021","spring","WAN042021_2021-05-11",2,138
"3092","WAN","WAN05",2021,2021-05-11,2021-05-25,14,"WAN052021","spring","WAN052021_2021-05-11",0,138
"3093","WAN","WAN06",2021,2021-05-11,2021-05-25,14,"WAN062021","spring","WAN062021_2021-05-11",4,138
"3094","WAN","WAN07",2021,2021-05-11,2021-05-25,14,"WAN072021","spring","WAN072021_2021-05-11",1,138
"3095","WAN","WAN08",2021,2021-05-11,2021-05-25,14,"WAN082021","spring","WAN082021_2021-05-11",0,138
"3096","WAN","WAN09",2021,2021-05-11,2021-05-25,14,"WAN092021","spring","WAN092021_2021-05-11",0,138
"3097","WAN","WAN10",2021,2021-05-11,2021-05-25,14,"WAN102021","spring","WAN102021_2021-05-11",1,138
"3098","WAN","WAN11",2021,2021-05-11,2021-05-25,14,"WAN112021","spring","WAN112021_2021-05-11",0,138
"3099","WAN","WAN12",2021,2021-05-11,2021-05-25,14,"WAN122021","spring","WAN122021_2021-05-11",4,138
"3100","WAN","WAN13",2021,2021-05-11,2021-05-25,14,"WAN132021","spring","WAN132021_2021-05-11",6,138
"3101","WAN","WAN14",2021,2021-05-11,2021-05-25,14,"WAN142021","spring","WAN142021_2021-05-11",5,138
"3102","WAN","WAN15",2021,2021-05-11,2021-05-25,14,"WAN152021","spring","WAN152021_2021-05-11",4,138
"3103","WAN","WAN16",2021,2021-05-11,2021-05-25,14,"WAN162021","spring","WAN162021_2021-05-11",0,138
"3104","GFH","GFH01",2021,2021-05-12,2021-05-26,14,"GFH012021","spring","GFH012021_2021-05-12",0,139
"3105","GFH","GFH02",2021,2021-05-12,2021-05-26,14,"GFH022021","spring","GFH022021_2021-05-12",0,139
"3106","GFH","GFH03",2021,2021-05-12,2021-05-26,14,"GFH032021","spring","GFH032021_2021-05-12",1,139
"3107","GFH","GFH04",2021,2021-05-12,2021-05-26,14,"GFH042021","spring","GFH042021_2021-05-12",1,139
"3108","GFH","GFH06",2021,2021-05-12,2021-05-26,14,"GFH062021","spring","GFH062021_2021-05-12",1,139
"3109","GFH","GFH07",2021,2021-05-12,2021-05-26,14,"GFH072021","spring","GFH072021_2021-05-12",3,139
"3110","GFH","GFH08",2021,2021-05-12,2021-05-26,14,"GFH082021","spring","GFH082021_2021-05-12",0,139
"3111","GFH","GFH09",2021,2021-05-12,2021-05-26,14,"GFH092021","spring","GFH092021_2021-05-12",1,139
"3112","GFH","GFH10",2021,2021-05-12,2021-05-26,14,"GFH102021","spring","GFH102021_2021-05-12",0,139
"3113","GFH","GFH11",2021,2021-05-12,2021-05-26,14,"GFH112021","spring","GFH112021_2021-05-12",2,139
"3114","GFH","GFH12",2021,2021-05-12,2021-05-26,14,"GFH122021","spring","GFH122021_2021-05-12",0,139
"3115","GFH","GFH13",2021,2021-05-12,2021-05-26,14,"GFH132021","spring","GFH132021_2021-05-12",0,139
"3116","GFH","GFH14",2021,2021-05-12,2021-05-26,14,"GFH142021","spring","GFH142021_2021-05-12",2,139
"3117","GFH","GFH15",2021,2021-05-12,2021-05-26,14,"GFH152021","spring","GFH152021_2021-05-12",37,139
"3118","GFH","GFH16",2021,2021-05-12,2021-05-26,14,"GFH162021","spring","GFH162021_2021-05-12",2,139
"3119","SIP","SIP01",2021,2021-05-12,2021-05-26,14,"SIP012021","spring","SIP012021_2021-05-12",0,139
"3120","SIP","SIP02",2021,2021-05-12,2021-05-26,14,"SIP022021","spring","SIP022021_2021-05-12",0,139
"3121","SIP","SIP03",2021,2021-05-12,2021-05-26,14,"SIP032021","spring","SIP032021_2021-05-12",0,139
"3122","SIP","SIP05",2021,2021-05-12,2021-05-26,14,"SIP052021","spring","SIP052021_2021-05-12",0,139
"3123","SIP","SIP06",2021,2021-05-12,2021-05-26,14,"SIP062021","spring","SIP062021_2021-05-12",1,139
"3124","SIP","SIP07",2021,2021-05-12,2021-05-26,14,"SIP072021","spring","SIP072021_2021-05-12",0,139
"3125","SIP","SIP08",2021,2021-05-12,2021-05-26,14,"SIP082021","spring","SIP082021_2021-05-12",0,139
"3126","SIP","SIP09",2021,2021-05-12,2021-05-26,14,"SIP092021","spring","SIP092021_2021-05-12",0,139
"3127","SIP","SIP10",2021,2021-05-12,2021-05-26,14,"SIP102021","spring","SIP102021_2021-05-12",0,139
"3128","SIP","SIP11",2021,2021-05-12,2021-05-26,14,"SIP112021","spring","SIP112021_2021-05-12",0,139
"3129","SIP","SIP12",2021,2021-05-12,2021-05-26,14,"SIP122021","spring","SIP122021_2021-05-12",0,139
"3130","SIP","SIP13",2021,2021-05-12,2021-05-26,14,"SIP132021","spring","SIP132021_2021-05-12",0,139
"3131","SIP","SIP14",2021,2021-05-12,2021-05-26,14,"SIP142021","spring","SIP142021_2021-05-12",0,139
"3132","SIP","SIP15",2021,2021-05-12,2021-05-26,14,"SIP152021","spring","SIP152021_2021-05-12",1,139
"3133","SIP","SIP16",2021,2021-05-12,2021-05-26,14,"SIP162021","spring","SIP162021_2021-05-12",0,139
"3134","FBG","FBG01",2021,2021-05-13,2021-05-27,14,"FBG012021","spring","FBG012021_2021-05-13",6,140
"3135","FBG","FBG02",2021,2021-05-13,2021-05-27,14,"FBG022021","spring","FBG022021_2021-05-13",9,140
"3136","FBG","FBG03",2021,2021-05-13,2021-05-27,14,"FBG032021","spring","FBG032021_2021-05-13",0,140
"3137","FBG","FBG04",2021,2021-05-13,2021-05-27,14,"FBG042021","spring","FBG042021_2021-05-13",2,140
"3138","FBG","FBG05",2021,2021-05-13,2021-05-27,14,"FBG052021","spring","FBG052021_2021-05-13",1,140
"3139","FBG","FBG06",2021,2021-05-13,2021-05-27,14,"FBG062021","spring","FBG062021_2021-05-13",2,140
"3140","FBG","FBG07",2021,2021-05-13,2021-05-27,14,"FBG072021","spring","FBG072021_2021-05-13",2,140
"3141","FBG","FBG08",2021,2021-05-13,2021-05-27,14,"FBG082021","spring","FBG082021_2021-05-13",0,140
"3142","FBG","FBG09",2021,2021-05-13,2021-05-27,14,"FBG092021","spring","FBG092021_2021-05-13",0,140
"3143","FBG","FBG10",2021,2021-05-13,2021-05-27,14,"FBG102021","spring","FBG102021_2021-05-13",0,140
"3144","FBG","FBG11",2021,2021-05-13,2021-05-27,14,"FBG112021","spring","FBG112021_2021-05-13",0,140
"3145","FBG","FBG12",2021,2021-05-13,2021-05-27,14,"FBG122021","spring","FBG122021_2021-05-13",1,140
"3146","FBG","FBG13",2021,2021-05-13,2021-05-27,14,"FBG132021","spring","FBG132021_2021-05-13",4,140
"3147","FBG","FBG14",2021,2021-05-13,2021-05-27,14,"FBG142021","spring","FBG142021_2021-05-13",0,140
"3148","FBG","FBG15",2021,2021-05-13,2021-05-27,14,"FBG152021","spring","FBG152021_2021-05-13",0,140
"3149","FBG","FBG16",2021,2021-05-13,2021-05-27,14,"FBG162021","spring","FBG162021_2021-05-13",2,140
"3150","SST","SST01",2021,2021-05-13,2021-05-27,14,"SST012021","spring","SST012021_2021-05-13",0,140
"3151","SST","SST02",2021,2021-05-13,2021-05-27,14,"SST022021","spring","SST022021_2021-05-13",4,140
"3152","SST","SST03",2021,2021-05-13,2021-05-27,14,"SST032021","spring","SST032021_2021-05-13",3,140
"3153","SST","SST04",2021,2021-05-13,2021-05-27,14,"SST042021","spring","SST042021_2021-05-13",112,140
"3154","SST","SST05",2021,2021-05-13,2021-05-27,14,"SST052021","spring","SST052021_2021-05-13",4,140
"3155","SST","SST06",2021,2021-05-13,2021-05-27,14,"SST062021","spring","SST062021_2021-05-13",9,140
"3156","SST","SST07",2021,2021-05-13,2021-05-27,14,"SST072021","spring","SST072021_2021-05-13",10,140
"3157","SST","SST08",2021,2021-05-13,2021-05-27,14,"SST082021","spring","SST082021_2021-05-13",7,140
"3158","SST","SST09",2021,2021-05-13,2021-05-27,14,"SST092021","spring","SST092021_2021-05-13",4,140
"3159","SST","SST10",2021,2021-05-13,2021-05-27,14,"SST102021","spring","SST102021_2021-05-13",2,140
"3160","SST","SST11",2021,2021-05-13,2021-05-27,14,"SST112021","spring","SST112021_2021-05-13",78,140
"3161","SST","SST12",2021,2021-05-13,2021-05-27,14,"SST122021","spring","SST122021_2021-05-13",10,140
"3162","SST","SST13",2021,2021-05-13,2021-05-27,14,"SST132021","spring","SST132021_2021-05-13",1,140
"3163","SST","SST14",2021,2021-05-13,2021-05-27,14,"SST142021","spring","SST142021_2021-05-13",0,140
"3164","SST","SST15",2021,2021-05-13,2021-05-27,14,"SST152021","spring","SST152021_2021-05-13",3,140
"3165","SST","SST16",2021,2021-05-13,2021-05-27,14,"SST162021","spring","SST162021_2021-05-13",6,140
"3166","HAR","HAR01",2021,2021-05-25,2021-06-08,14,"HAR012021","spring","HAR012021_2021-05-25",2,152
"3167","HAR","HAR02",2021,2021-05-25,2021-06-08,14,"HAR022021","spring","HAR022021_2021-05-25",3,152
"3168","HAR","HAR03",2021,2021-05-25,2021-06-08,14,"HAR032021","spring","HAR032021_2021-05-25",1,152
"3169","HAR","HAR04",2021,2021-05-25,2021-06-08,14,"HAR042021","spring","HAR042021_2021-05-25",0,152
"3170","HAR","HAR05",2021,2021-05-25,2021-06-08,14,"HAR052021","spring","HAR052021_2021-05-25",3,152
"3171","HAR","HAR06",2021,2021-05-25,2021-06-08,14,"HAR062021","spring","HAR062021_2021-05-25",9,152
"3172","HAR","HAR07",2021,2021-05-25,2021-06-08,14,"HAR072021","spring","HAR072021_2021-05-25",1,152
"3173","HAR","HAR08",2021,2021-05-25,2021-06-08,14,"HAR082021","spring","HAR082021_2021-05-25",2,152
"3174","HAR","HAR09",2021,2021-05-25,2021-06-08,14,"HAR092021","spring","HAR092021_2021-05-25",1,152
"3175","HAR","HAR10",2021,2021-05-25,2021-06-08,14,"HAR102021","spring","HAR102021_2021-05-25",2,152
"3176","HAR","HAR11",2021,2021-05-25,2021-06-08,14,"HAR112021","spring","HAR112021_2021-05-25",1,152
"3177","HAR","HAR12",2021,2021-05-25,2021-06-08,14,"HAR122021","spring","HAR122021_2021-05-25",2,152
"3178","HAR","HAR13",2021,2021-05-25,2021-06-08,14,"HAR132021","spring","HAR132021_2021-05-25",7,152
"3179","HAR","HAR14",2021,2021-05-25,2021-06-08,14,"HAR142021","spring","HAR142021_2021-05-25",6,152
"3180","HAR","HAR15",2021,2021-05-25,2021-06-08,14,"HAR152021","spring","HAR152021_2021-05-25",5,152
"3181","HAR","HAR16",2021,2021-05-25,2021-06-08,14,"HAR162021","spring","HAR162021_2021-05-25",3,152
"3182","WAN","WAN01",2021,2021-05-25,2021-06-08,14,"WAN012021","spring","WAN012021_2021-05-25",8,152
"3183","WAN","WAN02",2021,2021-05-25,2021-06-08,14,"WAN022021","spring","WAN022021_2021-05-25",4,152
"3184","WAN","WAN03",2021,2021-05-25,2021-06-08,14,"WAN032021","spring","WAN032021_2021-05-25",0,152
"3185","WAN","WAN04",2021,2021-05-25,2021-06-08,14,"WAN042021","spring","WAN042021_2021-05-25",3,152
"3186","WAN","WAN05",2021,2021-05-25,2021-06-08,14,"WAN052021","spring","WAN052021_2021-05-25",7,152
"3187","WAN","WAN06",2021,2021-05-25,2021-06-08,14,"WAN062021","spring","WAN062021_2021-05-25",4,152
"3188","WAN","WAN07",2021,2021-05-25,2021-06-08,14,"WAN072021","spring","WAN072021_2021-05-25",0,152
"3189","WAN","WAN09",2021,2021-05-25,2021-06-08,14,"WAN092021","spring","WAN092021_2021-05-25",3,152
"3190","WAN","WAN11",2021,2021-05-25,2021-06-08,14,"WAN112021","spring","WAN112021_2021-05-25",2,152
"3191","WAN","WAN12",2021,2021-05-25,2021-06-08,14,"WAN122021","spring","WAN122021_2021-05-25",4,152
"3192","WAN","WAN13",2021,2021-05-25,2021-06-08,14,"WAN132021","spring","WAN132021_2021-05-25",8,152
"3193","WAN","WAN14",2021,2021-05-25,2021-06-08,14,"WAN142021","spring","WAN142021_2021-05-25",9,152
"3194","WAN","WAN15",2021,2021-05-25,2021-06-08,14,"WAN152021","spring","WAN152021_2021-05-25",2,152
"3195","WAN","WAN16",2021,2021-05-25,2021-06-08,14,"WAN162021","spring","WAN162021_2021-05-25",0,152
"3196","GFH","GFH01",2021,2021-05-26,2021-06-09,14,"GFH012021","spring","GFH012021_2021-05-26",0,153
"3197","GFH","GFH02",2021,2021-05-26,2021-06-09,14,"GFH022021","spring","GFH022021_2021-05-26",2,153
"3198","GFH","GFH03",2021,2021-05-26,2021-06-09,14,"GFH032021","spring","GFH032021_2021-05-26",4,153
"3199","GFH","GFH04",2021,2021-05-26,2021-06-09,14,"GFH042021","spring","GFH042021_2021-05-26",1,153
"3200","GFH","GFH05",2021,2021-05-26,2021-06-09,14,"GFH052021","spring","GFH052021_2021-05-26",8,153
"3201","GFH","GFH06",2021,2021-05-26,2021-06-09,14,"GFH062021","spring","GFH062021_2021-05-26",3,153
"3202","GFH","GFH07",2021,2021-05-26,2021-06-09,14,"GFH072021","spring","GFH072021_2021-05-26",2,153
"3203","GFH","GFH08",2021,2021-05-26,2021-06-09,14,"GFH082021","spring","GFH082021_2021-05-26",4,153
"3204","GFH","GFH09",2021,2021-05-26,2021-06-09,14,"GFH092021","spring","GFH092021_2021-05-26",2,153
"3205","GFH","GFH10",2021,2021-05-26,2021-06-09,14,"GFH102021","spring","GFH102021_2021-05-26",8,153
"3206","GFH","GFH11",2021,2021-05-26,2021-06-09,14,"GFH112021","spring","GFH112021_2021-05-26",3,153
"3207","GFH","GFH12",2021,2021-05-26,2021-06-09,14,"GFH122021","spring","GFH122021_2021-05-26",2,153
"3208","GFH","GFH13",2021,2021-05-26,2021-06-09,14,"GFH132021","spring","GFH132021_2021-05-26",2,153
"3209","GFH","GFH14",2021,2021-05-26,2021-06-09,14,"GFH142021","spring","GFH142021_2021-05-26",0,153
"3210","GFH","GFH15",2021,2021-05-26,2021-06-09,14,"GFH152021","spring","GFH152021_2021-05-26",31,153
"3211","GFH","GFH16",2021,2021-05-26,2021-06-09,14,"GFH162021","spring","GFH162021_2021-05-26",12,153
"3212","SIP","SIP01",2021,2021-05-26,2021-06-09,14,"SIP012021","spring","SIP012021_2021-05-26",1,153
"3213","SIP","SIP03",2021,2021-05-26,2021-06-09,14,"SIP032021","spring","SIP032021_2021-05-26",0,153
"3214","SIP","SIP05",2021,2021-05-26,2021-06-09,14,"SIP052021","spring","SIP052021_2021-05-26",5,153
"3215","SIP","SIP06",2021,2021-05-26,2021-06-09,14,"SIP062021","spring","SIP062021_2021-05-26",2,153
"3216","SIP","SIP07",2021,2021-05-26,2021-06-09,14,"SIP072021","spring","SIP072021_2021-05-26",3,153
"3217","SIP","SIP08",2021,2021-05-26,2021-06-09,14,"SIP082021","spring","SIP082021_2021-05-26",0,153
"3218","SIP","SIP09",2021,2021-05-26,2021-06-09,14,"SIP092021","spring","SIP092021_2021-05-26",0,153
"3219","SIP","SIP10",2021,2021-05-26,2021-06-09,14,"SIP102021","spring","SIP102021_2021-05-26",1,153
"3220","SIP","SIP11",2021,2021-05-26,2021-06-09,14,"SIP112021","spring","SIP112021_2021-05-26",7,153
"3221","SIP","SIP12",2021,2021-05-26,2021-06-09,14,"SIP122021","spring","SIP122021_2021-05-26",0,153
"3222","SIP","SIP13",2021,2021-05-26,2021-06-09,14,"SIP132021","spring","SIP132021_2021-05-26",0,153
"3223","SIP","SIP14",2021,2021-05-26,2021-06-09,14,"SIP142021","spring","SIP142021_2021-05-26",0,153
"3224","SIP","SIP15",2021,2021-05-26,2021-06-09,14,"SIP152021","spring","SIP152021_2021-05-26",3,153
"3225","SIP","SIP16",2021,2021-05-26,2021-06-09,14,"SIP162021","spring","SIP162021_2021-05-26",0,153
"3226","FBG","FBG01",2021,2021-05-27,2021-06-10,14,"FBG012021","spring","FBG012021_2021-05-27",1,154
"3227","FBG","FBG02",2021,2021-05-27,2021-06-10,14,"FBG022021","spring","FBG022021_2021-05-27",11,154
"3228","FBG","FBG03",2021,2021-05-27,2021-06-10,14,"FBG032021","spring","FBG032021_2021-05-27",2,154
"3229","FBG","FBG05",2021,2021-05-27,2021-06-10,14,"FBG052021","spring","FBG052021_2021-05-27",1,154
"3230","FBG","FBG06",2021,2021-05-27,2021-06-10,14,"FBG062021","spring","FBG062021_2021-05-27",7,154
"3231","FBG","FBG07",2021,2021-05-27,2021-06-10,14,"FBG072021","spring","FBG072021_2021-05-27",6,154
"3232","FBG","FBG08",2021,2021-05-27,2021-06-10,14,"FBG082021","spring","FBG082021_2021-05-27",1,154
"3233","FBG","FBG09",2021,2021-05-27,2021-06-10,14,"FBG092021","spring","FBG092021_2021-05-27",1,154
"3234","FBG","FBG10",2021,2021-05-27,2021-06-10,14,"FBG102021","spring","FBG102021_2021-05-27",1,154
"3235","FBG","FBG11",2021,2021-05-27,2021-06-10,14,"FBG112021","spring","FBG112021_2021-05-27",1,154
"3236","FBG","FBG12",2021,2021-05-27,2021-06-10,14,"FBG122021","spring","FBG122021_2021-05-27",2,154
"3237","FBG","FBG13",2021,2021-05-27,2021-06-10,14,"FBG132021","spring","FBG132021_2021-05-27",3,154
"3238","FBG","FBG14",2021,2021-05-27,2021-06-10,14,"FBG142021","spring","FBG142021_2021-05-27",1,154
"3239","FBG","FBG16",2021,2021-05-27,2021-06-10,14,"FBG162021","spring","FBG162021_2021-05-27",4,154
"3240","SST","SST01",2021,2021-05-27,2021-06-10,14,"SST012021","spring","SST012021_2021-05-27",6,154
"3241","SST","SST02",2021,2021-05-27,2021-06-10,14,"SST022021","spring","SST022021_2021-05-27",37,154
"3242","SST","SST03",2021,2021-05-27,2021-06-10,14,"SST032021","spring","SST032021_2021-05-27",9,154
"3243","SST","SST05",2021,2021-05-27,2021-06-10,14,"SST052021","spring","SST052021_2021-05-27",18,154
"3244","SST","SST06",2021,2021-05-27,2021-06-10,14,"SST062021","spring","SST062021_2021-05-27",7,154
"3245","SST","SST07",2021,2021-05-27,2021-06-10,14,"SST072021","spring","SST072021_2021-05-27",4,154
"3246","SST","SST08",2021,2021-05-27,2021-06-10,14,"SST082021","spring","SST082021_2021-05-27",28,154
"3247","SST","SST09",2021,2021-05-27,2021-06-10,14,"SST092021","spring","SST092021_2021-05-27",3,154
"3248","SST","SST10",2021,2021-05-27,2021-06-10,14,"SST102021","spring","SST102021_2021-05-27",17,154
"3249","SST","SST11",2021,2021-05-27,2021-06-10,14,"SST112021","spring","SST112021_2021-05-27",50,154
"3250","SST","SST12",2021,2021-05-27,2021-06-10,14,"SST122021","spring","SST122021_2021-05-27",10,154
"3251","SST","SST13",2021,2021-05-27,2021-06-10,14,"SST132021","spring","SST132021_2021-05-27",17,154
"3252","SST","SST14",2021,2021-05-27,2021-06-10,14,"SST142021","spring","SST142021_2021-05-27",6,154
"3253","SST","SST15",2021,2021-05-27,2021-06-10,14,"SST152021","spring","SST152021_2021-05-27",7,154
"3254","SST","SST16",2021,2021-05-27,2021-06-10,14,"SST162021","spring","SST162021_2021-05-27",8,154
"3255","FBG","FBG01",2010,2010-08-02,2010-08-16,14,"FBG012010","summer","FBG012010_2010-08-02",0,221
"3256","FBG","FBG02",2010,2010-08-02,2010-08-16,14,"FBG022010","summer","FBG022010_2010-08-02",2,221
"3257","FBG","FBG03",2010,2010-08-02,2010-08-16,14,"FBG032010","summer","FBG032010_2010-08-02",1,221
"3258","FBG","FBG04",2010,2010-08-02,2010-08-16,14,"FBG042010","summer","FBG042010_2010-08-02",0,221
"3259","FBG","FBG05",2010,2010-08-02,2010-08-16,14,"FBG052010","summer","FBG052010_2010-08-02",0,221
"3260","FBG","FBG06",2010,2010-08-02,2010-08-16,14,"FBG062010","summer","FBG062010_2010-08-02",0,221
"3261","FBG","FBG07",2010,2010-08-02,2010-08-16,14,"FBG072010","summer","FBG072010_2010-08-02",1,221
"3262","FBG","FBG08",2010,2010-08-02,2010-08-16,14,"FBG082010","summer","FBG082010_2010-08-02",2,221
"3263","FBG","FBG09",2010,2010-08-02,2010-08-16,14,"FBG092010","summer","FBG092010_2010-08-02",0,221
"3264","FBG","FBG10",2010,2010-08-02,2010-08-16,14,"FBG102010","summer","FBG102010_2010-08-02",1,221
"3265","FBG","FBG11",2010,2010-08-02,2010-08-16,14,"FBG112010","summer","FBG112010_2010-08-02",0,221
"3266","FBG","FBG12",2010,2010-08-02,2010-08-16,14,"FBG122010","summer","FBG122010_2010-08-02",0,221
"3267","FBG","FBG13",2010,2010-08-02,2010-08-16,14,"FBG132010","summer","FBG132010_2010-08-02",1,221
"3268","FBG","FBG14",2010,2010-08-02,2010-08-16,14,"FBG142010","summer","FBG142010_2010-08-02",0,221
"3269","FBG","FBG15",2010,2010-08-02,2010-08-16,14,"FBG152010","summer","FBG152010_2010-08-02",2,221
"3270","FBG","FBG16",2010,2010-08-02,2010-08-16,14,"FBG162010","summer","FBG162010_2010-08-02",4,221
"3271","SST","SST01",2010,2010-08-02,2010-08-16,14,"SST012010","summer","SST012010_2010-08-02",0,221
"3272","SST","SST02",2010,2010-08-02,2010-08-16,14,"SST022010","summer","SST022010_2010-08-02",1,221
"3273","SST","SST03",2010,2010-08-02,2010-08-16,14,"SST032010","summer","SST032010_2010-08-02",5,221
"3274","SST","SST04",2010,2010-08-02,2010-08-16,14,"SST042010","summer","SST042010_2010-08-02",1,221
"3275","SST","SST05",2010,2010-08-02,2010-08-16,14,"SST052010","summer","SST052010_2010-08-02",0,221
"3276","SST","SST06",2010,2010-08-02,2010-08-16,14,"SST062010","summer","SST062010_2010-08-02",0,221
"3277","SST","SST07",2010,2010-08-02,2010-08-16,14,"SST072010","summer","SST072010_2010-08-02",0,221
"3278","SST","SST08",2010,2010-08-02,2010-08-16,14,"SST082010","summer","SST082010_2010-08-02",0,221
"3279","SST","SST09",2010,2010-08-02,2010-08-16,14,"SST092010","summer","SST092010_2010-08-02",2,221
"3280","SST","SST10",2010,2010-08-02,2010-08-16,14,"SST102010","summer","SST102010_2010-08-02",0,221
"3281","SST","SST11",2010,2010-08-02,2010-08-16,14,"SST112010","summer","SST112010_2010-08-02",1,221
"3282","SST","SST12",2010,2010-08-02,2010-08-16,14,"SST122010","summer","SST122010_2010-08-02",0,221
"3283","SST","SST13",2010,2010-08-02,2010-08-16,14,"SST132010","summer","SST132010_2010-08-02",2,221
"3284","SST","SST14",2010,2010-08-02,2010-08-16,14,"SST142010","summer","SST142010_2010-08-02",0,221
"3285","SST","SST15",2010,2010-08-02,2010-08-16,14,"SST152010","summer","SST152010_2010-08-02",0,221
"3286","SST","SST16",2010,2010-08-02,2010-08-16,14,"SST162010","summer","SST162010_2010-08-02",0,221
"3287","HAR","HAR01",2010,2010-08-03,2010-08-17,14,"HAR012010","summer","HAR012010_2010-08-03",0,222
"3288","HAR","HAR02",2010,2010-08-03,2010-08-17,14,"HAR022010","summer","HAR022010_2010-08-03",1,222
"3289","HAR","HAR03",2010,2010-08-03,2010-08-17,14,"HAR032010","summer","HAR032010_2010-08-03",2,222
"3290","HAR","HAR04",2010,2010-08-03,2010-08-17,14,"HAR042010","summer","HAR042010_2010-08-03",0,222
"3291","HAR","HAR05",2010,2010-08-03,2010-08-17,14,"HAR052010","summer","HAR052010_2010-08-03",0,222
"3292","HAR","HAR06",2010,2010-08-03,2010-08-17,14,"HAR062010","summer","HAR062010_2010-08-03",0,222
"3293","HAR","HAR07",2010,2010-08-03,2010-08-17,14,"HAR072010","summer","HAR072010_2010-08-03",6,222
"3294","HAR","HAR09",2010,2010-08-03,2010-08-17,14,"HAR092010","summer","HAR092010_2010-08-03",6,222
"3295","HAR","HAR10",2010,2010-08-03,2010-08-17,14,"HAR102010","summer","HAR102010_2010-08-03",2,222
"3296","HAR","HAR11",2010,2010-08-03,2010-08-17,14,"HAR112010","summer","HAR112010_2010-08-03",28,222
"3297","HAR","HAR13",2010,2010-08-03,2010-08-17,14,"HAR132010","summer","HAR132010_2010-08-03",5,222
"3298","HAR","HAR14",2010,2010-08-03,2010-08-17,14,"HAR142010","summer","HAR142010_2010-08-03",1,222
"3299","HAR","HAR15",2010,2010-08-03,2010-08-17,14,"HAR152010","summer","HAR152010_2010-08-03",5,222
"3300","HAR","HAR16",2010,2010-08-03,2010-08-17,14,"HAR162010","summer","HAR162010_2010-08-03",1,222
"3301","WAN","WAN01",2010,2010-08-03,2010-08-17,14,"WAN012010","summer","WAN012010_2010-08-03",0,222
"3302","WAN","WAN02",2010,2010-08-03,2010-08-17,14,"WAN022010","summer","WAN022010_2010-08-03",0,222
"3303","WAN","WAN03",2010,2010-08-03,2010-08-17,14,"WAN032010","summer","WAN032010_2010-08-03",1,222
"3304","WAN","WAN04",2010,2010-08-03,2010-08-17,14,"WAN042010","summer","WAN042010_2010-08-03",0,222
"3305","WAN","WAN05",2010,2010-08-03,2010-08-17,14,"WAN052010","summer","WAN052010_2010-08-03",0,222
"3306","WAN","WAN06",2010,2010-08-03,2010-08-17,14,"WAN062010","summer","WAN062010_2010-08-03",0,222
"3307","WAN","WAN07",2010,2010-08-03,2010-08-17,14,"WAN072010","summer","WAN072010_2010-08-03",0,222
"3308","WAN","WAN08",2010,2010-08-03,2010-08-17,14,"WAN082010","summer","WAN082010_2010-08-03",0,222
"3309","WAN","WAN10",2010,2010-08-03,2010-08-17,14,"WAN102010","summer","WAN102010_2010-08-03",0,222
"3310","WAN","WAN11",2010,2010-08-03,2010-08-17,14,"WAN112010","summer","WAN112010_2010-08-03",0,222
"3311","WAN","WAN12",2010,2010-08-03,2010-08-17,14,"WAN122010","summer","WAN122010_2010-08-03",0,222
"3312","WAN","WAN14",2010,2010-08-03,2010-08-17,14,"WAN142010","summer","WAN142010_2010-08-03",0,222
"3313","WAN","WAN15",2010,2010-08-03,2010-08-17,14,"WAN152010","summer","WAN152010_2010-08-03",1,222
"3314","WAN","WAN16",2010,2010-08-03,2010-08-17,14,"WAN162010","summer","WAN162010_2010-08-03",4,222
"3315","GFH","GFH01",2010,2010-08-04,2010-08-18,14,"GFH012010","summer","GFH012010_2010-08-04",0,223
"3316","GFH","GFH02",2010,2010-08-04,2010-08-18,14,"GFH022010","summer","GFH022010_2010-08-04",0,223
"3317","GFH","GFH03",2010,2010-08-04,2010-08-18,14,"GFH032010","summer","GFH032010_2010-08-04",0,223
"3318","GFH","GFH04",2010,2010-08-04,2010-08-18,14,"GFH042010","summer","GFH042010_2010-08-04",0,223
"3319","GFH","GFH05",2010,2010-08-04,2010-08-18,14,"GFH052010","summer","GFH052010_2010-08-04",2,223
"3320","GFH","GFH06",2010,2010-08-04,2010-08-18,14,"GFH062010","summer","GFH062010_2010-08-04",0,223
"3321","GFH","GFH07",2010,2010-08-04,2010-08-18,14,"GFH072010","summer","GFH072010_2010-08-04",0,223
"3322","GFH","GFH08",2010,2010-08-04,2010-08-18,14,"GFH082010","summer","GFH082010_2010-08-04",0,223
"3323","GFH","GFH09",2010,2010-08-04,2010-08-18,14,"GFH092010","summer","GFH092010_2010-08-04",2,223
"3324","GFH","GFH10",2010,2010-08-04,2010-08-18,14,"GFH102010","summer","GFH102010_2010-08-04",0,223
"3325","GFH","GFH11",2010,2010-08-04,2010-08-18,14,"GFH112010","summer","GFH112010_2010-08-04",1,223
"3326","GFH","GFH12",2010,2010-08-04,2010-08-18,14,"GFH122010","summer","GFH122010_2010-08-04",1,223
"3327","GFH","GFH13",2010,2010-08-04,2010-08-18,14,"GFH132010","summer","GFH132010_2010-08-04",2,223
"3328","GFH","GFH14",2010,2010-08-04,2010-08-18,14,"GFH142010","summer","GFH142010_2010-08-04",1,223
"3329","GFH","GFH15",2010,2010-08-04,2010-08-18,14,"GFH152010","summer","GFH152010_2010-08-04",5,223
"3330","GFH","GFH16",2010,2010-08-04,2010-08-18,14,"GFH162010","summer","GFH162010_2010-08-04",0,223
"3331","SIP","SIP01",2010,2010-08-04,2010-08-18,14,"SIP012010","summer","SIP012010_2010-08-04",0,223
"3332","SIP","SIP02",2010,2010-08-04,2010-08-18,14,"SIP022010","summer","SIP022010_2010-08-04",1,223
"3333","SIP","SIP03",2010,2010-08-04,2010-08-18,14,"SIP032010","summer","SIP032010_2010-08-04",0,223
"3334","SIP","SIP05",2010,2010-08-04,2010-08-18,14,"SIP052010","summer","SIP052010_2010-08-04",1,223
"3335","SIP","SIP06",2010,2010-08-04,2010-08-18,14,"SIP062010","summer","SIP062010_2010-08-04",2,223
"3336","SIP","SIP07",2010,2010-08-04,2010-08-18,14,"SIP072010","summer","SIP072010_2010-08-04",1,223
"3337","SIP","SIP08",2010,2010-08-04,2010-08-18,14,"SIP082010","summer","SIP082010_2010-08-04",0,223
"3338","SIP","SIP09",2010,2010-08-04,2010-08-18,14,"SIP092010","summer","SIP092010_2010-08-04",0,223
"3339","SIP","SIP10",2010,2010-08-04,2010-08-18,14,"SIP102010","summer","SIP102010_2010-08-04",1,223
"3340","SIP","SIP11",2010,2010-08-04,2010-08-18,14,"SIP112010","summer","SIP112010_2010-08-04",1,223
"3341","SIP","SIP12",2010,2010-08-04,2010-08-18,14,"SIP122010","summer","SIP122010_2010-08-04",1,223
"3342","SIP","SIP13",2010,2010-08-04,2010-08-18,14,"SIP132010","summer","SIP132010_2010-08-04",0,223
"3343","SIP","SIP14",2010,2010-08-04,2010-08-18,14,"SIP142010","summer","SIP142010_2010-08-04",1,223
"3344","SIP","SIP15",2010,2010-08-04,2010-08-18,14,"SIP152010","summer","SIP152010_2010-08-04",0,223
"3345","SIP","SIP16",2010,2010-08-04,2010-08-18,14,"SIP162010","summer","SIP162010_2010-08-04",2,223
"3346","FBG","FBG01",2010,2010-08-16,2010-08-30,14,"FBG012010","summer","FBG012010_2010-08-16",4,235
"3347","FBG","FBG02",2010,2010-08-16,2010-08-30,14,"FBG022010","summer","FBG022010_2010-08-16",3,235
"3348","FBG","FBG03",2010,2010-08-16,2010-08-30,14,"FBG032010","summer","FBG032010_2010-08-16",1,235
"3349","FBG","FBG04",2010,2010-08-16,2010-08-30,14,"FBG042010","summer","FBG042010_2010-08-16",1,235
"3350","FBG","FBG05",2010,2010-08-16,2010-08-30,14,"FBG052010","summer","FBG052010_2010-08-16",2,235
"3351","FBG","FBG06",2010,2010-08-16,2010-08-30,14,"FBG062010","summer","FBG062010_2010-08-16",5,235
"3352","FBG","FBG07",2010,2010-08-16,2010-08-30,14,"FBG072010","summer","FBG072010_2010-08-16",4,235
"3353","FBG","FBG08",2010,2010-08-16,2010-08-30,14,"FBG082010","summer","FBG082010_2010-08-16",1,235
"3354","FBG","FBG09",2010,2010-08-16,2010-08-30,14,"FBG092010","summer","FBG092010_2010-08-16",2,235
"3355","FBG","FBG10",2010,2010-08-16,2010-08-30,14,"FBG102010","summer","FBG102010_2010-08-16",1,235
"3356","FBG","FBG11",2010,2010-08-16,2010-08-30,14,"FBG112010","summer","FBG112010_2010-08-16",2,235
"3357","FBG","FBG13",2010,2010-08-16,2010-08-30,14,"FBG132010","summer","FBG132010_2010-08-16",3,235
"3358","FBG","FBG14",2010,2010-08-16,2010-08-30,14,"FBG142010","summer","FBG142010_2010-08-16",1,235
"3359","FBG","FBG15",2010,2010-08-16,2010-08-30,14,"FBG152010","summer","FBG152010_2010-08-16",3,235
"3360","FBG","FBG16",2010,2010-08-16,2010-08-30,14,"FBG162010","summer","FBG162010_2010-08-16",2,235
"3361","SST","SST01",2010,2010-08-16,2010-08-30,14,"SST012010","summer","SST012010_2010-08-16",0,235
"3362","SST","SST02",2010,2010-08-16,2010-08-30,14,"SST022010","summer","SST022010_2010-08-16",2,235
"3363","SST","SST03",2010,2010-08-16,2010-08-30,14,"SST032010","summer","SST032010_2010-08-16",0,235
"3364","SST","SST04",2010,2010-08-16,2010-08-30,14,"SST042010","summer","SST042010_2010-08-16",2,235
"3365","SST","SST05",2010,2010-08-16,2010-08-30,14,"SST052010","summer","SST052010_2010-08-16",1,235
"3366","SST","SST06",2010,2010-08-16,2010-08-30,14,"SST062010","summer","SST062010_2010-08-16",0,235
"3367","SST","SST08",2010,2010-08-16,2010-08-30,14,"SST082010","summer","SST082010_2010-08-16",1,235
"3368","SST","SST09",2010,2010-08-16,2010-08-30,14,"SST092010","summer","SST092010_2010-08-16",2,235
"3369","SST","SST10",2010,2010-08-16,2010-08-30,14,"SST102010","summer","SST102010_2010-08-16",0,235
"3370","SST","SST11",2010,2010-08-16,2010-08-30,14,"SST112010","summer","SST112010_2010-08-16",1,235
"3371","SST","SST12",2010,2010-08-16,2010-08-30,14,"SST122010","summer","SST122010_2010-08-16",0,235
"3372","SST","SST13",2010,2010-08-16,2010-08-30,14,"SST132010","summer","SST132010_2010-08-16",5,235
"3373","SST","SST14",2010,2010-08-16,2010-08-30,14,"SST142010","summer","SST142010_2010-08-16",0,235
"3374","SST","SST15",2010,2010-08-16,2010-08-30,14,"SST152010","summer","SST152010_2010-08-16",1,235
"3375","SST","SST16",2010,2010-08-16,2010-08-30,14,"SST162010","summer","SST162010_2010-08-16",0,235
"3376","HAR","HAR01",2010,2010-08-17,2010-08-31,14,"HAR012010","summer","HAR012010_2010-08-17",1,236
"3377","HAR","HAR02",2010,2010-08-17,2010-08-31,14,"HAR022010","summer","HAR022010_2010-08-17",1,236
"3378","HAR","HAR03",2010,2010-08-17,2010-08-31,14,"HAR032010","summer","HAR032010_2010-08-17",3,236
"3379","HAR","HAR04",2010,2010-08-17,2010-08-31,14,"HAR042010","summer","HAR042010_2010-08-17",3,236
"3380","HAR","HAR05",2010,2010-08-17,2010-08-31,14,"HAR052010","summer","HAR052010_2010-08-17",1,236
"3381","HAR","HAR06",2010,2010-08-17,2010-08-31,14,"HAR062010","summer","HAR062010_2010-08-17",3,236
"3382","HAR","HAR07",2010,2010-08-17,2010-08-31,14,"HAR072010","summer","HAR072010_2010-08-17",6,236
"3383","HAR","HAR08",2010,2010-08-17,2010-08-31,14,"HAR082010","summer","HAR082010_2010-08-17",7,236
"3384","HAR","HAR09",2010,2010-08-17,2010-08-31,14,"HAR092010","summer","HAR092010_2010-08-17",3,236
"3385","HAR","HAR10",2010,2010-08-17,2010-08-31,14,"HAR102010","summer","HAR102010_2010-08-17",5,236
"3386","HAR","HAR11",2010,2010-08-17,2010-08-31,14,"HAR112010","summer","HAR112010_2010-08-17",19,236
"3387","HAR","HAR12",2010,2010-08-17,2010-08-31,14,"HAR122010","summer","HAR122010_2010-08-17",6,236
"3388","HAR","HAR13",2010,2010-08-17,2010-08-31,14,"HAR132010","summer","HAR132010_2010-08-17",10,236
"3389","HAR","HAR14",2010,2010-08-17,2010-08-31,14,"HAR142010","summer","HAR142010_2010-08-17",7,236
"3390","HAR","HAR15",2010,2010-08-17,2010-08-31,14,"HAR152010","summer","HAR152010_2010-08-17",9,236
"3391","HAR","HAR16",2010,2010-08-17,2010-08-31,14,"HAR162010","summer","HAR162010_2010-08-17",4,236
"3392","WAN","WAN01",2010,2010-08-17,2010-08-31,14,"WAN012010","summer","WAN012010_2010-08-17",1,236
"3393","WAN","WAN02",2010,2010-08-17,2010-08-31,14,"WAN022010","summer","WAN022010_2010-08-17",0,236
"3394","WAN","WAN04",2010,2010-08-17,2010-08-31,14,"WAN042010","summer","WAN042010_2010-08-17",0,236
"3395","WAN","WAN06",2010,2010-08-17,2010-08-31,14,"WAN062010","summer","WAN062010_2010-08-17",0,236
"3396","WAN","WAN07",2010,2010-08-17,2010-08-31,14,"WAN072010","summer","WAN072010_2010-08-17",0,236
"3397","WAN","WAN08",2010,2010-08-17,2010-08-31,14,"WAN082010","summer","WAN082010_2010-08-17",0,236
"3398","WAN","WAN09",2010,2010-08-17,2010-08-31,14,"WAN092010","summer","WAN092010_2010-08-17",0,236
"3399","WAN","WAN10",2010,2010-08-17,2010-08-31,14,"WAN102010","summer","WAN102010_2010-08-17",4,236
"3400","WAN","WAN11",2010,2010-08-17,2010-08-31,14,"WAN112010","summer","WAN112010_2010-08-17",0,236
"3401","WAN","WAN12",2010,2010-08-17,2010-08-31,14,"WAN122010","summer","WAN122010_2010-08-17",0,236
"3402","WAN","WAN13",2010,2010-08-17,2010-08-31,14,"WAN132010","summer","WAN132010_2010-08-17",0,236
"3403","WAN","WAN14",2010,2010-08-17,2010-08-31,14,"WAN142010","summer","WAN142010_2010-08-17",1,236
"3404","WAN","WAN15",2010,2010-08-17,2010-08-31,14,"WAN152010","summer","WAN152010_2010-08-17",0,236
"3405","GFH","GFH01",2010,2010-08-18,2010-09-01,14,"GFH012010","summer","GFH012010_2010-08-18",2,237
"3406","GFH","GFH02",2010,2010-08-18,2010-09-01,14,"GFH022010","summer","GFH022010_2010-08-18",0,237
"3407","GFH","GFH03",2010,2010-08-18,2010-09-01,14,"GFH032010","summer","GFH032010_2010-08-18",1,237
"3408","GFH","GFH04",2010,2010-08-18,2010-09-01,14,"GFH042010","summer","GFH042010_2010-08-18",0,237
"3409","GFH","GFH05",2010,2010-08-18,2010-09-01,14,"GFH052010","summer","GFH052010_2010-08-18",1,237
"3410","GFH","GFH06",2010,2010-08-18,2010-09-01,14,"GFH062010","summer","GFH062010_2010-08-18",0,237
"3411","GFH","GFH07",2010,2010-08-18,2010-09-01,14,"GFH072010","summer","GFH072010_2010-08-18",0,237
"3412","GFH","GFH08",2010,2010-08-18,2010-09-01,14,"GFH082010","summer","GFH082010_2010-08-18",2,237
"3413","GFH","GFH09",2010,2010-08-18,2010-09-01,14,"GFH092010","summer","GFH092010_2010-08-18",2,237
"3414","GFH","GFH10",2010,2010-08-18,2010-09-01,14,"GFH102010","summer","GFH102010_2010-08-18",1,237
"3415","GFH","GFH11",2010,2010-08-18,2010-09-01,14,"GFH112010","summer","GFH112010_2010-08-18",1,237
"3416","GFH","GFH12",2010,2010-08-18,2010-09-01,14,"GFH122010","summer","GFH122010_2010-08-18",0,237
"3417","GFH","GFH13",2010,2010-08-18,2010-09-01,14,"GFH132010","summer","GFH132010_2010-08-18",3,237
"3418","GFH","GFH14",2010,2010-08-18,2010-09-01,14,"GFH142010","summer","GFH142010_2010-08-18",1,237
"3419","GFH","GFH15",2010,2010-08-18,2010-09-01,14,"GFH152010","summer","GFH152010_2010-08-18",3,237
"3420","GFH","GFH16",2010,2010-08-18,2010-09-01,14,"GFH162010","summer","GFH162010_2010-08-18",3,237
"3421","SIP","SIP01",2010,2010-08-18,2010-09-01,14,"SIP012010","summer","SIP012010_2010-08-18",0,237
"3422","SIP","SIP02",2010,2010-08-18,2010-09-01,14,"SIP022010","summer","SIP022010_2010-08-18",0,237
"3423","SIP","SIP03",2010,2010-08-18,2010-09-01,14,"SIP032010","summer","SIP032010_2010-08-18",0,237
"3424","SIP","SIP05",2010,2010-08-18,2010-09-01,14,"SIP052010","summer","SIP052010_2010-08-18",0,237
"3425","SIP","SIP06",2010,2010-08-18,2010-09-01,14,"SIP062010","summer","SIP062010_2010-08-18",0,237
"3426","SIP","SIP07",2010,2010-08-18,2010-09-01,14,"SIP072010","summer","SIP072010_2010-08-18",0,237
"3427","SIP","SIP08",2010,2010-08-18,2010-09-01,14,"SIP082010","summer","SIP082010_2010-08-18",0,237
"3428","SIP","SIP09",2010,2010-08-18,2010-09-01,14,"SIP092010","summer","SIP092010_2010-08-18",1,237
"3429","SIP","SIP10",2010,2010-08-18,2010-09-01,14,"SIP102010","summer","SIP102010_2010-08-18",0,237
"3430","SIP","SIP11",2010,2010-08-18,2010-09-01,14,"SIP112010","summer","SIP112010_2010-08-18",0,237
"3431","SIP","SIP12",2010,2010-08-18,2010-09-01,14,"SIP122010","summer","SIP122010_2010-08-18",0,237
"3432","SIP","SIP13",2010,2010-08-18,2010-09-01,14,"SIP132010","summer","SIP132010_2010-08-18",0,237
"3433","SIP","SIP14",2010,2010-08-18,2010-09-01,14,"SIP142010","summer","SIP142010_2010-08-18",0,237
"3434","SIP","SIP15",2010,2010-08-18,2010-09-01,14,"SIP152010","summer","SIP152010_2010-08-18",0,237
"3435","SIP","SIP16",2010,2010-08-18,2010-09-01,14,"SIP162010","summer","SIP162010_2010-08-18",0,237
"3436","FBG","FBG01",2010,2010-08-30,2010-09-13,14,"FBG012010","summer","FBG012010_2010-08-30",5,249
"3437","FBG","FBG02",2010,2010-08-30,2010-09-13,14,"FBG022010","summer","FBG022010_2010-08-30",11,249
"3438","FBG","FBG03",2010,2010-08-30,2010-09-13,14,"FBG032010","summer","FBG032010_2010-08-30",2,249
"3439","FBG","FBG04",2010,2010-08-30,2010-09-13,14,"FBG042010","summer","FBG042010_2010-08-30",1,249
"3440","FBG","FBG05",2010,2010-08-30,2010-09-13,14,"FBG052010","summer","FBG052010_2010-08-30",8,249
"3441","FBG","FBG06",2010,2010-08-30,2010-09-13,14,"FBG062010","summer","FBG062010_2010-08-30",1,249
"3442","FBG","FBG07",2010,2010-08-30,2010-09-13,14,"FBG072010","summer","FBG072010_2010-08-30",13,249
"3443","FBG","FBG08",2010,2010-08-30,2010-09-13,14,"FBG082010","summer","FBG082010_2010-08-30",1,249
"3444","FBG","FBG09",2010,2010-08-30,2010-09-13,14,"FBG092010","summer","FBG092010_2010-08-30",4,249
"3445","FBG","FBG10",2010,2010-08-30,2010-09-13,14,"FBG102010","summer","FBG102010_2010-08-30",6,249
"3446","FBG","FBG11",2010,2010-08-30,2010-09-13,14,"FBG112010","summer","FBG112010_2010-08-30",0,249
"3447","FBG","FBG13",2010,2010-08-30,2010-09-13,14,"FBG132010","summer","FBG132010_2010-08-30",7,249
"3448","FBG","FBG14",2010,2010-08-30,2010-09-13,14,"FBG142010","summer","FBG142010_2010-08-30",0,249
"3449","FBG","FBG15",2010,2010-08-30,2010-09-13,14,"FBG152010","summer","FBG152010_2010-08-30",4,249
"3450","FBG","FBG16",2010,2010-08-30,2010-09-13,14,"FBG162010","summer","FBG162010_2010-08-30",3,249
"3451","SST","SST01",2010,2010-08-30,2010-09-13,14,"SST012010","summer","SST012010_2010-08-30",0,249
"3452","SST","SST02",2010,2010-08-30,2010-09-13,14,"SST022010","summer","SST022010_2010-08-30",0,249
"3453","SST","SST03",2010,2010-08-30,2010-09-13,14,"SST032010","summer","SST032010_2010-08-30",3,249
"3454","SST","SST04",2010,2010-08-30,2010-09-13,14,"SST042010","summer","SST042010_2010-08-30",0,249
"3455","SST","SST05",2010,2010-08-30,2010-09-13,14,"SST052010","summer","SST052010_2010-08-30",11,249
"3456","SST","SST06",2010,2010-08-30,2010-09-13,14,"SST062010","summer","SST062010_2010-08-30",2,249
"3457","SST","SST07",2010,2010-08-30,2010-09-13,14,"SST072010","summer","SST072010_2010-08-30",0,249
"3458","SST","SST08",2010,2010-08-30,2010-09-13,14,"SST082010","summer","SST082010_2010-08-30",0,249
"3459","SST","SST09",2010,2010-08-30,2010-09-13,14,"SST092010","summer","SST092010_2010-08-30",1,249
"3460","SST","SST10",2010,2010-08-30,2010-09-13,14,"SST102010","summer","SST102010_2010-08-30",0,249
"3461","SST","SST11",2010,2010-08-30,2010-09-13,14,"SST112010","summer","SST112010_2010-08-30",0,249
"3462","SST","SST12",2010,2010-08-30,2010-09-13,14,"SST122010","summer","SST122010_2010-08-30",8,249
"3463","SST","SST13",2010,2010-08-30,2010-09-13,14,"SST132010","summer","SST132010_2010-08-30",13,249
"3464","SST","SST14",2010,2010-08-30,2010-09-13,14,"SST142010","summer","SST142010_2010-08-30",1,249
"3465","SST","SST15",2010,2010-08-30,2010-09-13,14,"SST152010","summer","SST152010_2010-08-30",1,249
"3466","SST","SST16",2010,2010-08-30,2010-09-13,14,"SST162010","summer","SST162010_2010-08-30",0,249
"3467","HAR","HAR01",2010,2010-08-31,2010-09-14,14,"HAR012010","summer","HAR012010_2010-08-31",0,250
"3468","HAR","HAR02",2010,2010-08-31,2010-09-14,14,"HAR022010","summer","HAR022010_2010-08-31",3,250
"3469","HAR","HAR03",2010,2010-08-31,2010-09-14,14,"HAR032010","summer","HAR032010_2010-08-31",6,250
"3470","HAR","HAR04",2010,2010-08-31,2010-09-14,14,"HAR042010","summer","HAR042010_2010-08-31",1,250
"3471","HAR","HAR05",2010,2010-08-31,2010-09-14,14,"HAR052010","summer","HAR052010_2010-08-31",3,250
"3472","HAR","HAR06",2010,2010-08-31,2010-09-14,14,"HAR062010","summer","HAR062010_2010-08-31",1,250
"3473","HAR","HAR07",2010,2010-08-31,2010-09-14,14,"HAR072010","summer","HAR072010_2010-08-31",27,250
"3474","HAR","HAR08",2010,2010-08-31,2010-09-14,14,"HAR082010","summer","HAR082010_2010-08-31",1,250
"3475","HAR","HAR09",2010,2010-08-31,2010-09-14,14,"HAR092010","summer","HAR092010_2010-08-31",14,250
"3476","HAR","HAR10",2010,2010-08-31,2010-09-14,14,"HAR102010","summer","HAR102010_2010-08-31",9,250
"3477","HAR","HAR11",2010,2010-08-31,2010-09-14,14,"HAR112010","summer","HAR112010_2010-08-31",5,250
"3478","HAR","HAR12",2010,2010-08-31,2010-09-14,14,"HAR122010","summer","HAR122010_2010-08-31",17,250
"3479","HAR","HAR13",2010,2010-08-31,2010-09-14,14,"HAR132010","summer","HAR132010_2010-08-31",6,250
"3480","HAR","HAR14",2010,2010-08-31,2010-09-14,14,"HAR142010","summer","HAR142010_2010-08-31",12,250
"3481","HAR","HAR15",2010,2010-08-31,2010-09-14,14,"HAR152010","summer","HAR152010_2010-08-31",16,250
"3482","HAR","HAR16",2010,2010-08-31,2010-09-14,14,"HAR162010","summer","HAR162010_2010-08-31",4,250
"3483","WAN","WAN03",2010,2010-08-31,2010-09-14,14,"WAN032010","summer","WAN032010_2010-08-31",3,250
"3484","WAN","WAN06",2010,2010-08-31,2010-09-14,14,"WAN062010","summer","WAN062010_2010-08-31",0,250
"3485","WAN","WAN07",2010,2010-08-31,2010-09-14,14,"WAN072010","summer","WAN072010_2010-08-31",0,250
"3486","WAN","WAN09",2010,2010-08-31,2010-09-14,14,"WAN092010","summer","WAN092010_2010-08-31",0,250
"3487","WAN","WAN10",2010,2010-08-31,2010-09-14,14,"WAN102010","summer","WAN102010_2010-08-31",8,250
"3488","WAN","WAN11",2010,2010-08-31,2010-09-14,14,"WAN112010","summer","WAN112010_2010-08-31",0,250
"3489","WAN","WAN12",2010,2010-08-31,2010-09-14,14,"WAN122010","summer","WAN122010_2010-08-31",1,250
"3490","WAN","WAN13",2010,2010-08-31,2010-09-14,14,"WAN132010","summer","WAN132010_2010-08-31",1,250
"3491","WAN","WAN14",2010,2010-08-31,2010-09-14,14,"WAN142010","summer","WAN142010_2010-08-31",2,250
"3492","WAN","WAN15",2010,2010-08-31,2010-09-14,14,"WAN152010","summer","WAN152010_2010-08-31",1,250
"3493","WAN","WAN16",2010,2010-08-31,2010-09-14,14,"WAN162010","summer","WAN162010_2010-08-31",4,250
"3494","GFH","GFH01",2010,2010-09-01,2010-09-15,14,"GFH012010","summer","GFH012010_2010-09-01",3,251
"3495","GFH","GFH02",2010,2010-09-01,2010-09-15,14,"GFH022010","summer","GFH022010_2010-09-01",1,251
"3496","GFH","GFH03",2010,2010-09-01,2010-09-15,14,"GFH032010","summer","GFH032010_2010-09-01",0,251
"3497","GFH","GFH04",2010,2010-09-01,2010-09-15,14,"GFH042010","summer","GFH042010_2010-09-01",2,251
"3498","GFH","GFH05",2010,2010-09-01,2010-09-15,14,"GFH052010","summer","GFH052010_2010-09-01",1,251
"3499","GFH","GFH06",2010,2010-09-01,2010-09-15,14,"GFH062010","summer","GFH062010_2010-09-01",0,251
"3500","GFH","GFH07",2010,2010-09-01,2010-09-15,14,"GFH072010","summer","GFH072010_2010-09-01",1,251
"3501","GFH","GFH08",2010,2010-09-01,2010-09-15,14,"GFH082010","summer","GFH082010_2010-09-01",4,251
"3502","GFH","GFH09",2010,2010-09-01,2010-09-15,14,"GFH092010","summer","GFH092010_2010-09-01",3,251
"3503","GFH","GFH10",2010,2010-09-01,2010-09-15,14,"GFH102010","summer","GFH102010_2010-09-01",2,251
"3504","GFH","GFH11",2010,2010-09-01,2010-09-15,14,"GFH112010","summer","GFH112010_2010-09-01",3,251
"3505","GFH","GFH12",2010,2010-09-01,2010-09-15,14,"GFH122010","summer","GFH122010_2010-09-01",3,251
"3506","GFH","GFH13",2010,2010-09-01,2010-09-15,14,"GFH132010","summer","GFH132010_2010-09-01",6,251
"3507","GFH","GFH14",2010,2010-09-01,2010-09-15,14,"GFH142010","summer","GFH142010_2010-09-01",7,251
"3508","GFH","GFH15",2010,2010-09-01,2010-09-15,14,"GFH152010","summer","GFH152010_2010-09-01",3,251
"3509","GFH","GFH16",2010,2010-09-01,2010-09-15,14,"GFH162010","summer","GFH162010_2010-09-01",5,251
"3510","SIP","SIP02",2010,2010-09-01,2010-09-15,14,"SIP022010","summer","SIP022010_2010-09-01",0,251
"3511","SIP","SIP03",2010,2010-09-01,2010-09-15,14,"SIP032010","summer","SIP032010_2010-09-01",0,251
"3512","SIP","SIP05",2010,2010-09-01,2010-09-15,14,"SIP052010","summer","SIP052010_2010-09-01",0,251
"3513","SIP","SIP06",2010,2010-09-01,2010-09-15,14,"SIP062010","summer","SIP062010_2010-09-01",0,251
"3514","SIP","SIP07",2010,2010-09-01,2010-09-15,14,"SIP072010","summer","SIP072010_2010-09-01",0,251
"3515","SIP","SIP08",2010,2010-09-01,2010-09-15,14,"SIP082010","summer","SIP082010_2010-09-01",0,251
"3516","SIP","SIP09",2010,2010-09-01,2010-09-15,14,"SIP092010","summer","SIP092010_2010-09-01",0,251
"3517","SIP","SIP10",2010,2010-09-01,2010-09-15,14,"SIP102010","summer","SIP102010_2010-09-01",1,251
"3518","SIP","SIP11",2010,2010-09-01,2010-09-15,14,"SIP112010","summer","SIP112010_2010-09-01",0,251
"3519","SIP","SIP12",2010,2010-09-01,2010-09-15,14,"SIP122010","summer","SIP122010_2010-09-01",1,251
"3520","SIP","SIP13",2010,2010-09-01,2010-09-15,14,"SIP132010","summer","SIP132010_2010-09-01",0,251
"3521","SIP","SIP14",2010,2010-09-01,2010-09-15,14,"SIP142010","summer","SIP142010_2010-09-01",0,251
"3522","SIP","SIP15",2010,2010-09-01,2010-09-15,14,"SIP152010","summer","SIP152010_2010-09-01",0,251
"3523","FBG","FBG01",2011,2011-08-01,2011-08-15,14,"FBG012011","summer","FBG012011_2011-08-01",5,220
"3524","FBG","FBG02",2011,2011-08-01,2011-08-15,14,"FBG022011","summer","FBG022011_2011-08-01",1,220
"3525","FBG","FBG03",2011,2011-08-01,2011-08-15,14,"FBG032011","summer","FBG032011_2011-08-01",0,220
"3526","FBG","FBG04",2011,2011-08-01,2011-08-15,14,"FBG042011","summer","FBG042011_2011-08-01",1,220
"3527","FBG","FBG05",2011,2011-08-01,2011-08-15,14,"FBG052011","summer","FBG052011_2011-08-01",4,220
"3528","FBG","FBG06",2011,2011-08-01,2011-08-15,14,"FBG062011","summer","FBG062011_2011-08-01",9,220
"3529","FBG","FBG08",2011,2011-08-01,2011-08-15,14,"FBG082011","summer","FBG082011_2011-08-01",4,220
"3530","FBG","FBG09",2011,2011-08-01,2011-08-15,14,"FBG092011","summer","FBG092011_2011-08-01",1,220
"3531","FBG","FBG10",2011,2011-08-01,2011-08-15,14,"FBG102011","summer","FBG102011_2011-08-01",5,220
"3532","FBG","FBG11",2011,2011-08-01,2011-08-15,14,"FBG112011","summer","FBG112011_2011-08-01",3,220
"3533","FBG","FBG12",2011,2011-08-01,2011-08-15,14,"FBG122011","summer","FBG122011_2011-08-01",5,220
"3534","FBG","FBG13",2011,2011-08-01,2011-08-15,14,"FBG132011","summer","FBG132011_2011-08-01",1,220
"3535","FBG","FBG14",2011,2011-08-01,2011-08-15,14,"FBG142011","summer","FBG142011_2011-08-01",1,220
"3536","FBG","FBG15",2011,2011-08-01,2011-08-15,14,"FBG152011","summer","FBG152011_2011-08-01",3,220
"3537","FBG","FBG16",2011,2011-08-01,2011-08-15,14,"FBG162011","summer","FBG162011_2011-08-01",1,220
"3538","SST","SST02",2011,2011-08-01,2011-08-15,14,"SST022011","summer","SST022011_2011-08-01",0,220
"3539","SST","SST03",2011,2011-08-01,2011-08-15,14,"SST032011","summer","SST032011_2011-08-01",2,220
"3540","SST","SST04",2011,2011-08-01,2011-08-15,14,"SST042011","summer","SST042011_2011-08-01",2,220
"3541","SST","SST06",2011,2011-08-01,2011-08-15,14,"SST062011","summer","SST062011_2011-08-01",1,220
"3542","SST","SST07",2011,2011-08-01,2011-08-15,14,"SST072011","summer","SST072011_2011-08-01",0,220
"3543","SST","SST08",2011,2011-08-01,2011-08-15,14,"SST082011","summer","SST082011_2011-08-01",0,220
"3544","SST","SST09",2011,2011-08-01,2011-08-15,14,"SST092011","summer","SST092011_2011-08-01",0,220
"3545","SST","SST10",2011,2011-08-01,2011-08-15,14,"SST102011","summer","SST102011_2011-08-01",1,220
"3546","SST","SST11",2011,2011-08-01,2011-08-15,14,"SST112011","summer","SST112011_2011-08-01",0,220
"3547","SST","SST12",2011,2011-08-01,2011-08-15,14,"SST122011","summer","SST122011_2011-08-01",1,220
"3548","SST","SST13",2011,2011-08-01,2011-08-15,14,"SST132011","summer","SST132011_2011-08-01",3,220
"3549","SST","SST14",2011,2011-08-01,2011-08-15,14,"SST142011","summer","SST142011_2011-08-01",1,220
"3550","SST","SST15",2011,2011-08-01,2011-08-15,14,"SST152011","summer","SST152011_2011-08-01",0,220
"3551","SST","SST16",2011,2011-08-01,2011-08-15,14,"SST162011","summer","SST162011_2011-08-01",0,220
"3552","HAR","HAR01",2011,2011-08-02,2011-08-16,14,"HAR012011","summer","HAR012011_2011-08-02",0,221
"3553","HAR","HAR02",2011,2011-08-02,2011-08-16,14,"HAR022011","summer","HAR022011_2011-08-02",1,221
"3554","HAR","HAR03",2011,2011-08-02,2011-08-16,14,"HAR032011","summer","HAR032011_2011-08-02",5,221
"3555","HAR","HAR04",2011,2011-08-02,2011-08-16,14,"HAR042011","summer","HAR042011_2011-08-02",0,221
"3556","HAR","HAR05",2011,2011-08-02,2011-08-16,14,"HAR052011","summer","HAR052011_2011-08-02",1,221
"3557","HAR","HAR06",2011,2011-08-02,2011-08-16,14,"HAR062011","summer","HAR062011_2011-08-02",1,221
"3558","HAR","HAR07",2011,2011-08-02,2011-08-16,14,"HAR072011","summer","HAR072011_2011-08-02",0,221
"3559","HAR","HAR08",2011,2011-08-02,2011-08-16,14,"HAR082011","summer","HAR082011_2011-08-02",1,221
"3560","HAR","HAR09",2011,2011-08-02,2011-08-16,14,"HAR092011","summer","HAR092011_2011-08-02",2,221
"3561","HAR","HAR10",2011,2011-08-02,2011-08-16,14,"HAR102011","summer","HAR102011_2011-08-02",1,221
"3562","HAR","HAR11",2011,2011-08-02,2011-08-16,14,"HAR112011","summer","HAR112011_2011-08-02",0,221
"3563","HAR","HAR12",2011,2011-08-02,2011-08-16,14,"HAR122011","summer","HAR122011_2011-08-02",13,221
"3564","HAR","HAR14",2011,2011-08-02,2011-08-16,14,"HAR142011","summer","HAR142011_2011-08-02",4,221
"3565","HAR","HAR15",2011,2011-08-02,2011-08-16,14,"HAR152011","summer","HAR152011_2011-08-02",2,221
"3566","HAR","HAR16",2011,2011-08-02,2011-08-16,14,"HAR162011","summer","HAR162011_2011-08-02",2,221
"3567","WAN","WAN01",2011,2011-08-02,2011-08-16,14,"WAN012011","summer","WAN012011_2011-08-02",0,221
"3568","WAN","WAN02",2011,2011-08-02,2011-08-16,14,"WAN022011","summer","WAN022011_2011-08-02",1,221
"3569","WAN","WAN03",2011,2011-08-02,2011-08-16,14,"WAN032011","summer","WAN032011_2011-08-02",0,221
"3570","WAN","WAN04",2011,2011-08-02,2011-08-16,14,"WAN042011","summer","WAN042011_2011-08-02",0,221
"3571","WAN","WAN05",2011,2011-08-02,2011-08-16,14,"WAN052011","summer","WAN052011_2011-08-02",0,221
"3572","WAN","WAN06",2011,2011-08-02,2011-08-16,14,"WAN062011","summer","WAN062011_2011-08-02",2,221
"3573","WAN","WAN07",2011,2011-08-02,2011-08-16,14,"WAN072011","summer","WAN072011_2011-08-02",3,221
"3574","WAN","WAN08",2011,2011-08-02,2011-08-16,14,"WAN082011","summer","WAN082011_2011-08-02",0,221
"3575","WAN","WAN09",2011,2011-08-02,2011-08-16,14,"WAN092011","summer","WAN092011_2011-08-02",1,221
"3576","WAN","WAN10",2011,2011-08-02,2011-08-16,14,"WAN102011","summer","WAN102011_2011-08-02",4,221
"3577","WAN","WAN11",2011,2011-08-02,2011-08-16,14,"WAN112011","summer","WAN112011_2011-08-02",2,221
"3578","WAN","WAN12",2011,2011-08-02,2011-08-16,14,"WAN122011","summer","WAN122011_2011-08-02",1,221
"3579","WAN","WAN13",2011,2011-08-02,2011-08-16,14,"WAN132011","summer","WAN132011_2011-08-02",0,221
"3580","WAN","WAN14",2011,2011-08-02,2011-08-16,14,"WAN142011","summer","WAN142011_2011-08-02",2,221
"3581","WAN","WAN16",2011,2011-08-02,2011-08-16,14,"WAN162011","summer","WAN162011_2011-08-02",4,221
"3582","GFH","GFH01",2011,2011-08-03,2011-08-17,14,"GFH012011","summer","GFH012011_2011-08-03",0,222
"3583","GFH","GFH02",2011,2011-08-03,2011-08-17,14,"GFH022011","summer","GFH022011_2011-08-03",0,222
"3584","GFH","GFH03",2011,2011-08-03,2011-08-17,14,"GFH032011","summer","GFH032011_2011-08-03",0,222
"3585","GFH","GFH04",2011,2011-08-03,2011-08-17,14,"GFH042011","summer","GFH042011_2011-08-03",5,222
"3586","GFH","GFH05",2011,2011-08-03,2011-08-17,14,"GFH052011","summer","GFH052011_2011-08-03",4,222
"3587","GFH","GFH06",2011,2011-08-03,2011-08-17,14,"GFH062011","summer","GFH062011_2011-08-03",1,222
"3588","GFH","GFH07",2011,2011-08-03,2011-08-17,14,"GFH072011","summer","GFH072011_2011-08-03",2,222
"3589","GFH","GFH08",2011,2011-08-03,2011-08-17,14,"GFH082011","summer","GFH082011_2011-08-03",4,222
"3590","GFH","GFH09",2011,2011-08-03,2011-08-17,14,"GFH092011","summer","GFH092011_2011-08-03",3,222
"3591","GFH","GFH10",2011,2011-08-03,2011-08-17,14,"GFH102011","summer","GFH102011_2011-08-03",1,222
"3592","GFH","GFH11",2011,2011-08-03,2011-08-17,14,"GFH112011","summer","GFH112011_2011-08-03",6,222
"3593","GFH","GFH12",2011,2011-08-03,2011-08-17,14,"GFH122011","summer","GFH122011_2011-08-03",0,222
"3594","GFH","GFH13",2011,2011-08-03,2011-08-17,14,"GFH132011","summer","GFH132011_2011-08-03",5,222
"3595","GFH","GFH14",2011,2011-08-03,2011-08-17,14,"GFH142011","summer","GFH142011_2011-08-03",0,222
"3596","GFH","GFH15",2011,2011-08-03,2011-08-17,14,"GFH152011","summer","GFH152011_2011-08-03",9,222
"3597","GFH","GFH16",2011,2011-08-03,2011-08-17,14,"GFH162011","summer","GFH162011_2011-08-03",6,222
"3598","SIP","SIP01",2011,2011-08-03,2011-08-17,14,"SIP012011","summer","SIP012011_2011-08-03",0,222
"3599","SIP","SIP02",2011,2011-08-03,2011-08-17,14,"SIP022011","summer","SIP022011_2011-08-03",0,222
"3600","SIP","SIP03",2011,2011-08-03,2011-08-17,14,"SIP032011","summer","SIP032011_2011-08-03",1,222
"3601","SIP","SIP05",2011,2011-08-03,2011-08-17,14,"SIP052011","summer","SIP052011_2011-08-03",0,222
"3602","SIP","SIP06",2011,2011-08-03,2011-08-17,14,"SIP062011","summer","SIP062011_2011-08-03",3,222
"3603","SIP","SIP07",2011,2011-08-03,2011-08-17,14,"SIP072011","summer","SIP072011_2011-08-03",0,222
"3604","SIP","SIP08",2011,2011-08-03,2011-08-17,14,"SIP082011","summer","SIP082011_2011-08-03",0,222
"3605","SIP","SIP09",2011,2011-08-03,2011-08-17,14,"SIP092011","summer","SIP092011_2011-08-03",0,222
"3606","SIP","SIP10",2011,2011-08-03,2011-08-17,14,"SIP102011","summer","SIP102011_2011-08-03",1,222
"3607","SIP","SIP11",2011,2011-08-03,2011-08-17,14,"SIP112011","summer","SIP112011_2011-08-03",0,222
"3608","SIP","SIP12",2011,2011-08-03,2011-08-17,14,"SIP122011","summer","SIP122011_2011-08-03",0,222
"3609","SIP","SIP13",2011,2011-08-03,2011-08-17,14,"SIP132011","summer","SIP132011_2011-08-03",0,222
"3610","SIP","SIP14",2011,2011-08-03,2011-08-17,14,"SIP142011","summer","SIP142011_2011-08-03",0,222
"3611","SIP","SIP15",2011,2011-08-03,2011-08-17,14,"SIP152011","summer","SIP152011_2011-08-03",1,222
"3612","SIP","SIP16",2011,2011-08-03,2011-08-17,14,"SIP162011","summer","SIP162011_2011-08-03",0,222
"3613","FBG","FBG01",2011,2011-08-15,2011-08-29,14,"FBG012011","summer","FBG012011_2011-08-15",3,234
"3614","FBG","FBG02",2011,2011-08-15,2011-08-29,14,"FBG022011","summer","FBG022011_2011-08-15",12,234
"3615","FBG","FBG04",2011,2011-08-15,2011-08-29,14,"FBG042011","summer","FBG042011_2011-08-15",3,234
"3616","FBG","FBG05",2011,2011-08-15,2011-08-29,14,"FBG052011","summer","FBG052011_2011-08-15",4,234
"3617","FBG","FBG06",2011,2011-08-15,2011-08-29,14,"FBG062011","summer","FBG062011_2011-08-15",8,234
"3618","FBG","FBG07",2011,2011-08-15,2011-08-29,14,"FBG072011","summer","FBG072011_2011-08-15",13,234
"3619","FBG","FBG08",2011,2011-08-15,2011-08-29,14,"FBG082011","summer","FBG082011_2011-08-15",7,234
"3620","FBG","FBG09",2011,2011-08-15,2011-08-29,14,"FBG092011","summer","FBG092011_2011-08-15",3,234
"3621","FBG","FBG11",2011,2011-08-15,2011-08-29,14,"FBG112011","summer","FBG112011_2011-08-15",3,234
"3622","FBG","FBG12",2011,2011-08-15,2011-08-29,14,"FBG122011","summer","FBG122011_2011-08-15",0,234
"3623","FBG","FBG13",2011,2011-08-15,2011-08-29,14,"FBG132011","summer","FBG132011_2011-08-15",2,234
"3624","FBG","FBG14",2011,2011-08-15,2011-08-29,14,"FBG142011","summer","FBG142011_2011-08-15",5,234
"3625","FBG","FBG15",2011,2011-08-15,2011-08-29,14,"FBG152011","summer","FBG152011_2011-08-15",3,234
"3626","FBG","FBG16",2011,2011-08-15,2011-08-29,14,"FBG162011","summer","FBG162011_2011-08-15",1,234
"3627","SST","SST01",2011,2011-08-15,2011-08-29,14,"SST012011","summer","SST012011_2011-08-15",0,234
"3628","SST","SST02",2011,2011-08-15,2011-08-29,14,"SST022011","summer","SST022011_2011-08-15",0,234
"3629","SST","SST03",2011,2011-08-15,2011-08-29,14,"SST032011","summer","SST032011_2011-08-15",4,234
"3630","SST","SST04",2011,2011-08-15,2011-08-29,14,"SST042011","summer","SST042011_2011-08-15",0,234
"3631","SST","SST05",2011,2011-08-15,2011-08-29,14,"SST052011","summer","SST052011_2011-08-15",1,234
"3632","SST","SST06",2011,2011-08-15,2011-08-29,14,"SST062011","summer","SST062011_2011-08-15",0,234
"3633","SST","SST07",2011,2011-08-15,2011-08-29,14,"SST072011","summer","SST072011_2011-08-15",0,234
"3634","SST","SST08",2011,2011-08-15,2011-08-29,14,"SST082011","summer","SST082011_2011-08-15",3,234
"3635","SST","SST09",2011,2011-08-15,2011-08-29,14,"SST092011","summer","SST092011_2011-08-15",0,234
"3636","SST","SST10",2011,2011-08-15,2011-08-29,14,"SST102011","summer","SST102011_2011-08-15",0,234
"3637","SST","SST11",2011,2011-08-15,2011-08-29,14,"SST112011","summer","SST112011_2011-08-15",1,234
"3638","SST","SST12",2011,2011-08-15,2011-08-29,14,"SST122011","summer","SST122011_2011-08-15",2,234
"3639","SST","SST13",2011,2011-08-15,2011-08-29,14,"SST132011","summer","SST132011_2011-08-15",4,234
"3640","SST","SST14",2011,2011-08-15,2011-08-29,14,"SST142011","summer","SST142011_2011-08-15",0,234
"3641","SST","SST15",2011,2011-08-15,2011-08-29,14,"SST152011","summer","SST152011_2011-08-15",0,234
"3642","SST","SST16",2011,2011-08-15,2011-08-29,14,"SST162011","summer","SST162011_2011-08-15",1,234
"3643","HAR","HAR01",2011,2011-08-16,2011-08-30,14,"HAR012011","summer","HAR012011_2011-08-16",3,235
"3644","HAR","HAR02",2011,2011-08-16,2011-08-30,14,"HAR022011","summer","HAR022011_2011-08-16",2,235
"3645","HAR","HAR03",2011,2011-08-16,2011-08-30,14,"HAR032011","summer","HAR032011_2011-08-16",4,235
"3646","HAR","HAR05",2011,2011-08-16,2011-08-30,14,"HAR052011","summer","HAR052011_2011-08-16",0,235
"3647","HAR","HAR06",2011,2011-08-16,2011-08-30,14,"HAR062011","summer","HAR062011_2011-08-16",0,235
"3648","HAR","HAR07",2011,2011-08-16,2011-08-30,14,"HAR072011","summer","HAR072011_2011-08-16",0,235
"3649","HAR","HAR08",2011,2011-08-16,2011-08-30,14,"HAR082011","summer","HAR082011_2011-08-16",0,235
"3650","HAR","HAR09",2011,2011-08-16,2011-08-30,14,"HAR092011","summer","HAR092011_2011-08-16",1,235
"3651","HAR","HAR10",2011,2011-08-16,2011-08-30,14,"HAR102011","summer","HAR102011_2011-08-16",3,235
"3652","HAR","HAR11",2011,2011-08-16,2011-08-30,14,"HAR112011","summer","HAR112011_2011-08-16",1,235
"3653","HAR","HAR12",2011,2011-08-16,2011-08-30,14,"HAR122011","summer","HAR122011_2011-08-16",9,235
"3654","HAR","HAR13",2011,2011-08-16,2011-08-30,14,"HAR132011","summer","HAR132011_2011-08-16",7,235
"3655","HAR","HAR14",2011,2011-08-16,2011-08-30,14,"HAR142011","summer","HAR142011_2011-08-16",5,235
"3656","HAR","HAR15",2011,2011-08-16,2011-08-30,14,"HAR152011","summer","HAR152011_2011-08-16",17,235
"3657","HAR","HAR16",2011,2011-08-16,2011-08-30,14,"HAR162011","summer","HAR162011_2011-08-16",4,235
"3658","WAN","WAN01",2011,2011-08-16,2011-08-30,14,"WAN012011","summer","WAN012011_2011-08-16",4,235
"3659","WAN","WAN04",2011,2011-08-16,2011-08-30,14,"WAN042011","summer","WAN042011_2011-08-16",0,235
"3660","WAN","WAN05",2011,2011-08-16,2011-08-30,14,"WAN052011","summer","WAN052011_2011-08-16",0,235
"3661","WAN","WAN06",2011,2011-08-16,2011-08-30,14,"WAN062011","summer","WAN062011_2011-08-16",1,235
"3662","WAN","WAN07",2011,2011-08-16,2011-08-30,14,"WAN072011","summer","WAN072011_2011-08-16",0,235
"3663","WAN","WAN08",2011,2011-08-16,2011-08-30,14,"WAN082011","summer","WAN082011_2011-08-16",0,235
"3664","WAN","WAN09",2011,2011-08-16,2011-08-30,14,"WAN092011","summer","WAN092011_2011-08-16",1,235
"3665","WAN","WAN10",2011,2011-08-16,2011-08-30,14,"WAN102011","summer","WAN102011_2011-08-16",1,235
"3666","WAN","WAN11",2011,2011-08-16,2011-08-30,14,"WAN112011","summer","WAN112011_2011-08-16",0,235
"3667","WAN","WAN12",2011,2011-08-16,2011-08-30,14,"WAN122011","summer","WAN122011_2011-08-16",0,235
"3668","WAN","WAN13",2011,2011-08-16,2011-08-30,14,"WAN132011","summer","WAN132011_2011-08-16",0,235
"3669","WAN","WAN14",2011,2011-08-16,2011-08-30,14,"WAN142011","summer","WAN142011_2011-08-16",1,235
"3670","WAN","WAN15",2011,2011-08-16,2011-08-30,14,"WAN152011","summer","WAN152011_2011-08-16",1,235
"3671","WAN","WAN16",2011,2011-08-16,2011-08-30,14,"WAN162011","summer","WAN162011_2011-08-16",5,235
"3672","GFH","GFH01",2011,2011-08-17,2011-08-31,14,"GFH012011","summer","GFH012011_2011-08-17",1,236
"3673","GFH","GFH02",2011,2011-08-17,2011-08-31,14,"GFH022011","summer","GFH022011_2011-08-17",1,236
"3674","GFH","GFH03",2011,2011-08-17,2011-08-31,14,"GFH032011","summer","GFH032011_2011-08-17",1,236
"3675","GFH","GFH04",2011,2011-08-17,2011-08-31,14,"GFH042011","summer","GFH042011_2011-08-17",4,236
"3676","GFH","GFH05",2011,2011-08-17,2011-08-31,14,"GFH052011","summer","GFH052011_2011-08-17",3,236
"3677","GFH","GFH07",2011,2011-08-17,2011-08-31,14,"GFH072011","summer","GFH072011_2011-08-17",2,236
"3678","GFH","GFH08",2011,2011-08-17,2011-08-31,14,"GFH082011","summer","GFH082011_2011-08-17",2,236
"3679","GFH","GFH09",2011,2011-08-17,2011-08-31,14,"GFH092011","summer","GFH092011_2011-08-17",1,236
"3680","GFH","GFH10",2011,2011-08-17,2011-08-31,14,"GFH102011","summer","GFH102011_2011-08-17",0,236
"3681","GFH","GFH11",2011,2011-08-17,2011-08-31,14,"GFH112011","summer","GFH112011_2011-08-17",5,236
"3682","GFH","GFH12",2011,2011-08-17,2011-08-31,14,"GFH122011","summer","GFH122011_2011-08-17",0,236
"3683","GFH","GFH13",2011,2011-08-17,2011-08-31,14,"GFH132011","summer","GFH132011_2011-08-17",3,236
"3684","GFH","GFH14",2011,2011-08-17,2011-08-31,14,"GFH142011","summer","GFH142011_2011-08-17",4,236
"3685","GFH","GFH15",2011,2011-08-17,2011-08-31,14,"GFH152011","summer","GFH152011_2011-08-17",3,236
"3686","GFH","GFH16",2011,2011-08-17,2011-08-31,14,"GFH162011","summer","GFH162011_2011-08-17",7,236
"3687","SIP","SIP01",2011,2011-08-17,2011-08-31,14,"SIP012011","summer","SIP012011_2011-08-17",0,236
"3688","SIP","SIP02",2011,2011-08-17,2011-08-31,14,"SIP022011","summer","SIP022011_2011-08-17",0,236
"3689","SIP","SIP03",2011,2011-08-17,2011-08-31,14,"SIP032011","summer","SIP032011_2011-08-17",0,236
"3690","SIP","SIP05",2011,2011-08-17,2011-08-31,14,"SIP052011","summer","SIP052011_2011-08-17",0,236
"3691","SIP","SIP06",2011,2011-08-17,2011-08-31,14,"SIP062011","summer","SIP062011_2011-08-17",0,236
"3692","SIP","SIP07",2011,2011-08-17,2011-08-31,14,"SIP072011","summer","SIP072011_2011-08-17",1,236
"3693","SIP","SIP08",2011,2011-08-17,2011-08-31,14,"SIP082011","summer","SIP082011_2011-08-17",0,236
"3694","SIP","SIP09",2011,2011-08-17,2011-08-31,14,"SIP092011","summer","SIP092011_2011-08-17",0,236
"3695","SIP","SIP10",2011,2011-08-17,2011-08-31,14,"SIP102011","summer","SIP102011_2011-08-17",0,236
"3696","SIP","SIP12",2011,2011-08-17,2011-08-31,14,"SIP122011","summer","SIP122011_2011-08-17",6,236
"3697","SIP","SIP13",2011,2011-08-17,2011-08-31,14,"SIP132011","summer","SIP132011_2011-08-17",0,236
"3698","SIP","SIP14",2011,2011-08-17,2011-08-31,14,"SIP142011","summer","SIP142011_2011-08-17",0,236
"3699","SIP","SIP15",2011,2011-08-17,2011-08-31,14,"SIP152011","summer","SIP152011_2011-08-17",0,236
"3700","SIP","SIP16",2011,2011-08-17,2011-08-31,14,"SIP162011","summer","SIP162011_2011-08-17",0,236
"3701","FBG","FBG01",2011,2011-08-29,2011-09-12,14,"FBG012011","summer","FBG012011_2011-08-29",0,248
"3702","FBG","FBG02",2011,2011-08-29,2011-09-12,14,"FBG022011","summer","FBG022011_2011-08-29",8,248
"3703","FBG","FBG03",2011,2011-08-29,2011-09-12,14,"FBG032011","summer","FBG032011_2011-08-29",0,248
"3704","FBG","FBG04",2011,2011-08-29,2011-09-12,14,"FBG042011","summer","FBG042011_2011-08-29",1,248
"3705","FBG","FBG05",2011,2011-08-29,2011-09-12,14,"FBG052011","summer","FBG052011_2011-08-29",22,248
"3706","FBG","FBG06",2011,2011-08-29,2011-09-12,14,"FBG062011","summer","FBG062011_2011-08-29",7,248
"3707","FBG","FBG07",2011,2011-08-29,2011-09-12,14,"FBG072011","summer","FBG072011_2011-08-29",3,248
"3708","FBG","FBG08",2011,2011-08-29,2011-09-12,14,"FBG082011","summer","FBG082011_2011-08-29",2,248
"3709","FBG","FBG09",2011,2011-08-29,2011-09-12,14,"FBG092011","summer","FBG092011_2011-08-29",0,248
"3710","FBG","FBG12",2011,2011-08-29,2011-09-12,14,"FBG122011","summer","FBG122011_2011-08-29",1,248
"3711","FBG","FBG13",2011,2011-08-29,2011-09-12,14,"FBG132011","summer","FBG132011_2011-08-29",2,248
"3712","FBG","FBG14",2011,2011-08-29,2011-09-12,14,"FBG142011","summer","FBG142011_2011-08-29",4,248
"3713","FBG","FBG15",2011,2011-08-29,2011-09-12,14,"FBG152011","summer","FBG152011_2011-08-29",0,248
"3714","FBG","FBG16",2011,2011-08-29,2011-09-12,14,"FBG162011","summer","FBG162011_2011-08-29",2,248
"3715","SST","SST01",2011,2011-08-29,2011-09-12,14,"SST012011","summer","SST012011_2011-08-29",0,248
"3716","SST","SST02",2011,2011-08-29,2011-09-12,14,"SST022011","summer","SST022011_2011-08-29",0,248
"3717","SST","SST03",2011,2011-08-29,2011-09-12,14,"SST032011","summer","SST032011_2011-08-29",4,248
"3718","SST","SST05",2011,2011-08-29,2011-09-12,14,"SST052011","summer","SST052011_2011-08-29",5,248
"3719","SST","SST06",2011,2011-08-29,2011-09-12,14,"SST062011","summer","SST062011_2011-08-29",0,248
"3720","SST","SST07",2011,2011-08-29,2011-09-12,14,"SST072011","summer","SST072011_2011-08-29",1,248
"3721","SST","SST08",2011,2011-08-29,2011-09-12,14,"SST082011","summer","SST082011_2011-08-29",5,248
"3722","SST","SST09",2011,2011-08-29,2011-09-12,14,"SST092011","summer","SST092011_2011-08-29",0,248
"3723","SST","SST12",2011,2011-08-29,2011-09-12,14,"SST122011","summer","SST122011_2011-08-29",0,248
"3724","SST","SST13",2011,2011-08-29,2011-09-12,14,"SST132011","summer","SST132011_2011-08-29",0,248
"3725","SST","SST14",2011,2011-08-29,2011-09-12,14,"SST142011","summer","SST142011_2011-08-29",0,248
"3726","SST","SST16",2011,2011-08-29,2011-09-12,14,"SST162011","summer","SST162011_2011-08-29",1,248
"3727","HAR","HAR01",2011,2011-08-30,2011-09-13,14,"HAR012011","summer","HAR012011_2011-08-30",3,249
"3728","HAR","HAR03",2011,2011-08-30,2011-09-13,14,"HAR032011","summer","HAR032011_2011-08-30",1,249
"3729","HAR","HAR04",2011,2011-08-30,2011-09-13,14,"HAR042011","summer","HAR042011_2011-08-30",2,249
"3730","HAR","HAR05",2011,2011-08-30,2011-09-13,14,"HAR052011","summer","HAR052011_2011-08-30",1,249
"3731","HAR","HAR06",2011,2011-08-30,2011-09-13,14,"HAR062011","summer","HAR062011_2011-08-30",2,249
"3732","HAR","HAR07",2011,2011-08-30,2011-09-13,14,"HAR072011","summer","HAR072011_2011-08-30",0,249
"3733","HAR","HAR08",2011,2011-08-30,2011-09-13,14,"HAR082011","summer","HAR082011_2011-08-30",2,249
"3734","HAR","HAR09",2011,2011-08-30,2011-09-13,14,"HAR092011","summer","HAR092011_2011-08-30",5,249
"3735","HAR","HAR10",2011,2011-08-30,2011-09-13,14,"HAR102011","summer","HAR102011_2011-08-30",2,249
"3736","HAR","HAR11",2011,2011-08-30,2011-09-13,14,"HAR112011","summer","HAR112011_2011-08-30",5,249
"3737","HAR","HAR12",2011,2011-08-30,2011-09-13,14,"HAR122011","summer","HAR122011_2011-08-30",19,249
"3738","HAR","HAR13",2011,2011-08-30,2011-09-13,14,"HAR132011","summer","HAR132011_2011-08-30",9,249
"3739","HAR","HAR14",2011,2011-08-30,2011-09-13,14,"HAR142011","summer","HAR142011_2011-08-30",6,249
"3740","HAR","HAR15",2011,2011-08-30,2011-09-13,14,"HAR152011","summer","HAR152011_2011-08-30",16,249
"3741","HAR","HAR16",2011,2011-08-30,2011-09-13,14,"HAR162011","summer","HAR162011_2011-08-30",9,249
"3742","WAN","WAN01",2011,2011-08-30,2011-09-13,14,"WAN012011","summer","WAN012011_2011-08-30",2,249
"3743","WAN","WAN02",2011,2011-08-30,2011-09-13,14,"WAN022011","summer","WAN022011_2011-08-30",0,249
"3744","WAN","WAN03",2011,2011-08-30,2011-09-13,14,"WAN032011","summer","WAN032011_2011-08-30",1,249
"3745","WAN","WAN04",2011,2011-08-30,2011-09-13,14,"WAN042011","summer","WAN042011_2011-08-30",0,249
"3746","WAN","WAN06",2011,2011-08-30,2011-09-13,14,"WAN062011","summer","WAN062011_2011-08-30",0,249
"3747","WAN","WAN07",2011,2011-08-30,2011-09-13,14,"WAN072011","summer","WAN072011_2011-08-30",1,249
"3748","WAN","WAN08",2011,2011-08-30,2011-09-13,14,"WAN082011","summer","WAN082011_2011-08-30",2,249
"3749","WAN","WAN09",2011,2011-08-30,2011-09-13,14,"WAN092011","summer","WAN092011_2011-08-30",0,249
"3750","WAN","WAN10",2011,2011-08-30,2011-09-13,14,"WAN102011","summer","WAN102011_2011-08-30",13,249
"3751","WAN","WAN12",2011,2011-08-30,2011-09-13,14,"WAN122011","summer","WAN122011_2011-08-30",5,249
"3752","WAN","WAN13",2011,2011-08-30,2011-09-13,14,"WAN132011","summer","WAN132011_2011-08-30",5,249
"3753","WAN","WAN14",2011,2011-08-30,2011-09-13,14,"WAN142011","summer","WAN142011_2011-08-30",3,249
"3754","WAN","WAN15",2011,2011-08-30,2011-09-13,14,"WAN152011","summer","WAN152011_2011-08-30",0,249
"3755","WAN","WAN16",2011,2011-08-30,2011-09-13,14,"WAN162011","summer","WAN162011_2011-08-30",5,249
"3756","GFH","GFH03",2011,2011-08-31,2011-09-14,14,"GFH032011","summer","GFH032011_2011-08-31",0,250
"3757","GFH","GFH04",2011,2011-08-31,2011-09-14,14,"GFH042011","summer","GFH042011_2011-08-31",0,250
"3758","GFH","GFH05",2011,2011-08-31,2011-09-14,14,"GFH052011","summer","GFH052011_2011-08-31",6,250
"3759","GFH","GFH06",2011,2011-08-31,2011-09-14,14,"GFH062011","summer","GFH062011_2011-08-31",0,250
"3760","GFH","GFH07",2011,2011-08-31,2011-09-14,14,"GFH072011","summer","GFH072011_2011-08-31",1,250
"3761","GFH","GFH08",2011,2011-08-31,2011-09-14,14,"GFH082011","summer","GFH082011_2011-08-31",3,250
"3762","GFH","GFH09",2011,2011-08-31,2011-09-14,14,"GFH092011","summer","GFH092011_2011-08-31",3,250
"3763","GFH","GFH10",2011,2011-08-31,2011-09-14,14,"GFH102011","summer","GFH102011_2011-08-31",5,250
"3764","GFH","GFH11",2011,2011-08-31,2011-09-14,14,"GFH112011","summer","GFH112011_2011-08-31",16,250
"3765","GFH","GFH12",2011,2011-08-31,2011-09-14,14,"GFH122011","summer","GFH122011_2011-08-31",3,250
"3766","GFH","GFH13",2011,2011-08-31,2011-09-14,14,"GFH132011","summer","GFH132011_2011-08-31",7,250
"3767","GFH","GFH14",2011,2011-08-31,2011-09-14,14,"GFH142011","summer","GFH142011_2011-08-31",3,250
"3768","GFH","GFH15",2011,2011-08-31,2011-09-14,14,"GFH152011","summer","GFH152011_2011-08-31",14,250
"3769","GFH","GFH16",2011,2011-08-31,2011-09-14,14,"GFH162011","summer","GFH162011_2011-08-31",9,250
"3770","SIP","SIP01",2011,2011-08-31,2011-09-14,14,"SIP012011","summer","SIP012011_2011-08-31",0,250
"3771","SIP","SIP02",2011,2011-08-31,2011-09-14,14,"SIP022011","summer","SIP022011_2011-08-31",0,250
"3772","SIP","SIP03",2011,2011-08-31,2011-09-14,14,"SIP032011","summer","SIP032011_2011-08-31",0,250
"3773","SIP","SIP06",2011,2011-08-31,2011-09-14,14,"SIP062011","summer","SIP062011_2011-08-31",1,250
"3774","SIP","SIP08",2011,2011-08-31,2011-09-14,14,"SIP082011","summer","SIP082011_2011-08-31",0,250
"3775","SIP","SIP09",2011,2011-08-31,2011-09-14,14,"SIP092011","summer","SIP092011_2011-08-31",0,250
"3776","SIP","SIP12",2011,2011-08-31,2011-09-14,14,"SIP122011","summer","SIP122011_2011-08-31",2,250
"3777","SIP","SIP13",2011,2011-08-31,2011-09-14,14,"SIP132011","summer","SIP132011_2011-08-31",0,250
"3778","SIP","SIP14",2011,2011-08-31,2011-09-14,14,"SIP142011","summer","SIP142011_2011-08-31",0,250
"3779","SIP","SIP15",2011,2011-08-31,2011-09-14,14,"SIP152011","summer","SIP152011_2011-08-31",1,250
"3780","SIP","SIP16",2011,2011-08-31,2011-09-14,14,"SIP162011","summer","SIP162011_2011-08-31",0,250
"3781","FBG","FBG01",2012,2012-07-31,2012-08-14,14,"FBG012012","summer","FBG012012_2012-07-31",3,220
"3782","FBG","FBG02",2012,2012-07-31,2012-08-14,14,"FBG022012","summer","FBG022012_2012-07-31",3,220
"3783","FBG","FBG03",2012,2012-07-31,2012-08-14,14,"FBG032012","summer","FBG032012_2012-07-31",7,220
"3784","FBG","FBG04",2012,2012-07-31,2012-08-14,14,"FBG042012","summer","FBG042012_2012-07-31",3,220
"3785","FBG","FBG05",2012,2012-07-31,2012-08-14,14,"FBG052012","summer","FBG052012_2012-07-31",3,220
"3786","FBG","FBG06",2012,2012-07-31,2012-08-14,14,"FBG062012","summer","FBG062012_2012-07-31",1,220
"3787","FBG","FBG07",2012,2012-07-31,2012-08-14,14,"FBG072012","summer","FBG072012_2012-07-31",4,220
"3788","FBG","FBG08",2012,2012-07-31,2012-08-14,14,"FBG082012","summer","FBG082012_2012-07-31",0,220
"3789","FBG","FBG09",2012,2012-07-31,2012-08-14,14,"FBG092012","summer","FBG092012_2012-07-31",3,220
"3790","FBG","FBG10",2012,2012-07-31,2012-08-14,14,"FBG102012","summer","FBG102012_2012-07-31",7,220
"3791","FBG","FBG11",2012,2012-07-31,2012-08-14,14,"FBG112012","summer","FBG112012_2012-07-31",8,220
"3792","FBG","FBG12",2012,2012-07-31,2012-08-14,14,"FBG122012","summer","FBG122012_2012-07-31",3,220
"3793","FBG","FBG13",2012,2012-07-31,2012-08-14,14,"FBG132012","summer","FBG132012_2012-07-31",7,220
"3794","FBG","FBG14",2012,2012-07-31,2012-08-14,14,"FBG142012","summer","FBG142012_2012-07-31",4,220
"3795","FBG","FBG15",2012,2012-07-31,2012-08-14,14,"FBG152012","summer","FBG152012_2012-07-31",0,220
"3796","FBG","FBG16",2012,2012-07-31,2012-08-14,14,"FBG162012","summer","FBG162012_2012-07-31",1,220
"3797","SST","SST01",2012,2012-07-31,2012-08-14,14,"SST012012","summer","SST012012_2012-07-31",3,220
"3798","SST","SST02",2012,2012-07-31,2012-08-14,14,"SST022012","summer","SST022012_2012-07-31",0,220
"3799","SST","SST03",2012,2012-07-31,2012-08-14,14,"SST032012","summer","SST032012_2012-07-31",3,220
"3800","SST","SST04",2012,2012-07-31,2012-08-14,14,"SST042012","summer","SST042012_2012-07-31",8,220
"3801","SST","SST05",2012,2012-07-31,2012-08-14,14,"SST052012","summer","SST052012_2012-07-31",0,220
"3802","SST","SST06",2012,2012-07-31,2012-08-14,14,"SST062012","summer","SST062012_2012-07-31",1,220
"3803","SST","SST07",2012,2012-07-31,2012-08-14,14,"SST072012","summer","SST072012_2012-07-31",0,220
"3804","SST","SST08",2012,2012-07-31,2012-08-14,14,"SST082012","summer","SST082012_2012-07-31",2,220
"3805","SST","SST09",2012,2012-07-31,2012-08-14,14,"SST092012","summer","SST092012_2012-07-31",1,220
"3806","SST","SST10",2012,2012-07-31,2012-08-14,14,"SST102012","summer","SST102012_2012-07-31",1,220
"3807","SST","SST11",2012,2012-07-31,2012-08-14,14,"SST112012","summer","SST112012_2012-07-31",1,220
"3808","SST","SST12",2012,2012-07-31,2012-08-14,14,"SST122012","summer","SST122012_2012-07-31",4,220
"3809","SST","SST13",2012,2012-07-31,2012-08-14,14,"SST132012","summer","SST132012_2012-07-31",0,220
"3810","SST","SST14",2012,2012-07-31,2012-08-14,14,"SST142012","summer","SST142012_2012-07-31",0,220
"3811","SST","SST15",2012,2012-07-31,2012-08-14,14,"SST152012","summer","SST152012_2012-07-31",0,220
"3812","SST","SST16",2012,2012-07-31,2012-08-14,14,"SST162012","summer","SST162012_2012-07-31",1,220
"3813","HAR","HAR01",2012,2012-08-01,2012-08-15,14,"HAR012012","summer","HAR012012_2012-08-01",0,221
"3814","HAR","HAR03",2012,2012-08-01,2012-08-15,14,"HAR032012","summer","HAR032012_2012-08-01",0,221
"3815","HAR","HAR04",2012,2012-08-01,2012-08-15,14,"HAR042012","summer","HAR042012_2012-08-01",3,221
"3816","HAR","HAR05",2012,2012-08-01,2012-08-15,14,"HAR052012","summer","HAR052012_2012-08-01",0,221
"3817","HAR","HAR06",2012,2012-08-01,2012-08-15,14,"HAR062012","summer","HAR062012_2012-08-01",0,221
"3818","HAR","HAR07",2012,2012-08-01,2012-08-15,14,"HAR072012","summer","HAR072012_2012-08-01",0,221
"3819","HAR","HAR09",2012,2012-08-01,2012-08-15,14,"HAR092012","summer","HAR092012_2012-08-01",0,221
"3820","HAR","HAR10",2012,2012-08-01,2012-08-15,14,"HAR102012","summer","HAR102012_2012-08-01",1,221
"3821","HAR","HAR11",2012,2012-08-01,2012-08-15,14,"HAR112012","summer","HAR112012_2012-08-01",0,221
"3822","HAR","HAR12",2012,2012-08-01,2012-08-15,14,"HAR122012","summer","HAR122012_2012-08-01",1,221
"3823","HAR","HAR14",2012,2012-08-01,2012-08-15,14,"HAR142012","summer","HAR142012_2012-08-01",0,221
"3824","HAR","HAR15",2012,2012-08-01,2012-08-15,14,"HAR152012","summer","HAR152012_2012-08-01",3,221
"3825","HAR","HAR16",2012,2012-08-01,2012-08-15,14,"HAR162012","summer","HAR162012_2012-08-01",1,221
"3826","WAN","WAN01",2012,2012-08-01,2012-08-15,14,"WAN012012","summer","WAN012012_2012-08-01",14,221
"3827","WAN","WAN02",2012,2012-08-01,2012-08-15,14,"WAN022012","summer","WAN022012_2012-08-01",0,221
"3828","WAN","WAN03",2012,2012-08-01,2012-08-15,14,"WAN032012","summer","WAN032012_2012-08-01",3,221
"3829","WAN","WAN04",2012,2012-08-01,2012-08-15,14,"WAN042012","summer","WAN042012_2012-08-01",1,221
"3830","WAN","WAN05",2012,2012-08-01,2012-08-15,14,"WAN052012","summer","WAN052012_2012-08-01",0,221
"3831","WAN","WAN07",2012,2012-08-01,2012-08-15,14,"WAN072012","summer","WAN072012_2012-08-01",1,221
"3832","WAN","WAN09",2012,2012-08-01,2012-08-15,14,"WAN092012","summer","WAN092012_2012-08-01",0,221
"3833","WAN","WAN10",2012,2012-08-01,2012-08-15,14,"WAN102012","summer","WAN102012_2012-08-01",1,221
"3834","WAN","WAN11",2012,2012-08-01,2012-08-15,14,"WAN112012","summer","WAN112012_2012-08-01",1,221
"3835","WAN","WAN12",2012,2012-08-01,2012-08-15,14,"WAN122012","summer","WAN122012_2012-08-01",2,221
"3836","WAN","WAN13",2012,2012-08-01,2012-08-15,14,"WAN132012","summer","WAN132012_2012-08-01",2,221
"3837","WAN","WAN14",2012,2012-08-01,2012-08-15,14,"WAN142012","summer","WAN142012_2012-08-01",1,221
"3838","WAN","WAN15",2012,2012-08-01,2012-08-15,14,"WAN152012","summer","WAN152012_2012-08-01",0,221
"3839","WAN","WAN16",2012,2012-08-01,2012-08-15,14,"WAN162012","summer","WAN162012_2012-08-01",1,221
"3840","GFH","GFH01",2012,2012-08-02,2012-08-16,14,"GFH012012","summer","GFH012012_2012-08-02",1,222
"3841","GFH","GFH02",2012,2012-08-02,2012-08-16,14,"GFH022012","summer","GFH022012_2012-08-02",0,222
"3842","GFH","GFH03",2012,2012-08-02,2012-08-16,14,"GFH032012","summer","GFH032012_2012-08-02",3,222
"3843","GFH","GFH04",2012,2012-08-02,2012-08-16,14,"GFH042012","summer","GFH042012_2012-08-02",4,222
"3844","GFH","GFH05",2012,2012-08-02,2012-08-16,14,"GFH052012","summer","GFH052012_2012-08-02",0,222
"3845","GFH","GFH06",2012,2012-08-02,2012-08-16,14,"GFH062012","summer","GFH062012_2012-08-02",1,222
"3846","GFH","GFH07",2012,2012-08-02,2012-08-16,14,"GFH072012","summer","GFH072012_2012-08-02",0,222
"3847","GFH","GFH08",2012,2012-08-02,2012-08-16,14,"GFH082012","summer","GFH082012_2012-08-02",4,222
"3848","GFH","GFH09",2012,2012-08-02,2012-08-16,14,"GFH092012","summer","GFH092012_2012-08-02",1,222
"3849","GFH","GFH10",2012,2012-08-02,2012-08-16,14,"GFH102012","summer","GFH102012_2012-08-02",1,222
"3850","GFH","GFH11",2012,2012-08-02,2012-08-16,14,"GFH112012","summer","GFH112012_2012-08-02",3,222
"3851","GFH","GFH12",2012,2012-08-02,2012-08-16,14,"GFH122012","summer","GFH122012_2012-08-02",1,222
"3852","GFH","GFH13",2012,2012-08-02,2012-08-16,14,"GFH132012","summer","GFH132012_2012-08-02",8,222
"3853","GFH","GFH14",2012,2012-08-02,2012-08-16,14,"GFH142012","summer","GFH142012_2012-08-02",5,222
"3854","GFH","GFH15",2012,2012-08-02,2012-08-16,14,"GFH152012","summer","GFH152012_2012-08-02",13,222
"3855","GFH","GFH16",2012,2012-08-02,2012-08-16,14,"GFH162012","summer","GFH162012_2012-08-02",2,222
"3856","SIP","SIP01",2012,2012-08-02,2012-08-16,14,"SIP012012","summer","SIP012012_2012-08-02",0,222
"3857","SIP","SIP02",2012,2012-08-02,2012-08-16,14,"SIP022012","summer","SIP022012_2012-08-02",0,222
"3858","SIP","SIP03",2012,2012-08-02,2012-08-16,14,"SIP032012","summer","SIP032012_2012-08-02",0,222
"3859","SIP","SIP05",2012,2012-08-02,2012-08-16,14,"SIP052012","summer","SIP052012_2012-08-02",0,222
"3860","SIP","SIP07",2012,2012-08-02,2012-08-16,14,"SIP072012","summer","SIP072012_2012-08-02",2,222
"3861","SIP","SIP08",2012,2012-08-02,2012-08-16,14,"SIP082012","summer","SIP082012_2012-08-02",0,222
"3862","SIP","SIP09",2012,2012-08-02,2012-08-16,14,"SIP092012","summer","SIP092012_2012-08-02",0,222
"3863","SIP","SIP10",2012,2012-08-02,2012-08-16,14,"SIP102012","summer","SIP102012_2012-08-02",6,222
"3864","SIP","SIP11",2012,2012-08-02,2012-08-16,14,"SIP112012","summer","SIP112012_2012-08-02",2,222
"3865","SIP","SIP12",2012,2012-08-02,2012-08-16,14,"SIP122012","summer","SIP122012_2012-08-02",11,222
"3866","SIP","SIP13",2012,2012-08-02,2012-08-16,14,"SIP132012","summer","SIP132012_2012-08-02",1,222
"3867","SIP","SIP14",2012,2012-08-02,2012-08-16,14,"SIP142012","summer","SIP142012_2012-08-02",0,222
"3868","SIP","SIP15",2012,2012-08-02,2012-08-16,14,"SIP152012","summer","SIP152012_2012-08-02",0,222
"3869","SIP","SIP16",2012,2012-08-02,2012-08-16,14,"SIP162012","summer","SIP162012_2012-08-02",2,222
"3870","FBG","FBG01",2012,2012-08-14,2012-08-28,14,"FBG012012","summer","FBG012012_2012-08-14",6,234
"3871","FBG","FBG02",2012,2012-08-14,2012-08-28,14,"FBG022012","summer","FBG022012_2012-08-14",2,234
"3872","FBG","FBG03",2012,2012-08-14,2012-08-28,14,"FBG032012","summer","FBG032012_2012-08-14",1,234
"3873","FBG","FBG04",2012,2012-08-14,2012-08-28,14,"FBG042012","summer","FBG042012_2012-08-14",1,234
"3874","FBG","FBG05",2012,2012-08-14,2012-08-28,14,"FBG052012","summer","FBG052012_2012-08-14",0,234
"3875","FBG","FBG06",2012,2012-08-14,2012-08-28,14,"FBG062012","summer","FBG062012_2012-08-14",1,234
"3876","FBG","FBG07",2012,2012-08-14,2012-08-28,14,"FBG072012","summer","FBG072012_2012-08-14",10,234
"3877","FBG","FBG08",2012,2012-08-14,2012-08-28,14,"FBG082012","summer","FBG082012_2012-08-14",0,234
"3878","FBG","FBG09",2012,2012-08-14,2012-08-28,14,"FBG092012","summer","FBG092012_2012-08-14",3,234
"3879","FBG","FBG10",2012,2012-08-14,2012-08-28,14,"FBG102012","summer","FBG102012_2012-08-14",1,234
"3880","FBG","FBG11",2012,2012-08-14,2012-08-28,14,"FBG112012","summer","FBG112012_2012-08-14",2,234
"3881","FBG","FBG12",2012,2012-08-14,2012-08-28,14,"FBG122012","summer","FBG122012_2012-08-14",2,234
"3882","FBG","FBG13",2012,2012-08-14,2012-08-28,14,"FBG132012","summer","FBG132012_2012-08-14",7,234
"3883","FBG","FBG14",2012,2012-08-14,2012-08-28,14,"FBG142012","summer","FBG142012_2012-08-14",7,234
"3884","FBG","FBG15",2012,2012-08-14,2012-08-28,14,"FBG152012","summer","FBG152012_2012-08-14",6,234
"3885","FBG","FBG16",2012,2012-08-14,2012-08-28,14,"FBG162012","summer","FBG162012_2012-08-14",4,234
"3886","SST","SST01",2012,2012-08-14,2012-08-28,14,"SST012012","summer","SST012012_2012-08-14",0,234
"3887","SST","SST02",2012,2012-08-14,2012-08-28,14,"SST022012","summer","SST022012_2012-08-14",0,234
"3888","SST","SST03",2012,2012-08-14,2012-08-28,14,"SST032012","summer","SST032012_2012-08-14",3,234
"3889","SST","SST04",2012,2012-08-14,2012-08-28,14,"SST042012","summer","SST042012_2012-08-14",3,234
"3890","SST","SST05",2012,2012-08-14,2012-08-28,14,"SST052012","summer","SST052012_2012-08-14",3,234
"3891","SST","SST06",2012,2012-08-14,2012-08-28,14,"SST062012","summer","SST062012_2012-08-14",0,234
"3892","SST","SST07",2012,2012-08-14,2012-08-28,14,"SST072012","summer","SST072012_2012-08-14",0,234
"3893","SST","SST08",2012,2012-08-14,2012-08-28,14,"SST082012","summer","SST082012_2012-08-14",4,234
"3894","SST","SST09",2012,2012-08-14,2012-08-28,14,"SST092012","summer","SST092012_2012-08-14",0,234
"3895","SST","SST11",2012,2012-08-14,2012-08-28,14,"SST112012","summer","SST112012_2012-08-14",0,234
"3896","SST","SST12",2012,2012-08-14,2012-08-28,14,"SST122012","summer","SST122012_2012-08-14",4,234
"3897","SST","SST13",2012,2012-08-14,2012-08-28,14,"SST132012","summer","SST132012_2012-08-14",0,234
"3898","SST","SST14",2012,2012-08-14,2012-08-28,14,"SST142012","summer","SST142012_2012-08-14",0,234
"3899","SST","SST16",2012,2012-08-14,2012-08-28,14,"SST162012","summer","SST162012_2012-08-14",1,234
"3900","HAR","HAR01",2012,2012-08-15,2012-08-29,14,"HAR012012","summer","HAR012012_2012-08-15",1,235
"3901","HAR","HAR03",2012,2012-08-15,2012-08-29,14,"HAR032012","summer","HAR032012_2012-08-15",1,235
"3902","HAR","HAR06",2012,2012-08-15,2012-08-29,14,"HAR062012","summer","HAR062012_2012-08-15",1,235
"3903","HAR","HAR07",2012,2012-08-15,2012-08-29,14,"HAR072012","summer","HAR072012_2012-08-15",0,235
"3904","HAR","HAR08",2012,2012-08-15,2012-08-29,14,"HAR082012","summer","HAR082012_2012-08-15",0,235
"3905","HAR","HAR09",2012,2012-08-15,2012-08-29,14,"HAR092012","summer","HAR092012_2012-08-15",0,235
"3906","HAR","HAR10",2012,2012-08-15,2012-08-29,14,"HAR102012","summer","HAR102012_2012-08-15",3,235
"3907","HAR","HAR11",2012,2012-08-15,2012-08-29,14,"HAR112012","summer","HAR112012_2012-08-15",0,235
"3908","HAR","HAR12",2012,2012-08-15,2012-08-29,14,"HAR122012","summer","HAR122012_2012-08-15",3,235
"3909","HAR","HAR13",2012,2012-08-15,2012-08-29,14,"HAR132012","summer","HAR132012_2012-08-15",7,235
"3910","HAR","HAR14",2012,2012-08-15,2012-08-29,14,"HAR142012","summer","HAR142012_2012-08-15",3,235
"3911","HAR","HAR15",2012,2012-08-15,2012-08-29,14,"HAR152012","summer","HAR152012_2012-08-15",6,235
"3912","HAR","HAR16",2012,2012-08-15,2012-08-29,14,"HAR162012","summer","HAR162012_2012-08-15",7,235
"3913","WAN","WAN01",2012,2012-08-15,2012-08-29,14,"WAN012012","summer","WAN012012_2012-08-15",6,235
"3914","WAN","WAN02",2012,2012-08-15,2012-08-29,14,"WAN022012","summer","WAN022012_2012-08-15",1,235
"3915","WAN","WAN03",2012,2012-08-15,2012-08-29,14,"WAN032012","summer","WAN032012_2012-08-15",1,235
"3916","WAN","WAN04",2012,2012-08-15,2012-08-29,14,"WAN042012","summer","WAN042012_2012-08-15",1,235
"3917","WAN","WAN06",2012,2012-08-15,2012-08-29,14,"WAN062012","summer","WAN062012_2012-08-15",1,235
"3918","WAN","WAN07",2012,2012-08-15,2012-08-29,14,"WAN072012","summer","WAN072012_2012-08-15",0,235
"3919","WAN","WAN08",2012,2012-08-15,2012-08-29,14,"WAN082012","summer","WAN082012_2012-08-15",1,235
"3920","WAN","WAN09",2012,2012-08-15,2012-08-29,14,"WAN092012","summer","WAN092012_2012-08-15",0,235
"3921","WAN","WAN10",2012,2012-08-15,2012-08-29,14,"WAN102012","summer","WAN102012_2012-08-15",1,235
"3922","WAN","WAN11",2012,2012-08-15,2012-08-29,14,"WAN112012","summer","WAN112012_2012-08-15",0,235
"3923","WAN","WAN13",2012,2012-08-15,2012-08-29,14,"WAN132012","summer","WAN132012_2012-08-15",0,235
"3924","WAN","WAN14",2012,2012-08-15,2012-08-29,14,"WAN142012","summer","WAN142012_2012-08-15",2,235
"3925","WAN","WAN15",2012,2012-08-15,2012-08-29,14,"WAN152012","summer","WAN152012_2012-08-15",0,235
"3926","GFH","GFH01",2012,2012-08-16,2012-08-30,14,"GFH012012","summer","GFH012012_2012-08-16",0,236
"3927","GFH","GFH02",2012,2012-08-16,2012-08-30,14,"GFH022012","summer","GFH022012_2012-08-16",2,236
"3928","GFH","GFH03",2012,2012-08-16,2012-08-30,14,"GFH032012","summer","GFH032012_2012-08-16",3,236
"3929","GFH","GFH04",2012,2012-08-16,2012-08-30,14,"GFH042012","summer","GFH042012_2012-08-16",6,236
"3930","GFH","GFH05",2012,2012-08-16,2012-08-30,14,"GFH052012","summer","GFH052012_2012-08-16",1,236
"3931","GFH","GFH06",2012,2012-08-16,2012-08-30,14,"GFH062012","summer","GFH062012_2012-08-16",1,236
"3932","GFH","GFH07",2012,2012-08-16,2012-08-30,14,"GFH072012","summer","GFH072012_2012-08-16",9,236
"3933","GFH","GFH08",2012,2012-08-16,2012-08-30,14,"GFH082012","summer","GFH082012_2012-08-16",27,236
"3934","GFH","GFH09",2012,2012-08-16,2012-08-30,14,"GFH092012","summer","GFH092012_2012-08-16",3,236
"3935","GFH","GFH10",2012,2012-08-16,2012-08-30,14,"GFH102012","summer","GFH102012_2012-08-16",1,236
"3936","GFH","GFH11",2012,2012-08-16,2012-08-30,14,"GFH112012","summer","GFH112012_2012-08-16",6,236
"3937","GFH","GFH12",2012,2012-08-16,2012-08-30,14,"GFH122012","summer","GFH122012_2012-08-16",15,236
"3938","GFH","GFH13",2012,2012-08-16,2012-08-30,14,"GFH132012","summer","GFH132012_2012-08-16",4,236
"3939","GFH","GFH14",2012,2012-08-16,2012-08-30,14,"GFH142012","summer","GFH142012_2012-08-16",8,236
"3940","GFH","GFH15",2012,2012-08-16,2012-08-30,14,"GFH152012","summer","GFH152012_2012-08-16",30,236
"3941","GFH","GFH16",2012,2012-08-16,2012-08-30,14,"GFH162012","summer","GFH162012_2012-08-16",10,236
"3942","SIP","SIP01",2012,2012-08-16,2012-08-30,14,"SIP012012","summer","SIP012012_2012-08-16",0,236
"3943","SIP","SIP02",2012,2012-08-16,2012-08-30,14,"SIP022012","summer","SIP022012_2012-08-16",0,236
"3944","SIP","SIP03",2012,2012-08-16,2012-08-30,14,"SIP032012","summer","SIP032012_2012-08-16",0,236
"3945","SIP","SIP05",2012,2012-08-16,2012-08-30,14,"SIP052012","summer","SIP052012_2012-08-16",1,236
"3946","SIP","SIP06",2012,2012-08-16,2012-08-30,14,"SIP062012","summer","SIP062012_2012-08-16",0,236
"3947","SIP","SIP07",2012,2012-08-16,2012-08-30,14,"SIP072012","summer","SIP072012_2012-08-16",0,236
"3948","SIP","SIP09",2012,2012-08-16,2012-08-30,14,"SIP092012","summer","SIP092012_2012-08-16",0,236
"3949","SIP","SIP11",2012,2012-08-16,2012-08-30,14,"SIP112012","summer","SIP112012_2012-08-16",0,236
"3950","SIP","SIP12",2012,2012-08-16,2012-08-30,14,"SIP122012","summer","SIP122012_2012-08-16",2,236
"3951","SIP","SIP13",2012,2012-08-16,2012-08-30,14,"SIP132012","summer","SIP132012_2012-08-16",0,236
"3952","SIP","SIP14",2012,2012-08-16,2012-08-30,14,"SIP142012","summer","SIP142012_2012-08-16",0,236
"3953","SIP","SIP15",2012,2012-08-16,2012-08-30,14,"SIP152012","summer","SIP152012_2012-08-16",0,236
"3954","SIP","SIP16",2012,2012-08-16,2012-08-30,14,"SIP162012","summer","SIP162012_2012-08-16",1,236
"3955","FBG","FBG01",2012,2012-08-28,2012-09-11,14,"FBG012012","summer","FBG012012_2012-08-28",4,248
"3956","FBG","FBG02",2012,2012-08-28,2012-09-11,14,"FBG022012","summer","FBG022012_2012-08-28",11,248
"3957","FBG","FBG03",2012,2012-08-28,2012-09-11,14,"FBG032012","summer","FBG032012_2012-08-28",0,248
"3958","FBG","FBG04",2012,2012-08-28,2012-09-11,14,"FBG042012","summer","FBG042012_2012-08-28",2,248
"3959","FBG","FBG05",2012,2012-08-28,2012-09-11,14,"FBG052012","summer","FBG052012_2012-08-28",22,248
"3960","FBG","FBG06",2012,2012-08-28,2012-09-11,14,"FBG062012","summer","FBG062012_2012-08-28",2,248
"3961","FBG","FBG07",2012,2012-08-28,2012-09-11,14,"FBG072012","summer","FBG072012_2012-08-28",2,248
"3962","FBG","FBG08",2012,2012-08-28,2012-09-11,14,"FBG082012","summer","FBG082012_2012-08-28",0,248
"3963","FBG","FBG09",2012,2012-08-28,2012-09-11,14,"FBG092012","summer","FBG092012_2012-08-28",0,248
"3964","FBG","FBG10",2012,2012-08-28,2012-09-11,14,"FBG102012","summer","FBG102012_2012-08-28",4,248
"3965","FBG","FBG11",2012,2012-08-28,2012-09-11,14,"FBG112012","summer","FBG112012_2012-08-28",1,248
"3966","FBG","FBG13",2012,2012-08-28,2012-09-11,14,"FBG132012","summer","FBG132012_2012-08-28",11,248
"3967","FBG","FBG14",2012,2012-08-28,2012-09-11,14,"FBG142012","summer","FBG142012_2012-08-28",17,248
"3968","FBG","FBG15",2012,2012-08-28,2012-09-11,14,"FBG152012","summer","FBG152012_2012-08-28",3,248
"3969","FBG","FBG16",2012,2012-08-28,2012-09-11,14,"FBG162012","summer","FBG162012_2012-08-28",2,248
"3970","SST","SST01",2012,2012-08-28,2012-09-11,14,"SST012012","summer","SST012012_2012-08-28",0,248
"3971","SST","SST02",2012,2012-08-28,2012-09-11,14,"SST022012","summer","SST022012_2012-08-28",0,248
"3972","SST","SST03",2012,2012-08-28,2012-09-11,14,"SST032012","summer","SST032012_2012-08-28",0,248
"3973","SST","SST04",2012,2012-08-28,2012-09-11,14,"SST042012","summer","SST042012_2012-08-28",2,248
"3974","SST","SST05",2012,2012-08-28,2012-09-11,14,"SST052012","summer","SST052012_2012-08-28",1,248
"3975","SST","SST06",2012,2012-08-28,2012-09-11,14,"SST062012","summer","SST062012_2012-08-28",0,248
"3976","SST","SST07",2012,2012-08-28,2012-09-11,14,"SST072012","summer","SST072012_2012-08-28",1,248
"3977","SST","SST08",2012,2012-08-28,2012-09-11,14,"SST082012","summer","SST082012_2012-08-28",2,248
"3978","SST","SST09",2012,2012-08-28,2012-09-11,14,"SST092012","summer","SST092012_2012-08-28",1,248
"3979","SST","SST10",2012,2012-08-28,2012-09-11,14,"SST102012","summer","SST102012_2012-08-28",1,248
"3980","SST","SST11",2012,2012-08-28,2012-09-11,14,"SST112012","summer","SST112012_2012-08-28",0,248
"3981","SST","SST12",2012,2012-08-28,2012-09-11,14,"SST122012","summer","SST122012_2012-08-28",1,248
"3982","SST","SST13",2012,2012-08-28,2012-09-11,14,"SST132012","summer","SST132012_2012-08-28",4,248
"3983","SST","SST14",2012,2012-08-28,2012-09-11,14,"SST142012","summer","SST142012_2012-08-28",0,248
"3984","SST","SST15",2012,2012-08-28,2012-09-11,14,"SST152012","summer","SST152012_2012-08-28",0,248
"3985","SST","SST16",2012,2012-08-28,2012-09-11,14,"SST162012","summer","SST162012_2012-08-28",0,248
"3986","HAR","HAR01",2012,2012-08-29,2012-09-12,14,"HAR012012","summer","HAR012012_2012-08-29",0,249
"3987","HAR","HAR02",2012,2012-08-29,2012-09-12,14,"HAR022012","summer","HAR022012_2012-08-29",0,249
"3988","HAR","HAR03",2012,2012-08-29,2012-09-12,14,"HAR032012","summer","HAR032012_2012-08-29",1,249
"3989","HAR","HAR05",2012,2012-08-29,2012-09-12,14,"HAR052012","summer","HAR052012_2012-08-29",3,249
"3990","HAR","HAR06",2012,2012-08-29,2012-09-12,14,"HAR062012","summer","HAR062012_2012-08-29",1,249
"3991","HAR","HAR07",2012,2012-08-29,2012-09-12,14,"HAR072012","summer","HAR072012_2012-08-29",0,249
"3992","HAR","HAR08",2012,2012-08-29,2012-09-12,14,"HAR082012","summer","HAR082012_2012-08-29",2,249
"3993","HAR","HAR09",2012,2012-08-29,2012-09-12,14,"HAR092012","summer","HAR092012_2012-08-29",4,249
"3994","HAR","HAR10",2012,2012-08-29,2012-09-12,14,"HAR102012","summer","HAR102012_2012-08-29",2,249
"3995","HAR","HAR11",2012,2012-08-29,2012-09-12,14,"HAR112012","summer","HAR112012_2012-08-29",1,249
"3996","HAR","HAR12",2012,2012-08-29,2012-09-12,14,"HAR122012","summer","HAR122012_2012-08-29",3,249
"3997","HAR","HAR13",2012,2012-08-29,2012-09-12,14,"HAR132012","summer","HAR132012_2012-08-29",4,249
"3998","HAR","HAR14",2012,2012-08-29,2012-09-12,14,"HAR142012","summer","HAR142012_2012-08-29",3,249
"3999","HAR","HAR15",2012,2012-08-29,2012-09-12,14,"HAR152012","summer","HAR152012_2012-08-29",9,249
"4000","WAN","WAN01",2012,2012-08-29,2012-09-12,14,"WAN012012","summer","WAN012012_2012-08-29",0,249
"4001","WAN","WAN02",2012,2012-08-29,2012-09-12,14,"WAN022012","summer","WAN022012_2012-08-29",0,249
"4002","WAN","WAN03",2012,2012-08-29,2012-09-12,14,"WAN032012","summer","WAN032012_2012-08-29",1,249
"4003","WAN","WAN04",2012,2012-08-29,2012-09-12,14,"WAN042012","summer","WAN042012_2012-08-29",0,249
"4004","WAN","WAN05",2012,2012-08-29,2012-09-12,14,"WAN052012","summer","WAN052012_2012-08-29",0,249
"4005","WAN","WAN06",2012,2012-08-29,2012-09-12,14,"WAN062012","summer","WAN062012_2012-08-29",0,249
"4006","WAN","WAN07",2012,2012-08-29,2012-09-12,14,"WAN072012","summer","WAN072012_2012-08-29",0,249
"4007","WAN","WAN09",2012,2012-08-29,2012-09-12,14,"WAN092012","summer","WAN092012_2012-08-29",1,249
"4008","WAN","WAN10",2012,2012-08-29,2012-09-12,14,"WAN102012","summer","WAN102012_2012-08-29",1,249
"4009","WAN","WAN12",2012,2012-08-29,2012-09-12,14,"WAN122012","summer","WAN122012_2012-08-29",4,249
"4010","WAN","WAN15",2012,2012-08-29,2012-09-12,14,"WAN152012","summer","WAN152012_2012-08-29",0,249
"4011","WAN","WAN16",2012,2012-08-29,2012-09-12,14,"WAN162012","summer","WAN162012_2012-08-29",0,249
"4012","GFH","GFH01",2012,2012-08-30,2012-09-13,14,"GFH012012","summer","GFH012012_2012-08-30",4,250
"4013","GFH","GFH02",2012,2012-08-30,2012-09-13,14,"GFH022012","summer","GFH022012_2012-08-30",5,250
"4014","GFH","GFH03",2012,2012-08-30,2012-09-13,14,"GFH032012","summer","GFH032012_2012-08-30",23,250
"4015","GFH","GFH04",2012,2012-08-30,2012-09-13,14,"GFH042012","summer","GFH042012_2012-08-30",4,250
"4016","GFH","GFH05",2012,2012-08-30,2012-09-13,14,"GFH052012","summer","GFH052012_2012-08-30",3,250
"4017","GFH","GFH06",2012,2012-08-30,2012-09-13,14,"GFH062012","summer","GFH062012_2012-08-30",2,250
"4018","GFH","GFH07",2012,2012-08-30,2012-09-13,14,"GFH072012","summer","GFH072012_2012-08-30",9,250
"4019","GFH","GFH08",2012,2012-08-30,2012-09-13,14,"GFH082012","summer","GFH082012_2012-08-30",25,250
"4020","GFH","GFH09",2012,2012-08-30,2012-09-13,14,"GFH092012","summer","GFH092012_2012-08-30",8,250
"4021","GFH","GFH10",2012,2012-08-30,2012-09-13,14,"GFH102012","summer","GFH102012_2012-08-30",1,250
"4022","GFH","GFH11",2012,2012-08-30,2012-09-13,14,"GFH112012","summer","GFH112012_2012-08-30",34,250
"4023","GFH","GFH12",2012,2012-08-30,2012-09-13,14,"GFH122012","summer","GFH122012_2012-08-30",9,250
"4024","GFH","GFH14",2012,2012-08-30,2012-09-13,14,"GFH142012","summer","GFH142012_2012-08-30",4,250
"4025","GFH","GFH16",2012,2012-08-30,2012-09-13,14,"GFH162012","summer","GFH162012_2012-08-30",16,250
"4026","SIP","SIP02",2012,2012-08-30,2012-09-13,14,"SIP022012","summer","SIP022012_2012-08-30",0,250
"4027","SIP","SIP03",2012,2012-08-30,2012-09-13,14,"SIP032012","summer","SIP032012_2012-08-30",0,250
"4028","SIP","SIP05",2012,2012-08-30,2012-09-13,14,"SIP052012","summer","SIP052012_2012-08-30",0,250
"4029","SIP","SIP06",2012,2012-08-30,2012-09-13,14,"SIP062012","summer","SIP062012_2012-08-30",0,250
"4030","SIP","SIP07",2012,2012-08-30,2012-09-13,14,"SIP072012","summer","SIP072012_2012-08-30",0,250
"4031","SIP","SIP08",2012,2012-08-30,2012-09-13,14,"SIP082012","summer","SIP082012_2012-08-30",0,250
"4032","SIP","SIP09",2012,2012-08-30,2012-09-13,14,"SIP092012","summer","SIP092012_2012-08-30",0,250
"4033","SIP","SIP11",2012,2012-08-30,2012-09-13,14,"SIP112012","summer","SIP112012_2012-08-30",0,250
"4034","SIP","SIP14",2012,2012-08-30,2012-09-13,14,"SIP142012","summer","SIP142012_2012-08-30",0,250
"4035","SIP","SIP15",2012,2012-08-30,2012-09-13,14,"SIP152012","summer","SIP152012_2012-08-30",0,250
"4036","SIP","SIP16",2012,2012-08-30,2012-09-13,14,"SIP162012","summer","SIP162012_2012-08-30",2,250
"4037","FBG","FBG01",2013,2013-08-05,2013-08-19,14,"FBG012013","summer","FBG012013_2013-08-05",2,224
"4038","FBG","FBG03",2013,2013-08-05,2013-08-19,14,"FBG032013","summer","FBG032013_2013-08-05",0,224
"4039","FBG","FBG04",2013,2013-08-05,2013-08-19,14,"FBG042013","summer","FBG042013_2013-08-05",0,224
"4040","FBG","FBG06",2013,2013-08-05,2013-08-19,14,"FBG062013","summer","FBG062013_2013-08-05",1,224
"4041","FBG","FBG07",2013,2013-08-05,2013-08-19,14,"FBG072013","summer","FBG072013_2013-08-05",1,224
"4042","FBG","FBG08",2013,2013-08-05,2013-08-19,14,"FBG082013","summer","FBG082013_2013-08-05",0,224
"4043","FBG","FBG09",2013,2013-08-05,2013-08-19,14,"FBG092013","summer","FBG092013_2013-08-05",0,224
"4044","FBG","FBG10",2013,2013-08-05,2013-08-19,14,"FBG102013","summer","FBG102013_2013-08-05",2,224
"4045","FBG","FBG11",2013,2013-08-05,2013-08-19,14,"FBG112013","summer","FBG112013_2013-08-05",4,224
"4046","FBG","FBG12",2013,2013-08-05,2013-08-19,14,"FBG122013","summer","FBG122013_2013-08-05",5,224
"4047","FBG","FBG13",2013,2013-08-05,2013-08-19,14,"FBG132013","summer","FBG132013_2013-08-05",4,224
"4048","FBG","FBG14",2013,2013-08-05,2013-08-19,14,"FBG142013","summer","FBG142013_2013-08-05",4,224
"4049","FBG","FBG15",2013,2013-08-05,2013-08-19,14,"FBG152013","summer","FBG152013_2013-08-05",0,224
"4050","FBG","FBG16",2013,2013-08-05,2013-08-19,14,"FBG162013","summer","FBG162013_2013-08-05",3,224
"4051","SST","SST01",2013,2013-08-05,2013-08-19,14,"SST012013","summer","SST012013_2013-08-05",0,224
"4052","SST","SST02",2013,2013-08-05,2013-08-19,14,"SST022013","summer","SST022013_2013-08-05",0,224
"4053","SST","SST03",2013,2013-08-05,2013-08-19,14,"SST032013","summer","SST032013_2013-08-05",3,224
"4054","SST","SST04",2013,2013-08-05,2013-08-19,14,"SST042013","summer","SST042013_2013-08-05",21,224
"4055","SST","SST05",2013,2013-08-05,2013-08-19,14,"SST052013","summer","SST052013_2013-08-05",0,224
"4056","SST","SST07",2013,2013-08-05,2013-08-19,14,"SST072013","summer","SST072013_2013-08-05",0,224
"4057","SST","SST08",2013,2013-08-05,2013-08-19,14,"SST082013","summer","SST082013_2013-08-05",1,224
"4058","SST","SST09",2013,2013-08-05,2013-08-19,14,"SST092013","summer","SST092013_2013-08-05",0,224
"4059","SST","SST10",2013,2013-08-05,2013-08-19,14,"SST102013","summer","SST102013_2013-08-05",0,224
"4060","SST","SST11",2013,2013-08-05,2013-08-19,14,"SST112013","summer","SST112013_2013-08-05",1,224
"4061","SST","SST12",2013,2013-08-05,2013-08-19,14,"SST122013","summer","SST122013_2013-08-05",0,224
"4062","SST","SST13",2013,2013-08-05,2013-08-19,14,"SST132013","summer","SST132013_2013-08-05",1,224
"4063","SST","SST14",2013,2013-08-05,2013-08-19,14,"SST142013","summer","SST142013_2013-08-05",0,224
"4064","SST","SST15",2013,2013-08-05,2013-08-19,14,"SST152013","summer","SST152013_2013-08-05",0,224
"4065","SST","SST16",2013,2013-08-05,2013-08-19,14,"SST162013","summer","SST162013_2013-08-05",0,224
"4066","HAR","HAR01",2013,2013-08-06,2013-08-20,14,"HAR012013","summer","HAR012013_2013-08-06",0,225
"4067","HAR","HAR02",2013,2013-08-06,2013-08-20,14,"HAR022013","summer","HAR022013_2013-08-06",0,225
"4068","HAR","HAR03",2013,2013-08-06,2013-08-20,14,"HAR032013","summer","HAR032013_2013-08-06",0,225
"4069","HAR","HAR05",2013,2013-08-06,2013-08-20,14,"HAR052013","summer","HAR052013_2013-08-06",0,225
"4070","HAR","HAR06",2013,2013-08-06,2013-08-20,14,"HAR062013","summer","HAR062013_2013-08-06",0,225
"4071","HAR","HAR07",2013,2013-08-06,2013-08-20,14,"HAR072013","summer","HAR072013_2013-08-06",0,225
"4072","HAR","HAR09",2013,2013-08-06,2013-08-20,14,"HAR092013","summer","HAR092013_2013-08-06",1,225
"4073","HAR","HAR10",2013,2013-08-06,2013-08-20,14,"HAR102013","summer","HAR102013_2013-08-06",1,225
"4074","HAR","HAR11",2013,2013-08-06,2013-08-20,14,"HAR112013","summer","HAR112013_2013-08-06",0,225
"4075","HAR","HAR12",2013,2013-08-06,2013-08-20,14,"HAR122013","summer","HAR122013_2013-08-06",1,225
"4076","HAR","HAR13",2013,2013-08-06,2013-08-20,14,"HAR132013","summer","HAR132013_2013-08-06",0,225
"4077","HAR","HAR14",2013,2013-08-06,2013-08-20,14,"HAR142013","summer","HAR142013_2013-08-06",0,225
"4078","HAR","HAR15",2013,2013-08-06,2013-08-20,14,"HAR152013","summer","HAR152013_2013-08-06",5,225
"4079","HAR","HAR16",2013,2013-08-06,2013-08-20,14,"HAR162013","summer","HAR162013_2013-08-06",0,225
"4080","WAN","WAN01",2013,2013-08-06,2013-08-20,14,"WAN012013","summer","WAN012013_2013-08-06",0,225
"4081","WAN","WAN02",2013,2013-08-06,2013-08-20,14,"WAN022013","summer","WAN022013_2013-08-06",3,225
"4082","WAN","WAN03",2013,2013-08-06,2013-08-20,14,"WAN032013","summer","WAN032013_2013-08-06",0,225
"4083","WAN","WAN04",2013,2013-08-06,2013-08-20,14,"WAN042013","summer","WAN042013_2013-08-06",0,225
"4084","WAN","WAN05",2013,2013-08-06,2013-08-20,14,"WAN052013","summer","WAN052013_2013-08-06",1,225
"4085","WAN","WAN06",2013,2013-08-06,2013-08-20,14,"WAN062013","summer","WAN062013_2013-08-06",0,225
"4086","WAN","WAN07",2013,2013-08-06,2013-08-20,14,"WAN072013","summer","WAN072013_2013-08-06",4,225
"4087","WAN","WAN09",2013,2013-08-06,2013-08-20,14,"WAN092013","summer","WAN092013_2013-08-06",35,225
"4088","WAN","WAN10",2013,2013-08-06,2013-08-20,14,"WAN102013","summer","WAN102013_2013-08-06",8,225
"4089","WAN","WAN12",2013,2013-08-06,2013-08-20,14,"WAN122013","summer","WAN122013_2013-08-06",2,225
"4090","WAN","WAN13",2013,2013-08-06,2013-08-20,14,"WAN132013","summer","WAN132013_2013-08-06",35,225
"4091","WAN","WAN14",2013,2013-08-06,2013-08-20,14,"WAN142013","summer","WAN142013_2013-08-06",8,225
"4092","WAN","WAN15",2013,2013-08-06,2013-08-20,14,"WAN152013","summer","WAN152013_2013-08-06",0,225
"4093","GFH","GFH01",2013,2013-08-07,2013-08-21,14,"GFH012013","summer","GFH012013_2013-08-07",2,226
"4094","GFH","GFH02",2013,2013-08-07,2013-08-21,14,"GFH022013","summer","GFH022013_2013-08-07",1,226
"4095","GFH","GFH03",2013,2013-08-07,2013-08-21,14,"GFH032013","summer","GFH032013_2013-08-07",5,226
"4096","GFH","GFH04",2013,2013-08-07,2013-08-21,14,"GFH042013","summer","GFH042013_2013-08-07",1,226
"4097","GFH","GFH05",2013,2013-08-07,2013-08-21,14,"GFH052013","summer","GFH052013_2013-08-07",4,226
"4098","GFH","GFH06",2013,2013-08-07,2013-08-21,14,"GFH062013","summer","GFH062013_2013-08-07",0,226
"4099","GFH","GFH07",2013,2013-08-07,2013-08-21,14,"GFH072013","summer","GFH072013_2013-08-07",3,226
"4100","GFH","GFH08",2013,2013-08-07,2013-08-21,14,"GFH082013","summer","GFH082013_2013-08-07",18,226
"4101","GFH","GFH09",2013,2013-08-07,2013-08-21,14,"GFH092013","summer","GFH092013_2013-08-07",8,226
"4102","GFH","GFH10",2013,2013-08-07,2013-08-21,14,"GFH102013","summer","GFH102013_2013-08-07",0,226
"4103","GFH","GFH11",2013,2013-08-07,2013-08-21,14,"GFH112013","summer","GFH112013_2013-08-07",1,226
"4104","GFH","GFH12",2013,2013-08-07,2013-08-21,14,"GFH122013","summer","GFH122013_2013-08-07",40,226
"4105","GFH","GFH13",2013,2013-08-07,2013-08-21,14,"GFH132013","summer","GFH132013_2013-08-07",24,226
"4106","GFH","GFH14",2013,2013-08-07,2013-08-21,14,"GFH142013","summer","GFH142013_2013-08-07",1,226
"4107","GFH","GFH15",2013,2013-08-07,2013-08-21,14,"GFH152013","summer","GFH152013_2013-08-07",50,226
"4108","GFH","GFH16",2013,2013-08-07,2013-08-21,14,"GFH162013","summer","GFH162013_2013-08-07",13,226
"4109","SIP","SIP01",2013,2013-08-07,2013-08-21,14,"SIP012013","summer","SIP012013_2013-08-07",0,226
"4110","SIP","SIP02",2013,2013-08-07,2013-08-21,14,"SIP022013","summer","SIP022013_2013-08-07",0,226
"4111","SIP","SIP03",2013,2013-08-07,2013-08-21,14,"SIP032013","summer","SIP032013_2013-08-07",0,226
"4112","SIP","SIP05",2013,2013-08-07,2013-08-21,14,"SIP052013","summer","SIP052013_2013-08-07",0,226
"4113","SIP","SIP06",2013,2013-08-07,2013-08-21,14,"SIP062013","summer","SIP062013_2013-08-07",0,226
"4114","SIP","SIP07",2013,2013-08-07,2013-08-21,14,"SIP072013","summer","SIP072013_2013-08-07",0,226
"4115","SIP","SIP08",2013,2013-08-07,2013-08-21,14,"SIP082013","summer","SIP082013_2013-08-07",0,226
"4116","SIP","SIP09",2013,2013-08-07,2013-08-21,14,"SIP092013","summer","SIP092013_2013-08-07",0,226
"4117","SIP","SIP10",2013,2013-08-07,2013-08-21,14,"SIP102013","summer","SIP102013_2013-08-07",0,226
"4118","SIP","SIP11",2013,2013-08-07,2013-08-21,14,"SIP112013","summer","SIP112013_2013-08-07",0,226
"4119","SIP","SIP12",2013,2013-08-07,2013-08-21,14,"SIP122013","summer","SIP122013_2013-08-07",0,226
"4120","SIP","SIP13",2013,2013-08-07,2013-08-21,14,"SIP132013","summer","SIP132013_2013-08-07",0,226
"4121","SIP","SIP14",2013,2013-08-07,2013-08-21,14,"SIP142013","summer","SIP142013_2013-08-07",0,226
"4122","SIP","SIP15",2013,2013-08-07,2013-08-21,14,"SIP152013","summer","SIP152013_2013-08-07",1,226
"4123","SIP","SIP16",2013,2013-08-07,2013-08-21,14,"SIP162013","summer","SIP162013_2013-08-07",0,226
"4124","FBG","FBG01",2013,2013-08-19,2013-09-02,14,"FBG012013","summer","FBG012013_2013-08-19",3,238
"4125","FBG","FBG02",2013,2013-08-19,2013-09-02,14,"FBG022013","summer","FBG022013_2013-08-19",3,238
"4126","FBG","FBG03",2013,2013-08-19,2013-09-02,14,"FBG032013","summer","FBG032013_2013-08-19",2,238
"4127","FBG","FBG04",2013,2013-08-19,2013-09-02,14,"FBG042013","summer","FBG042013_2013-08-19",0,238
"4128","FBG","FBG06",2013,2013-08-19,2013-09-02,14,"FBG062013","summer","FBG062013_2013-08-19",1,238
"4129","FBG","FBG07",2013,2013-08-19,2013-09-02,14,"FBG072013","summer","FBG072013_2013-08-19",0,238
"4130","FBG","FBG08",2013,2013-08-19,2013-09-02,14,"FBG082013","summer","FBG082013_2013-08-19",0,238
"4131","FBG","FBG09",2013,2013-08-19,2013-09-02,14,"FBG092013","summer","FBG092013_2013-08-19",2,238
"4132","FBG","FBG10",2013,2013-08-19,2013-09-02,14,"FBG102013","summer","FBG102013_2013-08-19",3,238
"4133","FBG","FBG11",2013,2013-08-19,2013-09-02,14,"FBG112013","summer","FBG112013_2013-08-19",1,238
"4134","FBG","FBG12",2013,2013-08-19,2013-09-02,14,"FBG122013","summer","FBG122013_2013-08-19",1,238
"4135","FBG","FBG13",2013,2013-08-19,2013-09-02,14,"FBG132013","summer","FBG132013_2013-08-19",6,238
"4136","FBG","FBG14",2013,2013-08-19,2013-09-02,14,"FBG142013","summer","FBG142013_2013-08-19",1,238
"4137","FBG","FBG15",2013,2013-08-19,2013-09-02,14,"FBG152013","summer","FBG152013_2013-08-19",0,238
"4138","SST","SST01",2013,2013-08-19,2013-09-02,14,"SST012013","summer","SST012013_2013-08-19",0,238
"4139","SST","SST02",2013,2013-08-19,2013-09-02,14,"SST022013","summer","SST022013_2013-08-19",0,238
"4140","SST","SST03",2013,2013-08-19,2013-09-02,14,"SST032013","summer","SST032013_2013-08-19",1,238
"4141","SST","SST04",2013,2013-08-19,2013-09-02,14,"SST042013","summer","SST042013_2013-08-19",2,238
"4142","SST","SST05",2013,2013-08-19,2013-09-02,14,"SST052013","summer","SST052013_2013-08-19",0,238
"4143","SST","SST06",2013,2013-08-19,2013-09-02,14,"SST062013","summer","SST062013_2013-08-19",0,238
"4144","SST","SST08",2013,2013-08-19,2013-09-02,14,"SST082013","summer","SST082013_2013-08-19",0,238
"4145","SST","SST10",2013,2013-08-19,2013-09-02,14,"SST102013","summer","SST102013_2013-08-19",1,238
"4146","SST","SST11",2013,2013-08-19,2013-09-02,14,"SST112013","summer","SST112013_2013-08-19",0,238
"4147","SST","SST12",2013,2013-08-19,2013-09-02,14,"SST122013","summer","SST122013_2013-08-19",1,238
"4148","SST","SST13",2013,2013-08-19,2013-09-02,14,"SST132013","summer","SST132013_2013-08-19",1,238
"4149","SST","SST14",2013,2013-08-19,2013-09-02,14,"SST142013","summer","SST142013_2013-08-19",1,238
"4150","SST","SST15",2013,2013-08-19,2013-09-02,14,"SST152013","summer","SST152013_2013-08-19",0,238
"4151","SST","SST16",2013,2013-08-19,2013-09-02,14,"SST162013","summer","SST162013_2013-08-19",0,238
"4152","HAR","HAR01",2013,2013-08-20,2013-09-03,14,"HAR012013","summer","HAR012013_2013-08-20",0,239
"4153","HAR","HAR02",2013,2013-08-20,2013-09-03,14,"HAR022013","summer","HAR022013_2013-08-20",1,239
"4154","HAR","HAR03",2013,2013-08-20,2013-09-03,14,"HAR032013","summer","HAR032013_2013-08-20",4,239
"4155","HAR","HAR04",2013,2013-08-20,2013-09-03,14,"HAR042013","summer","HAR042013_2013-08-20",0,239
"4156","HAR","HAR05",2013,2013-08-20,2013-09-03,14,"HAR052013","summer","HAR052013_2013-08-20",3,239
"4157","HAR","HAR06",2013,2013-08-20,2013-09-03,14,"HAR062013","summer","HAR062013_2013-08-20",1,239
"4158","HAR","HAR07",2013,2013-08-20,2013-09-03,14,"HAR072013","summer","HAR072013_2013-08-20",0,239
"4159","HAR","HAR08",2013,2013-08-20,2013-09-03,14,"HAR082013","summer","HAR082013_2013-08-20",1,239
"4160","HAR","HAR09",2013,2013-08-20,2013-09-03,14,"HAR092013","summer","HAR092013_2013-08-20",1,239
"4161","HAR","HAR10",2013,2013-08-20,2013-09-03,14,"HAR102013","summer","HAR102013_2013-08-20",4,239
"4162","HAR","HAR12",2013,2013-08-20,2013-09-03,14,"HAR122013","summer","HAR122013_2013-08-20",2,239
"4163","HAR","HAR13",2013,2013-08-20,2013-09-03,14,"HAR132013","summer","HAR132013_2013-08-20",0,239
"4164","HAR","HAR14",2013,2013-08-20,2013-09-03,14,"HAR142013","summer","HAR142013_2013-08-20",2,239
"4165","HAR","HAR15",2013,2013-08-20,2013-09-03,14,"HAR152013","summer","HAR152013_2013-08-20",9,239
"4166","HAR","HAR16",2013,2013-08-20,2013-09-03,14,"HAR162013","summer","HAR162013_2013-08-20",1,239
"4167","WAN","WAN01",2013,2013-08-20,2013-09-03,14,"WAN012013","summer","WAN012013_2013-08-20",2,239
"4168","WAN","WAN02",2013,2013-08-20,2013-09-03,14,"WAN022013","summer","WAN022013_2013-08-20",0,239
"4169","WAN","WAN03",2013,2013-08-20,2013-09-03,14,"WAN032013","summer","WAN032013_2013-08-20",1,239
"4170","WAN","WAN04",2013,2013-08-20,2013-09-03,14,"WAN042013","summer","WAN042013_2013-08-20",1,239
"4171","WAN","WAN06",2013,2013-08-20,2013-09-03,14,"WAN062013","summer","WAN062013_2013-08-20",7,239
"4172","WAN","WAN07",2013,2013-08-20,2013-09-03,14,"WAN072013","summer","WAN072013_2013-08-20",4,239
"4173","WAN","WAN09",2013,2013-08-20,2013-09-03,14,"WAN092013","summer","WAN092013_2013-08-20",31,239
"4174","WAN","WAN10",2013,2013-08-20,2013-09-03,14,"WAN102013","summer","WAN102013_2013-08-20",1,239
"4175","WAN","WAN11",2013,2013-08-20,2013-09-03,14,"WAN112013","summer","WAN112013_2013-08-20",1,239
"4176","WAN","WAN12",2013,2013-08-20,2013-09-03,14,"WAN122013","summer","WAN122013_2013-08-20",2,239
"4177","WAN","WAN13",2013,2013-08-20,2013-09-03,14,"WAN132013","summer","WAN132013_2013-08-20",14,239
"4178","WAN","WAN14",2013,2013-08-20,2013-09-03,14,"WAN142013","summer","WAN142013_2013-08-20",5,239
"4179","WAN","WAN15",2013,2013-08-20,2013-09-03,14,"WAN152013","summer","WAN152013_2013-08-20",0,239
"4180","WAN","WAN16",2013,2013-08-20,2013-09-03,14,"WAN162013","summer","WAN162013_2013-08-20",1,239
"4181","GFH","GFH01",2013,2013-08-21,2013-09-04,14,"GFH012013","summer","GFH012013_2013-08-21",0,240
"4182","GFH","GFH02",2013,2013-08-21,2013-09-04,14,"GFH022013","summer","GFH022013_2013-08-21",5,240
"4183","GFH","GFH03",2013,2013-08-21,2013-09-04,14,"GFH032013","summer","GFH032013_2013-08-21",6,240
"4184","GFH","GFH04",2013,2013-08-21,2013-09-04,14,"GFH042013","summer","GFH042013_2013-08-21",1,240
"4185","GFH","GFH05",2013,2013-08-21,2013-09-04,14,"GFH052013","summer","GFH052013_2013-08-21",3,240
"4186","GFH","GFH07",2013,2013-08-21,2013-09-04,14,"GFH072013","summer","GFH072013_2013-08-21",2,240
"4187","GFH","GFH08",2013,2013-08-21,2013-09-04,14,"GFH082013","summer","GFH082013_2013-08-21",3,240
"4188","GFH","GFH10",2013,2013-08-21,2013-09-04,14,"GFH102013","summer","GFH102013_2013-08-21",10,240
"4189","GFH","GFH11",2013,2013-08-21,2013-09-04,14,"GFH112013","summer","GFH112013_2013-08-21",19,240
"4190","GFH","GFH12",2013,2013-08-21,2013-09-04,14,"GFH122013","summer","GFH122013_2013-08-21",10,240
"4191","GFH","GFH13",2013,2013-08-21,2013-09-04,14,"GFH132013","summer","GFH132013_2013-08-21",14,240
"4192","GFH","GFH14",2013,2013-08-21,2013-09-04,14,"GFH142013","summer","GFH142013_2013-08-21",6,240
"4193","GFH","GFH15",2013,2013-08-21,2013-09-04,14,"GFH152013","summer","GFH152013_2013-08-21",46,240
"4194","GFH","GFH16",2013,2013-08-21,2013-09-04,14,"GFH162013","summer","GFH162013_2013-08-21",22,240
"4195","SIP","SIP01",2013,2013-08-21,2013-09-04,14,"SIP012013","summer","SIP012013_2013-08-21",0,240
"4196","SIP","SIP02",2013,2013-08-21,2013-09-04,14,"SIP022013","summer","SIP022013_2013-08-21",0,240
"4197","SIP","SIP03",2013,2013-08-21,2013-09-04,14,"SIP032013","summer","SIP032013_2013-08-21",0,240
"4198","SIP","SIP05",2013,2013-08-21,2013-09-04,14,"SIP052013","summer","SIP052013_2013-08-21",0,240
"4199","SIP","SIP06",2013,2013-08-21,2013-09-04,14,"SIP062013","summer","SIP062013_2013-08-21",1,240
"4200","SIP","SIP08",2013,2013-08-21,2013-09-04,14,"SIP082013","summer","SIP082013_2013-08-21",0,240
"4201","SIP","SIP09",2013,2013-08-21,2013-09-04,14,"SIP092013","summer","SIP092013_2013-08-21",0,240
"4202","SIP","SIP10",2013,2013-08-21,2013-09-04,14,"SIP102013","summer","SIP102013_2013-08-21",0,240
"4203","SIP","SIP11",2013,2013-08-21,2013-09-04,14,"SIP112013","summer","SIP112013_2013-08-21",0,240
"4204","SIP","SIP12",2013,2013-08-21,2013-09-04,14,"SIP122013","summer","SIP122013_2013-08-21",0,240
"4205","SIP","SIP13",2013,2013-08-21,2013-09-04,14,"SIP132013","summer","SIP132013_2013-08-21",0,240
"4206","SIP","SIP15",2013,2013-08-21,2013-09-04,14,"SIP152013","summer","SIP152013_2013-08-21",0,240
"4207","SIP","SIP16",2013,2013-08-21,2013-09-04,14,"SIP162013","summer","SIP162013_2013-08-21",0,240
"4208","FBG","FBG01",2013,2013-09-02,2013-09-16,14,"FBG012013","summer","FBG012013_2013-09-02",3,252
"4209","FBG","FBG02",2013,2013-09-02,2013-09-16,14,"FBG022013","summer","FBG022013_2013-09-02",4,252
"4210","FBG","FBG03",2013,2013-09-02,2013-09-16,14,"FBG032013","summer","FBG032013_2013-09-02",1,252
"4211","FBG","FBG04",2013,2013-09-02,2013-09-16,14,"FBG042013","summer","FBG042013_2013-09-02",0,252
"4212","FBG","FBG06",2013,2013-09-02,2013-09-16,14,"FBG062013","summer","FBG062013_2013-09-02",4,252
"4213","FBG","FBG07",2013,2013-09-02,2013-09-16,14,"FBG072013","summer","FBG072013_2013-09-02",4,252
"4214","FBG","FBG08",2013,2013-09-02,2013-09-16,14,"FBG082013","summer","FBG082013_2013-09-02",0,252
"4215","FBG","FBG09",2013,2013-09-02,2013-09-16,14,"FBG092013","summer","FBG092013_2013-09-02",4,252
"4216","FBG","FBG10",2013,2013-09-02,2013-09-16,14,"FBG102013","summer","FBG102013_2013-09-02",4,252
"4217","FBG","FBG11",2013,2013-09-02,2013-09-16,14,"FBG112013","summer","FBG112013_2013-09-02",3,252
"4218","FBG","FBG12",2013,2013-09-02,2013-09-16,14,"FBG122013","summer","FBG122013_2013-09-02",2,252
"4219","FBG","FBG13",2013,2013-09-02,2013-09-16,14,"FBG132013","summer","FBG132013_2013-09-02",5,252
"4220","FBG","FBG14",2013,2013-09-02,2013-09-16,14,"FBG142013","summer","FBG142013_2013-09-02",10,252
"4221","FBG","FBG15",2013,2013-09-02,2013-09-16,14,"FBG152013","summer","FBG152013_2013-09-02",6,252
"4222","FBG","FBG16",2013,2013-09-02,2013-09-16,14,"FBG162013","summer","FBG162013_2013-09-02",2,252
"4223","SST","SST01",2013,2013-09-02,2013-09-16,14,"SST012013","summer","SST012013_2013-09-02",0,252
"4224","SST","SST02",2013,2013-09-02,2013-09-16,14,"SST022013","summer","SST022013_2013-09-02",1,252
"4225","SST","SST03",2013,2013-09-02,2013-09-16,14,"SST032013","summer","SST032013_2013-09-02",2,252
"4226","SST","SST04",2013,2013-09-02,2013-09-16,14,"SST042013","summer","SST042013_2013-09-02",6,252
"4227","SST","SST05",2013,2013-09-02,2013-09-16,14,"SST052013","summer","SST052013_2013-09-02",0,252
"4228","SST","SST08",2013,2013-09-02,2013-09-16,14,"SST082013","summer","SST082013_2013-09-02",1,252
"4229","SST","SST10",2013,2013-09-02,2013-09-16,14,"SST102013","summer","SST102013_2013-09-02",2,252
"4230","SST","SST11",2013,2013-09-02,2013-09-16,14,"SST112013","summer","SST112013_2013-09-02",0,252
"4231","SST","SST12",2013,2013-09-02,2013-09-16,14,"SST122013","summer","SST122013_2013-09-02",2,252
"4232","SST","SST13",2013,2013-09-02,2013-09-16,14,"SST132013","summer","SST132013_2013-09-02",1,252
"4233","SST","SST14",2013,2013-09-02,2013-09-16,14,"SST142013","summer","SST142013_2013-09-02",0,252
"4234","SST","SST15",2013,2013-09-02,2013-09-16,14,"SST152013","summer","SST152013_2013-09-02",1,252
"4235","HAR","HAR01",2013,2013-09-03,2013-09-17,14,"HAR012013","summer","HAR012013_2013-09-03",0,253
"4236","HAR","HAR02",2013,2013-09-03,2013-09-17,14,"HAR022013","summer","HAR022013_2013-09-03",1,253
"4237","HAR","HAR03",2013,2013-09-03,2013-09-17,14,"HAR032013","summer","HAR032013_2013-09-03",0,253
"4238","HAR","HAR05",2013,2013-09-03,2013-09-17,14,"HAR052013","summer","HAR052013_2013-09-03",0,253
"4239","HAR","HAR09",2013,2013-09-03,2013-09-17,14,"HAR092013","summer","HAR092013_2013-09-03",2,253
"4240","HAR","HAR10",2013,2013-09-03,2013-09-17,14,"HAR102013","summer","HAR102013_2013-09-03",1,253
"4241","HAR","HAR11",2013,2013-09-03,2013-09-17,14,"HAR112013","summer","HAR112013_2013-09-03",0,253
"4242","HAR","HAR12",2013,2013-09-03,2013-09-17,14,"HAR122013","summer","HAR122013_2013-09-03",3,253
"4243","HAR","HAR13",2013,2013-09-03,2013-09-17,14,"HAR132013","summer","HAR132013_2013-09-03",1,253
"4244","HAR","HAR14",2013,2013-09-03,2013-09-17,14,"HAR142013","summer","HAR142013_2013-09-03",2,253
"4245","HAR","HAR15",2013,2013-09-03,2013-09-17,14,"HAR152013","summer","HAR152013_2013-09-03",3,253
"4246","WAN","WAN01",2013,2013-09-03,2013-09-17,14,"WAN012013","summer","WAN012013_2013-09-03",3,253
"4247","WAN","WAN02",2013,2013-09-03,2013-09-17,14,"WAN022013","summer","WAN022013_2013-09-03",0,253
"4248","WAN","WAN05",2013,2013-09-03,2013-09-17,14,"WAN052013","summer","WAN052013_2013-09-03",0,253
"4249","WAN","WAN06",2013,2013-09-03,2013-09-17,14,"WAN062013","summer","WAN062013_2013-09-03",1,253
"4250","WAN","WAN07",2013,2013-09-03,2013-09-17,14,"WAN072013","summer","WAN072013_2013-09-03",6,253
"4251","WAN","WAN10",2013,2013-09-03,2013-09-17,14,"WAN102013","summer","WAN102013_2013-09-03",21,253
"4252","WAN","WAN12",2013,2013-09-03,2013-09-17,14,"WAN122013","summer","WAN122013_2013-09-03",0,253
"4253","WAN","WAN13",2013,2013-09-03,2013-09-17,14,"WAN132013","summer","WAN132013_2013-09-03",2,253
"4254","WAN","WAN14",2013,2013-09-03,2013-09-17,14,"WAN142013","summer","WAN142013_2013-09-03",1,253
"4255","GFH","GFH02",2013,2013-09-04,2013-09-18,14,"GFH022013","summer","GFH022013_2013-09-04",0,254
"4256","GFH","GFH03",2013,2013-09-04,2013-09-18,14,"GFH032013","summer","GFH032013_2013-09-04",3,254
"4257","GFH","GFH04",2013,2013-09-04,2013-09-18,14,"GFH042013","summer","GFH042013_2013-09-04",0,254
"4258","GFH","GFH06",2013,2013-09-04,2013-09-18,14,"GFH062013","summer","GFH062013_2013-09-04",0,254
"4259","GFH","GFH07",2013,2013-09-04,2013-09-18,14,"GFH072013","summer","GFH072013_2013-09-04",1,254
"4260","GFH","GFH08",2013,2013-09-04,2013-09-18,14,"GFH082013","summer","GFH082013_2013-09-04",2,254
"4261","GFH","GFH09",2013,2013-09-04,2013-09-18,14,"GFH092013","summer","GFH092013_2013-09-04",1,254
"4262","GFH","GFH10",2013,2013-09-04,2013-09-18,14,"GFH102013","summer","GFH102013_2013-09-04",0,254
"4263","GFH","GFH11",2013,2013-09-04,2013-09-18,14,"GFH112013","summer","GFH112013_2013-09-04",6,254
"4264","GFH","GFH12",2013,2013-09-04,2013-09-18,14,"GFH122013","summer","GFH122013_2013-09-04",2,254
"4265","GFH","GFH13",2013,2013-09-04,2013-09-18,14,"GFH132013","summer","GFH132013_2013-09-04",8,254
"4266","GFH","GFH14",2013,2013-09-04,2013-09-18,14,"GFH142013","summer","GFH142013_2013-09-04",2,254
"4267","GFH","GFH15",2013,2013-09-04,2013-09-18,14,"GFH152013","summer","GFH152013_2013-09-04",6,254
"4268","GFH","GFH16",2013,2013-09-04,2013-09-18,14,"GFH162013","summer","GFH162013_2013-09-04",4,254
"4269","SIP","SIP01",2013,2013-09-04,2013-09-18,14,"SIP012013","summer","SIP012013_2013-09-04",0,254
"4270","SIP","SIP02",2013,2013-09-04,2013-09-18,14,"SIP022013","summer","SIP022013_2013-09-04",0,254
"4271","SIP","SIP03",2013,2013-09-04,2013-09-18,14,"SIP032013","summer","SIP032013_2013-09-04",0,254
"4272","SIP","SIP06",2013,2013-09-04,2013-09-18,14,"SIP062013","summer","SIP062013_2013-09-04",0,254
"4273","SIP","SIP07",2013,2013-09-04,2013-09-18,14,"SIP072013","summer","SIP072013_2013-09-04",0,254
"4274","SIP","SIP08",2013,2013-09-04,2013-09-18,14,"SIP082013","summer","SIP082013_2013-09-04",0,254
"4275","SIP","SIP09",2013,2013-09-04,2013-09-18,14,"SIP092013","summer","SIP092013_2013-09-04",0,254
"4276","SIP","SIP10",2013,2013-09-04,2013-09-18,14,"SIP102013","summer","SIP102013_2013-09-04",0,254
"4277","SIP","SIP12",2013,2013-09-04,2013-09-18,14,"SIP122013","summer","SIP122013_2013-09-04",0,254
"4278","SIP","SIP14",2013,2013-09-04,2013-09-18,14,"SIP142013","summer","SIP142013_2013-09-04",0,254
"4279","SIP","SIP15",2013,2013-09-04,2013-09-18,14,"SIP152013","summer","SIP152013_2013-09-04",1,254
"4280","SIP","SIP16",2013,2013-09-04,2013-09-18,14,"SIP162013","summer","SIP162013_2013-09-04",0,254
"4281","FBG","FBG01",2014,2014-07-14,2014-07-28,14,"FBG012014","summer","FBG012014_2014-07-14",4,202
"4282","FBG","FBG02",2014,2014-07-14,2014-07-28,14,"FBG022014","summer","FBG022014_2014-07-14",2,202
"4283","FBG","FBG03",2014,2014-07-14,2014-07-28,14,"FBG032014","summer","FBG032014_2014-07-14",0,202
"4284","FBG","FBG04",2014,2014-07-14,2014-07-28,14,"FBG042014","summer","FBG042014_2014-07-14",2,202
"4285","FBG","FBG06",2014,2014-07-14,2014-07-28,14,"FBG062014","summer","FBG062014_2014-07-14",0,202
"4286","FBG","FBG07",2014,2014-07-14,2014-07-28,14,"FBG072014","summer","FBG072014_2014-07-14",2,202
"4287","FBG","FBG08",2014,2014-07-14,2014-07-28,14,"FBG082014","summer","FBG082014_2014-07-14",0,202
"4288","FBG","FBG09",2014,2014-07-14,2014-07-28,14,"FBG092014","summer","FBG092014_2014-07-14",1,202
"4289","FBG","FBG10",2014,2014-07-14,2014-07-28,14,"FBG102014","summer","FBG102014_2014-07-14",3,202
"4290","FBG","FBG11",2014,2014-07-14,2014-07-28,14,"FBG112014","summer","FBG112014_2014-07-14",2,202
"4291","FBG","FBG12",2014,2014-07-14,2014-07-28,14,"FBG122014","summer","FBG122014_2014-07-14",0,202
"4292","FBG","FBG13",2014,2014-07-14,2014-07-28,14,"FBG132014","summer","FBG132014_2014-07-14",3,202
"4293","FBG","FBG14",2014,2014-07-14,2014-07-28,14,"FBG142014","summer","FBG142014_2014-07-14",0,202
"4294","FBG","FBG15",2014,2014-07-14,2014-07-28,14,"FBG152014","summer","FBG152014_2014-07-14",2,202
"4295","FBG","FBG16",2014,2014-07-14,2014-07-28,14,"FBG162014","summer","FBG162014_2014-07-14",1,202
"4296","SST","SST01",2014,2014-07-14,2014-07-28,14,"SST012014","summer","SST012014_2014-07-14",1,202
"4297","SST","SST02",2014,2014-07-14,2014-07-28,14,"SST022014","summer","SST022014_2014-07-14",0,202
"4298","SST","SST03",2014,2014-07-14,2014-07-28,14,"SST032014","summer","SST032014_2014-07-14",0,202
"4299","SST","SST04",2014,2014-07-14,2014-07-28,14,"SST042014","summer","SST042014_2014-07-14",0,202
"4300","SST","SST05",2014,2014-07-14,2014-07-28,14,"SST052014","summer","SST052014_2014-07-14",2,202
"4301","SST","SST06",2014,2014-07-14,2014-07-28,14,"SST062014","summer","SST062014_2014-07-14",0,202
"4302","SST","SST07",2014,2014-07-14,2014-07-28,14,"SST072014","summer","SST072014_2014-07-14",0,202
"4303","SST","SST08",2014,2014-07-14,2014-07-28,14,"SST082014","summer","SST082014_2014-07-14",0,202
"4304","SST","SST09",2014,2014-07-14,2014-07-28,14,"SST092014","summer","SST092014_2014-07-14",0,202
"4305","SST","SST10",2014,2014-07-14,2014-07-28,14,"SST102014","summer","SST102014_2014-07-14",1,202
"4306","SST","SST11",2014,2014-07-14,2014-07-28,14,"SST112014","summer","SST112014_2014-07-14",0,202
"4307","SST","SST12",2014,2014-07-14,2014-07-28,14,"SST122014","summer","SST122014_2014-07-14",0,202
"4308","SST","SST13",2014,2014-07-14,2014-07-28,14,"SST132014","summer","SST132014_2014-07-14",1,202
"4309","SST","SST14",2014,2014-07-14,2014-07-28,14,"SST142014","summer","SST142014_2014-07-14",1,202
"4310","SST","SST16",2014,2014-07-14,2014-07-28,14,"SST162014","summer","SST162014_2014-07-14",0,202
"4311","HAR","HAR01",2014,2014-07-15,2014-07-29,14,"HAR012014","summer","HAR012014_2014-07-15",0,203
"4312","HAR","HAR02",2014,2014-07-15,2014-07-29,14,"HAR022014","summer","HAR022014_2014-07-15",0,203
"4313","HAR","HAR03",2014,2014-07-15,2014-07-29,14,"HAR032014","summer","HAR032014_2014-07-15",0,203
"4314","HAR","HAR04",2014,2014-07-15,2014-07-29,14,"HAR042014","summer","HAR042014_2014-07-15",1,203
"4315","HAR","HAR05",2014,2014-07-15,2014-07-29,14,"HAR052014","summer","HAR052014_2014-07-15",0,203
"4316","HAR","HAR06",2014,2014-07-15,2014-07-29,14,"HAR062014","summer","HAR062014_2014-07-15",1,203
"4317","HAR","HAR08",2014,2014-07-15,2014-07-29,14,"HAR082014","summer","HAR082014_2014-07-15",0,203
"4318","HAR","HAR09",2014,2014-07-15,2014-07-29,14,"HAR092014","summer","HAR092014_2014-07-15",0,203
"4319","HAR","HAR10",2014,2014-07-15,2014-07-29,14,"HAR102014","summer","HAR102014_2014-07-15",0,203
"4320","HAR","HAR11",2014,2014-07-15,2014-07-29,14,"HAR112014","summer","HAR112014_2014-07-15",0,203
"4321","HAR","HAR12",2014,2014-07-15,2014-07-29,14,"HAR122014","summer","HAR122014_2014-07-15",0,203
"4322","HAR","HAR13",2014,2014-07-15,2014-07-29,14,"HAR132014","summer","HAR132014_2014-07-15",0,203
"4323","HAR","HAR14",2014,2014-07-15,2014-07-29,14,"HAR142014","summer","HAR142014_2014-07-15",0,203
"4324","HAR","HAR15",2014,2014-07-15,2014-07-29,14,"HAR152014","summer","HAR152014_2014-07-15",1,203
"4325","HAR","HAR16",2014,2014-07-15,2014-07-29,14,"HAR162014","summer","HAR162014_2014-07-15",1,203
"4326","WAN","WAN01",2014,2014-07-15,2014-07-29,14,"WAN012014","summer","WAN012014_2014-07-15",1,203
"4327","WAN","WAN02",2014,2014-07-15,2014-07-29,14,"WAN022014","summer","WAN022014_2014-07-15",0,203
"4328","WAN","WAN06",2014,2014-07-15,2014-07-29,14,"WAN062014","summer","WAN062014_2014-07-15",3,203
"4329","WAN","WAN07",2014,2014-07-15,2014-07-29,14,"WAN072014","summer","WAN072014_2014-07-15",0,203
"4330","WAN","WAN08",2014,2014-07-15,2014-07-29,14,"WAN082014","summer","WAN082014_2014-07-15",1,203
"4331","WAN","WAN09",2014,2014-07-15,2014-07-29,14,"WAN092014","summer","WAN092014_2014-07-15",1,203
"4332","WAN","WAN10",2014,2014-07-15,2014-07-29,14,"WAN102014","summer","WAN102014_2014-07-15",3,203
"4333","WAN","WAN11",2014,2014-07-15,2014-07-29,14,"WAN112014","summer","WAN112014_2014-07-15",0,203
"4334","WAN","WAN12",2014,2014-07-15,2014-07-29,14,"WAN122014","summer","WAN122014_2014-07-15",1,203
"4335","WAN","WAN13",2014,2014-07-15,2014-07-29,14,"WAN132014","summer","WAN132014_2014-07-15",0,203
"4336","WAN","WAN14",2014,2014-07-15,2014-07-29,14,"WAN142014","summer","WAN142014_2014-07-15",1,203
"4337","WAN","WAN16",2014,2014-07-15,2014-07-29,14,"WAN162014","summer","WAN162014_2014-07-15",0,203
"4338","GFH","GFH01",2014,2014-07-14,2014-07-30,16,"GFH012014","summer","GFH012014_2014-07-14",0,203
"4339","GFH","GFH02",2014,2014-07-14,2014-07-30,16,"GFH022014","summer","GFH022014_2014-07-14",1,203
"4340","GFH","GFH03",2014,2014-07-14,2014-07-30,16,"GFH032014","summer","GFH032014_2014-07-14",0,203
"4341","GFH","GFH04",2014,2014-07-14,2014-07-30,16,"GFH042014","summer","GFH042014_2014-07-14",0,203
"4342","GFH","GFH05",2014,2014-07-14,2014-07-30,16,"GFH052014","summer","GFH052014_2014-07-14",0,203
"4343","GFH","GFH06",2014,2014-07-14,2014-07-30,16,"GFH062014","summer","GFH062014_2014-07-14",0,203
"4344","GFH","GFH07",2014,2014-07-14,2014-07-30,16,"GFH072014","summer","GFH072014_2014-07-14",2,203
"4345","GFH","GFH08",2014,2014-07-14,2014-07-30,16,"GFH082014","summer","GFH082014_2014-07-14",1,203
"4346","GFH","GFH09",2014,2014-07-14,2014-07-30,16,"GFH092014","summer","GFH092014_2014-07-14",0,203
"4347","GFH","GFH10",2014,2014-07-14,2014-07-30,16,"GFH102014","summer","GFH102014_2014-07-14",0,203
"4348","GFH","GFH11",2014,2014-07-14,2014-07-30,16,"GFH112014","summer","GFH112014_2014-07-14",1,203
"4349","GFH","GFH12",2014,2014-07-14,2014-07-30,16,"GFH122014","summer","GFH122014_2014-07-14",0,203
"4350","GFH","GFH13",2014,2014-07-14,2014-07-30,16,"GFH132014","summer","GFH132014_2014-07-14",1,203
"4351","GFH","GFH14",2014,2014-07-14,2014-07-30,16,"GFH142014","summer","GFH142014_2014-07-14",0,203
"4352","GFH","GFH15",2014,2014-07-14,2014-07-30,16,"GFH152014","summer","GFH152014_2014-07-14",4,203
"4353","GFH","GFH16",2014,2014-07-14,2014-07-30,16,"GFH162014","summer","GFH162014_2014-07-14",1,203
"4354","SIP","SIP01",2014,2014-07-14,2014-07-30,16,"SIP012014","summer","SIP012014_2014-07-14",1,203
"4355","SIP","SIP02",2014,2014-07-14,2014-07-30,16,"SIP022014","summer","SIP022014_2014-07-14",4,203
"4356","SIP","SIP03",2014,2014-07-14,2014-07-30,16,"SIP032014","summer","SIP032014_2014-07-14",0,203
"4357","SIP","SIP05",2014,2014-07-14,2014-07-30,16,"SIP052014","summer","SIP052014_2014-07-14",0,203
"4358","SIP","SIP06",2014,2014-07-14,2014-07-30,16,"SIP062014","summer","SIP062014_2014-07-14",0,203
"4359","SIP","SIP07",2014,2014-07-14,2014-07-30,16,"SIP072014","summer","SIP072014_2014-07-14",2,203
"4360","SIP","SIP08",2014,2014-07-14,2014-07-30,16,"SIP082014","summer","SIP082014_2014-07-14",0,203
"4361","SIP","SIP09",2014,2014-07-14,2014-07-30,16,"SIP092014","summer","SIP092014_2014-07-14",0,203
"4362","SIP","SIP11",2014,2014-07-14,2014-07-30,16,"SIP112014","summer","SIP112014_2014-07-14",0,203
"4363","SIP","SIP12",2014,2014-07-14,2014-07-30,16,"SIP122014","summer","SIP122014_2014-07-14",1,203
"4364","SIP","SIP13",2014,2014-07-14,2014-07-30,16,"SIP132014","summer","SIP132014_2014-07-14",0,203
"4365","SIP","SIP14",2014,2014-07-14,2014-07-30,16,"SIP142014","summer","SIP142014_2014-07-14",0,203
"4366","SIP","SIP15",2014,2014-07-14,2014-07-30,16,"SIP152014","summer","SIP152014_2014-07-14",2,203
"4367","GFH","GFH01",2014,2014-07-30,2014-08-12,13,"GFH012014","summer","GFH012014_2014-07-30",1,217.5
"4368","GFH","GFH03",2014,2014-07-30,2014-08-12,13,"GFH032014","summer","GFH032014_2014-07-30",7,217.5
"4369","GFH","GFH04",2014,2014-07-30,2014-08-12,13,"GFH042014","summer","GFH042014_2014-07-30",9,217.5
"4370","GFH","GFH05",2014,2014-07-30,2014-08-12,13,"GFH052014","summer","GFH052014_2014-07-30",4,217.5
"4371","GFH","GFH06",2014,2014-07-30,2014-08-12,13,"GFH062014","summer","GFH062014_2014-07-30",0,217.5
"4372","GFH","GFH07",2014,2014-07-30,2014-08-12,13,"GFH072014","summer","GFH072014_2014-07-30",0,217.5
"4373","GFH","GFH08",2014,2014-07-30,2014-08-12,13,"GFH082014","summer","GFH082014_2014-07-30",2,217.5
"4374","GFH","GFH09",2014,2014-07-30,2014-08-12,13,"GFH092014","summer","GFH092014_2014-07-30",1,217.5
"4375","GFH","GFH11",2014,2014-07-30,2014-08-12,13,"GFH112014","summer","GFH112014_2014-07-30",1,217.5
"4376","GFH","GFH12",2014,2014-07-30,2014-08-12,13,"GFH122014","summer","GFH122014_2014-07-30",0,217.5
"4377","GFH","GFH13",2014,2014-07-30,2014-08-12,13,"GFH132014","summer","GFH132014_2014-07-30",0,217.5
"4378","GFH","GFH14",2014,2014-07-30,2014-08-12,13,"GFH142014","summer","GFH142014_2014-07-30",0,217.5
"4379","GFH","GFH15",2014,2014-07-30,2014-08-12,13,"GFH152014","summer","GFH152014_2014-07-30",1,217.5
"4380","GFH","GFH16",2014,2014-07-30,2014-08-12,13,"GFH162014","summer","GFH162014_2014-07-30",0,217.5
"4381","SIP","SIP01",2014,2014-07-30,2014-08-12,13,"SIP012014","summer","SIP012014_2014-07-30",0,217.5
"4382","SIP","SIP02",2014,2014-07-30,2014-08-12,13,"SIP022014","summer","SIP022014_2014-07-30",1,217.5
"4383","SIP","SIP03",2014,2014-07-30,2014-08-12,13,"SIP032014","summer","SIP032014_2014-07-30",0,217.5
"4384","SIP","SIP05",2014,2014-07-30,2014-08-12,13,"SIP052014","summer","SIP052014_2014-07-30",0,217.5
"4385","SIP","SIP06",2014,2014-07-30,2014-08-12,13,"SIP062014","summer","SIP062014_2014-07-30",0,217.5
"4386","SIP","SIP07",2014,2014-07-30,2014-08-12,13,"SIP072014","summer","SIP072014_2014-07-30",0,217.5
"4387","SIP","SIP08",2014,2014-07-30,2014-08-12,13,"SIP082014","summer","SIP082014_2014-07-30",0,217.5
"4388","SIP","SIP10",2014,2014-07-30,2014-08-12,13,"SIP102014","summer","SIP102014_2014-07-30",0,217.5
"4389","SIP","SIP11",2014,2014-07-30,2014-08-12,13,"SIP112014","summer","SIP112014_2014-07-30",1,217.5
"4390","SIP","SIP12",2014,2014-07-30,2014-08-12,13,"SIP122014","summer","SIP122014_2014-07-30",1,217.5
"4391","SIP","SIP14",2014,2014-07-30,2014-08-12,13,"SIP142014","summer","SIP142014_2014-07-30",0,217.5
"4392","SIP","SIP15",2014,2014-07-30,2014-08-12,13,"SIP152014","summer","SIP152014_2014-07-30",2,217.5
"4393","SIP","SIP16",2014,2014-07-30,2014-08-12,13,"SIP162014","summer","SIP162014_2014-07-30",1,217.5
"4394","FBG","FBG01",2014,2014-07-28,2014-08-13,16,"FBG012014","summer","FBG012014_2014-07-28",2,217
"4395","FBG","FBG02",2014,2014-07-28,2014-08-13,16,"FBG022014","summer","FBG022014_2014-07-28",1,217
"4396","FBG","FBG04",2014,2014-07-28,2014-08-13,16,"FBG042014","summer","FBG042014_2014-07-28",1,217
"4397","FBG","FBG05",2014,2014-07-28,2014-08-13,16,"FBG052014","summer","FBG052014_2014-07-28",4,217
"4398","FBG","FBG06",2014,2014-07-28,2014-08-13,16,"FBG062014","summer","FBG062014_2014-07-28",4,217
"4399","FBG","FBG07",2014,2014-07-28,2014-08-13,16,"FBG072014","summer","FBG072014_2014-07-28",3,217
"4400","FBG","FBG08",2014,2014-07-28,2014-08-13,16,"FBG082014","summer","FBG082014_2014-07-28",0,217
"4401","FBG","FBG09",2014,2014-07-28,2014-08-13,16,"FBG092014","summer","FBG092014_2014-07-28",0,217
"4402","FBG","FBG10",2014,2014-07-28,2014-08-13,16,"FBG102014","summer","FBG102014_2014-07-28",3,217
"4403","FBG","FBG11",2014,2014-07-28,2014-08-13,16,"FBG112014","summer","FBG112014_2014-07-28",1,217
"4404","FBG","FBG12",2014,2014-07-28,2014-08-13,16,"FBG122014","summer","FBG122014_2014-07-28",0,217
"4405","FBG","FBG13",2014,2014-07-28,2014-08-13,16,"FBG132014","summer","FBG132014_2014-07-28",2,217
"4406","FBG","FBG14",2014,2014-07-28,2014-08-13,16,"FBG142014","summer","FBG142014_2014-07-28",0,217
"4407","FBG","FBG15",2014,2014-07-28,2014-08-13,16,"FBG152014","summer","FBG152014_2014-07-28",2,217
"4408","FBG","FBG16",2014,2014-07-28,2014-08-13,16,"FBG162014","summer","FBG162014_2014-07-28",1,217
"4409","SST","SST01",2014,2014-07-28,2014-08-13,16,"SST012014","summer","SST012014_2014-07-28",1,217
"4410","SST","SST02",2014,2014-07-28,2014-08-13,16,"SST022014","summer","SST022014_2014-07-28",1,217
"4411","SST","SST03",2014,2014-07-28,2014-08-13,16,"SST032014","summer","SST032014_2014-07-28",4,217
"4412","SST","SST04",2014,2014-07-28,2014-08-13,16,"SST042014","summer","SST042014_2014-07-28",6,217
"4413","SST","SST05",2014,2014-07-28,2014-08-13,16,"SST052014","summer","SST052014_2014-07-28",1,217
"4414","SST","SST06",2014,2014-07-28,2014-08-13,16,"SST062014","summer","SST062014_2014-07-28",1,217
"4415","SST","SST07",2014,2014-07-28,2014-08-13,16,"SST072014","summer","SST072014_2014-07-28",0,217
"4416","SST","SST08",2014,2014-07-28,2014-08-13,16,"SST082014","summer","SST082014_2014-07-28",0,217
"4417","SST","SST09",2014,2014-07-28,2014-08-13,16,"SST092014","summer","SST092014_2014-07-28",1,217
"4418","SST","SST10",2014,2014-07-28,2014-08-13,16,"SST102014","summer","SST102014_2014-07-28",1,217
"4419","SST","SST11",2014,2014-07-28,2014-08-13,16,"SST112014","summer","SST112014_2014-07-28",0,217
"4420","SST","SST13",2014,2014-07-28,2014-08-13,16,"SST132014","summer","SST132014_2014-07-28",0,217
"4421","SST","SST14",2014,2014-07-28,2014-08-13,16,"SST142014","summer","SST142014_2014-07-28",0,217
"4422","SST","SST15",2014,2014-07-28,2014-08-13,16,"SST152014","summer","SST152014_2014-07-28",2,217
"4423","HAR","HAR01",2014,2014-07-29,2014-08-14,16,"HAR012014","summer","HAR012014_2014-07-29",0,218
"4424","HAR","HAR02",2014,2014-07-29,2014-08-14,16,"HAR022014","summer","HAR022014_2014-07-29",0,218
"4425","HAR","HAR03",2014,2014-07-29,2014-08-14,16,"HAR032014","summer","HAR032014_2014-07-29",3,218
"4426","HAR","HAR07",2014,2014-07-29,2014-08-14,16,"HAR072014","summer","HAR072014_2014-07-29",6,218
"4427","HAR","HAR08",2014,2014-07-29,2014-08-14,16,"HAR082014","summer","HAR082014_2014-07-29",2,218
"4428","HAR","HAR09",2014,2014-07-29,2014-08-14,16,"HAR092014","summer","HAR092014_2014-07-29",1,218
"4429","HAR","HAR10",2014,2014-07-29,2014-08-14,16,"HAR102014","summer","HAR102014_2014-07-29",8,218
"4430","HAR","HAR11",2014,2014-07-29,2014-08-14,16,"HAR112014","summer","HAR112014_2014-07-29",189,218
"4431","HAR","HAR12",2014,2014-07-29,2014-08-14,16,"HAR122014","summer","HAR122014_2014-07-29",11,218
"4432","HAR","HAR13",2014,2014-07-29,2014-08-14,16,"HAR132014","summer","HAR132014_2014-07-29",4,218
"4433","HAR","HAR14",2014,2014-07-29,2014-08-14,16,"HAR142014","summer","HAR142014_2014-07-29",3,218
"4434","HAR","HAR15",2014,2014-07-29,2014-08-14,16,"HAR152014","summer","HAR152014_2014-07-29",2,218
"4435","HAR","HAR16",2014,2014-07-29,2014-08-14,16,"HAR162014","summer","HAR162014_2014-07-29",16,218
"4436","WAN","WAN01",2014,2014-07-29,2014-08-14,16,"WAN012014","summer","WAN012014_2014-07-29",6,218
"4437","WAN","WAN02",2014,2014-07-29,2014-08-14,16,"WAN022014","summer","WAN022014_2014-07-29",1,218
"4438","WAN","WAN03",2014,2014-07-29,2014-08-14,16,"WAN032014","summer","WAN032014_2014-07-29",0,218
"4439","WAN","WAN04",2014,2014-07-29,2014-08-14,16,"WAN042014","summer","WAN042014_2014-07-29",2,218
"4440","WAN","WAN05",2014,2014-07-29,2014-08-14,16,"WAN052014","summer","WAN052014_2014-07-29",0,218
"4441","WAN","WAN06",2014,2014-07-29,2014-08-14,16,"WAN062014","summer","WAN062014_2014-07-29",5,218
"4442","WAN","WAN07",2014,2014-07-29,2014-08-14,16,"WAN072014","summer","WAN072014_2014-07-29",3,218
"4443","WAN","WAN09",2014,2014-07-29,2014-08-14,16,"WAN092014","summer","WAN092014_2014-07-29",2,218
"4444","WAN","WAN10",2014,2014-07-29,2014-08-14,16,"WAN102014","summer","WAN102014_2014-07-29",1,218
"4445","WAN","WAN11",2014,2014-07-29,2014-08-14,16,"WAN112014","summer","WAN112014_2014-07-29",1,218
"4446","WAN","WAN12",2014,2014-07-29,2014-08-14,16,"WAN122014","summer","WAN122014_2014-07-29",6,218
"4447","WAN","WAN13",2014,2014-07-29,2014-08-14,16,"WAN132014","summer","WAN132014_2014-07-29",2,218
"4448","WAN","WAN15",2014,2014-07-29,2014-08-14,16,"WAN152014","summer","WAN152014_2014-07-29",0,218
"4449","WAN","WAN16",2014,2014-07-29,2014-08-14,16,"WAN162014","summer","WAN162014_2014-07-29",1,218
"4450","HAR","HAR03",2014,2014-08-14,2014-08-25,11,"HAR032014","summer","HAR032014_2014-08-14",4,231.5
"4451","HAR","HAR04",2014,2014-08-14,2014-08-25,11,"HAR042014","summer","HAR042014_2014-08-14",2,231.5
"4452","HAR","HAR05",2014,2014-08-14,2014-08-25,11,"HAR052014","summer","HAR052014_2014-08-14",6,231.5
"4453","HAR","HAR06",2014,2014-08-14,2014-08-25,11,"HAR062014","summer","HAR062014_2014-08-14",3,231.5
"4454","HAR","HAR07",2014,2014-08-14,2014-08-25,11,"HAR072014","summer","HAR072014_2014-08-14",10,231.5
"4455","HAR","HAR08",2014,2014-08-14,2014-08-25,11,"HAR082014","summer","HAR082014_2014-08-14",2,231.5
"4456","HAR","HAR09",2014,2014-08-14,2014-08-25,11,"HAR092014","summer","HAR092014_2014-08-14",4,231.5
"4457","HAR","HAR10",2014,2014-08-14,2014-08-25,11,"HAR102014","summer","HAR102014_2014-08-14",18,231.5
"4458","HAR","HAR12",2014,2014-08-14,2014-08-25,11,"HAR122014","summer","HAR122014_2014-08-14",12,231.5
"4459","HAR","HAR13",2014,2014-08-14,2014-08-25,11,"HAR132014","summer","HAR132014_2014-08-14",5,231.5
"4460","HAR","HAR14",2014,2014-08-14,2014-08-25,11,"HAR142014","summer","HAR142014_2014-08-14",5,231.5
"4461","HAR","HAR15",2014,2014-08-14,2014-08-25,11,"HAR152014","summer","HAR152014_2014-08-14",5,231.5
"4462","HAR","HAR16",2014,2014-08-14,2014-08-25,11,"HAR162014","summer","HAR162014_2014-08-14",0,231.5
"4463","WAN","WAN01",2014,2014-08-14,2014-08-25,11,"WAN012014","summer","WAN012014_2014-08-14",2,231.5
"4464","WAN","WAN02",2014,2014-08-14,2014-08-25,11,"WAN022014","summer","WAN022014_2014-08-14",2,231.5
"4465","WAN","WAN03",2014,2014-08-14,2014-08-25,11,"WAN032014","summer","WAN032014_2014-08-14",2,231.5
"4466","WAN","WAN04",2014,2014-08-14,2014-08-25,11,"WAN042014","summer","WAN042014_2014-08-14",1,231.5
"4467","WAN","WAN05",2014,2014-08-14,2014-08-25,11,"WAN052014","summer","WAN052014_2014-08-14",0,231.5
"4468","WAN","WAN06",2014,2014-08-14,2014-08-25,11,"WAN062014","summer","WAN062014_2014-08-14",6,231.5
"4469","WAN","WAN07",2014,2014-08-14,2014-08-25,11,"WAN072014","summer","WAN072014_2014-08-14",5,231.5
"4470","WAN","WAN08",2014,2014-08-14,2014-08-25,11,"WAN082014","summer","WAN082014_2014-08-14",0,231.5
"4471","WAN","WAN09",2014,2014-08-14,2014-08-25,11,"WAN092014","summer","WAN092014_2014-08-14",1,231.5
"4472","WAN","WAN10",2014,2014-08-14,2014-08-25,11,"WAN102014","summer","WAN102014_2014-08-14",0,231.5
"4473","WAN","WAN11",2014,2014-08-14,2014-08-25,11,"WAN112014","summer","WAN112014_2014-08-14",1,231.5
"4474","WAN","WAN12",2014,2014-08-14,2014-08-25,11,"WAN122014","summer","WAN122014_2014-08-14",10,231.5
"4475","WAN","WAN13",2014,2014-08-14,2014-08-25,11,"WAN132014","summer","WAN132014_2014-08-14",1,231.5
"4476","WAN","WAN14",2014,2014-08-14,2014-08-25,11,"WAN142014","summer","WAN142014_2014-08-14",5,231.5
"4477","WAN","WAN15",2014,2014-08-14,2014-08-25,11,"WAN152014","summer","WAN152014_2014-08-14",2,231.5
"4478","WAN","WAN16",2014,2014-08-14,2014-08-25,11,"WAN162014","summer","WAN162014_2014-08-14",4,231.5
"4479","FBG","FBG01",2014,2014-08-13,2014-08-26,13,"FBG012014","summer","FBG012014_2014-08-13",0,231.5
"4480","FBG","FBG02",2014,2014-08-13,2014-08-26,13,"FBG022014","summer","FBG022014_2014-08-13",6,231.5
"4481","FBG","FBG03",2014,2014-08-13,2014-08-26,13,"FBG032014","summer","FBG032014_2014-08-13",1,231.5
"4482","FBG","FBG04",2014,2014-08-13,2014-08-26,13,"FBG042014","summer","FBG042014_2014-08-13",0,231.5
"4483","FBG","FBG05",2014,2014-08-13,2014-08-26,13,"FBG052014","summer","FBG052014_2014-08-13",3,231.5
"4484","FBG","FBG06",2014,2014-08-13,2014-08-26,13,"FBG062014","summer","FBG062014_2014-08-13",0,231.5
"4485","FBG","FBG07",2014,2014-08-13,2014-08-26,13,"FBG072014","summer","FBG072014_2014-08-13",5,231.5
"4486","FBG","FBG08",2014,2014-08-13,2014-08-26,13,"FBG082014","summer","FBG082014_2014-08-13",0,231.5
"4487","FBG","FBG09",2014,2014-08-13,2014-08-26,13,"FBG092014","summer","FBG092014_2014-08-13",3,231.5
"4488","FBG","FBG10",2014,2014-08-13,2014-08-26,13,"FBG102014","summer","FBG102014_2014-08-13",0,231.5
"4489","FBG","FBG11",2014,2014-08-13,2014-08-26,13,"FBG112014","summer","FBG112014_2014-08-13",0,231.5
"4490","FBG","FBG12",2014,2014-08-13,2014-08-26,13,"FBG122014","summer","FBG122014_2014-08-13",0,231.5
"4491","FBG","FBG13",2014,2014-08-13,2014-08-26,13,"FBG132014","summer","FBG132014_2014-08-13",1,231.5
"4492","FBG","FBG14",2014,2014-08-13,2014-08-26,13,"FBG142014","summer","FBG142014_2014-08-13",7,231.5
"4493","FBG","FBG15",2014,2014-08-13,2014-08-26,13,"FBG152014","summer","FBG152014_2014-08-13",1,231.5
"4494","FBG","FBG16",2014,2014-08-13,2014-08-26,13,"FBG162014","summer","FBG162014_2014-08-13",1,231.5
"4495","SST","SST01",2014,2014-08-13,2014-08-26,13,"SST012014","summer","SST012014_2014-08-13",2,231.5
"4496","SST","SST02",2014,2014-08-13,2014-08-26,13,"SST022014","summer","SST022014_2014-08-13",0,231.5
"4497","SST","SST03",2014,2014-08-13,2014-08-26,13,"SST032014","summer","SST032014_2014-08-13",8,231.5
"4498","SST","SST04",2014,2014-08-13,2014-08-26,13,"SST042014","summer","SST042014_2014-08-13",22,231.5
"4499","SST","SST05",2014,2014-08-13,2014-08-26,13,"SST052014","summer","SST052014_2014-08-13",6,231.5
"4500","SST","SST06",2014,2014-08-13,2014-08-26,13,"SST062014","summer","SST062014_2014-08-13",2,231.5
"4501","SST","SST07",2014,2014-08-13,2014-08-26,13,"SST072014","summer","SST072014_2014-08-13",2,231.5
"4502","SST","SST08",2014,2014-08-13,2014-08-26,13,"SST082014","summer","SST082014_2014-08-13",6,231.5
"4503","SST","SST09",2014,2014-08-13,2014-08-26,13,"SST092014","summer","SST092014_2014-08-13",0,231.5
"4504","SST","SST10",2014,2014-08-13,2014-08-26,13,"SST102014","summer","SST102014_2014-08-13",26,231.5
"4505","SST","SST12",2014,2014-08-13,2014-08-26,13,"SST122014","summer","SST122014_2014-08-13",1,231.5
"4506","SST","SST13",2014,2014-08-13,2014-08-26,13,"SST132014","summer","SST132014_2014-08-13",7,231.5
"4507","SST","SST16",2014,2014-08-13,2014-08-26,13,"SST162014","summer","SST162014_2014-08-13",1,231.5
"4508","GFH","GFH03",2014,2014-08-12,2014-08-27,15,"GFH032014","summer","GFH032014_2014-08-12",10,231.5
"4509","GFH","GFH04",2014,2014-08-12,2014-08-27,15,"GFH042014","summer","GFH042014_2014-08-12",6,231.5
"4510","GFH","GFH06",2014,2014-08-12,2014-08-27,15,"GFH062014","summer","GFH062014_2014-08-12",0,231.5
"4511","GFH","GFH07",2014,2014-08-12,2014-08-27,15,"GFH072014","summer","GFH072014_2014-08-12",4,231.5
"4512","GFH","GFH08",2014,2014-08-12,2014-08-27,15,"GFH082014","summer","GFH082014_2014-08-12",12,231.5
"4513","GFH","GFH09",2014,2014-08-12,2014-08-27,15,"GFH092014","summer","GFH092014_2014-08-12",3,231.5
"4514","GFH","GFH11",2014,2014-08-12,2014-08-27,15,"GFH112014","summer","GFH112014_2014-08-12",11,231.5
"4515","GFH","GFH12",2014,2014-08-12,2014-08-27,15,"GFH122014","summer","GFH122014_2014-08-12",27,231.5
"4516","GFH","GFH13",2014,2014-08-12,2014-08-27,15,"GFH132014","summer","GFH132014_2014-08-12",5,231.5
"4517","GFH","GFH14",2014,2014-08-12,2014-08-27,15,"GFH142014","summer","GFH142014_2014-08-12",2,231.5
"4518","GFH","GFH15",2014,2014-08-12,2014-08-27,15,"GFH152014","summer","GFH152014_2014-08-12",46,231.5
"4519","SIP","SIP01",2014,2014-08-12,2014-08-27,15,"SIP012014","summer","SIP012014_2014-08-12",0,231.5
"4520","SIP","SIP02",2014,2014-08-12,2014-08-27,15,"SIP022014","summer","SIP022014_2014-08-12",0,231.5
"4521","SIP","SIP03",2014,2014-08-12,2014-08-27,15,"SIP032014","summer","SIP032014_2014-08-12",0,231.5
"4522","SIP","SIP05",2014,2014-08-12,2014-08-27,15,"SIP052014","summer","SIP052014_2014-08-12",0,231.5
"4523","SIP","SIP06",2014,2014-08-12,2014-08-27,15,"SIP062014","summer","SIP062014_2014-08-12",1,231.5
"4524","SIP","SIP08",2014,2014-08-12,2014-08-27,15,"SIP082014","summer","SIP082014_2014-08-12",0,231.5
"4525","SIP","SIP11",2014,2014-08-12,2014-08-27,15,"SIP112014","summer","SIP112014_2014-08-12",1,231.5
"4526","SIP","SIP12",2014,2014-08-12,2014-08-27,15,"SIP122014","summer","SIP122014_2014-08-12",1,231.5
"4527","SIP","SIP14",2014,2014-08-12,2014-08-27,15,"SIP142014","summer","SIP142014_2014-08-12",0,231.5
"4528","SIP","SIP15",2014,2014-08-12,2014-08-27,15,"SIP152014","summer","SIP152014_2014-08-12",0,231.5
"4529","SIP","SIP16",2014,2014-08-12,2014-08-27,15,"SIP162014","summer","SIP162014_2014-08-12",1,231.5
"4530","FBG","FBG01",2015,2015-07-23,2015-08-03,11,"FBG012015","summer","FBG012015_2015-07-23",0,209.5
"4531","FBG","FBG02",2015,2015-07-23,2015-08-03,11,"FBG022015","summer","FBG022015_2015-07-23",3,209.5
"4532","FBG","FBG04",2015,2015-07-23,2015-08-03,11,"FBG042015","summer","FBG042015_2015-07-23",0,209.5
"4533","FBG","FBG05",2015,2015-07-23,2015-08-03,11,"FBG052015","summer","FBG052015_2015-07-23",1,209.5
"4534","FBG","FBG06",2015,2015-07-23,2015-08-03,11,"FBG062015","summer","FBG062015_2015-07-23",1,209.5
"4535","FBG","FBG07",2015,2015-07-23,2015-08-03,11,"FBG072015","summer","FBG072015_2015-07-23",0,209.5
"4536","FBG","FBG08",2015,2015-07-23,2015-08-03,11,"FBG082015","summer","FBG082015_2015-07-23",0,209.5
"4537","FBG","FBG09",2015,2015-07-23,2015-08-03,11,"FBG092015","summer","FBG092015_2015-07-23",0,209.5
"4538","FBG","FBG10",2015,2015-07-23,2015-08-03,11,"FBG102015","summer","FBG102015_2015-07-23",1,209.5
"4539","FBG","FBG11",2015,2015-07-23,2015-08-03,11,"FBG112015","summer","FBG112015_2015-07-23",0,209.5
"4540","FBG","FBG12",2015,2015-07-23,2015-08-03,11,"FBG122015","summer","FBG122015_2015-07-23",0,209.5
"4541","FBG","FBG13",2015,2015-07-23,2015-08-03,11,"FBG132015","summer","FBG132015_2015-07-23",0,209.5
"4542","FBG","FBG14",2015,2015-07-23,2015-08-03,11,"FBG142015","summer","FBG142015_2015-07-23",1,209.5
"4543","FBG","FBG15",2015,2015-07-23,2015-08-03,11,"FBG152015","summer","FBG152015_2015-07-23",0,209.5
"4544","FBG","FBG16",2015,2015-07-23,2015-08-03,11,"FBG162015","summer","FBG162015_2015-07-23",1,209.5
"4545","SST","SST01",2015,2015-07-23,2015-08-03,11,"SST012015","summer","SST012015_2015-07-23",0,209.5
"4546","SST","SST02",2015,2015-07-23,2015-08-03,11,"SST022015","summer","SST022015_2015-07-23",0,209.5
"4547","SST","SST03",2015,2015-07-23,2015-08-03,11,"SST032015","summer","SST032015_2015-07-23",0,209.5
"4548","SST","SST04",2015,2015-07-23,2015-08-03,11,"SST042015","summer","SST042015_2015-07-23",7,209.5
"4549","SST","SST05",2015,2015-07-23,2015-08-03,11,"SST052015","summer","SST052015_2015-07-23",0,209.5
"4550","SST","SST06",2015,2015-07-23,2015-08-03,11,"SST062015","summer","SST062015_2015-07-23",0,209.5
"4551","SST","SST07",2015,2015-07-23,2015-08-03,11,"SST072015","summer","SST072015_2015-07-23",1,209.5
"4552","SST","SST08",2015,2015-07-23,2015-08-03,11,"SST082015","summer","SST082015_2015-07-23",7,209.5
"4553","SST","SST09",2015,2015-07-23,2015-08-03,11,"SST092015","summer","SST092015_2015-07-23",0,209.5
"4554","SST","SST11",2015,2015-07-23,2015-08-03,11,"SST112015","summer","SST112015_2015-07-23",1,209.5
"4555","SST","SST12",2015,2015-07-23,2015-08-03,11,"SST122015","summer","SST122015_2015-07-23",0,209.5
"4556","SST","SST13",2015,2015-07-23,2015-08-03,11,"SST132015","summer","SST132015_2015-07-23",0,209.5
"4557","SST","SST14",2015,2015-07-23,2015-08-03,11,"SST142015","summer","SST142015_2015-07-23",0,209.5
"4558","SST","SST16",2015,2015-07-23,2015-08-03,11,"SST162015","summer","SST162015_2015-07-23",0,209.5
"4559","GFH","GFH01",2015,2015-07-21,2015-08-04,14,"GFH012015","summer","GFH012015_2015-07-21",0,209
"4560","GFH","GFH03",2015,2015-07-21,2015-08-04,14,"GFH032015","summer","GFH032015_2015-07-21",0,209
"4561","GFH","GFH04",2015,2015-07-21,2015-08-04,14,"GFH042015","summer","GFH042015_2015-07-21",1,209
"4562","GFH","GFH05",2015,2015-07-21,2015-08-04,14,"GFH052015","summer","GFH052015_2015-07-21",2,209
"4563","GFH","GFH06",2015,2015-07-21,2015-08-04,14,"GFH062015","summer","GFH062015_2015-07-21",0,209
"4564","GFH","GFH07",2015,2015-07-21,2015-08-04,14,"GFH072015","summer","GFH072015_2015-07-21",0,209
"4565","GFH","GFH08",2015,2015-07-21,2015-08-04,14,"GFH082015","summer","GFH082015_2015-07-21",1,209
"4566","GFH","GFH09",2015,2015-07-21,2015-08-04,14,"GFH092015","summer","GFH092015_2015-07-21",0,209
"4567","GFH","GFH11",2015,2015-07-21,2015-08-04,14,"GFH112015","summer","GFH112015_2015-07-21",4,209
"4568","GFH","GFH12",2015,2015-07-21,2015-08-04,14,"GFH122015","summer","GFH122015_2015-07-21",0,209
"4569","GFH","GFH13",2015,2015-07-21,2015-08-04,14,"GFH132015","summer","GFH132015_2015-07-21",7,209
"4570","GFH","GFH14",2015,2015-07-21,2015-08-04,14,"GFH142015","summer","GFH142015_2015-07-21",1,209
"4571","GFH","GFH15",2015,2015-07-21,2015-08-04,14,"GFH152015","summer","GFH152015_2015-07-21",3,209
"4572","GFH","GFH16",2015,2015-07-21,2015-08-04,14,"GFH162015","summer","GFH162015_2015-07-21",1,209
"4573","SIP","SIP01",2015,2015-07-21,2015-08-04,14,"SIP012015","summer","SIP012015_2015-07-21",0,209
"4574","SIP","SIP02",2015,2015-07-21,2015-08-04,14,"SIP022015","summer","SIP022015_2015-07-21",1,209
"4575","SIP","SIP03",2015,2015-07-21,2015-08-04,14,"SIP032015","summer","SIP032015_2015-07-21",1,209
"4576","SIP","SIP05",2015,2015-07-21,2015-08-04,14,"SIP052015","summer","SIP052015_2015-07-21",0,209
"4577","SIP","SIP06",2015,2015-07-21,2015-08-04,14,"SIP062015","summer","SIP062015_2015-07-21",0,209
"4578","SIP","SIP07",2015,2015-07-21,2015-08-04,14,"SIP072015","summer","SIP072015_2015-07-21",1,209
"4579","SIP","SIP08",2015,2015-07-21,2015-08-04,14,"SIP082015","summer","SIP082015_2015-07-21",0,209
"4580","SIP","SIP09",2015,2015-07-21,2015-08-04,14,"SIP092015","summer","SIP092015_2015-07-21",0,209
"4581","SIP","SIP10",2015,2015-07-21,2015-08-04,14,"SIP102015","summer","SIP102015_2015-07-21",0,209
"4582","SIP","SIP11",2015,2015-07-21,2015-08-04,14,"SIP112015","summer","SIP112015_2015-07-21",0,209
"4583","SIP","SIP12",2015,2015-07-21,2015-08-04,14,"SIP122015","summer","SIP122015_2015-07-21",1,209
"4584","SIP","SIP13",2015,2015-07-21,2015-08-04,14,"SIP132015","summer","SIP132015_2015-07-21",0,209
"4585","SIP","SIP14",2015,2015-07-21,2015-08-04,14,"SIP142015","summer","SIP142015_2015-07-21",0,209
"4586","SIP","SIP15",2015,2015-07-21,2015-08-04,14,"SIP152015","summer","SIP152015_2015-07-21",1,209
"4587","SIP","SIP16",2015,2015-07-21,2015-08-04,14,"SIP162015","summer","SIP162015_2015-07-21",2,209
"4588","HAR","HAR01",2015,2015-07-22,2015-08-05,14,"HAR012015","summer","HAR012015_2015-07-22",1,210
"4589","HAR","HAR03",2015,2015-07-22,2015-08-05,14,"HAR032015","summer","HAR032015_2015-07-22",0,210
"4590","HAR","HAR04",2015,2015-07-22,2015-08-05,14,"HAR042015","summer","HAR042015_2015-07-22",1,210
"4591","HAR","HAR05",2015,2015-07-22,2015-08-05,14,"HAR052015","summer","HAR052015_2015-07-22",4,210
"4592","HAR","HAR06",2015,2015-07-22,2015-08-05,14,"HAR062015","summer","HAR062015_2015-07-22",0,210
"4593","HAR","HAR07",2015,2015-07-22,2015-08-05,14,"HAR072015","summer","HAR072015_2015-07-22",1,210
"4594","HAR","HAR08",2015,2015-07-22,2015-08-05,14,"HAR082015","summer","HAR082015_2015-07-22",1,210
"4595","HAR","HAR09",2015,2015-07-22,2015-08-05,14,"HAR092015","summer","HAR092015_2015-07-22",0,210
"4596","HAR","HAR10",2015,2015-07-22,2015-08-05,14,"HAR102015","summer","HAR102015_2015-07-22",1,210
"4597","HAR","HAR11",2015,2015-07-22,2015-08-05,14,"HAR112015","summer","HAR112015_2015-07-22",0,210
"4598","HAR","HAR12",2015,2015-07-22,2015-08-05,14,"HAR122015","summer","HAR122015_2015-07-22",0,210
"4599","HAR","HAR13",2015,2015-07-22,2015-08-05,14,"HAR132015","summer","HAR132015_2015-07-22",1,210
"4600","HAR","HAR14",2015,2015-07-22,2015-08-05,14,"HAR142015","summer","HAR142015_2015-07-22",6,210
"4601","HAR","HAR15",2015,2015-07-22,2015-08-05,14,"HAR152015","summer","HAR152015_2015-07-22",2,210
"4602","HAR","HAR16",2015,2015-07-22,2015-08-05,14,"HAR162015","summer","HAR162015_2015-07-22",0,210
"4603","WAN","WAN01",2015,2015-07-22,2015-08-05,14,"WAN012015","summer","WAN012015_2015-07-22",10,210
"4604","WAN","WAN02",2015,2015-07-22,2015-08-05,14,"WAN022015","summer","WAN022015_2015-07-22",5,210
"4605","WAN","WAN03",2015,2015-07-22,2015-08-05,14,"WAN032015","summer","WAN032015_2015-07-22",2,210
"4606","WAN","WAN04",2015,2015-07-22,2015-08-05,14,"WAN042015","summer","WAN042015_2015-07-22",1,210
"4607","WAN","WAN06",2015,2015-07-22,2015-08-05,14,"WAN062015","summer","WAN062015_2015-07-22",2,210
"4608","WAN","WAN09",2015,2015-07-22,2015-08-05,14,"WAN092015","summer","WAN092015_2015-07-22",0,210
"4609","WAN","WAN10",2015,2015-07-22,2015-08-05,14,"WAN102015","summer","WAN102015_2015-07-22",0,210
"4610","WAN","WAN11",2015,2015-07-22,2015-08-05,14,"WAN112015","summer","WAN112015_2015-07-22",0,210
"4611","WAN","WAN12",2015,2015-07-22,2015-08-05,14,"WAN122015","summer","WAN122015_2015-07-22",0,210
"4612","WAN","WAN13",2015,2015-07-22,2015-08-05,14,"WAN132015","summer","WAN132015_2015-07-22",0,210
"4613","WAN","WAN14",2015,2015-07-22,2015-08-05,14,"WAN142015","summer","WAN142015_2015-07-22",1,210
"4614","WAN","WAN15",2015,2015-07-22,2015-08-05,14,"WAN152015","summer","WAN152015_2015-07-22",2,210
"4615","WAN","WAN16",2015,2015-07-22,2015-08-05,14,"WAN162015","summer","WAN162015_2015-07-22",0,210
"4616","FBG","FBG01",2015,2015-08-03,2015-08-17,14,"FBG012015","summer","FBG012015_2015-08-03",1,222
"4617","FBG","FBG02",2015,2015-08-03,2015-08-17,14,"FBG022015","summer","FBG022015_2015-08-03",4,222
"4618","FBG","FBG03",2015,2015-08-03,2015-08-17,14,"FBG032015","summer","FBG032015_2015-08-03",1,222
"4619","FBG","FBG04",2015,2015-08-03,2015-08-17,14,"FBG042015","summer","FBG042015_2015-08-03",2,222
"4620","FBG","FBG05",2015,2015-08-03,2015-08-17,14,"FBG052015","summer","FBG052015_2015-08-03",0,222
"4621","FBG","FBG06",2015,2015-08-03,2015-08-17,14,"FBG062015","summer","FBG062015_2015-08-03",0,222
"4622","FBG","FBG07",2015,2015-08-03,2015-08-17,14,"FBG072015","summer","FBG072015_2015-08-03",0,222
"4623","FBG","FBG08",2015,2015-08-03,2015-08-17,14,"FBG082015","summer","FBG082015_2015-08-03",0,222
"4624","FBG","FBG09",2015,2015-08-03,2015-08-17,14,"FBG092015","summer","FBG092015_2015-08-03",1,222
"4625","FBG","FBG10",2015,2015-08-03,2015-08-17,14,"FBG102015","summer","FBG102015_2015-08-03",2,222
"4626","FBG","FBG11",2015,2015-08-03,2015-08-17,14,"FBG112015","summer","FBG112015_2015-08-03",0,222
"4627","FBG","FBG12",2015,2015-08-03,2015-08-17,14,"FBG122015","summer","FBG122015_2015-08-03",0,222
"4628","FBG","FBG13",2015,2015-08-03,2015-08-17,14,"FBG132015","summer","FBG132015_2015-08-03",1,222
"4629","FBG","FBG14",2015,2015-08-03,2015-08-17,14,"FBG142015","summer","FBG142015_2015-08-03",0,222
"4630","FBG","FBG15",2015,2015-08-03,2015-08-17,14,"FBG152015","summer","FBG152015_2015-08-03",0,222
"4631","FBG","FBG16",2015,2015-08-03,2015-08-17,14,"FBG162015","summer","FBG162015_2015-08-03",0,222
"4632","SST","SST01",2015,2015-08-03,2015-08-17,14,"SST012015","summer","SST012015_2015-08-03",0,222
"4633","SST","SST02",2015,2015-08-03,2015-08-17,14,"SST022015","summer","SST022015_2015-08-03",0,222
"4634","SST","SST03",2015,2015-08-03,2015-08-17,14,"SST032015","summer","SST032015_2015-08-03",1,222
"4635","SST","SST04",2015,2015-08-03,2015-08-17,14,"SST042015","summer","SST042015_2015-08-03",5,222
"4636","SST","SST05",2015,2015-08-03,2015-08-17,14,"SST052015","summer","SST052015_2015-08-03",0,222
"4637","SST","SST07",2015,2015-08-03,2015-08-17,14,"SST072015","summer","SST072015_2015-08-03",1,222
"4638","SST","SST08",2015,2015-08-03,2015-08-17,14,"SST082015","summer","SST082015_2015-08-03",1,222
"4639","SST","SST09",2015,2015-08-03,2015-08-17,14,"SST092015","summer","SST092015_2015-08-03",0,222
"4640","SST","SST10",2015,2015-08-03,2015-08-17,14,"SST102015","summer","SST102015_2015-08-03",1,222
"4641","SST","SST11",2015,2015-08-03,2015-08-17,14,"SST112015","summer","SST112015_2015-08-03",1,222
"4642","SST","SST12",2015,2015-08-03,2015-08-17,14,"SST122015","summer","SST122015_2015-08-03",0,222
"4643","SST","SST14",2015,2015-08-03,2015-08-17,14,"SST142015","summer","SST142015_2015-08-03",1,222
"4644","SST","SST15",2015,2015-08-03,2015-08-17,14,"SST152015","summer","SST152015_2015-08-03",0,222
"4645","SST","SST16",2015,2015-08-03,2015-08-17,14,"SST162015","summer","SST162015_2015-08-03",0,222
"4646","HAR","HAR01",2015,2015-08-05,2015-08-18,13,"HAR012015","summer","HAR012015_2015-08-05",0,223.5
"4647","HAR","HAR02",2015,2015-08-05,2015-08-18,13,"HAR022015","summer","HAR022015_2015-08-05",0,223.5
"4648","HAR","HAR03",2015,2015-08-05,2015-08-18,13,"HAR032015","summer","HAR032015_2015-08-05",1,223.5
"4649","HAR","HAR05",2015,2015-08-05,2015-08-18,13,"HAR052015","summer","HAR052015_2015-08-05",0,223.5
"4650","HAR","HAR06",2015,2015-08-05,2015-08-18,13,"HAR062015","summer","HAR062015_2015-08-05",0,223.5
"4651","HAR","HAR07",2015,2015-08-05,2015-08-18,13,"HAR072015","summer","HAR072015_2015-08-05",0,223.5
"4652","HAR","HAR08",2015,2015-08-05,2015-08-18,13,"HAR082015","summer","HAR082015_2015-08-05",1,223.5
"4653","HAR","HAR09",2015,2015-08-05,2015-08-18,13,"HAR092015","summer","HAR092015_2015-08-05",0,223.5
"4654","HAR","HAR10",2015,2015-08-05,2015-08-18,13,"HAR102015","summer","HAR102015_2015-08-05",0,223.5
"4655","HAR","HAR12",2015,2015-08-05,2015-08-18,13,"HAR122015","summer","HAR122015_2015-08-05",7,223.5
"4656","HAR","HAR13",2015,2015-08-05,2015-08-18,13,"HAR132015","summer","HAR132015_2015-08-05",1,223.5
"4657","HAR","HAR14",2015,2015-08-05,2015-08-18,13,"HAR142015","summer","HAR142015_2015-08-05",1,223.5
"4658","HAR","HAR15",2015,2015-08-05,2015-08-18,13,"HAR152015","summer","HAR152015_2015-08-05",1,223.5
"4659","HAR","HAR16",2015,2015-08-05,2015-08-18,13,"HAR162015","summer","HAR162015_2015-08-05",1,223.5
"4660","WAN","WAN01",2015,2015-08-05,2015-08-18,13,"WAN012015","summer","WAN012015_2015-08-05",19,223.5
"4661","WAN","WAN02",2015,2015-08-05,2015-08-18,13,"WAN022015","summer","WAN022015_2015-08-05",6,223.5
"4662","WAN","WAN03",2015,2015-08-05,2015-08-18,13,"WAN032015","summer","WAN032015_2015-08-05",2,223.5
"4663","WAN","WAN04",2015,2015-08-05,2015-08-18,13,"WAN042015","summer","WAN042015_2015-08-05",0,223.5
"4664","WAN","WAN05",2015,2015-08-05,2015-08-18,13,"WAN052015","summer","WAN052015_2015-08-05",0,223.5
"4665","WAN","WAN06",2015,2015-08-05,2015-08-18,13,"WAN062015","summer","WAN062015_2015-08-05",9,223.5
"4666","WAN","WAN07",2015,2015-08-05,2015-08-18,13,"WAN072015","summer","WAN072015_2015-08-05",1,223.5
"4667","WAN","WAN09",2015,2015-08-05,2015-08-18,13,"WAN092015","summer","WAN092015_2015-08-05",2,223.5
"4668","WAN","WAN10",2015,2015-08-05,2015-08-18,13,"WAN102015","summer","WAN102015_2015-08-05",4,223.5
"4669","WAN","WAN12",2015,2015-08-05,2015-08-18,13,"WAN122015","summer","WAN122015_2015-08-05",0,223.5
"4670","WAN","WAN13",2015,2015-08-05,2015-08-18,13,"WAN132015","summer","WAN132015_2015-08-05",1,223.5
"4671","WAN","WAN14",2015,2015-08-05,2015-08-18,13,"WAN142015","summer","WAN142015_2015-08-05",5,223.5
"4672","WAN","WAN16",2015,2015-08-05,2015-08-18,13,"WAN162015","summer","WAN162015_2015-08-05",0,223.5
"4673","GFH","GFH01",2015,2015-08-04,2015-08-20,16,"GFH012015","summer","GFH012015_2015-08-04",0,224
"4674","GFH","GFH02",2015,2015-08-04,2015-08-20,16,"GFH022015","summer","GFH022015_2015-08-04",0,224
"4675","GFH","GFH03",2015,2015-08-04,2015-08-20,16,"GFH032015","summer","GFH032015_2015-08-04",3,224
"4676","GFH","GFH04",2015,2015-08-04,2015-08-20,16,"GFH042015","summer","GFH042015_2015-08-04",0,224
"4677","GFH","GFH05",2015,2015-08-04,2015-08-20,16,"GFH052015","summer","GFH052015_2015-08-04",3,224
"4678","GFH","GFH06",2015,2015-08-04,2015-08-20,16,"GFH062015","summer","GFH062015_2015-08-04",0,224
"4679","GFH","GFH07",2015,2015-08-04,2015-08-20,16,"GFH072015","summer","GFH072015_2015-08-04",2,224
"4680","GFH","GFH08",2015,2015-08-04,2015-08-20,16,"GFH082015","summer","GFH082015_2015-08-04",0,224
"4681","GFH","GFH09",2015,2015-08-04,2015-08-20,16,"GFH092015","summer","GFH092015_2015-08-04",1,224
"4682","GFH","GFH10",2015,2015-08-04,2015-08-20,16,"GFH102015","summer","GFH102015_2015-08-04",1,224
"4683","GFH","GFH11",2015,2015-08-04,2015-08-20,16,"GFH112015","summer","GFH112015_2015-08-04",3,224
"4684","GFH","GFH12",2015,2015-08-04,2015-08-20,16,"GFH122015","summer","GFH122015_2015-08-04",6,224
"4685","GFH","GFH13",2015,2015-08-04,2015-08-20,16,"GFH132015","summer","GFH132015_2015-08-04",0,224
"4686","GFH","GFH14",2015,2015-08-04,2015-08-20,16,"GFH142015","summer","GFH142015_2015-08-04",0,224
"4687","GFH","GFH15",2015,2015-08-04,2015-08-20,16,"GFH152015","summer","GFH152015_2015-08-04",8,224
"4688","GFH","GFH16",2015,2015-08-04,2015-08-20,16,"GFH162015","summer","GFH162015_2015-08-04",10,224
"4689","SIP","SIP01",2015,2015-08-04,2015-08-20,16,"SIP012015","summer","SIP012015_2015-08-04",0,224
"4690","SIP","SIP02",2015,2015-08-04,2015-08-20,16,"SIP022015","summer","SIP022015_2015-08-04",0,224
"4691","SIP","SIP03",2015,2015-08-04,2015-08-20,16,"SIP032015","summer","SIP032015_2015-08-04",0,224
"4692","SIP","SIP06",2015,2015-08-04,2015-08-20,16,"SIP062015","summer","SIP062015_2015-08-04",0,224
"4693","SIP","SIP08",2015,2015-08-04,2015-08-20,16,"SIP082015","summer","SIP082015_2015-08-04",0,224
"4694","SIP","SIP09",2015,2015-08-04,2015-08-20,16,"SIP092015","summer","SIP092015_2015-08-04",0,224
"4695","SIP","SIP11",2015,2015-08-04,2015-08-20,16,"SIP112015","summer","SIP112015_2015-08-04",0,224
"4696","SIP","SIP12",2015,2015-08-04,2015-08-20,16,"SIP122015","summer","SIP122015_2015-08-04",0,224
"4697","SIP","SIP13",2015,2015-08-04,2015-08-20,16,"SIP132015","summer","SIP132015_2015-08-04",0,224
"4698","SIP","SIP14",2015,2015-08-04,2015-08-20,16,"SIP142015","summer","SIP142015_2015-08-04",0,224
"4699","SIP","SIP15",2015,2015-08-04,2015-08-20,16,"SIP152015","summer","SIP152015_2015-08-04",0,224
"4700","SIP","SIP16",2015,2015-08-04,2015-08-20,16,"SIP162015","summer","SIP162015_2015-08-04",2,224
"4701","HAR","HAR01",2015,2015-08-18,2015-08-31,13,"HAR012015","summer","HAR012015_2015-08-18",1,236.5
"4702","HAR","HAR02",2015,2015-08-18,2015-08-31,13,"HAR022015","summer","HAR022015_2015-08-18",0,236.5
"4703","HAR","HAR03",2015,2015-08-18,2015-08-31,13,"HAR032015","summer","HAR032015_2015-08-18",2,236.5
"4704","HAR","HAR04",2015,2015-08-18,2015-08-31,13,"HAR042015","summer","HAR042015_2015-08-18",0,236.5
"4705","HAR","HAR05",2015,2015-08-18,2015-08-31,13,"HAR052015","summer","HAR052015_2015-08-18",0,236.5
"4706","HAR","HAR06",2015,2015-08-18,2015-08-31,13,"HAR062015","summer","HAR062015_2015-08-18",1,236.5
"4707","HAR","HAR07",2015,2015-08-18,2015-08-31,13,"HAR072015","summer","HAR072015_2015-08-18",1,236.5
"4708","HAR","HAR08",2015,2015-08-18,2015-08-31,13,"HAR082015","summer","HAR082015_2015-08-18",0,236.5
"4709","HAR","HAR09",2015,2015-08-18,2015-08-31,13,"HAR092015","summer","HAR092015_2015-08-18",4,236.5
"4710","HAR","HAR10",2015,2015-08-18,2015-08-31,13,"HAR102015","summer","HAR102015_2015-08-18",1,236.5
"4711","HAR","HAR12",2015,2015-08-18,2015-08-31,13,"HAR122015","summer","HAR122015_2015-08-18",5,236.5
"4712","HAR","HAR13",2015,2015-08-18,2015-08-31,13,"HAR132015","summer","HAR132015_2015-08-18",1,236.5
"4713","HAR","HAR15",2015,2015-08-18,2015-08-31,13,"HAR152015","summer","HAR152015_2015-08-18",1,236.5
"4714","HAR","HAR16",2015,2015-08-18,2015-08-31,13,"HAR162015","summer","HAR162015_2015-08-18",1,236.5
"4715","WAN","WAN01",2015,2015-08-18,2015-08-31,13,"WAN012015","summer","WAN012015_2015-08-18",17,236.5
"4716","WAN","WAN02",2015,2015-08-18,2015-08-31,13,"WAN022015","summer","WAN022015_2015-08-18",3,236.5
"4717","WAN","WAN03",2015,2015-08-18,2015-08-31,13,"WAN032015","summer","WAN032015_2015-08-18",1,236.5
"4718","WAN","WAN04",2015,2015-08-18,2015-08-31,13,"WAN042015","summer","WAN042015_2015-08-18",2,236.5
"4719","WAN","WAN05",2015,2015-08-18,2015-08-31,13,"WAN052015","summer","WAN052015_2015-08-18",0,236.5
"4720","WAN","WAN06",2015,2015-08-18,2015-08-31,13,"WAN062015","summer","WAN062015_2015-08-18",11,236.5
"4721","WAN","WAN07",2015,2015-08-18,2015-08-31,13,"WAN072015","summer","WAN072015_2015-08-18",1,236.5
"4722","WAN","WAN08",2015,2015-08-18,2015-08-31,13,"WAN082015","summer","WAN082015_2015-08-18",1,236.5
"4723","WAN","WAN09",2015,2015-08-18,2015-08-31,13,"WAN092015","summer","WAN092015_2015-08-18",2,236.5
"4724","WAN","WAN10",2015,2015-08-18,2015-08-31,13,"WAN102015","summer","WAN102015_2015-08-18",5,236.5
"4725","WAN","WAN12",2015,2015-08-18,2015-08-31,13,"WAN122015","summer","WAN122015_2015-08-18",0,236.5
"4726","WAN","WAN13",2015,2015-08-18,2015-08-31,13,"WAN132015","summer","WAN132015_2015-08-18",2,236.5
"4727","WAN","WAN14",2015,2015-08-18,2015-08-31,13,"WAN142015","summer","WAN142015_2015-08-18",5,236.5
"4728","WAN","WAN15",2015,2015-08-18,2015-08-31,13,"WAN152015","summer","WAN152015_2015-08-18",1,236.5
"4729","GFH","GFH02",2015,2015-08-20,2015-09-01,12,"GFH022015","summer","GFH022015_2015-08-20",2,238
"4730","GFH","GFH03",2015,2015-08-20,2015-09-01,12,"GFH032015","summer","GFH032015_2015-08-20",3,238
"4731","GFH","GFH04",2015,2015-08-20,2015-09-01,12,"GFH042015","summer","GFH042015_2015-08-20",2,238
"4732","GFH","GFH05",2015,2015-08-20,2015-09-01,12,"GFH052015","summer","GFH052015_2015-08-20",1,238
"4733","GFH","GFH06",2015,2015-08-20,2015-09-01,12,"GFH062015","summer","GFH062015_2015-08-20",1,238
"4734","GFH","GFH07",2015,2015-08-20,2015-09-01,12,"GFH072015","summer","GFH072015_2015-08-20",3,238
"4735","GFH","GFH08",2015,2015-08-20,2015-09-01,12,"GFH082015","summer","GFH082015_2015-08-20",5,238
"4736","GFH","GFH09",2015,2015-08-20,2015-09-01,12,"GFH092015","summer","GFH092015_2015-08-20",2,238
"4737","GFH","GFH10",2015,2015-08-20,2015-09-01,12,"GFH102015","summer","GFH102015_2015-08-20",2,238
"4738","GFH","GFH11",2015,2015-08-20,2015-09-01,12,"GFH112015","summer","GFH112015_2015-08-20",4,238
"4739","GFH","GFH12",2015,2015-08-20,2015-09-01,12,"GFH122015","summer","GFH122015_2015-08-20",3,238
"4740","GFH","GFH13",2015,2015-08-20,2015-09-01,12,"GFH132015","summer","GFH132015_2015-08-20",13,238
"4741","GFH","GFH14",2015,2015-08-20,2015-09-01,12,"GFH142015","summer","GFH142015_2015-08-20",3,238
"4742","GFH","GFH15",2015,2015-08-20,2015-09-01,12,"GFH152015","summer","GFH152015_2015-08-20",11,238
"4743","GFH","GFH16",2015,2015-08-20,2015-09-01,12,"GFH162015","summer","GFH162015_2015-08-20",10,238
"4744","SIP","SIP02",2015,2015-08-20,2015-09-01,12,"SIP022015","summer","SIP022015_2015-08-20",0,238
"4745","SIP","SIP03",2015,2015-08-20,2015-09-01,12,"SIP032015","summer","SIP032015_2015-08-20",0,238
"4746","SIP","SIP05",2015,2015-08-20,2015-09-01,12,"SIP052015","summer","SIP052015_2015-08-20",0,238
"4747","SIP","SIP06",2015,2015-08-20,2015-09-01,12,"SIP062015","summer","SIP062015_2015-08-20",0,238
"4748","SIP","SIP07",2015,2015-08-20,2015-09-01,12,"SIP072015","summer","SIP072015_2015-08-20",0,238
"4749","SIP","SIP08",2015,2015-08-20,2015-09-01,12,"SIP082015","summer","SIP082015_2015-08-20",0,238
"4750","SIP","SIP09",2015,2015-08-20,2015-09-01,12,"SIP092015","summer","SIP092015_2015-08-20",0,238
"4751","SIP","SIP10",2015,2015-08-20,2015-09-01,12,"SIP102015","summer","SIP102015_2015-08-20",0,238
"4752","SIP","SIP11",2015,2015-08-20,2015-09-01,12,"SIP112015","summer","SIP112015_2015-08-20",0,238
"4753","SIP","SIP12",2015,2015-08-20,2015-09-01,12,"SIP122015","summer","SIP122015_2015-08-20",0,238
"4754","SIP","SIP13",2015,2015-08-20,2015-09-01,12,"SIP132015","summer","SIP132015_2015-08-20",0,238
"4755","SIP","SIP14",2015,2015-08-20,2015-09-01,12,"SIP142015","summer","SIP142015_2015-08-20",0,238
"4756","SIP","SIP15",2015,2015-08-20,2015-09-01,12,"SIP152015","summer","SIP152015_2015-08-20",0,238
"4757","SIP","SIP16",2015,2015-08-20,2015-09-01,12,"SIP162015","summer","SIP162015_2015-08-20",0,238
"4758","FBG","FBG01",2015,2015-08-17,2015-09-02,16,"FBG012015","summer","FBG012015_2015-08-17",0,237
"4759","FBG","FBG02",2015,2015-08-17,2015-09-02,16,"FBG022015","summer","FBG022015_2015-08-17",5,237
"4760","FBG","FBG03",2015,2015-08-17,2015-09-02,16,"FBG032015","summer","FBG032015_2015-08-17",0,237
"4761","FBG","FBG04",2015,2015-08-17,2015-09-02,16,"FBG042015","summer","FBG042015_2015-08-17",2,237
"4762","FBG","FBG05",2015,2015-08-17,2015-09-02,16,"FBG052015","summer","FBG052015_2015-08-17",3,237
"4763","FBG","FBG06",2015,2015-08-17,2015-09-02,16,"FBG062015","summer","FBG062015_2015-08-17",3,237
"4764","FBG","FBG07",2015,2015-08-17,2015-09-02,16,"FBG072015","summer","FBG072015_2015-08-17",0,237
"4765","FBG","FBG08",2015,2015-08-17,2015-09-02,16,"FBG082015","summer","FBG082015_2015-08-17",0,237
"4766","FBG","FBG09",2015,2015-08-17,2015-09-02,16,"FBG092015","summer","FBG092015_2015-08-17",0,237
"4767","FBG","FBG10",2015,2015-08-17,2015-09-02,16,"FBG102015","summer","FBG102015_2015-08-17",1,237
"4768","FBG","FBG11",2015,2015-08-17,2015-09-02,16,"FBG112015","summer","FBG112015_2015-08-17",1,237
"4769","FBG","FBG12",2015,2015-08-17,2015-09-02,16,"FBG122015","summer","FBG122015_2015-08-17",4,237
"4770","FBG","FBG13",2015,2015-08-17,2015-09-02,16,"FBG132015","summer","FBG132015_2015-08-17",2,237
"4771","FBG","FBG14",2015,2015-08-17,2015-09-02,16,"FBG142015","summer","FBG142015_2015-08-17",1,237
"4772","FBG","FBG15",2015,2015-08-17,2015-09-02,16,"FBG152015","summer","FBG152015_2015-08-17",2,237
"4773","FBG","FBG16",2015,2015-08-17,2015-09-02,16,"FBG162015","summer","FBG162015_2015-08-17",1,237
"4774","SST","SST01",2015,2015-08-17,2015-09-02,16,"SST012015","summer","SST012015_2015-08-17",0,237
"4775","SST","SST02",2015,2015-08-17,2015-09-02,16,"SST022015","summer","SST022015_2015-08-17",0,237
"4776","SST","SST03",2015,2015-08-17,2015-09-02,16,"SST032015","summer","SST032015_2015-08-17",1,237
"4777","SST","SST04",2015,2015-08-17,2015-09-02,16,"SST042015","summer","SST042015_2015-08-17",7,237
"4778","SST","SST05",2015,2015-08-17,2015-09-02,16,"SST052015","summer","SST052015_2015-08-17",0,237
"4779","SST","SST06",2015,2015-08-17,2015-09-02,16,"SST062015","summer","SST062015_2015-08-17",0,237
"4780","SST","SST07",2015,2015-08-17,2015-09-02,16,"SST072015","summer","SST072015_2015-08-17",0,237
"4781","SST","SST08",2015,2015-08-17,2015-09-02,16,"SST082015","summer","SST082015_2015-08-17",0,237
"4782","SST","SST09",2015,2015-08-17,2015-09-02,16,"SST092015","summer","SST092015_2015-08-17",0,237
"4783","SST","SST10",2015,2015-08-17,2015-09-02,16,"SST102015","summer","SST102015_2015-08-17",0,237
"4784","SST","SST11",2015,2015-08-17,2015-09-02,16,"SST112015","summer","SST112015_2015-08-17",0,237
"4785","SST","SST12",2015,2015-08-17,2015-09-02,16,"SST122015","summer","SST122015_2015-08-17",0,237
"4786","SST","SST13",2015,2015-08-17,2015-09-02,16,"SST132015","summer","SST132015_2015-08-17",0,237
"4787","SST","SST14",2015,2015-08-17,2015-09-02,16,"SST142015","summer","SST142015_2015-08-17",0,237
"4788","SST","SST15",2015,2015-08-17,2015-09-02,16,"SST152015","summer","SST152015_2015-08-17",0,237
"4789","SST","SST16",2015,2015-08-17,2015-09-02,16,"SST162015","summer","SST162015_2015-08-17",0,237
"4790","HAR","HAR01",2016,2016-07-11,2016-07-25,14,"HAR012016","summer","HAR012016_2016-07-11",0,200
"4791","HAR","HAR02",2016,2016-07-11,2016-07-25,14,"HAR022016","summer","HAR022016_2016-07-11",0,200
"4792","HAR","HAR03",2016,2016-07-11,2016-07-25,14,"HAR032016","summer","HAR032016_2016-07-11",0,200
"4793","HAR","HAR04",2016,2016-07-11,2016-07-25,14,"HAR042016","summer","HAR042016_2016-07-11",0,200
"4794","HAR","HAR05",2016,2016-07-11,2016-07-25,14,"HAR052016","summer","HAR052016_2016-07-11",1,200
"4795","HAR","HAR06",2016,2016-07-11,2016-07-25,14,"HAR062016","summer","HAR062016_2016-07-11",1,200
"4796","HAR","HAR07",2016,2016-07-11,2016-07-25,14,"HAR072016","summer","HAR072016_2016-07-11",0,200
"4797","HAR","HAR08",2016,2016-07-11,2016-07-25,14,"HAR082016","summer","HAR082016_2016-07-11",1,200
"4798","HAR","HAR09",2016,2016-07-11,2016-07-25,14,"HAR092016","summer","HAR092016_2016-07-11",0,200
"4799","HAR","HAR10",2016,2016-07-11,2016-07-25,14,"HAR102016","summer","HAR102016_2016-07-11",1,200
"4800","HAR","HAR11",2016,2016-07-11,2016-07-25,14,"HAR112016","summer","HAR112016_2016-07-11",0,200
"4801","HAR","HAR12",2016,2016-07-11,2016-07-25,14,"HAR122016","summer","HAR122016_2016-07-11",2,200
"4802","HAR","HAR13",2016,2016-07-11,2016-07-25,14,"HAR132016","summer","HAR132016_2016-07-11",0,200
"4803","HAR","HAR14",2016,2016-07-11,2016-07-25,14,"HAR142016","summer","HAR142016_2016-07-11",4,200
"4804","HAR","HAR15",2016,2016-07-11,2016-07-25,14,"HAR152016","summer","HAR152016_2016-07-11",1,200
"4805","HAR","HAR16",2016,2016-07-11,2016-07-25,14,"HAR162016","summer","HAR162016_2016-07-11",0,200
"4806","WAN","WAN01",2016,2016-07-11,2016-07-25,14,"WAN012016","summer","WAN012016_2016-07-11",1,200
"4807","WAN","WAN02",2016,2016-07-11,2016-07-25,14,"WAN022016","summer","WAN022016_2016-07-11",1,200
"4808","WAN","WAN03",2016,2016-07-11,2016-07-25,14,"WAN032016","summer","WAN032016_2016-07-11",0,200
"4809","WAN","WAN04",2016,2016-07-11,2016-07-25,14,"WAN042016","summer","WAN042016_2016-07-11",0,200
"4810","WAN","WAN05",2016,2016-07-11,2016-07-25,14,"WAN052016","summer","WAN052016_2016-07-11",0,200
"4811","WAN","WAN06",2016,2016-07-11,2016-07-25,14,"WAN062016","summer","WAN062016_2016-07-11",2,200
"4812","WAN","WAN07",2016,2016-07-11,2016-07-25,14,"WAN072016","summer","WAN072016_2016-07-11",0,200
"4813","WAN","WAN09",2016,2016-07-11,2016-07-25,14,"WAN092016","summer","WAN092016_2016-07-11",1,200
"4814","WAN","WAN10",2016,2016-07-11,2016-07-25,14,"WAN102016","summer","WAN102016_2016-07-11",0,200
"4815","WAN","WAN12",2016,2016-07-11,2016-07-25,14,"WAN122016","summer","WAN122016_2016-07-11",0,200
"4816","WAN","WAN13",2016,2016-07-11,2016-07-25,14,"WAN132016","summer","WAN132016_2016-07-11",0,200
"4817","WAN","WAN14",2016,2016-07-11,2016-07-25,14,"WAN142016","summer","WAN142016_2016-07-11",1,200
"4818","WAN","WAN15",2016,2016-07-11,2016-07-25,14,"WAN152016","summer","WAN152016_2016-07-11",0,200
"4819","WAN","WAN16",2016,2016-07-11,2016-07-25,14,"WAN162016","summer","WAN162016_2016-07-11",0,200
"4820","GFH","GFH01",2016,2016-07-12,2016-07-26,14,"GFH012016","summer","GFH012016_2016-07-12",0,201
"4821","GFH","GFH02",2016,2016-07-12,2016-07-26,14,"GFH022016","summer","GFH022016_2016-07-12",0,201
"4822","GFH","GFH03",2016,2016-07-12,2016-07-26,14,"GFH032016","summer","GFH032016_2016-07-12",1,201
"4823","GFH","GFH04",2016,2016-07-12,2016-07-26,14,"GFH042016","summer","GFH042016_2016-07-12",1,201
"4824","GFH","GFH05",2016,2016-07-12,2016-07-26,14,"GFH052016","summer","GFH052016_2016-07-12",3,201
"4825","GFH","GFH06",2016,2016-07-12,2016-07-26,14,"GFH062016","summer","GFH062016_2016-07-12",0,201
"4826","GFH","GFH07",2016,2016-07-12,2016-07-26,14,"GFH072016","summer","GFH072016_2016-07-12",0,201
"4827","GFH","GFH08",2016,2016-07-12,2016-07-26,14,"GFH082016","summer","GFH082016_2016-07-12",0,201
"4828","GFH","GFH09",2016,2016-07-12,2016-07-26,14,"GFH092016","summer","GFH092016_2016-07-12",2,201
"4829","GFH","GFH10",2016,2016-07-12,2016-07-26,14,"GFH102016","summer","GFH102016_2016-07-12",2,201
"4830","GFH","GFH11",2016,2016-07-12,2016-07-26,14,"GFH112016","summer","GFH112016_2016-07-12",0,201
"4831","GFH","GFH12",2016,2016-07-12,2016-07-26,14,"GFH122016","summer","GFH122016_2016-07-12",1,201
"4832","GFH","GFH13",2016,2016-07-12,2016-07-26,14,"GFH132016","summer","GFH132016_2016-07-12",0,201
"4833","GFH","GFH14",2016,2016-07-12,2016-07-26,14,"GFH142016","summer","GFH142016_2016-07-12",1,201
"4834","GFH","GFH15",2016,2016-07-12,2016-07-26,14,"GFH152016","summer","GFH152016_2016-07-12",2,201
"4835","GFH","GFH16",2016,2016-07-12,2016-07-26,14,"GFH162016","summer","GFH162016_2016-07-12",0,201
"4836","SIP","SIP01",2016,2016-07-12,2016-07-26,14,"SIP012016","summer","SIP012016_2016-07-12",0,201
"4837","SIP","SIP02",2016,2016-07-12,2016-07-26,14,"SIP022016","summer","SIP022016_2016-07-12",0,201
"4838","SIP","SIP03",2016,2016-07-12,2016-07-26,14,"SIP032016","summer","SIP032016_2016-07-12",0,201
"4839","SIP","SIP05",2016,2016-07-12,2016-07-26,14,"SIP052016","summer","SIP052016_2016-07-12",0,201
"4840","SIP","SIP06",2016,2016-07-12,2016-07-26,14,"SIP062016","summer","SIP062016_2016-07-12",1,201
"4841","SIP","SIP07",2016,2016-07-12,2016-07-26,14,"SIP072016","summer","SIP072016_2016-07-12",0,201
"4842","SIP","SIP08",2016,2016-07-12,2016-07-26,14,"SIP082016","summer","SIP082016_2016-07-12",0,201
"4843","SIP","SIP09",2016,2016-07-12,2016-07-26,14,"SIP092016","summer","SIP092016_2016-07-12",0,201
"4844","SIP","SIP10",2016,2016-07-12,2016-07-26,14,"SIP102016","summer","SIP102016_2016-07-12",0,201
"4845","SIP","SIP11",2016,2016-07-12,2016-07-26,14,"SIP112016","summer","SIP112016_2016-07-12",0,201
"4846","SIP","SIP12",2016,2016-07-12,2016-07-26,14,"SIP122016","summer","SIP122016_2016-07-12",0,201
"4847","SIP","SIP13",2016,2016-07-12,2016-07-26,14,"SIP132016","summer","SIP132016_2016-07-12",0,201
"4848","SIP","SIP14",2016,2016-07-12,2016-07-26,14,"SIP142016","summer","SIP142016_2016-07-12",1,201
"4849","SIP","SIP15",2016,2016-07-12,2016-07-26,14,"SIP152016","summer","SIP152016_2016-07-12",2,201
"4850","SIP","SIP16",2016,2016-07-12,2016-07-26,14,"SIP162016","summer","SIP162016_2016-07-12",1,201
"4851","FBG","FBG01",2016,2016-07-13,2016-07-27,14,"FBG012016","summer","FBG012016_2016-07-13",6,202
"4852","FBG","FBG02",2016,2016-07-13,2016-07-27,14,"FBG022016","summer","FBG022016_2016-07-13",2,202
"4853","FBG","FBG03",2016,2016-07-13,2016-07-27,14,"FBG032016","summer","FBG032016_2016-07-13",0,202
"4854","FBG","FBG04",2016,2016-07-13,2016-07-27,14,"FBG042016","summer","FBG042016_2016-07-13",1,202
"4855","FBG","FBG05",2016,2016-07-13,2016-07-27,14,"FBG052016","summer","FBG052016_2016-07-13",2,202
"4856","FBG","FBG06",2016,2016-07-13,2016-07-27,14,"FBG062016","summer","FBG062016_2016-07-13",2,202
"4857","FBG","FBG07",2016,2016-07-13,2016-07-27,14,"FBG072016","summer","FBG072016_2016-07-13",1,202
"4858","FBG","FBG08",2016,2016-07-13,2016-07-27,14,"FBG082016","summer","FBG082016_2016-07-13",0,202
"4859","FBG","FBG09",2016,2016-07-13,2016-07-27,14,"FBG092016","summer","FBG092016_2016-07-13",1,202
"4860","FBG","FBG10",2016,2016-07-13,2016-07-27,14,"FBG102016","summer","FBG102016_2016-07-13",2,202
"4861","FBG","FBG11",2016,2016-07-13,2016-07-27,14,"FBG112016","summer","FBG112016_2016-07-13",1,202
"4862","FBG","FBG12",2016,2016-07-13,2016-07-27,14,"FBG122016","summer","FBG122016_2016-07-13",0,202
"4863","FBG","FBG13",2016,2016-07-13,2016-07-27,14,"FBG132016","summer","FBG132016_2016-07-13",1,202
"4864","FBG","FBG14",2016,2016-07-13,2016-07-27,14,"FBG142016","summer","FBG142016_2016-07-13",0,202
"4865","FBG","FBG15",2016,2016-07-13,2016-07-27,14,"FBG152016","summer","FBG152016_2016-07-13",1,202
"4866","FBG","FBG16",2016,2016-07-13,2016-07-27,14,"FBG162016","summer","FBG162016_2016-07-13",0,202
"4867","SST","SST01",2016,2016-07-13,2016-07-27,14,"SST012016","summer","SST012016_2016-07-13",0,202
"4868","SST","SST02",2016,2016-07-13,2016-07-27,14,"SST022016","summer","SST022016_2016-07-13",1,202
"4869","SST","SST03",2016,2016-07-13,2016-07-27,14,"SST032016","summer","SST032016_2016-07-13",0,202
"4870","SST","SST04",2016,2016-07-13,2016-07-27,14,"SST042016","summer","SST042016_2016-07-13",1,202
"4871","SST","SST05",2016,2016-07-13,2016-07-27,14,"SST052016","summer","SST052016_2016-07-13",1,202
"4872","SST","SST06",2016,2016-07-13,2016-07-27,14,"SST062016","summer","SST062016_2016-07-13",0,202
"4873","SST","SST07",2016,2016-07-13,2016-07-27,14,"SST072016","summer","SST072016_2016-07-13",0,202
"4874","SST","SST08",2016,2016-07-13,2016-07-27,14,"SST082016","summer","SST082016_2016-07-13",2,202
"4875","SST","SST09",2016,2016-07-13,2016-07-27,14,"SST092016","summer","SST092016_2016-07-13",0,202
"4876","SST","SST10",2016,2016-07-13,2016-07-27,14,"SST102016","summer","SST102016_2016-07-13",3,202
"4877","SST","SST11",2016,2016-07-13,2016-07-27,14,"SST112016","summer","SST112016_2016-07-13",0,202
"4878","SST","SST12",2016,2016-07-13,2016-07-27,14,"SST122016","summer","SST122016_2016-07-13",0,202
"4879","SST","SST13",2016,2016-07-13,2016-07-27,14,"SST132016","summer","SST132016_2016-07-13",2,202
"4880","SST","SST14",2016,2016-07-13,2016-07-27,14,"SST142016","summer","SST142016_2016-07-13",1,202
"4881","SST","SST15",2016,2016-07-13,2016-07-27,14,"SST152016","summer","SST152016_2016-07-13",0,202
"4882","SST","SST16",2016,2016-07-13,2016-07-27,14,"SST162016","summer","SST162016_2016-07-13",1,202
"4883","HAR","HAR01",2016,2016-07-25,2016-08-08,14,"HAR012016","summer","HAR012016_2016-07-25",0,214
"4884","HAR","HAR02",2016,2016-07-25,2016-08-08,14,"HAR022016","summer","HAR022016_2016-07-25",0,214
"4885","HAR","HAR03",2016,2016-07-25,2016-08-08,14,"HAR032016","summer","HAR032016_2016-07-25",0,214
"4886","HAR","HAR04",2016,2016-07-25,2016-08-08,14,"HAR042016","summer","HAR042016_2016-07-25",0,214
"4887","HAR","HAR05",2016,2016-07-25,2016-08-08,14,"HAR052016","summer","HAR052016_2016-07-25",0,214
"4888","HAR","HAR06",2016,2016-07-25,2016-08-08,14,"HAR062016","summer","HAR062016_2016-07-25",1,214
"4889","HAR","HAR07",2016,2016-07-25,2016-08-08,14,"HAR072016","summer","HAR072016_2016-07-25",1,214
"4890","HAR","HAR09",2016,2016-07-25,2016-08-08,14,"HAR092016","summer","HAR092016_2016-07-25",0,214
"4891","HAR","HAR11",2016,2016-07-25,2016-08-08,14,"HAR112016","summer","HAR112016_2016-07-25",0,214
"4892","HAR","HAR13",2016,2016-07-25,2016-08-08,14,"HAR132016","summer","HAR132016_2016-07-25",2,214
"4893","HAR","HAR15",2016,2016-07-25,2016-08-08,14,"HAR152016","summer","HAR152016_2016-07-25",4,214
"4894","HAR","HAR16",2016,2016-07-25,2016-08-08,14,"HAR162016","summer","HAR162016_2016-07-25",1,214
"4895","WAN","WAN01",2016,2016-07-25,2016-08-08,14,"WAN012016","summer","WAN012016_2016-07-25",3,214
"4896","WAN","WAN02",2016,2016-07-25,2016-08-08,14,"WAN022016","summer","WAN022016_2016-07-25",2,214
"4897","WAN","WAN03",2016,2016-07-25,2016-08-08,14,"WAN032016","summer","WAN032016_2016-07-25",5,214
"4898","WAN","WAN04",2016,2016-07-25,2016-08-08,14,"WAN042016","summer","WAN042016_2016-07-25",2,214
"4899","WAN","WAN05",2016,2016-07-25,2016-08-08,14,"WAN052016","summer","WAN052016_2016-07-25",0,214
"4900","WAN","WAN06",2016,2016-07-25,2016-08-08,14,"WAN062016","summer","WAN062016_2016-07-25",5,214
"4901","WAN","WAN07",2016,2016-07-25,2016-08-08,14,"WAN072016","summer","WAN072016_2016-07-25",4,214
"4902","WAN","WAN08",2016,2016-07-25,2016-08-08,14,"WAN082016","summer","WAN082016_2016-07-25",1,214
"4903","WAN","WAN09",2016,2016-07-25,2016-08-08,14,"WAN092016","summer","WAN092016_2016-07-25",4,214
"4904","WAN","WAN10",2016,2016-07-25,2016-08-08,14,"WAN102016","summer","WAN102016_2016-07-25",8,214
"4905","WAN","WAN11",2016,2016-07-25,2016-08-08,14,"WAN112016","summer","WAN112016_2016-07-25",1,214
"4906","WAN","WAN12",2016,2016-07-25,2016-08-08,14,"WAN122016","summer","WAN122016_2016-07-25",1,214
"4907","WAN","WAN14",2016,2016-07-25,2016-08-08,14,"WAN142016","summer","WAN142016_2016-07-25",0,214
"4908","WAN","WAN15",2016,2016-07-25,2016-08-08,14,"WAN152016","summer","WAN152016_2016-07-25",1,214
"4909","WAN","WAN16",2016,2016-07-25,2016-08-08,14,"WAN162016","summer","WAN162016_2016-07-25",0,214
"4910","GFH","GFH01",2016,2016-07-26,2016-08-09,14,"GFH012016","summer","GFH012016_2016-07-26",1,215
"4911","GFH","GFH02",2016,2016-07-26,2016-08-09,14,"GFH022016","summer","GFH022016_2016-07-26",0,215
"4912","GFH","GFH03",2016,2016-07-26,2016-08-09,14,"GFH032016","summer","GFH032016_2016-07-26",1,215
"4913","GFH","GFH04",2016,2016-07-26,2016-08-09,14,"GFH042016","summer","GFH042016_2016-07-26",1,215
"4914","GFH","GFH05",2016,2016-07-26,2016-08-09,14,"GFH052016","summer","GFH052016_2016-07-26",3,215
"4915","GFH","GFH06",2016,2016-07-26,2016-08-09,14,"GFH062016","summer","GFH062016_2016-07-26",0,215
"4916","GFH","GFH07",2016,2016-07-26,2016-08-09,14,"GFH072016","summer","GFH072016_2016-07-26",3,215
"4917","GFH","GFH08",2016,2016-07-26,2016-08-09,14,"GFH082016","summer","GFH082016_2016-07-26",0,215
"4918","GFH","GFH09",2016,2016-07-26,2016-08-09,14,"GFH092016","summer","GFH092016_2016-07-26",0,215
"4919","GFH","GFH10",2016,2016-07-26,2016-08-09,14,"GFH102016","summer","GFH102016_2016-07-26",0,215
"4920","GFH","GFH11",2016,2016-07-26,2016-08-09,14,"GFH112016","summer","GFH112016_2016-07-26",0,215
"4921","GFH","GFH12",2016,2016-07-26,2016-08-09,14,"GFH122016","summer","GFH122016_2016-07-26",0,215
"4922","GFH","GFH13",2016,2016-07-26,2016-08-09,14,"GFH132016","summer","GFH132016_2016-07-26",3,215
"4923","GFH","GFH14",2016,2016-07-26,2016-08-09,14,"GFH142016","summer","GFH142016_2016-07-26",1,215
"4924","GFH","GFH15",2016,2016-07-26,2016-08-09,14,"GFH152016","summer","GFH152016_2016-07-26",1,215
"4925","GFH","GFH16",2016,2016-07-26,2016-08-09,14,"GFH162016","summer","GFH162016_2016-07-26",0,215
"4926","SIP","SIP01",2016,2016-07-26,2016-08-09,14,"SIP012016","summer","SIP012016_2016-07-26",2,215
"4927","SIP","SIP02",2016,2016-07-26,2016-08-09,14,"SIP022016","summer","SIP022016_2016-07-26",1,215
"4928","SIP","SIP03",2016,2016-07-26,2016-08-09,14,"SIP032016","summer","SIP032016_2016-07-26",0,215
"4929","SIP","SIP05",2016,2016-07-26,2016-08-09,14,"SIP052016","summer","SIP052016_2016-07-26",0,215
"4930","SIP","SIP06",2016,2016-07-26,2016-08-09,14,"SIP062016","summer","SIP062016_2016-07-26",0,215
"4931","SIP","SIP07",2016,2016-07-26,2016-08-09,14,"SIP072016","summer","SIP072016_2016-07-26",0,215
"4932","SIP","SIP08",2016,2016-07-26,2016-08-09,14,"SIP082016","summer","SIP082016_2016-07-26",0,215
"4933","SIP","SIP09",2016,2016-07-26,2016-08-09,14,"SIP092016","summer","SIP092016_2016-07-26",0,215
"4934","SIP","SIP11",2016,2016-07-26,2016-08-09,14,"SIP112016","summer","SIP112016_2016-07-26",1,215
"4935","SIP","SIP12",2016,2016-07-26,2016-08-09,14,"SIP122016","summer","SIP122016_2016-07-26",5,215
"4936","SIP","SIP13",2016,2016-07-26,2016-08-09,14,"SIP132016","summer","SIP132016_2016-07-26",0,215
"4937","SIP","SIP14",2016,2016-07-26,2016-08-09,14,"SIP142016","summer","SIP142016_2016-07-26",2,215
"4938","SIP","SIP15",2016,2016-07-26,2016-08-09,14,"SIP152016","summer","SIP152016_2016-07-26",2,215
"4939","SIP","SIP16",2016,2016-07-26,2016-08-09,14,"SIP162016","summer","SIP162016_2016-07-26",1,215
"4940","FBG","FBG01",2016,2016-07-27,2016-08-10,14,"FBG012016","summer","FBG012016_2016-07-27",1,216
"4941","FBG","FBG02",2016,2016-07-27,2016-08-10,14,"FBG022016","summer","FBG022016_2016-07-27",6,216
"4942","FBG","FBG03",2016,2016-07-27,2016-08-10,14,"FBG032016","summer","FBG032016_2016-07-27",1,216
"4943","FBG","FBG04",2016,2016-07-27,2016-08-10,14,"FBG042016","summer","FBG042016_2016-07-27",1,216
"4944","FBG","FBG05",2016,2016-07-27,2016-08-10,14,"FBG052016","summer","FBG052016_2016-07-27",4,216
"4945","FBG","FBG06",2016,2016-07-27,2016-08-10,14,"FBG062016","summer","FBG062016_2016-07-27",0,216
"4946","FBG","FBG07",2016,2016-07-27,2016-08-10,14,"FBG072016","summer","FBG072016_2016-07-27",1,216
"4947","FBG","FBG08",2016,2016-07-27,2016-08-10,14,"FBG082016","summer","FBG082016_2016-07-27",0,216
"4948","FBG","FBG09",2016,2016-07-27,2016-08-10,14,"FBG092016","summer","FBG092016_2016-07-27",1,216
"4949","FBG","FBG10",2016,2016-07-27,2016-08-10,14,"FBG102016","summer","FBG102016_2016-07-27",2,216
"4950","FBG","FBG11",2016,2016-07-27,2016-08-10,14,"FBG112016","summer","FBG112016_2016-07-27",0,216
"4951","FBG","FBG13",2016,2016-07-27,2016-08-10,14,"FBG132016","summer","FBG132016_2016-07-27",4,216
"4952","FBG","FBG14",2016,2016-07-27,2016-08-10,14,"FBG142016","summer","FBG142016_2016-07-27",0,216
"4953","FBG","FBG15",2016,2016-07-27,2016-08-10,14,"FBG152016","summer","FBG152016_2016-07-27",0,216
"4954","FBG","FBG16",2016,2016-07-27,2016-08-10,14,"FBG162016","summer","FBG162016_2016-07-27",4,216
"4955","SST","SST01",2016,2016-07-27,2016-08-10,14,"SST012016","summer","SST012016_2016-07-27",0,216
"4956","SST","SST02",2016,2016-07-27,2016-08-10,14,"SST022016","summer","SST022016_2016-07-27",0,216
"4957","SST","SST03",2016,2016-07-27,2016-08-10,14,"SST032016","summer","SST032016_2016-07-27",2,216
"4958","SST","SST04",2016,2016-07-27,2016-08-10,14,"SST042016","summer","SST042016_2016-07-27",3,216
"4959","SST","SST05",2016,2016-07-27,2016-08-10,14,"SST052016","summer","SST052016_2016-07-27",0,216
"4960","SST","SST06",2016,2016-07-27,2016-08-10,14,"SST062016","summer","SST062016_2016-07-27",1,216
"4961","SST","SST07",2016,2016-07-27,2016-08-10,14,"SST072016","summer","SST072016_2016-07-27",2,216
"4962","SST","SST08",2016,2016-07-27,2016-08-10,14,"SST082016","summer","SST082016_2016-07-27",2,216
"4963","SST","SST09",2016,2016-07-27,2016-08-10,14,"SST092016","summer","SST092016_2016-07-27",1,216
"4964","SST","SST10",2016,2016-07-27,2016-08-10,14,"SST102016","summer","SST102016_2016-07-27",7,216
"4965","SST","SST11",2016,2016-07-27,2016-08-10,14,"SST112016","summer","SST112016_2016-07-27",0,216
"4966","SST","SST12",2016,2016-07-27,2016-08-10,14,"SST122016","summer","SST122016_2016-07-27",1,216
"4967","SST","SST13",2016,2016-07-27,2016-08-10,14,"SST132016","summer","SST132016_2016-07-27",1,216
"4968","SST","SST14",2016,2016-07-27,2016-08-10,14,"SST142016","summer","SST142016_2016-07-27",2,216
"4969","SST","SST15",2016,2016-07-27,2016-08-10,14,"SST152016","summer","SST152016_2016-07-27",0,216
"4970","SST","SST16",2016,2016-07-27,2016-08-10,14,"SST162016","summer","SST162016_2016-07-27",2,216
"4971","HAR","HAR01",2016,2016-08-08,2016-08-22,14,"HAR012016","summer","HAR012016_2016-08-08",3,228
"4972","HAR","HAR02",2016,2016-08-08,2016-08-22,14,"HAR022016","summer","HAR022016_2016-08-08",0,228
"4973","HAR","HAR03",2016,2016-08-08,2016-08-22,14,"HAR032016","summer","HAR032016_2016-08-08",7,228
"4974","HAR","HAR04",2016,2016-08-08,2016-08-22,14,"HAR042016","summer","HAR042016_2016-08-08",2,228
"4975","HAR","HAR05",2016,2016-08-08,2016-08-22,14,"HAR052016","summer","HAR052016_2016-08-08",3,228
"4976","HAR","HAR06",2016,2016-08-08,2016-08-22,14,"HAR062016","summer","HAR062016_2016-08-08",0,228
"4977","HAR","HAR07",2016,2016-08-08,2016-08-22,14,"HAR072016","summer","HAR072016_2016-08-08",5,228
"4978","HAR","HAR08",2016,2016-08-08,2016-08-22,14,"HAR082016","summer","HAR082016_2016-08-08",2,228
"4979","HAR","HAR09",2016,2016-08-08,2016-08-22,14,"HAR092016","summer","HAR092016_2016-08-08",0,228
"4980","HAR","HAR10",2016,2016-08-08,2016-08-22,14,"HAR102016","summer","HAR102016_2016-08-08",11,228
"4981","HAR","HAR13",2016,2016-08-08,2016-08-22,14,"HAR132016","summer","HAR132016_2016-08-08",4,228
"4982","HAR","HAR14",2016,2016-08-08,2016-08-22,14,"HAR142016","summer","HAR142016_2016-08-08",4,228
"4983","HAR","HAR15",2016,2016-08-08,2016-08-22,14,"HAR152016","summer","HAR152016_2016-08-08",22,228
"4984","HAR","HAR16",2016,2016-08-08,2016-08-22,14,"HAR162016","summer","HAR162016_2016-08-08",11,228
"4985","WAN","WAN01",2016,2016-08-08,2016-08-22,14,"WAN012016","summer","WAN012016_2016-08-08",3,228
"4986","WAN","WAN02",2016,2016-08-08,2016-08-22,14,"WAN022016","summer","WAN022016_2016-08-08",3,228
"4987","WAN","WAN03",2016,2016-08-08,2016-08-22,14,"WAN032016","summer","WAN032016_2016-08-08",3,228
"4988","WAN","WAN04",2016,2016-08-08,2016-08-22,14,"WAN042016","summer","WAN042016_2016-08-08",1,228
"4989","WAN","WAN05",2016,2016-08-08,2016-08-22,14,"WAN052016","summer","WAN052016_2016-08-08",0,228
"4990","WAN","WAN06",2016,2016-08-08,2016-08-22,14,"WAN062016","summer","WAN062016_2016-08-08",1,228
"4991","WAN","WAN07",2016,2016-08-08,2016-08-22,14,"WAN072016","summer","WAN072016_2016-08-08",2,228
"4992","WAN","WAN08",2016,2016-08-08,2016-08-22,14,"WAN082016","summer","WAN082016_2016-08-08",1,228
"4993","WAN","WAN09",2016,2016-08-08,2016-08-22,14,"WAN092016","summer","WAN092016_2016-08-08",1,228
"4994","WAN","WAN10",2016,2016-08-08,2016-08-22,14,"WAN102016","summer","WAN102016_2016-08-08",6,228
"4995","WAN","WAN12",2016,2016-08-08,2016-08-22,14,"WAN122016","summer","WAN122016_2016-08-08",1,228
"4996","WAN","WAN13",2016,2016-08-08,2016-08-22,14,"WAN132016","summer","WAN132016_2016-08-08",3,228
"4997","WAN","WAN15",2016,2016-08-08,2016-08-22,14,"WAN152016","summer","WAN152016_2016-08-08",2,228
"4998","GFH","GFH01",2016,2016-08-09,2016-08-23,14,"GFH012016","summer","GFH012016_2016-08-09",0,229
"4999","GFH","GFH02",2016,2016-08-09,2016-08-23,14,"GFH022016","summer","GFH022016_2016-08-09",4,229
"5000","GFH","GFH03",2016,2016-08-09,2016-08-23,14,"GFH032016","summer","GFH032016_2016-08-09",10,229
"5001","GFH","GFH04",2016,2016-08-09,2016-08-23,14,"GFH042016","summer","GFH042016_2016-08-09",1,229
"5002","GFH","GFH05",2016,2016-08-09,2016-08-23,14,"GFH052016","summer","GFH052016_2016-08-09",1,229
"5003","GFH","GFH06",2016,2016-08-09,2016-08-23,14,"GFH062016","summer","GFH062016_2016-08-09",0,229
"5004","GFH","GFH07",2016,2016-08-09,2016-08-23,14,"GFH072016","summer","GFH072016_2016-08-09",13,229
"5005","GFH","GFH08",2016,2016-08-09,2016-08-23,14,"GFH082016","summer","GFH082016_2016-08-09",11,229
"5006","GFH","GFH09",2016,2016-08-09,2016-08-23,14,"GFH092016","summer","GFH092016_2016-08-09",0,229
"5007","GFH","GFH10",2016,2016-08-09,2016-08-23,14,"GFH102016","summer","GFH102016_2016-08-09",2,229
"5008","GFH","GFH11",2016,2016-08-09,2016-08-23,14,"GFH112016","summer","GFH112016_2016-08-09",12,229
"5009","GFH","GFH12",2016,2016-08-09,2016-08-23,14,"GFH122016","summer","GFH122016_2016-08-09",3,229
"5010","GFH","GFH13",2016,2016-08-09,2016-08-23,14,"GFH132016","summer","GFH132016_2016-08-09",1,229
"5011","GFH","GFH14",2016,2016-08-09,2016-08-23,14,"GFH142016","summer","GFH142016_2016-08-09",3,229
"5012","GFH","GFH15",2016,2016-08-09,2016-08-23,14,"GFH152016","summer","GFH152016_2016-08-09",18,229
"5013","GFH","GFH16",2016,2016-08-09,2016-08-23,14,"GFH162016","summer","GFH162016_2016-08-09",4,229
"5014","SIP","SIP01",2016,2016-08-09,2016-08-23,14,"SIP012016","summer","SIP012016_2016-08-09",1,229
"5015","SIP","SIP02",2016,2016-08-09,2016-08-23,14,"SIP022016","summer","SIP022016_2016-08-09",0,229
"5016","SIP","SIP03",2016,2016-08-09,2016-08-23,14,"SIP032016","summer","SIP032016_2016-08-09",1,229
"5017","SIP","SIP05",2016,2016-08-09,2016-08-23,14,"SIP052016","summer","SIP052016_2016-08-09",0,229
"5018","SIP","SIP07",2016,2016-08-09,2016-08-23,14,"SIP072016","summer","SIP072016_2016-08-09",1,229
"5019","SIP","SIP08",2016,2016-08-09,2016-08-23,14,"SIP082016","summer","SIP082016_2016-08-09",0,229
"5020","SIP","SIP09",2016,2016-08-09,2016-08-23,14,"SIP092016","summer","SIP092016_2016-08-09",0,229
"5021","SIP","SIP10",2016,2016-08-09,2016-08-23,14,"SIP102016","summer","SIP102016_2016-08-09",3,229
"5022","SIP","SIP11",2016,2016-08-09,2016-08-23,14,"SIP112016","summer","SIP112016_2016-08-09",0,229
"5023","SIP","SIP12",2016,2016-08-09,2016-08-23,14,"SIP122016","summer","SIP122016_2016-08-09",2,229
"5024","SIP","SIP13",2016,2016-08-09,2016-08-23,14,"SIP132016","summer","SIP132016_2016-08-09",0,229
"5025","SIP","SIP14",2016,2016-08-09,2016-08-23,14,"SIP142016","summer","SIP142016_2016-08-09",1,229
"5026","SIP","SIP15",2016,2016-08-09,2016-08-23,14,"SIP152016","summer","SIP152016_2016-08-09",1,229
"5027","SIP","SIP16",2016,2016-08-09,2016-08-23,14,"SIP162016","summer","SIP162016_2016-08-09",1,229
"5028","FBG","FBG01",2016,2016-08-10,2016-08-24,14,"FBG012016","summer","FBG012016_2016-08-10",2,230
"5029","FBG","FBG02",2016,2016-08-10,2016-08-24,14,"FBG022016","summer","FBG022016_2016-08-10",4,230
"5030","FBG","FBG03",2016,2016-08-10,2016-08-24,14,"FBG032016","summer","FBG032016_2016-08-10",0,230
"5031","FBG","FBG05",2016,2016-08-10,2016-08-24,14,"FBG052016","summer","FBG052016_2016-08-10",2,230
"5032","FBG","FBG06",2016,2016-08-10,2016-08-24,14,"FBG062016","summer","FBG062016_2016-08-10",4,230
"5033","FBG","FBG07",2016,2016-08-10,2016-08-24,14,"FBG072016","summer","FBG072016_2016-08-10",1,230
"5034","FBG","FBG08",2016,2016-08-10,2016-08-24,14,"FBG082016","summer","FBG082016_2016-08-10",1,230
"5035","FBG","FBG09",2016,2016-08-10,2016-08-24,14,"FBG092016","summer","FBG092016_2016-08-10",0,230
"5036","FBG","FBG10",2016,2016-08-10,2016-08-24,14,"FBG102016","summer","FBG102016_2016-08-10",4,230
"5037","FBG","FBG11",2016,2016-08-10,2016-08-24,14,"FBG112016","summer","FBG112016_2016-08-10",4,230
"5038","FBG","FBG12",2016,2016-08-10,2016-08-24,14,"FBG122016","summer","FBG122016_2016-08-10",0,230
"5039","FBG","FBG13",2016,2016-08-10,2016-08-24,14,"FBG132016","summer","FBG132016_2016-08-10",2,230
"5040","FBG","FBG14",2016,2016-08-10,2016-08-24,14,"FBG142016","summer","FBG142016_2016-08-10",1,230
"5041","FBG","FBG15",2016,2016-08-10,2016-08-24,14,"FBG152016","summer","FBG152016_2016-08-10",2,230
"5042","FBG","FBG16",2016,2016-08-10,2016-08-24,14,"FBG162016","summer","FBG162016_2016-08-10",0,230
"5043","SST","SST03",2016,2016-08-10,2016-08-24,14,"SST032016","summer","SST032016_2016-08-10",2,230
"5044","SST","SST04",2016,2016-08-10,2016-08-24,14,"SST042016","summer","SST042016_2016-08-10",31,230
"5045","SST","SST05",2016,2016-08-10,2016-08-24,14,"SST052016","summer","SST052016_2016-08-10",3,230
"5046","SST","SST06",2016,2016-08-10,2016-08-24,14,"SST062016","summer","SST062016_2016-08-10",2,230
"5047","SST","SST07",2016,2016-08-10,2016-08-24,14,"SST072016","summer","SST072016_2016-08-10",2,230
"5048","SST","SST08",2016,2016-08-10,2016-08-24,14,"SST082016","summer","SST082016_2016-08-10",11,230
"5049","SST","SST09",2016,2016-08-10,2016-08-24,14,"SST092016","summer","SST092016_2016-08-10",1,230
"5050","SST","SST10",2016,2016-08-10,2016-08-24,14,"SST102016","summer","SST102016_2016-08-10",0,230
"5051","SST","SST11",2016,2016-08-10,2016-08-24,14,"SST112016","summer","SST112016_2016-08-10",2,230
"5052","SST","SST12",2016,2016-08-10,2016-08-24,14,"SST122016","summer","SST122016_2016-08-10",1,230
"5053","SST","SST13",2016,2016-08-10,2016-08-24,14,"SST132016","summer","SST132016_2016-08-10",1,230
"5054","SST","SST14",2016,2016-08-10,2016-08-24,14,"SST142016","summer","SST142016_2016-08-10",5,230
"5055","SST","SST15",2016,2016-08-10,2016-08-24,14,"SST152016","summer","SST152016_2016-08-10",0,230
"5056","SST","SST16",2016,2016-08-10,2016-08-24,14,"SST162016","summer","SST162016_2016-08-10",3,230
"5057","HAR","HAR01",2017,2017-07-24,2017-08-07,14,"HAR012017","summer","HAR012017_2017-07-24",0,212
"5058","HAR","HAR02",2017,2017-07-24,2017-08-07,14,"HAR022017","summer","HAR022017_2017-07-24",0,212
"5059","HAR","HAR03",2017,2017-07-24,2017-08-07,14,"HAR032017","summer","HAR032017_2017-07-24",0,212
"5060","HAR","HAR04",2017,2017-07-24,2017-08-07,14,"HAR042017","summer","HAR042017_2017-07-24",0,212
"5061","HAR","HAR05",2017,2017-07-24,2017-08-07,14,"HAR052017","summer","HAR052017_2017-07-24",4,212
"5062","HAR","HAR06",2017,2017-07-24,2017-08-07,14,"HAR062017","summer","HAR062017_2017-07-24",0,212
"5063","HAR","HAR07",2017,2017-07-24,2017-08-07,14,"HAR072017","summer","HAR072017_2017-07-24",2,212
"5064","HAR","HAR08",2017,2017-07-24,2017-08-07,14,"HAR082017","summer","HAR082017_2017-07-24",3,212
"5065","HAR","HAR10",2017,2017-07-24,2017-08-07,14,"HAR102017","summer","HAR102017_2017-07-24",4,212
"5066","HAR","HAR13",2017,2017-07-24,2017-08-07,14,"HAR132017","summer","HAR132017_2017-07-24",5,212
"5067","HAR","HAR14",2017,2017-07-24,2017-08-07,14,"HAR142017","summer","HAR142017_2017-07-24",11,212
"5068","HAR","HAR15",2017,2017-07-24,2017-08-07,14,"HAR152017","summer","HAR152017_2017-07-24",1,212
"5069","HAR","HAR16",2017,2017-07-24,2017-08-07,14,"HAR162017","summer","HAR162017_2017-07-24",4,212
"5070","WAN","WAN01",2017,2017-07-24,2017-08-07,14,"WAN012017","summer","WAN012017_2017-07-24",3,212
"5071","WAN","WAN02",2017,2017-07-24,2017-08-07,14,"WAN022017","summer","WAN022017_2017-07-24",1,212
"5072","WAN","WAN03",2017,2017-07-24,2017-08-07,14,"WAN032017","summer","WAN032017_2017-07-24",0,212
"5073","WAN","WAN04",2017,2017-07-24,2017-08-07,14,"WAN042017","summer","WAN042017_2017-07-24",0,212
"5074","WAN","WAN05",2017,2017-07-24,2017-08-07,14,"WAN052017","summer","WAN052017_2017-07-24",3,212
"5075","WAN","WAN06",2017,2017-07-24,2017-08-07,14,"WAN062017","summer","WAN062017_2017-07-24",0,212
"5076","WAN","WAN07",2017,2017-07-24,2017-08-07,14,"WAN072017","summer","WAN072017_2017-07-24",0,212
"5077","WAN","WAN08",2017,2017-07-24,2017-08-07,14,"WAN082017","summer","WAN082017_2017-07-24",0,212
"5078","WAN","WAN09",2017,2017-07-24,2017-08-07,14,"WAN092017","summer","WAN092017_2017-07-24",7,212
"5079","WAN","WAN10",2017,2017-07-24,2017-08-07,14,"WAN102017","summer","WAN102017_2017-07-24",4,212
"5080","WAN","WAN12",2017,2017-07-24,2017-08-07,14,"WAN122017","summer","WAN122017_2017-07-24",3,212
"5081","WAN","WAN13",2017,2017-07-24,2017-08-07,14,"WAN132017","summer","WAN132017_2017-07-24",6,212
"5082","WAN","WAN14",2017,2017-07-24,2017-08-07,14,"WAN142017","summer","WAN142017_2017-07-24",10,212
"5083","WAN","WAN15",2017,2017-07-24,2017-08-07,14,"WAN152017","summer","WAN152017_2017-07-24",1,212
"5084","WAN","WAN16",2017,2017-07-24,2017-08-07,14,"WAN162017","summer","WAN162017_2017-07-24",2,212
"5085","GFH","GFH02",2017,2017-07-25,2017-08-08,14,"GFH022017","summer","GFH022017_2017-07-25",0,213
"5086","GFH","GFH03",2017,2017-07-25,2017-08-08,14,"GFH032017","summer","GFH032017_2017-07-25",1,213
"5087","GFH","GFH04",2017,2017-07-25,2017-08-08,14,"GFH042017","summer","GFH042017_2017-07-25",0,213
"5088","GFH","GFH05",2017,2017-07-25,2017-08-08,14,"GFH052017","summer","GFH052017_2017-07-25",4,213
"5089","GFH","GFH08",2017,2017-07-25,2017-08-08,14,"GFH082017","summer","GFH082017_2017-07-25",0,213
"5090","GFH","GFH09",2017,2017-07-25,2017-08-08,14,"GFH092017","summer","GFH092017_2017-07-25",0,213
"5091","GFH","GFH10",2017,2017-07-25,2017-08-08,14,"GFH102017","summer","GFH102017_2017-07-25",0,213
"5092","GFH","GFH11",2017,2017-07-25,2017-08-08,14,"GFH112017","summer","GFH112017_2017-07-25",0,213
"5093","GFH","GFH12",2017,2017-07-25,2017-08-08,14,"GFH122017","summer","GFH122017_2017-07-25",1,213
"5094","GFH","GFH13",2017,2017-07-25,2017-08-08,14,"GFH132017","summer","GFH132017_2017-07-25",1,213
"5095","GFH","GFH14",2017,2017-07-25,2017-08-08,14,"GFH142017","summer","GFH142017_2017-07-25",0,213
"5096","GFH","GFH15",2017,2017-07-25,2017-08-08,14,"GFH152017","summer","GFH152017_2017-07-25",0,213
"5097","SIP","SIP01",2017,2017-07-25,2017-08-08,14,"SIP012017","summer","SIP012017_2017-07-25",1,213
"5098","SIP","SIP02",2017,2017-07-25,2017-08-08,14,"SIP022017","summer","SIP022017_2017-07-25",0,213
"5099","SIP","SIP03",2017,2017-07-25,2017-08-08,14,"SIP032017","summer","SIP032017_2017-07-25",0,213
"5100","SIP","SIP06",2017,2017-07-25,2017-08-08,14,"SIP062017","summer","SIP062017_2017-07-25",2,213
"5101","SIP","SIP07",2017,2017-07-25,2017-08-08,14,"SIP072017","summer","SIP072017_2017-07-25",0,213
"5102","SIP","SIP08",2017,2017-07-25,2017-08-08,14,"SIP082017","summer","SIP082017_2017-07-25",0,213
"5103","SIP","SIP09",2017,2017-07-25,2017-08-08,14,"SIP092017","summer","SIP092017_2017-07-25",0,213
"5104","SIP","SIP10",2017,2017-07-25,2017-08-08,14,"SIP102017","summer","SIP102017_2017-07-25",3,213
"5105","SIP","SIP11",2017,2017-07-25,2017-08-08,14,"SIP112017","summer","SIP112017_2017-07-25",3,213
"5106","SIP","SIP12",2017,2017-07-25,2017-08-08,14,"SIP122017","summer","SIP122017_2017-07-25",3,213
"5107","SIP","SIP13",2017,2017-07-25,2017-08-08,14,"SIP132017","summer","SIP132017_2017-07-25",0,213
"5108","SIP","SIP15",2017,2017-07-25,2017-08-08,14,"SIP152017","summer","SIP152017_2017-07-25",19,213
"5109","SIP","SIP16",2017,2017-07-25,2017-08-08,14,"SIP162017","summer","SIP162017_2017-07-25",0,213
"5110","FBG","FBG01",2017,2017-07-26,2017-08-09,14,"FBG012017","summer","FBG012017_2017-07-26",0,214
"5111","FBG","FBG02",2017,2017-07-26,2017-08-09,14,"FBG022017","summer","FBG022017_2017-07-26",2,214
"5112","FBG","FBG03",2017,2017-07-26,2017-08-09,14,"FBG032017","summer","FBG032017_2017-07-26",0,214
"5113","FBG","FBG04",2017,2017-07-26,2017-08-09,14,"FBG042017","summer","FBG042017_2017-07-26",1,214
"5114","FBG","FBG05",2017,2017-07-26,2017-08-09,14,"FBG052017","summer","FBG052017_2017-07-26",0,214
"5115","FBG","FBG06",2017,2017-07-26,2017-08-09,14,"FBG062017","summer","FBG062017_2017-07-26",1,214
"5116","FBG","FBG07",2017,2017-07-26,2017-08-09,14,"FBG072017","summer","FBG072017_2017-07-26",12,214
"5117","FBG","FBG08",2017,2017-07-26,2017-08-09,14,"FBG082017","summer","FBG082017_2017-07-26",0,214
"5118","FBG","FBG09",2017,2017-07-26,2017-08-09,14,"FBG092017","summer","FBG092017_2017-07-26",0,214
"5119","FBG","FBG10",2017,2017-07-26,2017-08-09,14,"FBG102017","summer","FBG102017_2017-07-26",0,214
"5120","FBG","FBG11",2017,2017-07-26,2017-08-09,14,"FBG112017","summer","FBG112017_2017-07-26",2,214
"5121","FBG","FBG12",2017,2017-07-26,2017-08-09,14,"FBG122017","summer","FBG122017_2017-07-26",0,214
"5122","FBG","FBG13",2017,2017-07-26,2017-08-09,14,"FBG132017","summer","FBG132017_2017-07-26",1,214
"5123","FBG","FBG14",2017,2017-07-26,2017-08-09,14,"FBG142017","summer","FBG142017_2017-07-26",0,214
"5124","FBG","FBG15",2017,2017-07-26,2017-08-09,14,"FBG152017","summer","FBG152017_2017-07-26",0,214
"5125","FBG","FBG16",2017,2017-07-26,2017-08-09,14,"FBG162017","summer","FBG162017_2017-07-26",0,214
"5126","SST","SST01",2017,2017-07-26,2017-08-09,14,"SST012017","summer","SST012017_2017-07-26",0,214
"5127","SST","SST02",2017,2017-07-26,2017-08-09,14,"SST022017","summer","SST022017_2017-07-26",0,214
"5128","SST","SST03",2017,2017-07-26,2017-08-09,14,"SST032017","summer","SST032017_2017-07-26",11,214
"5129","SST","SST04",2017,2017-07-26,2017-08-09,14,"SST042017","summer","SST042017_2017-07-26",5,214
"5130","SST","SST05",2017,2017-07-26,2017-08-09,14,"SST052017","summer","SST052017_2017-07-26",0,214
"5131","SST","SST06",2017,2017-07-26,2017-08-09,14,"SST062017","summer","SST062017_2017-07-26",0,214
"5132","SST","SST07",2017,2017-07-26,2017-08-09,14,"SST072017","summer","SST072017_2017-07-26",1,214
"5133","SST","SST08",2017,2017-07-26,2017-08-09,14,"SST082017","summer","SST082017_2017-07-26",0,214
"5134","SST","SST09",2017,2017-07-26,2017-08-09,14,"SST092017","summer","SST092017_2017-07-26",3,214
"5135","SST","SST10",2017,2017-07-26,2017-08-09,14,"SST102017","summer","SST102017_2017-07-26",0,214
"5136","SST","SST11",2017,2017-07-26,2017-08-09,14,"SST112017","summer","SST112017_2017-07-26",0,214
"5137","SST","SST12",2017,2017-07-26,2017-08-09,14,"SST122017","summer","SST122017_2017-07-26",2,214
"5138","SST","SST15",2017,2017-07-26,2017-08-09,14,"SST152017","summer","SST152017_2017-07-26",1,214
"5139","SST","SST16",2017,2017-07-26,2017-08-09,14,"SST162017","summer","SST162017_2017-07-26",4,214
"5140","HAR","HAR01",2017,2017-08-07,2017-08-21,14,"HAR012017","summer","HAR012017_2017-08-07",0,226
"5141","HAR","HAR02",2017,2017-08-07,2017-08-21,14,"HAR022017","summer","HAR022017_2017-08-07",0,226
"5142","HAR","HAR03",2017,2017-08-07,2017-08-21,14,"HAR032017","summer","HAR032017_2017-08-07",2,226
"5143","HAR","HAR04",2017,2017-08-07,2017-08-21,14,"HAR042017","summer","HAR042017_2017-08-07",0,226
"5144","HAR","HAR05",2017,2017-08-07,2017-08-21,14,"HAR052017","summer","HAR052017_2017-08-07",7,226
"5145","HAR","HAR06",2017,2017-08-07,2017-08-21,14,"HAR062017","summer","HAR062017_2017-08-07",2,226
"5146","HAR","HAR07",2017,2017-08-07,2017-08-21,14,"HAR072017","summer","HAR072017_2017-08-07",0,226
"5147","HAR","HAR08",2017,2017-08-07,2017-08-21,14,"HAR082017","summer","HAR082017_2017-08-07",5,226
"5148","HAR","HAR09",2017,2017-08-07,2017-08-21,14,"HAR092017","summer","HAR092017_2017-08-07",2,226
"5149","HAR","HAR10",2017,2017-08-07,2017-08-21,14,"HAR102017","summer","HAR102017_2017-08-07",21,226
"5150","HAR","HAR11",2017,2017-08-07,2017-08-21,14,"HAR112017","summer","HAR112017_2017-08-07",6,226
"5151","HAR","HAR12",2017,2017-08-07,2017-08-21,14,"HAR122017","summer","HAR122017_2017-08-07",3,226
"5152","HAR","HAR13",2017,2017-08-07,2017-08-21,14,"HAR132017","summer","HAR132017_2017-08-07",9,226
"5153","HAR","HAR14",2017,2017-08-07,2017-08-21,14,"HAR142017","summer","HAR142017_2017-08-07",29,226
"5154","HAR","HAR15",2017,2017-08-07,2017-08-21,14,"HAR152017","summer","HAR152017_2017-08-07",5,226
"5155","HAR","HAR16",2017,2017-08-07,2017-08-21,14,"HAR162017","summer","HAR162017_2017-08-07",8,226
"5156","WAN","WAN01",2017,2017-08-07,2017-08-21,14,"WAN012017","summer","WAN012017_2017-08-07",1,226
"5157","WAN","WAN02",2017,2017-08-07,2017-08-21,14,"WAN022017","summer","WAN022017_2017-08-07",5,226
"5158","WAN","WAN03",2017,2017-08-07,2017-08-21,14,"WAN032017","summer","WAN032017_2017-08-07",2,226
"5159","WAN","WAN04",2017,2017-08-07,2017-08-21,14,"WAN042017","summer","WAN042017_2017-08-07",2,226
"5160","WAN","WAN05",2017,2017-08-07,2017-08-21,14,"WAN052017","summer","WAN052017_2017-08-07",2,226
"5161","WAN","WAN06",2017,2017-08-07,2017-08-21,14,"WAN062017","summer","WAN062017_2017-08-07",0,226
"5162","WAN","WAN07",2017,2017-08-07,2017-08-21,14,"WAN072017","summer","WAN072017_2017-08-07",0,226
"5163","WAN","WAN08",2017,2017-08-07,2017-08-21,14,"WAN082017","summer","WAN082017_2017-08-07",1,226
"5164","WAN","WAN09",2017,2017-08-07,2017-08-21,14,"WAN092017","summer","WAN092017_2017-08-07",32,226
"5165","WAN","WAN10",2017,2017-08-07,2017-08-21,14,"WAN102017","summer","WAN102017_2017-08-07",11,226
"5166","WAN","WAN11",2017,2017-08-07,2017-08-21,14,"WAN112017","summer","WAN112017_2017-08-07",1,226
"5167","WAN","WAN12",2017,2017-08-07,2017-08-21,14,"WAN122017","summer","WAN122017_2017-08-07",5,226
"5168","WAN","WAN13",2017,2017-08-07,2017-08-21,14,"WAN132017","summer","WAN132017_2017-08-07",23,226
"5169","WAN","WAN14",2017,2017-08-07,2017-08-21,14,"WAN142017","summer","WAN142017_2017-08-07",17,226
"5170","WAN","WAN15",2017,2017-08-07,2017-08-21,14,"WAN152017","summer","WAN152017_2017-08-07",2,226
"5171","WAN","WAN16",2017,2017-08-07,2017-08-21,14,"WAN162017","summer","WAN162017_2017-08-07",0,226
"5172","GFH","GFH02",2017,2017-08-08,2017-08-22,14,"GFH022017","summer","GFH022017_2017-08-08",0,227
"5173","GFH","GFH03",2017,2017-08-08,2017-08-22,14,"GFH032017","summer","GFH032017_2017-08-08",3,227
"5174","GFH","GFH04",2017,2017-08-08,2017-08-22,14,"GFH042017","summer","GFH042017_2017-08-08",1,227
"5175","GFH","GFH05",2017,2017-08-08,2017-08-22,14,"GFH052017","summer","GFH052017_2017-08-08",4,227
"5176","GFH","GFH06",2017,2017-08-08,2017-08-22,14,"GFH062017","summer","GFH062017_2017-08-08",0,227
"5177","GFH","GFH07",2017,2017-08-08,2017-08-22,14,"GFH072017","summer","GFH072017_2017-08-08",0,227
"5178","GFH","GFH08",2017,2017-08-08,2017-08-22,14,"GFH082017","summer","GFH082017_2017-08-08",1,227
"5179","GFH","GFH09",2017,2017-08-08,2017-08-22,14,"GFH092017","summer","GFH092017_2017-08-08",0,227
"5180","GFH","GFH11",2017,2017-08-08,2017-08-22,14,"GFH112017","summer","GFH112017_2017-08-08",1,227
"5181","GFH","GFH13",2017,2017-08-08,2017-08-22,14,"GFH132017","summer","GFH132017_2017-08-08",1,227
"5182","GFH","GFH14",2017,2017-08-08,2017-08-22,14,"GFH142017","summer","GFH142017_2017-08-08",0,227
"5183","GFH","GFH16",2017,2017-08-08,2017-08-22,14,"GFH162017","summer","GFH162017_2017-08-08",0,227
"5184","SIP","SIP02",2017,2017-08-08,2017-08-22,14,"SIP022017","summer","SIP022017_2017-08-08",0,227
"5185","SIP","SIP03",2017,2017-08-08,2017-08-22,14,"SIP032017","summer","SIP032017_2017-08-08",1,227
"5186","SIP","SIP05",2017,2017-08-08,2017-08-22,14,"SIP052017","summer","SIP052017_2017-08-08",0,227
"5187","SIP","SIP06",2017,2017-08-08,2017-08-22,14,"SIP062017","summer","SIP062017_2017-08-08",0,227
"5188","SIP","SIP07",2017,2017-08-08,2017-08-22,14,"SIP072017","summer","SIP072017_2017-08-08",0,227
"5189","SIP","SIP08",2017,2017-08-08,2017-08-22,14,"SIP082017","summer","SIP082017_2017-08-08",0,227
"5190","SIP","SIP09",2017,2017-08-08,2017-08-22,14,"SIP092017","summer","SIP092017_2017-08-08",0,227
"5191","SIP","SIP10",2017,2017-08-08,2017-08-22,14,"SIP102017","summer","SIP102017_2017-08-08",0,227
"5192","SIP","SIP11",2017,2017-08-08,2017-08-22,14,"SIP112017","summer","SIP112017_2017-08-08",3,227
"5193","SIP","SIP12",2017,2017-08-08,2017-08-22,14,"SIP122017","summer","SIP122017_2017-08-08",0,227
"5194","SIP","SIP13",2017,2017-08-08,2017-08-22,14,"SIP132017","summer","SIP132017_2017-08-08",0,227
"5195","SIP","SIP14",2017,2017-08-08,2017-08-22,14,"SIP142017","summer","SIP142017_2017-08-08",0,227
"5196","SIP","SIP15",2017,2017-08-08,2017-08-22,14,"SIP152017","summer","SIP152017_2017-08-08",2,227
"5197","SIP","SIP16",2017,2017-08-08,2017-08-22,14,"SIP162017","summer","SIP162017_2017-08-08",0,227
"5198","FBG","FBG01",2017,2017-08-09,2017-08-23,14,"FBG012017","summer","FBG012017_2017-08-09",0,228
"5199","FBG","FBG02",2017,2017-08-09,2017-08-23,14,"FBG022017","summer","FBG022017_2017-08-09",4,228
"5200","FBG","FBG03",2017,2017-08-09,2017-08-23,14,"FBG032017","summer","FBG032017_2017-08-09",1,228
"5201","FBG","FBG04",2017,2017-08-09,2017-08-23,14,"FBG042017","summer","FBG042017_2017-08-09",2,228
"5202","FBG","FBG05",2017,2017-08-09,2017-08-23,14,"FBG052017","summer","FBG052017_2017-08-09",2,228
"5203","FBG","FBG06",2017,2017-08-09,2017-08-23,14,"FBG062017","summer","FBG062017_2017-08-09",0,228
"5204","FBG","FBG07",2017,2017-08-09,2017-08-23,14,"FBG072017","summer","FBG072017_2017-08-09",12,228
"5205","FBG","FBG08",2017,2017-08-09,2017-08-23,14,"FBG082017","summer","FBG082017_2017-08-09",0,228
"5206","FBG","FBG09",2017,2017-08-09,2017-08-23,14,"FBG092017","summer","FBG092017_2017-08-09",0,228
"5207","FBG","FBG10",2017,2017-08-09,2017-08-23,14,"FBG102017","summer","FBG102017_2017-08-09",2,228
"5208","FBG","FBG12",2017,2017-08-09,2017-08-23,14,"FBG122017","summer","FBG122017_2017-08-09",0,228
"5209","FBG","FBG13",2017,2017-08-09,2017-08-23,14,"FBG132017","summer","FBG132017_2017-08-09",6,228
"5210","FBG","FBG14",2017,2017-08-09,2017-08-23,14,"FBG142017","summer","FBG142017_2017-08-09",0,228
"5211","FBG","FBG15",2017,2017-08-09,2017-08-23,14,"FBG152017","summer","FBG152017_2017-08-09",0,228
"5212","FBG","FBG16",2017,2017-08-09,2017-08-23,14,"FBG162017","summer","FBG162017_2017-08-09",1,228
"5213","SST","SST01",2017,2017-08-09,2017-08-23,14,"SST012017","summer","SST012017_2017-08-09",0,228
"5214","SST","SST02",2017,2017-08-09,2017-08-23,14,"SST022017","summer","SST022017_2017-08-09",1,228
"5215","SST","SST03",2017,2017-08-09,2017-08-23,14,"SST032017","summer","SST032017_2017-08-09",34,228
"5216","SST","SST04",2017,2017-08-09,2017-08-23,14,"SST042017","summer","SST042017_2017-08-09",19,228
"5217","SST","SST05",2017,2017-08-09,2017-08-23,14,"SST052017","summer","SST052017_2017-08-09",0,228
"5218","SST","SST06",2017,2017-08-09,2017-08-23,14,"SST062017","summer","SST062017_2017-08-09",3,228
"5219","SST","SST07",2017,2017-08-09,2017-08-23,14,"SST072017","summer","SST072017_2017-08-09",3,228
"5220","SST","SST08",2017,2017-08-09,2017-08-23,14,"SST082017","summer","SST082017_2017-08-09",17,228
"5221","SST","SST09",2017,2017-08-09,2017-08-23,14,"SST092017","summer","SST092017_2017-08-09",0,228
"5222","SST","SST10",2017,2017-08-09,2017-08-23,14,"SST102017","summer","SST102017_2017-08-09",0,228
"5223","SST","SST12",2017,2017-08-09,2017-08-23,14,"SST122017","summer","SST122017_2017-08-09",8,228
"5224","SST","SST13",2017,2017-08-09,2017-08-23,14,"SST132017","summer","SST132017_2017-08-09",2,228
"5225","SST","SST14",2017,2017-08-09,2017-08-23,14,"SST142017","summer","SST142017_2017-08-09",2,228
"5226","SST","SST15",2017,2017-08-09,2017-08-23,14,"SST152017","summer","SST152017_2017-08-09",0,228
"5227","SST","SST16",2017,2017-08-09,2017-08-23,14,"SST162017","summer","SST162017_2017-08-09",6,228
"5228","HAR","HAR01",2017,2017-08-21,2017-09-04,14,"HAR012017","summer","HAR012017_2017-08-21",2,240
"5229","HAR","HAR02",2017,2017-08-21,2017-09-04,14,"HAR022017","summer","HAR022017_2017-08-21",2,240
"5230","HAR","HAR03",2017,2017-08-21,2017-09-04,14,"HAR032017","summer","HAR032017_2017-08-21",7,240
"5231","HAR","HAR05",2017,2017-08-21,2017-09-04,14,"HAR052017","summer","HAR052017_2017-08-21",9,240
"5232","HAR","HAR06",2017,2017-08-21,2017-09-04,14,"HAR062017","summer","HAR062017_2017-08-21",2,240
"5233","HAR","HAR07",2017,2017-08-21,2017-09-04,14,"HAR072017","summer","HAR072017_2017-08-21",2,240
"5234","HAR","HAR08",2017,2017-08-21,2017-09-04,14,"HAR082017","summer","HAR082017_2017-08-21",2,240
"5235","HAR","HAR09",2017,2017-08-21,2017-09-04,14,"HAR092017","summer","HAR092017_2017-08-21",15,240
"5236","HAR","HAR10",2017,2017-08-21,2017-09-04,14,"HAR102017","summer","HAR102017_2017-08-21",17,240
"5237","HAR","HAR11",2017,2017-08-21,2017-09-04,14,"HAR112017","summer","HAR112017_2017-08-21",6,240
"5238","HAR","HAR12",2017,2017-08-21,2017-09-04,14,"HAR122017","summer","HAR122017_2017-08-21",2,240
"5239","HAR","HAR13",2017,2017-08-21,2017-09-04,14,"HAR132017","summer","HAR132017_2017-08-21",5,240
"5240","HAR","HAR14",2017,2017-08-21,2017-09-04,14,"HAR142017","summer","HAR142017_2017-08-21",22,240
"5241","HAR","HAR15",2017,2017-08-21,2017-09-04,14,"HAR152017","summer","HAR152017_2017-08-21",4,240
"5242","HAR","HAR16",2017,2017-08-21,2017-09-04,14,"HAR162017","summer","HAR162017_2017-08-21",4,240
"5243","WAN","WAN01",2017,2017-08-21,2017-09-04,14,"WAN012017","summer","WAN012017_2017-08-21",2,240
"5244","WAN","WAN02",2017,2017-08-21,2017-09-04,14,"WAN022017","summer","WAN022017_2017-08-21",6,240
"5245","WAN","WAN03",2017,2017-08-21,2017-09-04,14,"WAN032017","summer","WAN032017_2017-08-21",2,240
"5246","WAN","WAN04",2017,2017-08-21,2017-09-04,14,"WAN042017","summer","WAN042017_2017-08-21",5,240
"5247","WAN","WAN05",2017,2017-08-21,2017-09-04,14,"WAN052017","summer","WAN052017_2017-08-21",0,240
"5248","WAN","WAN06",2017,2017-08-21,2017-09-04,14,"WAN062017","summer","WAN062017_2017-08-21",2,240
"5249","WAN","WAN07",2017,2017-08-21,2017-09-04,14,"WAN072017","summer","WAN072017_2017-08-21",3,240
"5250","WAN","WAN08",2017,2017-08-21,2017-09-04,14,"WAN082017","summer","WAN082017_2017-08-21",1,240
"5251","WAN","WAN09",2017,2017-08-21,2017-09-04,14,"WAN092017","summer","WAN092017_2017-08-21",39,240
"5252","WAN","WAN10",2017,2017-08-21,2017-09-04,14,"WAN102017","summer","WAN102017_2017-08-21",14,240
"5253","WAN","WAN12",2017,2017-08-21,2017-09-04,14,"WAN122017","summer","WAN122017_2017-08-21",5,240
"5254","WAN","WAN13",2017,2017-08-21,2017-09-04,14,"WAN132017","summer","WAN132017_2017-08-21",31,240
"5255","WAN","WAN14",2017,2017-08-21,2017-09-04,14,"WAN142017","summer","WAN142017_2017-08-21",15,240
"5256","WAN","WAN15",2017,2017-08-21,2017-09-04,14,"WAN152017","summer","WAN152017_2017-08-21",0,240
"5257","WAN","WAN16",2017,2017-08-21,2017-09-04,14,"WAN162017","summer","WAN162017_2017-08-21",0,240
"5258","GFH","GFH01",2017,2017-08-22,2017-09-05,14,"GFH012017","summer","GFH012017_2017-08-22",2,241
"5259","GFH","GFH02",2017,2017-08-22,2017-09-05,14,"GFH022017","summer","GFH022017_2017-08-22",0,241
"5260","GFH","GFH03",2017,2017-08-22,2017-09-05,14,"GFH032017","summer","GFH032017_2017-08-22",3,241
"5261","GFH","GFH04",2017,2017-08-22,2017-09-05,14,"GFH042017","summer","GFH042017_2017-08-22",8,241
"5262","GFH","GFH05",2017,2017-08-22,2017-09-05,14,"GFH052017","summer","GFH052017_2017-08-22",2,241
"5263","GFH","GFH06",2017,2017-08-22,2017-09-05,14,"GFH062017","summer","GFH062017_2017-08-22",0,241
"5264","GFH","GFH07",2017,2017-08-22,2017-09-05,14,"GFH072017","summer","GFH072017_2017-08-22",5,241
"5265","GFH","GFH08",2017,2017-08-22,2017-09-05,14,"GFH082017","summer","GFH082017_2017-08-22",1,241
"5266","GFH","GFH09",2017,2017-08-22,2017-09-05,14,"GFH092017","summer","GFH092017_2017-08-22",1,241
"5267","GFH","GFH10",2017,2017-08-22,2017-09-05,14,"GFH102017","summer","GFH102017_2017-08-22",1,241
"5268","GFH","GFH11",2017,2017-08-22,2017-09-05,14,"GFH112017","summer","GFH112017_2017-08-22",7,241
"5269","GFH","GFH12",2017,2017-08-22,2017-09-05,14,"GFH122017","summer","GFH122017_2017-08-22",3,241
"5270","GFH","GFH13",2017,2017-08-22,2017-09-05,14,"GFH132017","summer","GFH132017_2017-08-22",13,241
"5271","GFH","GFH14",2017,2017-08-22,2017-09-05,14,"GFH142017","summer","GFH142017_2017-08-22",0,241
"5272","GFH","GFH15",2017,2017-08-22,2017-09-05,14,"GFH152017","summer","GFH152017_2017-08-22",2,241
"5273","GFH","GFH16",2017,2017-08-22,2017-09-05,14,"GFH162017","summer","GFH162017_2017-08-22",2,241
"5274","SIP","SIP01",2017,2017-08-22,2017-09-05,14,"SIP012017","summer","SIP012017_2017-08-22",0,241
"5275","SIP","SIP02",2017,2017-08-22,2017-09-05,14,"SIP022017","summer","SIP022017_2017-08-22",0,241
"5276","SIP","SIP06",2017,2017-08-22,2017-09-05,14,"SIP062017","summer","SIP062017_2017-08-22",0,241
"5277","SIP","SIP07",2017,2017-08-22,2017-09-05,14,"SIP072017","summer","SIP072017_2017-08-22",2,241
"5278","SIP","SIP08",2017,2017-08-22,2017-09-05,14,"SIP082017","summer","SIP082017_2017-08-22",0,241
"5279","SIP","SIP09",2017,2017-08-22,2017-09-05,14,"SIP092017","summer","SIP092017_2017-08-22",0,241
"5280","SIP","SIP10",2017,2017-08-22,2017-09-05,14,"SIP102017","summer","SIP102017_2017-08-22",0,241
"5281","SIP","SIP11",2017,2017-08-22,2017-09-05,14,"SIP112017","summer","SIP112017_2017-08-22",3,241
"5282","SIP","SIP12",2017,2017-08-22,2017-09-05,14,"SIP122017","summer","SIP122017_2017-08-22",0,241
"5283","SIP","SIP13",2017,2017-08-22,2017-09-05,14,"SIP132017","summer","SIP132017_2017-08-22",0,241
"5284","SIP","SIP14",2017,2017-08-22,2017-09-05,14,"SIP142017","summer","SIP142017_2017-08-22",0,241
"5285","SIP","SIP15",2017,2017-08-22,2017-09-05,14,"SIP152017","summer","SIP152017_2017-08-22",1,241
"5286","FBG","FBG01",2017,2017-08-23,2017-09-06,14,"FBG012017","summer","FBG012017_2017-08-23",0,242
"5287","FBG","FBG02",2017,2017-08-23,2017-09-06,14,"FBG022017","summer","FBG022017_2017-08-23",10,242
"5288","FBG","FBG03",2017,2017-08-23,2017-09-06,14,"FBG032017","summer","FBG032017_2017-08-23",1,242
"5289","FBG","FBG04",2017,2017-08-23,2017-09-06,14,"FBG042017","summer","FBG042017_2017-08-23",2,242
"5290","FBG","FBG05",2017,2017-08-23,2017-09-06,14,"FBG052017","summer","FBG052017_2017-08-23",10,242
"5291","FBG","FBG06",2017,2017-08-23,2017-09-06,14,"FBG062017","summer","FBG062017_2017-08-23",7,242
"5292","FBG","FBG07",2017,2017-08-23,2017-09-06,14,"FBG072017","summer","FBG072017_2017-08-23",17,242
"5293","FBG","FBG08",2017,2017-08-23,2017-09-06,14,"FBG082017","summer","FBG082017_2017-08-23",0,242
"5294","FBG","FBG09",2017,2017-08-23,2017-09-06,14,"FBG092017","summer","FBG092017_2017-08-23",3,242
"5295","FBG","FBG10",2017,2017-08-23,2017-09-06,14,"FBG102017","summer","FBG102017_2017-08-23",10,242
"5296","FBG","FBG12",2017,2017-08-23,2017-09-06,14,"FBG122017","summer","FBG122017_2017-08-23",5,242
"5297","FBG","FBG13",2017,2017-08-23,2017-09-06,14,"FBG132017","summer","FBG132017_2017-08-23",9,242
"5298","FBG","FBG14",2017,2017-08-23,2017-09-06,14,"FBG142017","summer","FBG142017_2017-08-23",3,242
"5299","FBG","FBG15",2017,2017-08-23,2017-09-06,14,"FBG152017","summer","FBG152017_2017-08-23",2,242
"5300","FBG","FBG16",2017,2017-08-23,2017-09-06,14,"FBG162017","summer","FBG162017_2017-08-23",4,242
"5301","SST","SST01",2017,2017-08-23,2017-09-06,14,"SST012017","summer","SST012017_2017-08-23",0,242
"5302","SST","SST02",2017,2017-08-23,2017-09-06,14,"SST022017","summer","SST022017_2017-08-23",5,242
"5303","SST","SST03",2017,2017-08-23,2017-09-06,14,"SST032017","summer","SST032017_2017-08-23",35,242
"5304","SST","SST04",2017,2017-08-23,2017-09-06,14,"SST042017","summer","SST042017_2017-08-23",92,242
"5305","SST","SST06",2017,2017-08-23,2017-09-06,14,"SST062017","summer","SST062017_2017-08-23",3,242
"5306","SST","SST07",2017,2017-08-23,2017-09-06,14,"SST072017","summer","SST072017_2017-08-23",3,242
"5307","SST","SST08",2017,2017-08-23,2017-09-06,14,"SST082017","summer","SST082017_2017-08-23",33,242
"5308","SST","SST09",2017,2017-08-23,2017-09-06,14,"SST092017","summer","SST092017_2017-08-23",2,242
"5309","SST","SST10",2017,2017-08-23,2017-09-06,14,"SST102017","summer","SST102017_2017-08-23",0,242
"5310","SST","SST13",2017,2017-08-23,2017-09-06,14,"SST132017","summer","SST132017_2017-08-23",1,242
"5311","SST","SST14",2017,2017-08-23,2017-09-06,14,"SST142017","summer","SST142017_2017-08-23",3,242
"5312","SST","SST15",2017,2017-08-23,2017-09-06,14,"SST152017","summer","SST152017_2017-08-23",1,242
"5313","SST","SST16",2017,2017-08-23,2017-09-06,14,"SST162017","summer","SST162017_2017-08-23",6,242
"5314","HAR","HAR01",2018,2018-07-30,2018-08-13,14,"HAR012018","summer","HAR012018_2018-07-30",0,218
"5315","HAR","HAR02",2018,2018-07-30,2018-08-13,14,"HAR022018","summer","HAR022018_2018-07-30",0,218
"5316","HAR","HAR03",2018,2018-07-30,2018-08-13,14,"HAR032018","summer","HAR032018_2018-07-30",2,218
"5317","HAR","HAR04",2018,2018-07-30,2018-08-13,14,"HAR042018","summer","HAR042018_2018-07-30",0,218
"5318","HAR","HAR05",2018,2018-07-30,2018-08-13,14,"HAR052018","summer","HAR052018_2018-07-30",0,218
"5319","HAR","HAR06",2018,2018-07-30,2018-08-13,14,"HAR062018","summer","HAR062018_2018-07-30",0,218
"5320","HAR","HAR07",2018,2018-07-30,2018-08-13,14,"HAR072018","summer","HAR072018_2018-07-30",0,218
"5321","HAR","HAR08",2018,2018-07-30,2018-08-13,14,"HAR082018","summer","HAR082018_2018-07-30",0,218
"5322","HAR","HAR09",2018,2018-07-30,2018-08-13,14,"HAR092018","summer","HAR092018_2018-07-30",1,218
"5323","HAR","HAR10",2018,2018-07-30,2018-08-13,14,"HAR102018","summer","HAR102018_2018-07-30",0,218
"5324","HAR","HAR11",2018,2018-07-30,2018-08-13,14,"HAR112018","summer","HAR112018_2018-07-30",2,218
"5325","HAR","HAR12",2018,2018-07-30,2018-08-13,14,"HAR122018","summer","HAR122018_2018-07-30",3,218
"5326","HAR","HAR13",2018,2018-07-30,2018-08-13,14,"HAR132018","summer","HAR132018_2018-07-30",3,218
"5327","HAR","HAR14",2018,2018-07-30,2018-08-13,14,"HAR142018","summer","HAR142018_2018-07-30",2,218
"5328","HAR","HAR15",2018,2018-07-30,2018-08-13,14,"HAR152018","summer","HAR152018_2018-07-30",3,218
"5329","WAN","WAN02",2018,2018-07-30,2018-08-13,14,"WAN022018","summer","WAN022018_2018-07-30",3,218
"5330","WAN","WAN04",2018,2018-07-30,2018-08-13,14,"WAN042018","summer","WAN042018_2018-07-30",1,218
"5331","WAN","WAN05",2018,2018-07-30,2018-08-13,14,"WAN052018","summer","WAN052018_2018-07-30",1,218
"5332","WAN","WAN06",2018,2018-07-30,2018-08-13,14,"WAN062018","summer","WAN062018_2018-07-30",4,218
"5333","WAN","WAN07",2018,2018-07-30,2018-08-13,14,"WAN072018","summer","WAN072018_2018-07-30",0,218
"5334","WAN","WAN08",2018,2018-07-30,2018-08-13,14,"WAN082018","summer","WAN082018_2018-07-30",0,218
"5335","WAN","WAN09",2018,2018-07-30,2018-08-13,14,"WAN092018","summer","WAN092018_2018-07-30",1,218
"5336","WAN","WAN10",2018,2018-07-30,2018-08-13,14,"WAN102018","summer","WAN102018_2018-07-30",0,218
"5337","WAN","WAN14",2018,2018-07-30,2018-08-13,14,"WAN142018","summer","WAN142018_2018-07-30",0,218
"5338","WAN","WAN15",2018,2018-07-30,2018-08-13,14,"WAN152018","summer","WAN152018_2018-07-30",1,218
"5339","WAN","WAN16",2018,2018-07-30,2018-08-13,14,"WAN162018","summer","WAN162018_2018-07-30",0,218
"5340","FBG","FBG01",2018,2018-08-01,2018-08-15,14,"FBG012018","summer","FBG012018_2018-08-01",0,220
"5341","FBG","FBG02",2018,2018-08-01,2018-08-15,14,"FBG022018","summer","FBG022018_2018-08-01",0,220
"5342","FBG","FBG03",2018,2018-08-01,2018-08-15,14,"FBG032018","summer","FBG032018_2018-08-01",0,220
"5343","FBG","FBG04",2018,2018-08-01,2018-08-15,14,"FBG042018","summer","FBG042018_2018-08-01",1,220
"5344","FBG","FBG05",2018,2018-08-01,2018-08-15,14,"FBG052018","summer","FBG052018_2018-08-01",0,220
"5345","FBG","FBG06",2018,2018-08-01,2018-08-15,14,"FBG062018","summer","FBG062018_2018-08-01",0,220
"5346","FBG","FBG07",2018,2018-08-01,2018-08-15,14,"FBG072018","summer","FBG072018_2018-08-01",0,220
"5347","FBG","FBG08",2018,2018-08-01,2018-08-15,14,"FBG082018","summer","FBG082018_2018-08-01",0,220
"5348","FBG","FBG09",2018,2018-08-01,2018-08-15,14,"FBG092018","summer","FBG092018_2018-08-01",1,220
"5349","FBG","FBG10",2018,2018-08-01,2018-08-15,14,"FBG102018","summer","FBG102018_2018-08-01",1,220
"5350","FBG","FBG11",2018,2018-08-01,2018-08-15,14,"FBG112018","summer","FBG112018_2018-08-01",2,220
"5351","FBG","FBG12",2018,2018-08-01,2018-08-15,14,"FBG122018","summer","FBG122018_2018-08-01",3,220
"5352","FBG","FBG13",2018,2018-08-01,2018-08-15,14,"FBG132018","summer","FBG132018_2018-08-01",2,220
"5353","FBG","FBG14",2018,2018-08-01,2018-08-15,14,"FBG142018","summer","FBG142018_2018-08-01",0,220
"5354","FBG","FBG16",2018,2018-08-01,2018-08-15,14,"FBG162018","summer","FBG162018_2018-08-01",1,220
"5355","SST","SST01",2018,2018-08-01,2018-08-15,14,"SST012018","summer","SST012018_2018-08-01",0,220
"5356","SST","SST02",2018,2018-08-01,2018-08-15,14,"SST022018","summer","SST022018_2018-08-01",0,220
"5357","SST","SST03",2018,2018-08-01,2018-08-15,14,"SST032018","summer","SST032018_2018-08-01",3,220
"5358","SST","SST04",2018,2018-08-01,2018-08-15,14,"SST042018","summer","SST042018_2018-08-01",3,220
"5359","SST","SST05",2018,2018-08-01,2018-08-15,14,"SST052018","summer","SST052018_2018-08-01",1,220
"5360","SST","SST06",2018,2018-08-01,2018-08-15,14,"SST062018","summer","SST062018_2018-08-01",1,220
"5361","SST","SST07",2018,2018-08-01,2018-08-15,14,"SST072018","summer","SST072018_2018-08-01",0,220
"5362","SST","SST08",2018,2018-08-01,2018-08-15,14,"SST082018","summer","SST082018_2018-08-01",4,220
"5363","SST","SST09",2018,2018-08-01,2018-08-15,14,"SST092018","summer","SST092018_2018-08-01",0,220
"5364","SST","SST10",2018,2018-08-01,2018-08-15,14,"SST102018","summer","SST102018_2018-08-01",0,220
"5365","SST","SST12",2018,2018-08-01,2018-08-15,14,"SST122018","summer","SST122018_2018-08-01",0,220
"5366","SST","SST13",2018,2018-08-01,2018-08-15,14,"SST132018","summer","SST132018_2018-08-01",0,220
"5367","SST","SST14",2018,2018-08-01,2018-08-15,14,"SST142018","summer","SST142018_2018-08-01",0,220
"5368","SST","SST15",2018,2018-08-01,2018-08-15,14,"SST152018","summer","SST152018_2018-08-01",0,220
"5369","SST","SST16",2018,2018-08-01,2018-08-15,14,"SST162018","summer","SST162018_2018-08-01",0,220
"5370","SIP","SIP01",2018,2018-08-02,2018-08-16,14,"SIP012018","summer","SIP012018_2018-08-02",0,221
"5371","SIP","SIP02",2018,2018-08-02,2018-08-16,14,"SIP022018","summer","SIP022018_2018-08-02",0,221
"5372","SIP","SIP03",2018,2018-08-02,2018-08-16,14,"SIP032018","summer","SIP032018_2018-08-02",0,221
"5373","SIP","SIP05",2018,2018-08-02,2018-08-16,14,"SIP052018","summer","SIP052018_2018-08-02",0,221
"5374","SIP","SIP06",2018,2018-08-02,2018-08-16,14,"SIP062018","summer","SIP062018_2018-08-02",2,221
"5375","SIP","SIP07",2018,2018-08-02,2018-08-16,14,"SIP072018","summer","SIP072018_2018-08-02",2,221
"5376","SIP","SIP08",2018,2018-08-02,2018-08-16,14,"SIP082018","summer","SIP082018_2018-08-02",0,221
"5377","SIP","SIP09",2018,2018-08-02,2018-08-16,14,"SIP092018","summer","SIP092018_2018-08-02",0,221
"5378","SIP","SIP10",2018,2018-08-02,2018-08-16,14,"SIP102018","summer","SIP102018_2018-08-02",1,221
"5379","SIP","SIP11",2018,2018-08-02,2018-08-16,14,"SIP112018","summer","SIP112018_2018-08-02",0,221
"5380","SIP","SIP12",2018,2018-08-02,2018-08-16,14,"SIP122018","summer","SIP122018_2018-08-02",1,221
"5381","SIP","SIP13",2018,2018-08-02,2018-08-16,14,"SIP132018","summer","SIP132018_2018-08-02",3,221
"5382","SIP","SIP14",2018,2018-08-02,2018-08-16,14,"SIP142018","summer","SIP142018_2018-08-02",5,221
"5383","SIP","SIP15",2018,2018-08-02,2018-08-16,14,"SIP152018","summer","SIP152018_2018-08-02",2,221
"5384","SIP","SIP16",2018,2018-08-02,2018-08-16,14,"SIP162018","summer","SIP162018_2018-08-02",2,221
"5385","GFH","GFH01",2018,2018-08-02,2018-08-17,15,"GFH012018","summer","GFH012018_2018-08-02",0,221.5
"5386","GFH","GFH02",2018,2018-08-02,2018-08-17,15,"GFH022018","summer","GFH022018_2018-08-02",0,221.5
"5387","GFH","GFH04",2018,2018-08-02,2018-08-17,15,"GFH042018","summer","GFH042018_2018-08-02",2,221.5
"5388","GFH","GFH05",2018,2018-08-02,2018-08-17,15,"GFH052018","summer","GFH052018_2018-08-02",2,221.5
"5389","GFH","GFH06",2018,2018-08-02,2018-08-17,15,"GFH062018","summer","GFH062018_2018-08-02",0,221.5
"5390","GFH","GFH07",2018,2018-08-02,2018-08-17,15,"GFH072018","summer","GFH072018_2018-08-02",1,221.5
"5391","GFH","GFH08",2018,2018-08-02,2018-08-17,15,"GFH082018","summer","GFH082018_2018-08-02",0,221.5
"5392","GFH","GFH09",2018,2018-08-02,2018-08-17,15,"GFH092018","summer","GFH092018_2018-08-02",2,221.5
"5393","GFH","GFH10",2018,2018-08-02,2018-08-17,15,"GFH102018","summer","GFH102018_2018-08-02",1,221.5
"5394","GFH","GFH11",2018,2018-08-02,2018-08-17,15,"GFH112018","summer","GFH112018_2018-08-02",0,221.5
"5395","GFH","GFH12",2018,2018-08-02,2018-08-17,15,"GFH122018","summer","GFH122018_2018-08-02",0,221.5
"5396","GFH","GFH13",2018,2018-08-02,2018-08-17,15,"GFH132018","summer","GFH132018_2018-08-02",1,221.5
"5397","GFH","GFH14",2018,2018-08-02,2018-08-17,15,"GFH142018","summer","GFH142018_2018-08-02",0,221.5
"5398","GFH","GFH15",2018,2018-08-02,2018-08-17,15,"GFH152018","summer","GFH152018_2018-08-02",0,221.5
"5399","GFH","GFH16",2018,2018-08-02,2018-08-17,15,"GFH162018","summer","GFH162018_2018-08-02",0,221.5
"5400","HAR","HAR01",2018,2018-08-13,2018-08-27,14,"HAR012018","summer","HAR012018_2018-08-13",1,232
"5401","HAR","HAR02",2018,2018-08-13,2018-08-27,14,"HAR022018","summer","HAR022018_2018-08-13",4,232
"5402","HAR","HAR03",2018,2018-08-13,2018-08-27,14,"HAR032018","summer","HAR032018_2018-08-13",4,232
"5403","HAR","HAR04",2018,2018-08-13,2018-08-27,14,"HAR042018","summer","HAR042018_2018-08-13",0,232
"5404","HAR","HAR05",2018,2018-08-13,2018-08-27,14,"HAR052018","summer","HAR052018_2018-08-13",3,232
"5405","HAR","HAR06",2018,2018-08-13,2018-08-27,14,"HAR062018","summer","HAR062018_2018-08-13",4,232
"5406","HAR","HAR07",2018,2018-08-13,2018-08-27,14,"HAR072018","summer","HAR072018_2018-08-13",4,232
"5407","HAR","HAR08",2018,2018-08-13,2018-08-27,14,"HAR082018","summer","HAR082018_2018-08-13",3,232
"5408","HAR","HAR09",2018,2018-08-13,2018-08-27,14,"HAR092018","summer","HAR092018_2018-08-13",2,232
"5409","HAR","HAR11",2018,2018-08-13,2018-08-27,14,"HAR112018","summer","HAR112018_2018-08-13",0,232
"5410","HAR","HAR12",2018,2018-08-13,2018-08-27,14,"HAR122018","summer","HAR122018_2018-08-13",2,232
"5411","HAR","HAR13",2018,2018-08-13,2018-08-27,14,"HAR132018","summer","HAR132018_2018-08-13",7,232
"5412","HAR","HAR15",2018,2018-08-13,2018-08-27,14,"HAR152018","summer","HAR152018_2018-08-13",0,232
"5413","HAR","HAR16",2018,2018-08-13,2018-08-27,14,"HAR162018","summer","HAR162018_2018-08-13",8,232
"5414","WAN","WAN01",2018,2018-08-13,2018-08-27,14,"WAN012018","summer","WAN012018_2018-08-13",6,232
"5415","WAN","WAN02",2018,2018-08-13,2018-08-27,14,"WAN022018","summer","WAN022018_2018-08-13",0,232
"5416","WAN","WAN03",2018,2018-08-13,2018-08-27,14,"WAN032018","summer","WAN032018_2018-08-13",2,232
"5417","WAN","WAN04",2018,2018-08-13,2018-08-27,14,"WAN042018","summer","WAN042018_2018-08-13",2,232
"5418","WAN","WAN05",2018,2018-08-13,2018-08-27,14,"WAN052018","summer","WAN052018_2018-08-13",2,232
"5419","WAN","WAN06",2018,2018-08-13,2018-08-27,14,"WAN062018","summer","WAN062018_2018-08-13",7,232
"5420","WAN","WAN07",2018,2018-08-13,2018-08-27,14,"WAN072018","summer","WAN072018_2018-08-13",0,232
"5421","WAN","WAN08",2018,2018-08-13,2018-08-27,14,"WAN082018","summer","WAN082018_2018-08-13",1,232
"5422","WAN","WAN09",2018,2018-08-13,2018-08-27,14,"WAN092018","summer","WAN092018_2018-08-13",6,232
"5423","WAN","WAN10",2018,2018-08-13,2018-08-27,14,"WAN102018","summer","WAN102018_2018-08-13",1,232
"5424","WAN","WAN11",2018,2018-08-13,2018-08-27,14,"WAN112018","summer","WAN112018_2018-08-13",0,232
"5425","WAN","WAN12",2018,2018-08-13,2018-08-27,14,"WAN122018","summer","WAN122018_2018-08-13",3,232
"5426","WAN","WAN13",2018,2018-08-13,2018-08-27,14,"WAN132018","summer","WAN132018_2018-08-13",2,232
"5427","WAN","WAN15",2018,2018-08-13,2018-08-27,14,"WAN152018","summer","WAN152018_2018-08-13",0,232
"5428","FBG","FBG01",2018,2018-08-15,2018-08-29,14,"FBG012018","summer","FBG012018_2018-08-15",0,234
"5429","FBG","FBG03",2018,2018-08-15,2018-08-29,14,"FBG032018","summer","FBG032018_2018-08-15",0,234
"5430","FBG","FBG04",2018,2018-08-15,2018-08-29,14,"FBG042018","summer","FBG042018_2018-08-15",3,234
"5431","FBG","FBG05",2018,2018-08-15,2018-08-29,14,"FBG052018","summer","FBG052018_2018-08-15",1,234
"5432","FBG","FBG06",2018,2018-08-15,2018-08-29,14,"FBG062018","summer","FBG062018_2018-08-15",0,234
"5433","FBG","FBG07",2018,2018-08-15,2018-08-29,14,"FBG072018","summer","FBG072018_2018-08-15",2,234
"5434","FBG","FBG08",2018,2018-08-15,2018-08-29,14,"FBG082018","summer","FBG082018_2018-08-15",0,234
"5435","FBG","FBG09",2018,2018-08-15,2018-08-29,14,"FBG092018","summer","FBG092018_2018-08-15",0,234
"5436","FBG","FBG10",2018,2018-08-15,2018-08-29,14,"FBG102018","summer","FBG102018_2018-08-15",1,234
"5437","FBG","FBG11",2018,2018-08-15,2018-08-29,14,"FBG112018","summer","FBG112018_2018-08-15",0,234
"5438","FBG","FBG12",2018,2018-08-15,2018-08-29,14,"FBG122018","summer","FBG122018_2018-08-15",3,234
"5439","FBG","FBG13",2018,2018-08-15,2018-08-29,14,"FBG132018","summer","FBG132018_2018-08-15",3,234
"5440","FBG","FBG14",2018,2018-08-15,2018-08-29,14,"FBG142018","summer","FBG142018_2018-08-15",1,234
"5441","FBG","FBG15",2018,2018-08-15,2018-08-29,14,"FBG152018","summer","FBG152018_2018-08-15",1,234
"5442","FBG","FBG16",2018,2018-08-15,2018-08-29,14,"FBG162018","summer","FBG162018_2018-08-15",0,234
"5443","SST","SST01",2018,2018-08-15,2018-08-29,14,"SST012018","summer","SST012018_2018-08-15",2,234
"5444","SST","SST03",2018,2018-08-15,2018-08-29,14,"SST032018","summer","SST032018_2018-08-15",8,234
"5445","SST","SST04",2018,2018-08-15,2018-08-29,14,"SST042018","summer","SST042018_2018-08-15",12,234
"5446","SST","SST05",2018,2018-08-15,2018-08-29,14,"SST052018","summer","SST052018_2018-08-15",2,234
"5447","SST","SST06",2018,2018-08-15,2018-08-29,14,"SST062018","summer","SST062018_2018-08-15",0,234
"5448","SST","SST08",2018,2018-08-15,2018-08-29,14,"SST082018","summer","SST082018_2018-08-15",2,234
"5449","SST","SST09",2018,2018-08-15,2018-08-29,14,"SST092018","summer","SST092018_2018-08-15",2,234
"5450","SST","SST10",2018,2018-08-15,2018-08-29,14,"SST102018","summer","SST102018_2018-08-15",12,234
"5451","SST","SST11",2018,2018-08-15,2018-08-29,14,"SST112018","summer","SST112018_2018-08-15",3,234
"5452","SST","SST12",2018,2018-08-15,2018-08-29,14,"SST122018","summer","SST122018_2018-08-15",4,234
"5453","SST","SST13",2018,2018-08-15,2018-08-29,14,"SST132018","summer","SST132018_2018-08-15",3,234
"5454","SST","SST14",2018,2018-08-15,2018-08-29,14,"SST142018","summer","SST142018_2018-08-15",1,234
"5455","SST","SST15",2018,2018-08-15,2018-08-29,14,"SST152018","summer","SST152018_2018-08-15",0,234
"5456","SST","SST16",2018,2018-08-15,2018-08-29,14,"SST162018","summer","SST162018_2018-08-15",1,234
"5457","SIP","SIP01",2018,2018-08-16,2018-08-30,14,"SIP012018","summer","SIP012018_2018-08-16",1,235
"5458","SIP","SIP02",2018,2018-08-16,2018-08-30,14,"SIP022018","summer","SIP022018_2018-08-16",0,235
"5459","SIP","SIP03",2018,2018-08-16,2018-08-30,14,"SIP032018","summer","SIP032018_2018-08-16",0,235
"5460","SIP","SIP05",2018,2018-08-16,2018-08-30,14,"SIP052018","summer","SIP052018_2018-08-16",0,235
"5461","SIP","SIP06",2018,2018-08-16,2018-08-30,14,"SIP062018","summer","SIP062018_2018-08-16",3,235
"5462","SIP","SIP07",2018,2018-08-16,2018-08-30,14,"SIP072018","summer","SIP072018_2018-08-16",0,235
"5463","SIP","SIP08",2018,2018-08-16,2018-08-30,14,"SIP082018","summer","SIP082018_2018-08-16",0,235
"5464","SIP","SIP09",2018,2018-08-16,2018-08-30,14,"SIP092018","summer","SIP092018_2018-08-16",1,235
"5465","SIP","SIP10",2018,2018-08-16,2018-08-30,14,"SIP102018","summer","SIP102018_2018-08-16",1,235
"5466","SIP","SIP11",2018,2018-08-16,2018-08-30,14,"SIP112018","summer","SIP112018_2018-08-16",0,235
"5467","SIP","SIP12",2018,2018-08-16,2018-08-30,14,"SIP122018","summer","SIP122018_2018-08-16",1,235
"5468","SIP","SIP13",2018,2018-08-16,2018-08-30,14,"SIP132018","summer","SIP132018_2018-08-16",1,235
"5469","SIP","SIP14",2018,2018-08-16,2018-08-30,14,"SIP142018","summer","SIP142018_2018-08-16",0,235
"5470","SIP","SIP15",2018,2018-08-16,2018-08-30,14,"SIP152018","summer","SIP152018_2018-08-16",1,235
"5471","SIP","SIP16",2018,2018-08-16,2018-08-30,14,"SIP162018","summer","SIP162018_2018-08-16",1,235
"5472","GFH","GFH02",2018,2018-08-17,2018-08-30,13,"GFH022018","summer","GFH022018_2018-08-17",0,235.5
"5473","GFH","GFH04",2018,2018-08-17,2018-08-30,13,"GFH042018","summer","GFH042018_2018-08-17",1,235.5
"5474","GFH","GFH06",2018,2018-08-17,2018-08-30,13,"GFH062018","summer","GFH062018_2018-08-17",0,235.5
"5475","GFH","GFH07",2018,2018-08-17,2018-08-30,13,"GFH072018","summer","GFH072018_2018-08-17",2,235.5
"5476","GFH","GFH08",2018,2018-08-17,2018-08-30,13,"GFH082018","summer","GFH082018_2018-08-17",1,235.5
"5477","GFH","GFH09",2018,2018-08-17,2018-08-30,13,"GFH092018","summer","GFH092018_2018-08-17",1,235.5
"5478","GFH","GFH10",2018,2018-08-17,2018-08-30,13,"GFH102018","summer","GFH102018_2018-08-17",0,235.5
"5479","GFH","GFH11",2018,2018-08-17,2018-08-30,13,"GFH112018","summer","GFH112018_2018-08-17",2,235.5
"5480","GFH","GFH12",2018,2018-08-17,2018-08-30,13,"GFH122018","summer","GFH122018_2018-08-17",0,235.5
"5481","GFH","GFH13",2018,2018-08-17,2018-08-30,13,"GFH132018","summer","GFH132018_2018-08-17",3,235.5
"5482","GFH","GFH14",2018,2018-08-17,2018-08-30,13,"GFH142018","summer","GFH142018_2018-08-17",4,235.5
"5483","GFH","GFH15",2018,2018-08-17,2018-08-30,13,"GFH152018","summer","GFH152018_2018-08-17",3,235.5
"5484","GFH","GFH16",2018,2018-08-17,2018-08-30,13,"GFH162018","summer","GFH162018_2018-08-17",0,235.5
"5485","HAR","HAR01",2018,2018-08-27,2018-09-10,14,"HAR012018","summer","HAR012018_2018-08-27",3,246
"5486","HAR","HAR02",2018,2018-08-27,2018-09-10,14,"HAR022018","summer","HAR022018_2018-08-27",8,246
"5487","HAR","HAR03",2018,2018-08-27,2018-09-10,14,"HAR032018","summer","HAR032018_2018-08-27",2,246
"5488","HAR","HAR04",2018,2018-08-27,2018-09-10,14,"HAR042018","summer","HAR042018_2018-08-27",1,246
"5489","HAR","HAR05",2018,2018-08-27,2018-09-10,14,"HAR052018","summer","HAR052018_2018-08-27",3,246
"5490","HAR","HAR06",2018,2018-08-27,2018-09-10,14,"HAR062018","summer","HAR062018_2018-08-27",5,246
"5491","HAR","HAR07",2018,2018-08-27,2018-09-10,14,"HAR072018","summer","HAR072018_2018-08-27",4,246
"5492","HAR","HAR08",2018,2018-08-27,2018-09-10,14,"HAR082018","summer","HAR082018_2018-08-27",1,246
"5493","HAR","HAR09",2018,2018-08-27,2018-09-10,14,"HAR092018","summer","HAR092018_2018-08-27",12,246
"5494","HAR","HAR10",2018,2018-08-27,2018-09-10,14,"HAR102018","summer","HAR102018_2018-08-27",9,246
"5495","HAR","HAR11",2018,2018-08-27,2018-09-10,14,"HAR112018","summer","HAR112018_2018-08-27",2,246
"5496","HAR","HAR12",2018,2018-08-27,2018-09-10,14,"HAR122018","summer","HAR122018_2018-08-27",5,246
"5497","HAR","HAR13",2018,2018-08-27,2018-09-10,14,"HAR132018","summer","HAR132018_2018-08-27",13,246
"5498","HAR","HAR14",2018,2018-08-27,2018-09-10,14,"HAR142018","summer","HAR142018_2018-08-27",11,246
"5499","HAR","HAR15",2018,2018-08-27,2018-09-10,14,"HAR152018","summer","HAR152018_2018-08-27",0,246
"5500","HAR","HAR16",2018,2018-08-27,2018-09-10,14,"HAR162018","summer","HAR162018_2018-08-27",8,246
"5501","WAN","WAN01",2018,2018-08-27,2018-09-10,14,"WAN012018","summer","WAN012018_2018-08-27",5,246
"5502","WAN","WAN02",2018,2018-08-27,2018-09-10,14,"WAN022018","summer","WAN022018_2018-08-27",5,246
"5503","WAN","WAN03",2018,2018-08-27,2018-09-10,14,"WAN032018","summer","WAN032018_2018-08-27",4,246
"5504","WAN","WAN04",2018,2018-08-27,2018-09-10,14,"WAN042018","summer","WAN042018_2018-08-27",2,246
"5505","WAN","WAN05",2018,2018-08-27,2018-09-10,14,"WAN052018","summer","WAN052018_2018-08-27",0,246
"5506","WAN","WAN06",2018,2018-08-27,2018-09-10,14,"WAN062018","summer","WAN062018_2018-08-27",2,246
"5507","WAN","WAN07",2018,2018-08-27,2018-09-10,14,"WAN072018","summer","WAN072018_2018-08-27",1,246
"5508","WAN","WAN08",2018,2018-08-27,2018-09-10,14,"WAN082018","summer","WAN082018_2018-08-27",0,246
"5509","WAN","WAN09",2018,2018-08-27,2018-09-10,14,"WAN092018","summer","WAN092018_2018-08-27",5,246
"5510","WAN","WAN10",2018,2018-08-27,2018-09-10,14,"WAN102018","summer","WAN102018_2018-08-27",3,246
"5511","WAN","WAN12",2018,2018-08-27,2018-09-10,14,"WAN122018","summer","WAN122018_2018-08-27",2,246
"5512","WAN","WAN13",2018,2018-08-27,2018-09-10,14,"WAN132018","summer","WAN132018_2018-08-27",1,246
"5513","WAN","WAN14",2018,2018-08-27,2018-09-10,14,"WAN142018","summer","WAN142018_2018-08-27",1,246
"5514","WAN","WAN15",2018,2018-08-27,2018-09-10,14,"WAN152018","summer","WAN152018_2018-08-27",0,246
"5515","WAN","WAN16",2018,2018-08-27,2018-09-10,14,"WAN162018","summer","WAN162018_2018-08-27",0,246
"5516","FBG","FBG01",2018,2018-08-29,2018-09-12,14,"FBG012018","summer","FBG012018_2018-08-29",2,248
"5517","FBG","FBG02",2018,2018-08-29,2018-09-12,14,"FBG022018","summer","FBG022018_2018-08-29",5,248
"5518","FBG","FBG03",2018,2018-08-29,2018-09-12,14,"FBG032018","summer","FBG032018_2018-08-29",2,248
"5519","FBG","FBG04",2018,2018-08-29,2018-09-12,14,"FBG042018","summer","FBG042018_2018-08-29",3,248
"5520","FBG","FBG05",2018,2018-08-29,2018-09-12,14,"FBG052018","summer","FBG052018_2018-08-29",5,248
"5521","FBG","FBG06",2018,2018-08-29,2018-09-12,14,"FBG062018","summer","FBG062018_2018-08-29",1,248
"5522","FBG","FBG07",2018,2018-08-29,2018-09-12,14,"FBG072018","summer","FBG072018_2018-08-29",9,248
"5523","FBG","FBG08",2018,2018-08-29,2018-09-12,14,"FBG082018","summer","FBG082018_2018-08-29",0,248
"5524","FBG","FBG09",2018,2018-08-29,2018-09-12,14,"FBG092018","summer","FBG092018_2018-08-29",1,248
"5525","FBG","FBG10",2018,2018-08-29,2018-09-12,14,"FBG102018","summer","FBG102018_2018-08-29",3,248
"5526","FBG","FBG11",2018,2018-08-29,2018-09-12,14,"FBG112018","summer","FBG112018_2018-08-29",0,248
"5527","FBG","FBG12",2018,2018-08-29,2018-09-12,14,"FBG122018","summer","FBG122018_2018-08-29",3,248
"5528","FBG","FBG13",2018,2018-08-29,2018-09-12,14,"FBG132018","summer","FBG132018_2018-08-29",1,248
"5529","FBG","FBG14",2018,2018-08-29,2018-09-12,14,"FBG142018","summer","FBG142018_2018-08-29",0,248
"5530","FBG","FBG15",2018,2018-08-29,2018-09-12,14,"FBG152018","summer","FBG152018_2018-08-29",6,248
"5531","FBG","FBG16",2018,2018-08-29,2018-09-12,14,"FBG162018","summer","FBG162018_2018-08-29",5,248
"5532","SST","SST01",2018,2018-08-29,2018-09-12,14,"SST012018","summer","SST012018_2018-08-29",2,248
"5533","SST","SST02",2018,2018-08-29,2018-09-12,14,"SST022018","summer","SST022018_2018-08-29",0,248
"5534","SST","SST03",2018,2018-08-29,2018-09-12,14,"SST032018","summer","SST032018_2018-08-29",7,248
"5535","SST","SST04",2018,2018-08-29,2018-09-12,14,"SST042018","summer","SST042018_2018-08-29",7,248
"5536","SST","SST05",2018,2018-08-29,2018-09-12,14,"SST052018","summer","SST052018_2018-08-29",0,248
"5537","SST","SST06",2018,2018-08-29,2018-09-12,14,"SST062018","summer","SST062018_2018-08-29",4,248
"5538","SST","SST08",2018,2018-08-29,2018-09-12,14,"SST082018","summer","SST082018_2018-08-29",8,248
"5539","SST","SST09",2018,2018-08-29,2018-09-12,14,"SST092018","summer","SST092018_2018-08-29",0,248
"5540","SST","SST10",2018,2018-08-29,2018-09-12,14,"SST102018","summer","SST102018_2018-08-29",11,248
"5541","SST","SST12",2018,2018-08-29,2018-09-12,14,"SST122018","summer","SST122018_2018-08-29",5,248
"5542","SST","SST13",2018,2018-08-29,2018-09-12,14,"SST132018","summer","SST132018_2018-08-29",1,248
"5543","SST","SST14",2018,2018-08-29,2018-09-12,14,"SST142018","summer","SST142018_2018-08-29",0,248
"5544","SST","SST15",2018,2018-08-29,2018-09-12,14,"SST152018","summer","SST152018_2018-08-29",0,248
"5545","SST","SST16",2018,2018-08-29,2018-09-12,14,"SST162018","summer","SST162018_2018-08-29",0,248
"5546","GFH","GFH01",2018,2018-08-30,2018-09-13,14,"GFH012018","summer","GFH012018_2018-08-30",1,249
"5547","GFH","GFH04",2018,2018-08-30,2018-09-13,14,"GFH042018","summer","GFH042018_2018-08-30",1,249
"5548","GFH","GFH05",2018,2018-08-30,2018-09-13,14,"GFH052018","summer","GFH052018_2018-08-30",0,249
"5549","GFH","GFH06",2018,2018-08-30,2018-09-13,14,"GFH062018","summer","GFH062018_2018-08-30",0,249
"5550","GFH","GFH07",2018,2018-08-30,2018-09-13,14,"GFH072018","summer","GFH072018_2018-08-30",1,249
"5551","GFH","GFH08",2018,2018-08-30,2018-09-13,14,"GFH082018","summer","GFH082018_2018-08-30",0,249
"5552","GFH","GFH09",2018,2018-08-30,2018-09-13,14,"GFH092018","summer","GFH092018_2018-08-30",2,249
"5553","GFH","GFH10",2018,2018-08-30,2018-09-13,14,"GFH102018","summer","GFH102018_2018-08-30",4,249
"5554","GFH","GFH11",2018,2018-08-30,2018-09-13,14,"GFH112018","summer","GFH112018_2018-08-30",1,249
"5555","GFH","GFH12",2018,2018-08-30,2018-09-13,14,"GFH122018","summer","GFH122018_2018-08-30",0,249
"5556","GFH","GFH13",2018,2018-08-30,2018-09-13,14,"GFH132018","summer","GFH132018_2018-08-30",6,249
"5557","GFH","GFH14",2018,2018-08-30,2018-09-13,14,"GFH142018","summer","GFH142018_2018-08-30",1,249
"5558","GFH","GFH16",2018,2018-08-30,2018-09-13,14,"GFH162018","summer","GFH162018_2018-08-30",1,249
"5559","SIP","SIP02",2018,2018-08-30,2018-09-13,14,"SIP022018","summer","SIP022018_2018-08-30",0,249
"5560","SIP","SIP06",2018,2018-08-30,2018-09-13,14,"SIP062018","summer","SIP062018_2018-08-30",4,249
"5561","SIP","SIP07",2018,2018-08-30,2018-09-13,14,"SIP072018","summer","SIP072018_2018-08-30",0,249
"5562","SIP","SIP08",2018,2018-08-30,2018-09-13,14,"SIP082018","summer","SIP082018_2018-08-30",0,249
"5563","SIP","SIP10",2018,2018-08-30,2018-09-13,14,"SIP102018","summer","SIP102018_2018-08-30",0,249
"5564","SIP","SIP11",2018,2018-08-30,2018-09-13,14,"SIP112018","summer","SIP112018_2018-08-30",0,249
"5565","SIP","SIP12",2018,2018-08-30,2018-09-13,14,"SIP122018","summer","SIP122018_2018-08-30",0,249
"5566","SIP","SIP14",2018,2018-08-30,2018-09-13,14,"SIP142018","summer","SIP142018_2018-08-30",0,249
"5567","SIP","SIP15",2018,2018-08-30,2018-09-13,14,"SIP152018","summer","SIP152018_2018-08-30",1,249
"5568","SIP","SIP16",2018,2018-08-30,2018-09-13,14,"SIP162018","summer","SIP162018_2018-08-30",0,249
"5569","FBG","FBG01",2019,2019-07-22,2019-08-05,14,"FBG012019","summer","FBG012019_2019-07-22",12,210
"5570","FBG","FBG02",2019,2019-07-22,2019-08-05,14,"FBG022019","summer","FBG022019_2019-07-22",3,210
"5571","FBG","FBG03",2019,2019-07-22,2019-08-05,14,"FBG032019","summer","FBG032019_2019-07-22",0,210
"5572","FBG","FBG04",2019,2019-07-22,2019-08-05,14,"FBG042019","summer","FBG042019_2019-07-22",0,210
"5573","FBG","FBG05",2019,2019-07-22,2019-08-05,14,"FBG052019","summer","FBG052019_2019-07-22",1,210
"5574","FBG","FBG06",2019,2019-07-22,2019-08-05,14,"FBG062019","summer","FBG062019_2019-07-22",0,210
"5575","FBG","FBG07",2019,2019-07-22,2019-08-05,14,"FBG072019","summer","FBG072019_2019-07-22",0,210
"5576","FBG","FBG08",2019,2019-07-22,2019-08-05,14,"FBG082019","summer","FBG082019_2019-07-22",1,210
"5577","FBG","FBG09",2019,2019-07-22,2019-08-05,14,"FBG092019","summer","FBG092019_2019-07-22",0,210
"5578","FBG","FBG10",2019,2019-07-22,2019-08-05,14,"FBG102019","summer","FBG102019_2019-07-22",0,210
"5579","FBG","FBG11",2019,2019-07-22,2019-08-05,14,"FBG112019","summer","FBG112019_2019-07-22",0,210
"5580","FBG","FBG12",2019,2019-07-22,2019-08-05,14,"FBG122019","summer","FBG122019_2019-07-22",0,210
"5581","FBG","FBG13",2019,2019-07-22,2019-08-05,14,"FBG132019","summer","FBG132019_2019-07-22",1,210
"5582","FBG","FBG14",2019,2019-07-22,2019-08-05,14,"FBG142019","summer","FBG142019_2019-07-22",1,210
"5583","FBG","FBG15",2019,2019-07-22,2019-08-05,14,"FBG152019","summer","FBG152019_2019-07-22",0,210
"5584","FBG","FBG16",2019,2019-07-22,2019-08-05,14,"FBG162019","summer","FBG162019_2019-07-22",0,210
"5585","SST","SST01",2019,2019-07-22,2019-08-05,14,"SST012019","summer","SST012019_2019-07-22",0,210
"5586","SST","SST02",2019,2019-07-22,2019-08-05,14,"SST022019","summer","SST022019_2019-07-22",2,210
"5587","SST","SST03",2019,2019-07-22,2019-08-05,14,"SST032019","summer","SST032019_2019-07-22",1,210
"5588","SST","SST04",2019,2019-07-22,2019-08-05,14,"SST042019","summer","SST042019_2019-07-22",0,210
"5589","SST","SST05",2019,2019-07-22,2019-08-05,14,"SST052019","summer","SST052019_2019-07-22",0,210
"5590","SST","SST06",2019,2019-07-22,2019-08-05,14,"SST062019","summer","SST062019_2019-07-22",22,210
"5591","SST","SST07",2019,2019-07-22,2019-08-05,14,"SST072019","summer","SST072019_2019-07-22",4,210
"5592","SST","SST08",2019,2019-07-22,2019-08-05,14,"SST082019","summer","SST082019_2019-07-22",0,210
"5593","SST","SST09",2019,2019-07-22,2019-08-05,14,"SST092019","summer","SST092019_2019-07-22",0,210
"5594","SST","SST10",2019,2019-07-22,2019-08-05,14,"SST102019","summer","SST102019_2019-07-22",9,210
"5595","SST","SST11",2019,2019-07-22,2019-08-05,14,"SST112019","summer","SST112019_2019-07-22",0,210
"5596","SST","SST12",2019,2019-07-22,2019-08-05,14,"SST122019","summer","SST122019_2019-07-22",0,210
"5597","SST","SST13",2019,2019-07-22,2019-08-05,14,"SST132019","summer","SST132019_2019-07-22",0,210
"5598","SST","SST14",2019,2019-07-22,2019-08-05,14,"SST142019","summer","SST142019_2019-07-22",3,210
"5599","SST","SST15",2019,2019-07-22,2019-08-05,14,"SST152019","summer","SST152019_2019-07-22",0,210
"5600","SST","SST16",2019,2019-07-22,2019-08-05,14,"SST162019","summer","SST162019_2019-07-22",0,210
"5601","GFH","GFH01",2019,2019-07-23,2019-08-06,14,"GFH012019","summer","GFH012019_2019-07-23",0,211
"5602","GFH","GFH02",2019,2019-07-23,2019-08-06,14,"GFH022019","summer","GFH022019_2019-07-23",0,211
"5603","GFH","GFH03",2019,2019-07-23,2019-08-06,14,"GFH032019","summer","GFH032019_2019-07-23",3,211
"5604","GFH","GFH04",2019,2019-07-23,2019-08-06,14,"GFH042019","summer","GFH042019_2019-07-23",1,211
"5605","GFH","GFH05",2019,2019-07-23,2019-08-06,14,"GFH052019","summer","GFH052019_2019-07-23",6,211
"5606","GFH","GFH06",2019,2019-07-23,2019-08-06,14,"GFH062019","summer","GFH062019_2019-07-23",1,211
"5607","GFH","GFH07",2019,2019-07-23,2019-08-06,14,"GFH072019","summer","GFH072019_2019-07-23",1,211
"5608","GFH","GFH08",2019,2019-07-23,2019-08-06,14,"GFH082019","summer","GFH082019_2019-07-23",0,211
"5609","GFH","GFH09",2019,2019-07-23,2019-08-06,14,"GFH092019","summer","GFH092019_2019-07-23",1,211
"5610","GFH","GFH10",2019,2019-07-23,2019-08-06,14,"GFH102019","summer","GFH102019_2019-07-23",0,211
"5611","GFH","GFH11",2019,2019-07-23,2019-08-06,14,"GFH112019","summer","GFH112019_2019-07-23",3,211
"5612","GFH","GFH12",2019,2019-07-23,2019-08-06,14,"GFH122019","summer","GFH122019_2019-07-23",0,211
"5613","GFH","GFH13",2019,2019-07-23,2019-08-06,14,"GFH132019","summer","GFH132019_2019-07-23",0,211
"5614","GFH","GFH14",2019,2019-07-23,2019-08-06,14,"GFH142019","summer","GFH142019_2019-07-23",21,211
"5615","GFH","GFH15",2019,2019-07-23,2019-08-06,14,"GFH152019","summer","GFH152019_2019-07-23",3,211
"5616","GFH","GFH16",2019,2019-07-23,2019-08-06,14,"GFH162019","summer","GFH162019_2019-07-23",2,211
"5617","SIP","SIP01",2019,2019-07-23,2019-08-06,14,"SIP012019","summer","SIP012019_2019-07-23",1,211
"5618","SIP","SIP02",2019,2019-07-23,2019-08-06,14,"SIP022019","summer","SIP022019_2019-07-23",3,211
"5619","SIP","SIP03",2019,2019-07-23,2019-08-06,14,"SIP032019","summer","SIP032019_2019-07-23",2,211
"5620","SIP","SIP05",2019,2019-07-23,2019-08-06,14,"SIP052019","summer","SIP052019_2019-07-23",5,211
"5621","SIP","SIP06",2019,2019-07-23,2019-08-06,14,"SIP062019","summer","SIP062019_2019-07-23",3,211
"5622","SIP","SIP07",2019,2019-07-23,2019-08-06,14,"SIP072019","summer","SIP072019_2019-07-23",5,211
"5623","SIP","SIP08",2019,2019-07-23,2019-08-06,14,"SIP082019","summer","SIP082019_2019-07-23",0,211
"5624","SIP","SIP09",2019,2019-07-23,2019-08-06,14,"SIP092019","summer","SIP092019_2019-07-23",0,211
"5625","SIP","SIP10",2019,2019-07-23,2019-08-06,14,"SIP102019","summer","SIP102019_2019-07-23",3,211
"5626","SIP","SIP11",2019,2019-07-23,2019-08-06,14,"SIP112019","summer","SIP112019_2019-07-23",6,211
"5627","SIP","SIP12",2019,2019-07-23,2019-08-06,14,"SIP122019","summer","SIP122019_2019-07-23",1,211
"5628","SIP","SIP13",2019,2019-07-23,2019-08-06,14,"SIP132019","summer","SIP132019_2019-07-23",6,211
"5629","SIP","SIP14",2019,2019-07-23,2019-08-06,14,"SIP142019","summer","SIP142019_2019-07-23",5,211
"5630","SIP","SIP16",2019,2019-07-23,2019-08-06,14,"SIP162019","summer","SIP162019_2019-07-23",2,211
"5631","HAR","HAR01",2019,2019-07-24,2019-08-07,14,"HAR012019","summer","HAR012019_2019-07-24",0,212
"5632","HAR","HAR02",2019,2019-07-24,2019-08-07,14,"HAR022019","summer","HAR022019_2019-07-24",0,212
"5633","HAR","HAR03",2019,2019-07-24,2019-08-07,14,"HAR032019","summer","HAR032019_2019-07-24",0,212
"5634","HAR","HAR04",2019,2019-07-24,2019-08-07,14,"HAR042019","summer","HAR042019_2019-07-24",0,212
"5635","HAR","HAR05",2019,2019-07-24,2019-08-07,14,"HAR052019","summer","HAR052019_2019-07-24",2,212
"5636","HAR","HAR06",2019,2019-07-24,2019-08-07,14,"HAR062019","summer","HAR062019_2019-07-24",0,212
"5637","HAR","HAR07",2019,2019-07-24,2019-08-07,14,"HAR072019","summer","HAR072019_2019-07-24",0,212
"5638","HAR","HAR08",2019,2019-07-24,2019-08-07,14,"HAR082019","summer","HAR082019_2019-07-24",0,212
"5639","HAR","HAR09",2019,2019-07-24,2019-08-07,14,"HAR092019","summer","HAR092019_2019-07-24",1,212
"5640","HAR","HAR10",2019,2019-07-24,2019-08-07,14,"HAR102019","summer","HAR102019_2019-07-24",1,212
"5641","HAR","HAR11",2019,2019-07-24,2019-08-07,14,"HAR112019","summer","HAR112019_2019-07-24",0,212
"5642","HAR","HAR12",2019,2019-07-24,2019-08-07,14,"HAR122019","summer","HAR122019_2019-07-24",0,212
"5643","HAR","HAR13",2019,2019-07-24,2019-08-07,14,"HAR132019","summer","HAR132019_2019-07-24",0,212
"5644","HAR","HAR14",2019,2019-07-24,2019-08-07,14,"HAR142019","summer","HAR142019_2019-07-24",1,212
"5645","HAR","HAR15",2019,2019-07-24,2019-08-07,14,"HAR152019","summer","HAR152019_2019-07-24",3,212
"5646","HAR","HAR16",2019,2019-07-24,2019-08-07,14,"HAR162019","summer","HAR162019_2019-07-24",3,212
"5647","WAN","WAN01",2019,2019-07-24,2019-08-07,14,"WAN012019","summer","WAN012019_2019-07-24",0,212
"5648","WAN","WAN02",2019,2019-07-24,2019-08-07,14,"WAN022019","summer","WAN022019_2019-07-24",3,212
"5649","WAN","WAN03",2019,2019-07-24,2019-08-07,14,"WAN032019","summer","WAN032019_2019-07-24",0,212
"5650","WAN","WAN04",2019,2019-07-24,2019-08-07,14,"WAN042019","summer","WAN042019_2019-07-24",0,212
"5651","WAN","WAN05",2019,2019-07-24,2019-08-07,14,"WAN052019","summer","WAN052019_2019-07-24",2,212
"5652","WAN","WAN06",2019,2019-07-24,2019-08-07,14,"WAN062019","summer","WAN062019_2019-07-24",2,212
"5653","WAN","WAN07",2019,2019-07-24,2019-08-07,14,"WAN072019","summer","WAN072019_2019-07-24",1,212
"5654","WAN","WAN08",2019,2019-07-24,2019-08-07,14,"WAN082019","summer","WAN082019_2019-07-24",1,212
"5655","WAN","WAN09",2019,2019-07-24,2019-08-07,14,"WAN092019","summer","WAN092019_2019-07-24",0,212
"5656","WAN","WAN10",2019,2019-07-24,2019-08-07,14,"WAN102019","summer","WAN102019_2019-07-24",0,212
"5657","WAN","WAN11",2019,2019-07-24,2019-08-07,14,"WAN112019","summer","WAN112019_2019-07-24",0,212
"5658","WAN","WAN12",2019,2019-07-24,2019-08-07,14,"WAN122019","summer","WAN122019_2019-07-24",1,212
"5659","WAN","WAN13",2019,2019-07-24,2019-08-07,14,"WAN132019","summer","WAN132019_2019-07-24",1,212
"5660","WAN","WAN14",2019,2019-07-24,2019-08-07,14,"WAN142019","summer","WAN142019_2019-07-24",0,212
"5661","WAN","WAN15",2019,2019-07-24,2019-08-07,14,"WAN152019","summer","WAN152019_2019-07-24",0,212
"5662","WAN","WAN16",2019,2019-07-24,2019-08-07,14,"WAN162019","summer","WAN162019_2019-07-24",1,212
"5663","FBG","FBG01",2019,2019-08-05,2019-08-19,14,"FBG012019","summer","FBG012019_2019-08-05",0,224
"5664","FBG","FBG02",2019,2019-08-05,2019-08-19,14,"FBG022019","summer","FBG022019_2019-08-05",13,224
"5665","FBG","FBG03",2019,2019-08-05,2019-08-19,14,"FBG032019","summer","FBG032019_2019-08-05",0,224
"5666","FBG","FBG04",2019,2019-08-05,2019-08-19,14,"FBG042019","summer","FBG042019_2019-08-05",0,224
"5667","FBG","FBG05",2019,2019-08-05,2019-08-19,14,"FBG052019","summer","FBG052019_2019-08-05",0,224
"5668","FBG","FBG07",2019,2019-08-05,2019-08-19,14,"FBG072019","summer","FBG072019_2019-08-05",1,224
"5669","FBG","FBG08",2019,2019-08-05,2019-08-19,14,"FBG082019","summer","FBG082019_2019-08-05",0,224
"5670","FBG","FBG09",2019,2019-08-05,2019-08-19,14,"FBG092019","summer","FBG092019_2019-08-05",0,224
"5671","FBG","FBG10",2019,2019-08-05,2019-08-19,14,"FBG102019","summer","FBG102019_2019-08-05",0,224
"5672","FBG","FBG11",2019,2019-08-05,2019-08-19,14,"FBG112019","summer","FBG112019_2019-08-05",0,224
"5673","FBG","FBG13",2019,2019-08-05,2019-08-19,14,"FBG132019","summer","FBG132019_2019-08-05",0,224
"5674","FBG","FBG14",2019,2019-08-05,2019-08-19,14,"FBG142019","summer","FBG142019_2019-08-05",1,224
"5675","FBG","FBG15",2019,2019-08-05,2019-08-19,14,"FBG152019","summer","FBG152019_2019-08-05",2,224
"5676","FBG","FBG16",2019,2019-08-05,2019-08-19,14,"FBG162019","summer","FBG162019_2019-08-05",1,224
"5677","SST","SST01",2019,2019-08-05,2019-08-19,14,"SST012019","summer","SST012019_2019-08-05",0,224
"5678","SST","SST02",2019,2019-08-05,2019-08-19,14,"SST022019","summer","SST022019_2019-08-05",1,224
"5679","SST","SST03",2019,2019-08-05,2019-08-19,14,"SST032019","summer","SST032019_2019-08-05",0,224
"5680","SST","SST04",2019,2019-08-05,2019-08-19,14,"SST042019","summer","SST042019_2019-08-05",1,224
"5681","SST","SST05",2019,2019-08-05,2019-08-19,14,"SST052019","summer","SST052019_2019-08-05",1,224
"5682","SST","SST06",2019,2019-08-05,2019-08-19,14,"SST062019","summer","SST062019_2019-08-05",1,224
"5683","SST","SST07",2019,2019-08-05,2019-08-19,14,"SST072019","summer","SST072019_2019-08-05",0,224
"5684","SST","SST08",2019,2019-08-05,2019-08-19,14,"SST082019","summer","SST082019_2019-08-05",2,224
"5685","SST","SST09",2019,2019-08-05,2019-08-19,14,"SST092019","summer","SST092019_2019-08-05",3,224
"5686","SST","SST10",2019,2019-08-05,2019-08-19,14,"SST102019","summer","SST102019_2019-08-05",0,224
"5687","SST","SST11",2019,2019-08-05,2019-08-19,14,"SST112019","summer","SST112019_2019-08-05",0,224
"5688","SST","SST12",2019,2019-08-05,2019-08-19,14,"SST122019","summer","SST122019_2019-08-05",0,224
"5689","SST","SST13",2019,2019-08-05,2019-08-19,14,"SST132019","summer","SST132019_2019-08-05",0,224
"5690","SST","SST14",2019,2019-08-05,2019-08-19,14,"SST142019","summer","SST142019_2019-08-05",0,224
"5691","SST","SST16",2019,2019-08-05,2019-08-19,14,"SST162019","summer","SST162019_2019-08-05",0,224
"5692","GFH","GFH01",2019,2019-08-06,2019-08-20,14,"GFH012019","summer","GFH012019_2019-08-06",1,225
"5693","GFH","GFH02",2019,2019-08-06,2019-08-20,14,"GFH022019","summer","GFH022019_2019-08-06",1,225
"5694","GFH","GFH03",2019,2019-08-06,2019-08-20,14,"GFH032019","summer","GFH032019_2019-08-06",2,225
"5695","GFH","GFH05",2019,2019-08-06,2019-08-20,14,"GFH052019","summer","GFH052019_2019-08-06",4,225
"5696","GFH","GFH08",2019,2019-08-06,2019-08-20,14,"GFH082019","summer","GFH082019_2019-08-06",0,225
"5697","GFH","GFH09",2019,2019-08-06,2019-08-20,14,"GFH092019","summer","GFH092019_2019-08-06",1,225
"5698","GFH","GFH10",2019,2019-08-06,2019-08-20,14,"GFH102019","summer","GFH102019_2019-08-06",0,225
"5699","GFH","GFH11",2019,2019-08-06,2019-08-20,14,"GFH112019","summer","GFH112019_2019-08-06",1,225
"5700","GFH","GFH12",2019,2019-08-06,2019-08-20,14,"GFH122019","summer","GFH122019_2019-08-06",0,225
"5701","GFH","GFH13",2019,2019-08-06,2019-08-20,14,"GFH132019","summer","GFH132019_2019-08-06",5,225
"5702","GFH","GFH14",2019,2019-08-06,2019-08-20,14,"GFH142019","summer","GFH142019_2019-08-06",7,225
"5703","GFH","GFH15",2019,2019-08-06,2019-08-20,14,"GFH152019","summer","GFH152019_2019-08-06",1,225
"5704","GFH","GFH16",2019,2019-08-06,2019-08-20,14,"GFH162019","summer","GFH162019_2019-08-06",1,225
"5705","SIP","SIP01",2019,2019-08-06,2019-08-20,14,"SIP012019","summer","SIP012019_2019-08-06",1,225
"5706","SIP","SIP02",2019,2019-08-06,2019-08-20,14,"SIP022019","summer","SIP022019_2019-08-06",1,225
"5707","SIP","SIP05",2019,2019-08-06,2019-08-20,14,"SIP052019","summer","SIP052019_2019-08-06",9,225
"5708","SIP","SIP06",2019,2019-08-06,2019-08-20,14,"SIP062019","summer","SIP062019_2019-08-06",8,225
"5709","SIP","SIP07",2019,2019-08-06,2019-08-20,14,"SIP072019","summer","SIP072019_2019-08-06",9,225
"5710","SIP","SIP08",2019,2019-08-06,2019-08-20,14,"SIP082019","summer","SIP082019_2019-08-06",3,225
"5711","SIP","SIP09",2019,2019-08-06,2019-08-20,14,"SIP092019","summer","SIP092019_2019-08-06",1,225
"5712","SIP","SIP10",2019,2019-08-06,2019-08-20,14,"SIP102019","summer","SIP102019_2019-08-06",5,225
"5713","SIP","SIP11",2019,2019-08-06,2019-08-20,14,"SIP112019","summer","SIP112019_2019-08-06",24,225
"5714","SIP","SIP12",2019,2019-08-06,2019-08-20,14,"SIP122019","summer","SIP122019_2019-08-06",8,225
"5715","SIP","SIP13",2019,2019-08-06,2019-08-20,14,"SIP132019","summer","SIP132019_2019-08-06",4,225
"5716","SIP","SIP14",2019,2019-08-06,2019-08-20,14,"SIP142019","summer","SIP142019_2019-08-06",10,225
"5717","SIP","SIP15",2019,2019-08-06,2019-08-20,14,"SIP152019","summer","SIP152019_2019-08-06",10,225
"5718","SIP","SIP16",2019,2019-08-06,2019-08-20,14,"SIP162019","summer","SIP162019_2019-08-06",2,225
"5719","HAR","HAR01",2019,2019-08-07,2019-08-21,14,"HAR012019","summer","HAR012019_2019-08-07",1,226
"5720","HAR","HAR02",2019,2019-08-07,2019-08-21,14,"HAR022019","summer","HAR022019_2019-08-07",0,226
"5721","HAR","HAR03",2019,2019-08-07,2019-08-21,14,"HAR032019","summer","HAR032019_2019-08-07",1,226
"5722","HAR","HAR04",2019,2019-08-07,2019-08-21,14,"HAR042019","summer","HAR042019_2019-08-07",0,226
"5723","HAR","HAR05",2019,2019-08-07,2019-08-21,14,"HAR052019","summer","HAR052019_2019-08-07",4,226
"5724","HAR","HAR06",2019,2019-08-07,2019-08-21,14,"HAR062019","summer","HAR062019_2019-08-07",1,226
"5725","HAR","HAR07",2019,2019-08-07,2019-08-21,14,"HAR072019","summer","HAR072019_2019-08-07",1,226
"5726","HAR","HAR09",2019,2019-08-07,2019-08-21,14,"HAR092019","summer","HAR092019_2019-08-07",2,226
"5727","HAR","HAR10",2019,2019-08-07,2019-08-21,14,"HAR102019","summer","HAR102019_2019-08-07",5,226
"5728","HAR","HAR11",2019,2019-08-07,2019-08-21,14,"HAR112019","summer","HAR112019_2019-08-07",0,226
"5729","HAR","HAR13",2019,2019-08-07,2019-08-21,14,"HAR132019","summer","HAR132019_2019-08-07",3,226
"5730","HAR","HAR14",2019,2019-08-07,2019-08-21,14,"HAR142019","summer","HAR142019_2019-08-07",6,226
"5731","HAR","HAR15",2019,2019-08-07,2019-08-21,14,"HAR152019","summer","HAR152019_2019-08-07",3,226
"5732","HAR","HAR16",2019,2019-08-07,2019-08-21,14,"HAR162019","summer","HAR162019_2019-08-07",6,226
"5733","WAN","WAN01",2019,2019-08-07,2019-08-21,14,"WAN012019","summer","WAN012019_2019-08-07",0,226
"5734","WAN","WAN02",2019,2019-08-07,2019-08-21,14,"WAN022019","summer","WAN022019_2019-08-07",2,226
"5735","WAN","WAN03",2019,2019-08-07,2019-08-21,14,"WAN032019","summer","WAN032019_2019-08-07",0,226
"5736","WAN","WAN04",2019,2019-08-07,2019-08-21,14,"WAN042019","summer","WAN042019_2019-08-07",0,226
"5737","WAN","WAN05",2019,2019-08-07,2019-08-21,14,"WAN052019","summer","WAN052019_2019-08-07",0,226
"5738","WAN","WAN06",2019,2019-08-07,2019-08-21,14,"WAN062019","summer","WAN062019_2019-08-07",0,226
"5739","WAN","WAN07",2019,2019-08-07,2019-08-21,14,"WAN072019","summer","WAN072019_2019-08-07",0,226
"5740","WAN","WAN09",2019,2019-08-07,2019-08-21,14,"WAN092019","summer","WAN092019_2019-08-07",2,226
"5741","WAN","WAN10",2019,2019-08-07,2019-08-21,14,"WAN102019","summer","WAN102019_2019-08-07",4,226
"5742","WAN","WAN12",2019,2019-08-07,2019-08-21,14,"WAN122019","summer","WAN122019_2019-08-07",4,226
"5743","WAN","WAN13",2019,2019-08-07,2019-08-21,14,"WAN132019","summer","WAN132019_2019-08-07",1,226
"5744","WAN","WAN14",2019,2019-08-07,2019-08-21,14,"WAN142019","summer","WAN142019_2019-08-07",0,226
"5745","WAN","WAN15",2019,2019-08-07,2019-08-21,14,"WAN152019","summer","WAN152019_2019-08-07",0,226
"5746","FBG","FBG01",2019,2019-08-19,2019-09-02,14,"FBG012019","summer","FBG012019_2019-08-19",0,238
"5747","FBG","FBG02",2019,2019-08-19,2019-09-02,14,"FBG022019","summer","FBG022019_2019-08-19",8,238
"5748","FBG","FBG03",2019,2019-08-19,2019-09-02,14,"FBG032019","summer","FBG032019_2019-08-19",2,238
"5749","FBG","FBG04",2019,2019-08-19,2019-09-02,14,"FBG042019","summer","FBG042019_2019-08-19",0,238
"5750","FBG","FBG05",2019,2019-08-19,2019-09-02,14,"FBG052019","summer","FBG052019_2019-08-19",1,238
"5751","FBG","FBG06",2019,2019-08-19,2019-09-02,14,"FBG062019","summer","FBG062019_2019-08-19",0,238
"5752","FBG","FBG07",2019,2019-08-19,2019-09-02,14,"FBG072019","summer","FBG072019_2019-08-19",1,238
"5753","FBG","FBG08",2019,2019-08-19,2019-09-02,14,"FBG082019","summer","FBG082019_2019-08-19",0,238
"5754","FBG","FBG09",2019,2019-08-19,2019-09-02,14,"FBG092019","summer","FBG092019_2019-08-19",0,238
"5755","FBG","FBG10",2019,2019-08-19,2019-09-02,14,"FBG102019","summer","FBG102019_2019-08-19",3,238
"5756","FBG","FBG11",2019,2019-08-19,2019-09-02,14,"FBG112019","summer","FBG112019_2019-08-19",2,238
"5757","FBG","FBG12",2019,2019-08-19,2019-09-02,14,"FBG122019","summer","FBG122019_2019-08-19",5,238
"5758","FBG","FBG13",2019,2019-08-19,2019-09-02,14,"FBG132019","summer","FBG132019_2019-08-19",1,238
"5759","FBG","FBG14",2019,2019-08-19,2019-09-02,14,"FBG142019","summer","FBG142019_2019-08-19",1,238
"5760","FBG","FBG15",2019,2019-08-19,2019-09-02,14,"FBG152019","summer","FBG152019_2019-08-19",0,238
"5761","FBG","FBG16",2019,2019-08-19,2019-09-02,14,"FBG162019","summer","FBG162019_2019-08-19",3,238
"5762","SST","SST01",2019,2019-08-19,2019-09-03,15,"SST012019","summer","SST012019_2019-08-19",0,238.5
"5763","SST","SST02",2019,2019-08-19,2019-09-03,15,"SST022019","summer","SST022019_2019-08-19",0,238.5
"5764","SST","SST04",2019,2019-08-19,2019-09-03,15,"SST042019","summer","SST042019_2019-08-19",0,238.5
"5765","SST","SST05",2019,2019-08-19,2019-09-03,15,"SST052019","summer","SST052019_2019-08-19",0,238.5
"5766","SST","SST07",2019,2019-08-19,2019-09-03,15,"SST072019","summer","SST072019_2019-08-19",1,238.5
"5767","SST","SST08",2019,2019-08-19,2019-09-03,15,"SST082019","summer","SST082019_2019-08-19",1,238.5
"5768","SST","SST09",2019,2019-08-19,2019-09-03,15,"SST092019","summer","SST092019_2019-08-19",2,238.5
"5769","SST","SST10",2019,2019-08-19,2019-09-03,15,"SST102019","summer","SST102019_2019-08-19",0,238.5
"5770","SST","SST11",2019,2019-08-19,2019-09-03,15,"SST112019","summer","SST112019_2019-08-19",0,238.5
"5771","SST","SST12",2019,2019-08-19,2019-09-03,15,"SST122019","summer","SST122019_2019-08-19",1,238.5
"5772","SST","SST13",2019,2019-08-19,2019-09-03,15,"SST132019","summer","SST132019_2019-08-19",1,238.5
"5773","SST","SST14",2019,2019-08-19,2019-09-03,15,"SST142019","summer","SST142019_2019-08-19",0,238.5
"5774","GFH","GFH02",2019,2019-08-20,2019-09-04,15,"GFH022019","summer","GFH022019_2019-08-20",2,239.5
"5775","GFH","GFH03",2019,2019-08-20,2019-09-04,15,"GFH032019","summer","GFH032019_2019-08-20",2,239.5
"5776","GFH","GFH04",2019,2019-08-20,2019-09-04,15,"GFH042019","summer","GFH042019_2019-08-20",2,239.5
"5777","GFH","GFH05",2019,2019-08-20,2019-09-04,15,"GFH052019","summer","GFH052019_2019-08-20",7,239.5
"5778","GFH","GFH06",2019,2019-08-20,2019-09-04,15,"GFH062019","summer","GFH062019_2019-08-20",0,239.5
"5779","GFH","GFH07",2019,2019-08-20,2019-09-04,15,"GFH072019","summer","GFH072019_2019-08-20",4,239.5
"5780","GFH","GFH08",2019,2019-08-20,2019-09-04,15,"GFH082019","summer","GFH082019_2019-08-20",0,239.5
"5781","GFH","GFH09",2019,2019-08-20,2019-09-04,15,"GFH092019","summer","GFH092019_2019-08-20",0,239.5
"5782","GFH","GFH10",2019,2019-08-20,2019-09-04,15,"GFH102019","summer","GFH102019_2019-08-20",4,239.5
"5783","GFH","GFH11",2019,2019-08-20,2019-09-04,15,"GFH112019","summer","GFH112019_2019-08-20",1,239.5
"5784","GFH","GFH12",2019,2019-08-20,2019-09-04,15,"GFH122019","summer","GFH122019_2019-08-20",0,239.5
"5785","GFH","GFH13",2019,2019-08-20,2019-09-04,15,"GFH132019","summer","GFH132019_2019-08-20",4,239.5
"5786","GFH","GFH14",2019,2019-08-20,2019-09-04,15,"GFH142019","summer","GFH142019_2019-08-20",6,239.5
"5787","GFH","GFH15",2019,2019-08-20,2019-09-04,15,"GFH152019","summer","GFH152019_2019-08-20",2,239.5
"5788","GFH","GFH16",2019,2019-08-20,2019-09-04,15,"GFH162019","summer","GFH162019_2019-08-20",2,239.5
"5789","SIP","SIP01",2019,2019-08-20,2019-09-04,15,"SIP012019","summer","SIP012019_2019-08-20",0,239.5
"5790","SIP","SIP02",2019,2019-08-20,2019-09-04,15,"SIP022019","summer","SIP022019_2019-08-20",0,239.5
"5791","SIP","SIP03",2019,2019-08-20,2019-09-04,15,"SIP032019","summer","SIP032019_2019-08-20",3,239.5
"5792","SIP","SIP05",2019,2019-08-20,2019-09-04,15,"SIP052019","summer","SIP052019_2019-08-20",2,239.5
"5793","SIP","SIP06",2019,2019-08-20,2019-09-04,15,"SIP062019","summer","SIP062019_2019-08-20",5,239.5
"5794","SIP","SIP07",2019,2019-08-20,2019-09-04,15,"SIP072019","summer","SIP072019_2019-08-20",2,239.5
"5795","SIP","SIP08",2019,2019-08-20,2019-09-04,15,"SIP082019","summer","SIP082019_2019-08-20",1,239.5
"5796","SIP","SIP09",2019,2019-08-20,2019-09-04,15,"SIP092019","summer","SIP092019_2019-08-20",2,239.5
"5797","SIP","SIP10",2019,2019-08-20,2019-09-04,15,"SIP102019","summer","SIP102019_2019-08-20",11,239.5
"5798","SIP","SIP11",2019,2019-08-20,2019-09-04,15,"SIP112019","summer","SIP112019_2019-08-20",20,239.5
"5799","SIP","SIP12",2019,2019-08-20,2019-09-04,15,"SIP122019","summer","SIP122019_2019-08-20",3,239.5
"5800","SIP","SIP13",2019,2019-08-20,2019-09-04,15,"SIP132019","summer","SIP132019_2019-08-20",1,239.5
"5801","SIP","SIP14",2019,2019-08-20,2019-09-04,15,"SIP142019","summer","SIP142019_2019-08-20",8,239.5
"5802","SIP","SIP15",2019,2019-08-20,2019-09-04,15,"SIP152019","summer","SIP152019_2019-08-20",5,239.5
"5803","SIP","SIP16",2019,2019-08-20,2019-09-04,15,"SIP162019","summer","SIP162019_2019-08-20",0,239.5
"5804","HAR","HAR01",2019,2019-08-21,2019-09-05,15,"HAR012019","summer","HAR012019_2019-08-21",4,240.5
"5805","HAR","HAR02",2019,2019-08-21,2019-09-05,15,"HAR022019","summer","HAR022019_2019-08-21",5,240.5
"5806","HAR","HAR04",2019,2019-08-21,2019-09-05,15,"HAR042019","summer","HAR042019_2019-08-21",2,240.5
"5807","HAR","HAR05",2019,2019-08-21,2019-09-05,15,"HAR052019","summer","HAR052019_2019-08-21",12,240.5
"5808","HAR","HAR06",2019,2019-08-21,2019-09-05,15,"HAR062019","summer","HAR062019_2019-08-21",4,240.5
"5809","HAR","HAR08",2019,2019-08-21,2019-09-05,15,"HAR082019","summer","HAR082019_2019-08-21",0,240.5
"5810","HAR","HAR09",2019,2019-08-21,2019-09-05,15,"HAR092019","summer","HAR092019_2019-08-21",6,240.5
"5811","HAR","HAR10",2019,2019-08-21,2019-09-05,15,"HAR102019","summer","HAR102019_2019-08-21",13,240.5
"5812","HAR","HAR11",2019,2019-08-21,2019-09-05,15,"HAR112019","summer","HAR112019_2019-08-21",3,240.5
"5813","HAR","HAR12",2019,2019-08-21,2019-09-05,15,"HAR122019","summer","HAR122019_2019-08-21",5,240.5
"5814","HAR","HAR13",2019,2019-08-21,2019-09-05,15,"HAR132019","summer","HAR132019_2019-08-21",10,240.5
"5815","HAR","HAR14",2019,2019-08-21,2019-09-05,15,"HAR142019","summer","HAR142019_2019-08-21",7,240.5
"5816","HAR","HAR15",2019,2019-08-21,2019-09-05,15,"HAR152019","summer","HAR152019_2019-08-21",10,240.5
"5817","HAR","HAR16",2019,2019-08-21,2019-09-05,15,"HAR162019","summer","HAR162019_2019-08-21",28,240.5
"5818","WAN","WAN01",2019,2019-08-21,2019-09-05,15,"WAN012019","summer","WAN012019_2019-08-21",1,240.5
"5819","WAN","WAN02",2019,2019-08-21,2019-09-05,15,"WAN022019","summer","WAN022019_2019-08-21",2,240.5
"5820","WAN","WAN03",2019,2019-08-21,2019-09-05,15,"WAN032019","summer","WAN032019_2019-08-21",2,240.5
"5821","WAN","WAN04",2019,2019-08-21,2019-09-05,15,"WAN042019","summer","WAN042019_2019-08-21",1,240.5
"5822","WAN","WAN05",2019,2019-08-21,2019-09-05,15,"WAN052019","summer","WAN052019_2019-08-21",1,240.5
"5823","WAN","WAN06",2019,2019-08-21,2019-09-05,15,"WAN062019","summer","WAN062019_2019-08-21",5,240.5
"5824","WAN","WAN07",2019,2019-08-21,2019-09-05,15,"WAN072019","summer","WAN072019_2019-08-21",5,240.5
"5825","WAN","WAN08",2019,2019-08-21,2019-09-05,15,"WAN082019","summer","WAN082019_2019-08-21",0,240.5
"5826","WAN","WAN09",2019,2019-08-21,2019-09-05,15,"WAN092019","summer","WAN092019_2019-08-21",4,240.5
"5827","WAN","WAN10",2019,2019-08-21,2019-09-05,15,"WAN102019","summer","WAN102019_2019-08-21",2,240.5
"5828","WAN","WAN12",2019,2019-08-21,2019-09-05,15,"WAN122019","summer","WAN122019_2019-08-21",1,240.5
"5829","WAN","WAN13",2019,2019-08-21,2019-09-05,15,"WAN132019","summer","WAN132019_2019-08-21",4,240.5
"5830","WAN","WAN14",2019,2019-08-21,2019-09-05,15,"WAN142019","summer","WAN142019_2019-08-21",1,240.5
"5831","WAN","WAN15",2019,2019-08-21,2019-09-05,15,"WAN152019","summer","WAN152019_2019-08-21",2,240.5
"5832","WAN","WAN16",2019,2019-08-21,2019-09-05,15,"WAN162019","summer","WAN162019_2019-08-21",0,240.5
"5833","HAR","HAR02",2020,2020-07-21,2020-08-04,14,"HAR022020","summer","HAR022020_2020-07-21",0,210
"5834","HAR","HAR03",2020,2020-07-21,2020-08-04,14,"HAR032020","summer","HAR032020_2020-07-21",3,210
"5835","HAR","HAR04",2020,2020-07-21,2020-08-04,14,"HAR042020","summer","HAR042020_2020-07-21",0,210
"5836","HAR","HAR05",2020,2020-07-21,2020-08-04,14,"HAR052020","summer","HAR052020_2020-07-21",2,210
"5837","HAR","HAR06",2020,2020-07-21,2020-08-04,14,"HAR062020","summer","HAR062020_2020-07-21",0,210
"5838","HAR","HAR07",2020,2020-07-21,2020-08-04,14,"HAR072020","summer","HAR072020_2020-07-21",1,210
"5839","HAR","HAR08",2020,2020-07-21,2020-08-04,14,"HAR082020","summer","HAR082020_2020-07-21",1,210
"5840","HAR","HAR09",2020,2020-07-21,2020-08-04,14,"HAR092020","summer","HAR092020_2020-07-21",3,210
"5841","HAR","HAR10",2020,2020-07-21,2020-08-04,14,"HAR102020","summer","HAR102020_2020-07-21",0,210
"5842","HAR","HAR11",2020,2020-07-21,2020-08-04,14,"HAR112020","summer","HAR112020_2020-07-21",2,210
"5843","HAR","HAR12",2020,2020-07-21,2020-08-04,14,"HAR122020","summer","HAR122020_2020-07-21",0,210
"5844","HAR","HAR13",2020,2020-07-21,2020-08-04,14,"HAR132020","summer","HAR132020_2020-07-21",2,210
"5845","HAR","HAR14",2020,2020-07-21,2020-08-04,14,"HAR142020","summer","HAR142020_2020-07-21",10,210
"5846","HAR","HAR15",2020,2020-07-21,2020-08-04,14,"HAR152020","summer","HAR152020_2020-07-21",3,210
"5847","HAR","HAR16",2020,2020-07-21,2020-08-04,14,"HAR162020","summer","HAR162020_2020-07-21",1,210
"5848","WAN","WAN01",2020,2020-07-21,2020-08-04,14,"WAN012020","summer","WAN012020_2020-07-21",0,210
"5849","WAN","WAN02",2020,2020-07-21,2020-08-04,14,"WAN022020","summer","WAN022020_2020-07-21",1,210
"5850","WAN","WAN03",2020,2020-07-21,2020-08-04,14,"WAN032020","summer","WAN032020_2020-07-21",0,210
"5851","WAN","WAN04",2020,2020-07-21,2020-08-04,14,"WAN042020","summer","WAN042020_2020-07-21",0,210
"5852","WAN","WAN05",2020,2020-07-21,2020-08-04,14,"WAN052020","summer","WAN052020_2020-07-21",0,210
"5853","WAN","WAN06",2020,2020-07-21,2020-08-04,14,"WAN062020","summer","WAN062020_2020-07-21",3,210
"5854","WAN","WAN07",2020,2020-07-21,2020-08-04,14,"WAN072020","summer","WAN072020_2020-07-21",0,210
"5855","WAN","WAN08",2020,2020-07-21,2020-08-04,14,"WAN082020","summer","WAN082020_2020-07-21",0,210
"5856","WAN","WAN09",2020,2020-07-21,2020-08-04,14,"WAN092020","summer","WAN092020_2020-07-21",2,210
"5857","WAN","WAN10",2020,2020-07-21,2020-08-04,14,"WAN102020","summer","WAN102020_2020-07-21",1,210
"5858","WAN","WAN11",2020,2020-07-21,2020-08-04,14,"WAN112020","summer","WAN112020_2020-07-21",0,210
"5859","WAN","WAN12",2020,2020-07-21,2020-08-04,14,"WAN122020","summer","WAN122020_2020-07-21",0,210
"5860","WAN","WAN13",2020,2020-07-21,2020-08-04,14,"WAN132020","summer","WAN132020_2020-07-21",0,210
"5861","WAN","WAN14",2020,2020-07-21,2020-08-04,14,"WAN142020","summer","WAN142020_2020-07-21",1,210
"5862","WAN","WAN15",2020,2020-07-21,2020-08-04,14,"WAN152020","summer","WAN152020_2020-07-21",0,210
"5863","WAN","WAN16",2020,2020-07-21,2020-08-04,14,"WAN162020","summer","WAN162020_2020-07-21",0,210
"5864","FBG","FBG01",2020,2020-07-22,2020-08-05,14,"FBG012020","summer","FBG012020_2020-07-22",0,211
"5865","FBG","FBG02",2020,2020-07-22,2020-08-05,14,"FBG022020","summer","FBG022020_2020-07-22",2,211
"5866","FBG","FBG03",2020,2020-07-22,2020-08-05,14,"FBG032020","summer","FBG032020_2020-07-22",2,211
"5867","FBG","FBG04",2020,2020-07-22,2020-08-05,14,"FBG042020","summer","FBG042020_2020-07-22",0,211
"5868","FBG","FBG05",2020,2020-07-22,2020-08-05,14,"FBG052020","summer","FBG052020_2020-07-22",5,211
"5869","FBG","FBG06",2020,2020-07-22,2020-08-05,14,"FBG062020","summer","FBG062020_2020-07-22",2,211
"5870","FBG","FBG07",2020,2020-07-22,2020-08-05,14,"FBG072020","summer","FBG072020_2020-07-22",0,211
"5871","FBG","FBG08",2020,2020-07-22,2020-08-05,14,"FBG082020","summer","FBG082020_2020-07-22",0,211
"5872","FBG","FBG09",2020,2020-07-22,2020-08-05,14,"FBG092020","summer","FBG092020_2020-07-22",6,211
"5873","FBG","FBG10",2020,2020-07-22,2020-08-05,14,"FBG102020","summer","FBG102020_2020-07-22",0,211
"5874","FBG","FBG11",2020,2020-07-22,2020-08-05,14,"FBG112020","summer","FBG112020_2020-07-22",0,211
"5875","FBG","FBG12",2020,2020-07-22,2020-08-05,14,"FBG122020","summer","FBG122020_2020-07-22",0,211
"5876","FBG","FBG13",2020,2020-07-22,2020-08-05,14,"FBG132020","summer","FBG132020_2020-07-22",1,211
"5877","FBG","FBG14",2020,2020-07-22,2020-08-05,14,"FBG142020","summer","FBG142020_2020-07-22",0,211
"5878","FBG","FBG15",2020,2020-07-22,2020-08-05,14,"FBG152020","summer","FBG152020_2020-07-22",1,211
"5879","FBG","FBG16",2020,2020-07-22,2020-08-05,14,"FBG162020","summer","FBG162020_2020-07-22",2,211
"5880","SST","SST01",2020,2020-07-22,2020-08-05,14,"SST012020","summer","SST012020_2020-07-22",4,211
"5881","SST","SST02",2020,2020-07-22,2020-08-05,14,"SST022020","summer","SST022020_2020-07-22",4,211
"5882","SST","SST03",2020,2020-07-22,2020-08-05,14,"SST032020","summer","SST032020_2020-07-22",8,211
"5883","SST","SST04",2020,2020-07-22,2020-08-05,14,"SST042020","summer","SST042020_2020-07-22",2,211
"5884","SST","SST05",2020,2020-07-22,2020-08-05,14,"SST052020","summer","SST052020_2020-07-22",4,211
"5885","SST","SST06",2020,2020-07-22,2020-08-05,14,"SST062020","summer","SST062020_2020-07-22",0,211
"5886","SST","SST07",2020,2020-07-22,2020-08-05,14,"SST072020","summer","SST072020_2020-07-22",2,211
"5887","SST","SST08",2020,2020-07-22,2020-08-05,14,"SST082020","summer","SST082020_2020-07-22",12,211
"5888","SST","SST09",2020,2020-07-22,2020-08-05,14,"SST092020","summer","SST092020_2020-07-22",1,211
"5889","SST","SST10",2020,2020-07-22,2020-08-05,14,"SST102020","summer","SST102020_2020-07-22",5,211
"5890","SST","SST11",2020,2020-07-22,2020-08-05,14,"SST112020","summer","SST112020_2020-07-22",0,211
"5891","SST","SST12",2020,2020-07-22,2020-08-05,14,"SST122020","summer","SST122020_2020-07-22",3,211
"5892","SST","SST13",2020,2020-07-22,2020-08-05,14,"SST132020","summer","SST132020_2020-07-22",1,211
"5893","SST","SST14",2020,2020-07-22,2020-08-05,14,"SST142020","summer","SST142020_2020-07-22",0,211
"5894","SST","SST15",2020,2020-07-22,2020-08-05,14,"SST152020","summer","SST152020_2020-07-22",0,211
"5895","SST","SST16",2020,2020-07-22,2020-08-05,14,"SST162020","summer","SST162020_2020-07-22",3,211
"5896","GFH","GFH01",2020,2020-07-23,2020-08-06,14,"GFH012020","summer","GFH012020_2020-07-23",2,212
"5897","GFH","GFH02",2020,2020-07-23,2020-08-06,14,"GFH022020","summer","GFH022020_2020-07-23",1,212
"5898","GFH","GFH03",2020,2020-07-23,2020-08-06,14,"GFH032020","summer","GFH032020_2020-07-23",2,212
"5899","GFH","GFH04",2020,2020-07-23,2020-08-06,14,"GFH042020","summer","GFH042020_2020-07-23",0,212
"5900","GFH","GFH05",2020,2020-07-23,2020-08-06,14,"GFH052020","summer","GFH052020_2020-07-23",1,212
"5901","GFH","GFH06",2020,2020-07-23,2020-08-06,14,"GFH062020","summer","GFH062020_2020-07-23",0,212
"5902","GFH","GFH07",2020,2020-07-23,2020-08-06,14,"GFH072020","summer","GFH072020_2020-07-23",1,212
"5903","GFH","GFH08",2020,2020-07-23,2020-08-06,14,"GFH082020","summer","GFH082020_2020-07-23",2,212
"5904","GFH","GFH09",2020,2020-07-23,2020-08-06,14,"GFH092020","summer","GFH092020_2020-07-23",0,212
"5905","GFH","GFH10",2020,2020-07-23,2020-08-06,14,"GFH102020","summer","GFH102020_2020-07-23",2,212
"5906","GFH","GFH11",2020,2020-07-23,2020-08-06,14,"GFH112020","summer","GFH112020_2020-07-23",2,212
"5907","GFH","GFH12",2020,2020-07-23,2020-08-06,14,"GFH122020","summer","GFH122020_2020-07-23",2,212
"5908","GFH","GFH13",2020,2020-07-23,2020-08-06,14,"GFH132020","summer","GFH132020_2020-07-23",6,212
"5909","GFH","GFH14",2020,2020-07-23,2020-08-06,14,"GFH142020","summer","GFH142020_2020-07-23",24,212
"5910","GFH","GFH15",2020,2020-07-23,2020-08-06,14,"GFH152020","summer","GFH152020_2020-07-23",1,212
"5911","GFH","GFH16",2020,2020-07-23,2020-08-06,14,"GFH162020","summer","GFH162020_2020-07-23",17,212
"5912","SIP","SIP01",2020,2020-07-23,2020-08-06,14,"SIP012020","summer","SIP012020_2020-07-23",3,212
"5913","SIP","SIP02",2020,2020-07-23,2020-08-06,14,"SIP022020","summer","SIP022020_2020-07-23",16,212
"5914","SIP","SIP03",2020,2020-07-23,2020-08-06,14,"SIP032020","summer","SIP032020_2020-07-23",3,212
"5915","SIP","SIP05",2020,2020-07-23,2020-08-06,14,"SIP052020","summer","SIP052020_2020-07-23",0,212
"5916","SIP","SIP06",2020,2020-07-23,2020-08-06,14,"SIP062020","summer","SIP062020_2020-07-23",7,212
"5917","SIP","SIP07",2020,2020-07-23,2020-08-06,14,"SIP072020","summer","SIP072020_2020-07-23",2,212
"5918","SIP","SIP08",2020,2020-07-23,2020-08-06,14,"SIP082020","summer","SIP082020_2020-07-23",0,212
"5919","SIP","SIP09",2020,2020-07-23,2020-08-06,14,"SIP092020","summer","SIP092020_2020-07-23",1,212
"5920","SIP","SIP10",2020,2020-07-23,2020-08-06,14,"SIP102020","summer","SIP102020_2020-07-23",0,212
"5921","SIP","SIP11",2020,2020-07-23,2020-08-06,14,"SIP112020","summer","SIP112020_2020-07-23",1,212
"5922","SIP","SIP12",2020,2020-07-23,2020-08-06,14,"SIP122020","summer","SIP122020_2020-07-23",5,212
"5923","SIP","SIP14",2020,2020-07-23,2020-08-06,14,"SIP142020","summer","SIP142020_2020-07-23",2,212
"5924","SIP","SIP15",2020,2020-07-23,2020-08-06,14,"SIP152020","summer","SIP152020_2020-07-23",2,212
"5925","SIP","SIP16",2020,2020-07-23,2020-08-06,14,"SIP162020","summer","SIP162020_2020-07-23",0,212
"5926","HAR","HAR01",2020,2020-08-04,2020-08-18,14,"HAR012020","summer","HAR012020_2020-08-04",0,224
"5927","HAR","HAR03",2020,2020-08-04,2020-08-18,14,"HAR032020","summer","HAR032020_2020-08-04",0,224
"5928","HAR","HAR04",2020,2020-08-04,2020-08-18,14,"HAR042020","summer","HAR042020_2020-08-04",0,224
"5929","HAR","HAR05",2020,2020-08-04,2020-08-18,14,"HAR052020","summer","HAR052020_2020-08-04",0,224
"5930","HAR","HAR06",2020,2020-08-04,2020-08-18,14,"HAR062020","summer","HAR062020_2020-08-04",0,224
"5931","HAR","HAR07",2020,2020-08-04,2020-08-18,14,"HAR072020","summer","HAR072020_2020-08-04",5,224
"5932","HAR","HAR08",2020,2020-08-04,2020-08-18,14,"HAR082020","summer","HAR082020_2020-08-04",0,224
"5933","HAR","HAR09",2020,2020-08-04,2020-08-18,14,"HAR092020","summer","HAR092020_2020-08-04",6,224
"5934","HAR","HAR10",2020,2020-08-04,2020-08-18,14,"HAR102020","summer","HAR102020_2020-08-04",1,224
"5935","HAR","HAR11",2020,2020-08-04,2020-08-18,14,"HAR112020","summer","HAR112020_2020-08-04",2,224
"5936","HAR","HAR12",2020,2020-08-04,2020-08-18,14,"HAR122020","summer","HAR122020_2020-08-04",1,224
"5937","HAR","HAR13",2020,2020-08-04,2020-08-18,14,"HAR132020","summer","HAR132020_2020-08-04",5,224
"5938","HAR","HAR14",2020,2020-08-04,2020-08-18,14,"HAR142020","summer","HAR142020_2020-08-04",14,224
"5939","HAR","HAR15",2020,2020-08-04,2020-08-18,14,"HAR152020","summer","HAR152020_2020-08-04",2,224
"5940","HAR","HAR16",2020,2020-08-04,2020-08-18,14,"HAR162020","summer","HAR162020_2020-08-04",2,224
"5941","WAN","WAN01",2020,2020-08-04,2020-08-18,14,"WAN012020","summer","WAN012020_2020-08-04",1,224
"5942","WAN","WAN02",2020,2020-08-04,2020-08-18,14,"WAN022020","summer","WAN022020_2020-08-04",0,224
"5943","WAN","WAN03",2020,2020-08-04,2020-08-18,14,"WAN032020","summer","WAN032020_2020-08-04",1,224
"5944","WAN","WAN04",2020,2020-08-04,2020-08-18,14,"WAN042020","summer","WAN042020_2020-08-04",0,224
"5945","WAN","WAN07",2020,2020-08-04,2020-08-18,14,"WAN072020","summer","WAN072020_2020-08-04",0,224
"5946","WAN","WAN08",2020,2020-08-04,2020-08-18,14,"WAN082020","summer","WAN082020_2020-08-04",0,224
"5947","WAN","WAN09",2020,2020-08-04,2020-08-18,14,"WAN092020","summer","WAN092020_2020-08-04",1,224
"5948","WAN","WAN10",2020,2020-08-04,2020-08-18,14,"WAN102020","summer","WAN102020_2020-08-04",1,224
"5949","WAN","WAN11",2020,2020-08-04,2020-08-18,14,"WAN112020","summer","WAN112020_2020-08-04",1,224
"5950","WAN","WAN12",2020,2020-08-04,2020-08-18,14,"WAN122020","summer","WAN122020_2020-08-04",0,224
"5951","WAN","WAN13",2020,2020-08-04,2020-08-18,14,"WAN132020","summer","WAN132020_2020-08-04",0,224
"5952","WAN","WAN14",2020,2020-08-04,2020-08-18,14,"WAN142020","summer","WAN142020_2020-08-04",0,224
"5953","WAN","WAN15",2020,2020-08-04,2020-08-18,14,"WAN152020","summer","WAN152020_2020-08-04",0,224
"5954","WAN","WAN16",2020,2020-08-04,2020-08-18,14,"WAN162020","summer","WAN162020_2020-08-04",1,224
"5955","FBG","FBG01",2020,2020-08-05,2020-08-19,14,"FBG012020","summer","FBG012020_2020-08-05",1,225
"5956","FBG","FBG02",2020,2020-08-05,2020-08-19,14,"FBG022020","summer","FBG022020_2020-08-05",2,225
"5957","FBG","FBG03",2020,2020-08-05,2020-08-19,14,"FBG032020","summer","FBG032020_2020-08-05",0,225
"5958","FBG","FBG04",2020,2020-08-05,2020-08-19,14,"FBG042020","summer","FBG042020_2020-08-05",1,225
"5959","FBG","FBG05",2020,2020-08-05,2020-08-19,14,"FBG052020","summer","FBG052020_2020-08-05",2,225
"5960","FBG","FBG06",2020,2020-08-05,2020-08-19,14,"FBG062020","summer","FBG062020_2020-08-05",3,225
"5961","FBG","FBG07",2020,2020-08-05,2020-08-19,14,"FBG072020","summer","FBG072020_2020-08-05",0,225
"5962","FBG","FBG08",2020,2020-08-05,2020-08-19,14,"FBG082020","summer","FBG082020_2020-08-05",0,225
"5963","FBG","FBG09",2020,2020-08-05,2020-08-19,14,"FBG092020","summer","FBG092020_2020-08-05",0,225
"5964","FBG","FBG10",2020,2020-08-05,2020-08-19,14,"FBG102020","summer","FBG102020_2020-08-05",0,225
"5965","FBG","FBG12",2020,2020-08-05,2020-08-19,14,"FBG122020","summer","FBG122020_2020-08-05",1,225
"5966","FBG","FBG13",2020,2020-08-05,2020-08-19,14,"FBG132020","summer","FBG132020_2020-08-05",1,225
"5967","FBG","FBG14",2020,2020-08-05,2020-08-19,14,"FBG142020","summer","FBG142020_2020-08-05",0,225
"5968","FBG","FBG15",2020,2020-08-05,2020-08-19,14,"FBG152020","summer","FBG152020_2020-08-05",0,225
"5969","FBG","FBG16",2020,2020-08-05,2020-08-19,14,"FBG162020","summer","FBG162020_2020-08-05",1,225
"5970","SST","SST02",2020,2020-08-05,2020-08-19,14,"SST022020","summer","SST022020_2020-08-05",0,225
"5971","SST","SST03",2020,2020-08-05,2020-08-19,14,"SST032020","summer","SST032020_2020-08-05",2,225
"5972","SST","SST04",2020,2020-08-05,2020-08-19,14,"SST042020","summer","SST042020_2020-08-05",0,225
"5973","SST","SST05",2020,2020-08-05,2020-08-19,14,"SST052020","summer","SST052020_2020-08-05",0,225
"5974","SST","SST06",2020,2020-08-05,2020-08-19,14,"SST062020","summer","SST062020_2020-08-05",1,225
"5975","SST","SST07",2020,2020-08-05,2020-08-19,14,"SST072020","summer","SST072020_2020-08-05",0,225
"5976","SST","SST08",2020,2020-08-05,2020-08-19,14,"SST082020","summer","SST082020_2020-08-05",7,225
"5977","SST","SST09",2020,2020-08-05,2020-08-19,14,"SST092020","summer","SST092020_2020-08-05",0,225
"5978","SST","SST10",2020,2020-08-05,2020-08-19,14,"SST102020","summer","SST102020_2020-08-05",0,225
"5979","SST","SST11",2020,2020-08-05,2020-08-19,14,"SST112020","summer","SST112020_2020-08-05",0,225
"5980","SST","SST12",2020,2020-08-05,2020-08-19,14,"SST122020","summer","SST122020_2020-08-05",0,225
"5981","SST","SST13",2020,2020-08-05,2020-08-19,14,"SST132020","summer","SST132020_2020-08-05",0,225
"5982","SST","SST14",2020,2020-08-05,2020-08-19,14,"SST142020","summer","SST142020_2020-08-05",0,225
"5983","SST","SST15",2020,2020-08-05,2020-08-19,14,"SST152020","summer","SST152020_2020-08-05",0,225
"5984","SST","SST16",2020,2020-08-05,2020-08-19,14,"SST162020","summer","SST162020_2020-08-05",0,225
"5985","GFH","GFH01",2020,2020-08-06,2020-08-20,14,"GFH012020","summer","GFH012020_2020-08-06",1,226
"5986","GFH","GFH02",2020,2020-08-06,2020-08-20,14,"GFH022020","summer","GFH022020_2020-08-06",0,226
"5987","GFH","GFH03",2020,2020-08-06,2020-08-20,14,"GFH032020","summer","GFH032020_2020-08-06",2,226
"5988","GFH","GFH04",2020,2020-08-06,2020-08-20,14,"GFH042020","summer","GFH042020_2020-08-06",0,226
"5989","GFH","GFH05",2020,2020-08-06,2020-08-20,14,"GFH052020","summer","GFH052020_2020-08-06",4,226
"5990","GFH","GFH06",2020,2020-08-06,2020-08-20,14,"GFH062020","summer","GFH062020_2020-08-06",4,226
"5991","GFH","GFH07",2020,2020-08-06,2020-08-20,14,"GFH072020","summer","GFH072020_2020-08-06",0,226
"5992","GFH","GFH08",2020,2020-08-06,2020-08-20,14,"GFH082020","summer","GFH082020_2020-08-06",1,226
"5993","GFH","GFH09",2020,2020-08-06,2020-08-20,14,"GFH092020","summer","GFH092020_2020-08-06",2,226
"5994","GFH","GFH10",2020,2020-08-06,2020-08-20,14,"GFH102020","summer","GFH102020_2020-08-06",3,226
"5995","GFH","GFH11",2020,2020-08-06,2020-08-20,14,"GFH112020","summer","GFH112020_2020-08-06",1,226
"5996","GFH","GFH12",2020,2020-08-06,2020-08-20,14,"GFH122020","summer","GFH122020_2020-08-06",0,226
"5997","GFH","GFH13",2020,2020-08-06,2020-08-20,14,"GFH132020","summer","GFH132020_2020-08-06",2,226
"5998","GFH","GFH14",2020,2020-08-06,2020-08-20,14,"GFH142020","summer","GFH142020_2020-08-06",0,226
"5999","GFH","GFH15",2020,2020-08-06,2020-08-20,14,"GFH152020","summer","GFH152020_2020-08-06",1,226
"6000","GFH","GFH16",2020,2020-08-06,2020-08-20,14,"GFH162020","summer","GFH162020_2020-08-06",1,226
"6001","SIP","SIP01",2020,2020-08-06,2020-08-20,14,"SIP012020","summer","SIP012020_2020-08-06",2,226
"6002","SIP","SIP02",2020,2020-08-06,2020-08-20,14,"SIP022020","summer","SIP022020_2020-08-06",5,226
"6003","SIP","SIP03",2020,2020-08-06,2020-08-20,14,"SIP032020","summer","SIP032020_2020-08-06",2,226
"6004","SIP","SIP05",2020,2020-08-06,2020-08-20,14,"SIP052020","summer","SIP052020_2020-08-06",2,226
"6005","SIP","SIP06",2020,2020-08-06,2020-08-20,14,"SIP062020","summer","SIP062020_2020-08-06",0,226
"6006","SIP","SIP07",2020,2020-08-06,2020-08-20,14,"SIP072020","summer","SIP072020_2020-08-06",0,226
"6007","SIP","SIP08",2020,2020-08-06,2020-08-20,14,"SIP082020","summer","SIP082020_2020-08-06",0,226
"6008","SIP","SIP09",2020,2020-08-06,2020-08-20,14,"SIP092020","summer","SIP092020_2020-08-06",0,226
"6009","SIP","SIP10",2020,2020-08-06,2020-08-20,14,"SIP102020","summer","SIP102020_2020-08-06",4,226
"6010","SIP","SIP11",2020,2020-08-06,2020-08-20,14,"SIP112020","summer","SIP112020_2020-08-06",1,226
"6011","SIP","SIP12",2020,2020-08-06,2020-08-20,14,"SIP122020","summer","SIP122020_2020-08-06",0,226
"6012","SIP","SIP13",2020,2020-08-06,2020-08-20,14,"SIP132020","summer","SIP132020_2020-08-06",2,226
"6013","SIP","SIP14",2020,2020-08-06,2020-08-20,14,"SIP142020","summer","SIP142020_2020-08-06",2,226
"6014","SIP","SIP15",2020,2020-08-06,2020-08-20,14,"SIP152020","summer","SIP152020_2020-08-06",2,226
"6015","SIP","SIP16",2020,2020-08-06,2020-08-20,14,"SIP162020","summer","SIP162020_2020-08-06",1,226
"6016","HAR","HAR01",2020,2020-08-18,2020-09-01,14,"HAR012020","summer","HAR012020_2020-08-18",1,238
"6017","HAR","HAR02",2020,2020-08-18,2020-09-01,14,"HAR022020","summer","HAR022020_2020-08-18",2,238
"6018","HAR","HAR03",2020,2020-08-18,2020-09-01,14,"HAR032020","summer","HAR032020_2020-08-18",1,238
"6019","HAR","HAR04",2020,2020-08-18,2020-09-01,14,"HAR042020","summer","HAR042020_2020-08-18",0,238
"6020","HAR","HAR05",2020,2020-08-18,2020-09-01,14,"HAR052020","summer","HAR052020_2020-08-18",2,238
"6021","HAR","HAR06",2020,2020-08-18,2020-09-01,14,"HAR062020","summer","HAR062020_2020-08-18",1,238
"6022","HAR","HAR07",2020,2020-08-18,2020-09-01,14,"HAR072020","summer","HAR072020_2020-08-18",1,238
"6023","HAR","HAR08",2020,2020-08-18,2020-09-01,14,"HAR082020","summer","HAR082020_2020-08-18",0,238
"6024","HAR","HAR09",2020,2020-08-18,2020-09-01,14,"HAR092020","summer","HAR092020_2020-08-18",17,238
"6025","HAR","HAR10",2020,2020-08-18,2020-09-01,14,"HAR102020","summer","HAR102020_2020-08-18",4,238
"6026","HAR","HAR11",2020,2020-08-18,2020-09-01,14,"HAR112020","summer","HAR112020_2020-08-18",2,238
"6027","HAR","HAR12",2020,2020-08-18,2020-09-01,14,"HAR122020","summer","HAR122020_2020-08-18",1,238
"6028","HAR","HAR13",2020,2020-08-18,2020-09-01,14,"HAR132020","summer","HAR132020_2020-08-18",22,238
"6029","HAR","HAR14",2020,2020-08-18,2020-09-01,14,"HAR142020","summer","HAR142020_2020-08-18",13,238
"6030","HAR","HAR15",2020,2020-08-18,2020-09-01,14,"HAR152020","summer","HAR152020_2020-08-18",7,238
"6031","HAR","HAR16",2020,2020-08-18,2020-09-01,14,"HAR162020","summer","HAR162020_2020-08-18",16,238
"6032","WAN","WAN01",2020,2020-08-18,2020-09-01,14,"WAN012020","summer","WAN012020_2020-08-18",1,238
"6033","WAN","WAN02",2020,2020-08-18,2020-09-01,14,"WAN022020","summer","WAN022020_2020-08-18",1,238
"6034","WAN","WAN03",2020,2020-08-18,2020-09-01,14,"WAN032020","summer","WAN032020_2020-08-18",3,238
"6035","WAN","WAN04",2020,2020-08-18,2020-09-01,14,"WAN042020","summer","WAN042020_2020-08-18",0,238
"6036","WAN","WAN05",2020,2020-08-18,2020-09-01,14,"WAN052020","summer","WAN052020_2020-08-18",0,238
"6037","WAN","WAN06",2020,2020-08-18,2020-09-01,14,"WAN062020","summer","WAN062020_2020-08-18",1,238
"6038","WAN","WAN07",2020,2020-08-18,2020-09-01,14,"WAN072020","summer","WAN072020_2020-08-18",2,238
"6039","WAN","WAN09",2020,2020-08-18,2020-09-01,14,"WAN092020","summer","WAN092020_2020-08-18",4,238
"6040","WAN","WAN10",2020,2020-08-18,2020-09-01,14,"WAN102020","summer","WAN102020_2020-08-18",1,238
"6041","WAN","WAN12",2020,2020-08-18,2020-09-01,14,"WAN122020","summer","WAN122020_2020-08-18",0,238
"6042","WAN","WAN13",2020,2020-08-18,2020-09-01,14,"WAN132020","summer","WAN132020_2020-08-18",0,238
"6043","WAN","WAN15",2020,2020-08-18,2020-09-01,14,"WAN152020","summer","WAN152020_2020-08-18",0,238
"6044","FBG","FBG01",2020,2020-08-19,2020-09-02,14,"FBG012020","summer","FBG012020_2020-08-19",2,239
"6045","FBG","FBG02",2020,2020-08-19,2020-09-02,14,"FBG022020","summer","FBG022020_2020-08-19",2,239
"6046","FBG","FBG03",2020,2020-08-19,2020-09-02,14,"FBG032020","summer","FBG032020_2020-08-19",1,239
"6047","FBG","FBG04",2020,2020-08-19,2020-09-02,14,"FBG042020","summer","FBG042020_2020-08-19",0,239
"6048","FBG","FBG06",2020,2020-08-19,2020-09-02,14,"FBG062020","summer","FBG062020_2020-08-19",0,239
"6049","FBG","FBG07",2020,2020-08-19,2020-09-02,14,"FBG072020","summer","FBG072020_2020-08-19",1,239
"6050","FBG","FBG08",2020,2020-08-19,2020-09-02,14,"FBG082020","summer","FBG082020_2020-08-19",0,239
"6051","FBG","FBG09",2020,2020-08-19,2020-09-02,14,"FBG092020","summer","FBG092020_2020-08-19",1,239
"6052","FBG","FBG10",2020,2020-08-19,2020-09-02,14,"FBG102020","summer","FBG102020_2020-08-19",1,239
"6053","FBG","FBG11",2020,2020-08-19,2020-09-02,14,"FBG112020","summer","FBG112020_2020-08-19",0,239
"6054","FBG","FBG12",2020,2020-08-19,2020-09-02,14,"FBG122020","summer","FBG122020_2020-08-19",0,239
"6055","FBG","FBG13",2020,2020-08-19,2020-09-02,14,"FBG132020","summer","FBG132020_2020-08-19",2,239
"6056","FBG","FBG14",2020,2020-08-19,2020-09-02,14,"FBG142020","summer","FBG142020_2020-08-19",1,239
"6057","FBG","FBG16",2020,2020-08-19,2020-09-02,14,"FBG162020","summer","FBG162020_2020-08-19",1,239
"6058","SST","SST01",2020,2020-08-19,2020-09-02,14,"SST012020","summer","SST012020_2020-08-19",0,239
"6059","SST","SST02",2020,2020-08-19,2020-09-02,14,"SST022020","summer","SST022020_2020-08-19",10,239
"6060","SST","SST03",2020,2020-08-19,2020-09-02,14,"SST032020","summer","SST032020_2020-08-19",2,239
"6061","SST","SST04",2020,2020-08-19,2020-09-02,14,"SST042020","summer","SST042020_2020-08-19",0,239
"6062","SST","SST05",2020,2020-08-19,2020-09-02,14,"SST052020","summer","SST052020_2020-08-19",0,239
"6063","SST","SST06",2020,2020-08-19,2020-09-02,14,"SST062020","summer","SST062020_2020-08-19",1,239
"6064","SST","SST07",2020,2020-08-19,2020-09-02,14,"SST072020","summer","SST072020_2020-08-19",0,239
"6065","SST","SST08",2020,2020-08-19,2020-09-02,14,"SST082020","summer","SST082020_2020-08-19",5,239
"6066","SST","SST09",2020,2020-08-19,2020-09-02,14,"SST092020","summer","SST092020_2020-08-19",0,239
"6067","SST","SST10",2020,2020-08-19,2020-09-02,14,"SST102020","summer","SST102020_2020-08-19",0,239
"6068","SST","SST11",2020,2020-08-19,2020-09-02,14,"SST112020","summer","SST112020_2020-08-19",0,239
"6069","SST","SST12",2020,2020-08-19,2020-09-02,14,"SST122020","summer","SST122020_2020-08-19",0,239
"6070","SST","SST13",2020,2020-08-19,2020-09-02,14,"SST132020","summer","SST132020_2020-08-19",0,239
"6071","SST","SST14",2020,2020-08-19,2020-09-02,14,"SST142020","summer","SST142020_2020-08-19",1,239
"6072","SST","SST15",2020,2020-08-19,2020-09-02,14,"SST152020","summer","SST152020_2020-08-19",0,239
"6073","SST","SST16",2020,2020-08-19,2020-09-02,14,"SST162020","summer","SST162020_2020-08-19",1,239
"6074","GFH","GFH01",2020,2020-08-20,2020-09-03,14,"GFH012020","summer","GFH012020_2020-08-20",0,240
"6075","GFH","GFH02",2020,2020-08-20,2020-09-03,14,"GFH022020","summer","GFH022020_2020-08-20",0,240
"6076","GFH","GFH03",2020,2020-08-20,2020-09-03,14,"GFH032020","summer","GFH032020_2020-08-20",12,240
"6077","GFH","GFH04",2020,2020-08-20,2020-09-03,14,"GFH042020","summer","GFH042020_2020-08-20",2,240
"6078","GFH","GFH05",2020,2020-08-20,2020-09-03,14,"GFH052020","summer","GFH052020_2020-08-20",6,240
"6079","GFH","GFH06",2020,2020-08-20,2020-09-03,14,"GFH062020","summer","GFH062020_2020-08-20",1,240
"6080","GFH","GFH07",2020,2020-08-20,2020-09-03,14,"GFH072020","summer","GFH072020_2020-08-20",5,240
"6081","GFH","GFH08",2020,2020-08-20,2020-09-03,14,"GFH082020","summer","GFH082020_2020-08-20",2,240
"6082","GFH","GFH09",2020,2020-08-20,2020-09-03,14,"GFH092020","summer","GFH092020_2020-08-20",1,240
"6083","GFH","GFH10",2020,2020-08-20,2020-09-03,14,"GFH102020","summer","GFH102020_2020-08-20",3,240
"6084","GFH","GFH11",2020,2020-08-20,2020-09-03,14,"GFH112020","summer","GFH112020_2020-08-20",1,240
"6085","GFH","GFH12",2020,2020-08-20,2020-09-03,14,"GFH122020","summer","GFH122020_2020-08-20",0,240
"6086","GFH","GFH13",2020,2020-08-20,2020-09-03,14,"GFH132020","summer","GFH132020_2020-08-20",34,240
"6087","GFH","GFH14",2020,2020-08-20,2020-09-03,14,"GFH142020","summer","GFH142020_2020-08-20",2,240
"6088","GFH","GFH15",2020,2020-08-20,2020-09-03,14,"GFH152020","summer","GFH152020_2020-08-20",2,240
"6089","GFH","GFH16",2020,2020-08-20,2020-09-03,14,"GFH162020","summer","GFH162020_2020-08-20",4,240
"6090","SIP","SIP01",2020,2020-08-20,2020-09-03,14,"SIP012020","summer","SIP012020_2020-08-20",0,240
"6091","SIP","SIP02",2020,2020-08-20,2020-09-03,14,"SIP022020","summer","SIP022020_2020-08-20",0,240
"6092","SIP","SIP03",2020,2020-08-20,2020-09-03,14,"SIP032020","summer","SIP032020_2020-08-20",0,240
"6093","SIP","SIP05",2020,2020-08-20,2020-09-03,14,"SIP052020","summer","SIP052020_2020-08-20",4,240
"6094","SIP","SIP06",2020,2020-08-20,2020-09-03,14,"SIP062020","summer","SIP062020_2020-08-20",0,240
"6095","SIP","SIP07",2020,2020-08-20,2020-09-03,14,"SIP072020","summer","SIP072020_2020-08-20",0,240
"6096","SIP","SIP08",2020,2020-08-20,2020-09-03,14,"SIP082020","summer","SIP082020_2020-08-20",0,240
"6097","SIP","SIP09",2020,2020-08-20,2020-09-03,14,"SIP092020","summer","SIP092020_2020-08-20",0,240
"6098","SIP","SIP10",2020,2020-08-20,2020-09-03,14,"SIP102020","summer","SIP102020_2020-08-20",0,240
"6099","SIP","SIP11",2020,2020-08-20,2020-09-03,14,"SIP112020","summer","SIP112020_2020-08-20",0,240
"6100","SIP","SIP12",2020,2020-08-20,2020-09-03,14,"SIP122020","summer","SIP122020_2020-08-20",1,240
"6101","SIP","SIP13",2020,2020-08-20,2020-09-03,14,"SIP132020","summer","SIP132020_2020-08-20",0,240
"6102","SIP","SIP14",2020,2020-08-20,2020-09-03,14,"SIP142020","summer","SIP142020_2020-08-20",1,240
"6103","SIP","SIP15",2020,2020-08-20,2020-09-03,14,"SIP152020","summer","SIP152020_2020-08-20",1,240
"6104","SIP","SIP16",2020,2020-08-20,2020-09-03,14,"SIP162020","summer","SIP162020_2020-08-20",2,240
"6105","HAR","HAR01",2021,2021-07-20,2021-08-03,14,"HAR012021","summer","HAR012021_2021-07-20",0,208
"6106","HAR","HAR02",2021,2021-07-20,2021-08-03,14,"HAR022021","summer","HAR022021_2021-07-20",0,208
"6107","HAR","HAR03",2021,2021-07-20,2021-08-03,14,"HAR032021","summer","HAR032021_2021-07-20",2,208
"6108","HAR","HAR04",2021,2021-07-20,2021-08-03,14,"HAR042021","summer","HAR042021_2021-07-20",0,208
"6109","HAR","HAR05",2021,2021-07-20,2021-08-03,14,"HAR052021","summer","HAR052021_2021-07-20",6,208
"6110","HAR","HAR07",2021,2021-07-20,2021-08-03,14,"HAR072021","summer","HAR072021_2021-07-20",5,208
"6111","HAR","HAR08",2021,2021-07-20,2021-08-03,14,"HAR082021","summer","HAR082021_2021-07-20",0,208
"6112","HAR","HAR09",2021,2021-07-20,2021-08-03,14,"HAR092021","summer","HAR092021_2021-07-20",2,208
"6113","HAR","HAR11",2021,2021-07-20,2021-08-03,14,"HAR112021","summer","HAR112021_2021-07-20",1,208
"6114","HAR","HAR12",2021,2021-07-20,2021-08-03,14,"HAR122021","summer","HAR122021_2021-07-20",0,208
"6115","HAR","HAR13",2021,2021-07-20,2021-08-03,14,"HAR132021","summer","HAR132021_2021-07-20",2,208
"6116","HAR","HAR14",2021,2021-07-20,2021-08-03,14,"HAR142021","summer","HAR142021_2021-07-20",7,208
"6117","HAR","HAR15",2021,2021-07-20,2021-08-03,14,"HAR152021","summer","HAR152021_2021-07-20",2,208
"6118","WAN","WAN01",2021,2021-07-20,2021-08-03,14,"WAN012021","summer","WAN012021_2021-07-20",0,208
"6119","WAN","WAN02",2021,2021-07-20,2021-08-03,14,"WAN022021","summer","WAN022021_2021-07-20",2,208
"6120","WAN","WAN03",2021,2021-07-20,2021-08-03,14,"WAN032021","summer","WAN032021_2021-07-20",0,208
"6121","WAN","WAN04",2021,2021-07-20,2021-08-03,14,"WAN042021","summer","WAN042021_2021-07-20",1,208
"6122","WAN","WAN05",2021,2021-07-20,2021-08-03,14,"WAN052021","summer","WAN052021_2021-07-20",0,208
"6123","WAN","WAN06",2021,2021-07-20,2021-08-03,14,"WAN062021","summer","WAN062021_2021-07-20",1,208
"6124","WAN","WAN07",2021,2021-07-20,2021-08-03,14,"WAN072021","summer","WAN072021_2021-07-20",0,208
"6125","WAN","WAN08",2021,2021-07-20,2021-08-03,14,"WAN082021","summer","WAN082021_2021-07-20",0,208
"6126","WAN","WAN09",2021,2021-07-20,2021-08-03,14,"WAN092021","summer","WAN092021_2021-07-20",8,208
"6127","WAN","WAN10",2021,2021-07-20,2021-08-03,14,"WAN102021","summer","WAN102021_2021-07-20",4,208
"6128","WAN","WAN11",2021,2021-07-20,2021-08-03,14,"WAN112021","summer","WAN112021_2021-07-20",0,208
"6129","WAN","WAN12",2021,2021-07-20,2021-08-03,14,"WAN122021","summer","WAN122021_2021-07-20",0,208
"6130","WAN","WAN13",2021,2021-07-20,2021-08-03,14,"WAN132021","summer","WAN132021_2021-07-20",4,208
"6131","WAN","WAN14",2021,2021-07-20,2021-08-03,14,"WAN142021","summer","WAN142021_2021-07-20",2,208
"6132","WAN","WAN15",2021,2021-07-20,2021-08-03,14,"WAN152021","summer","WAN152021_2021-07-20",0,208
"6133","WAN","WAN16",2021,2021-07-20,2021-08-03,14,"WAN162021","summer","WAN162021_2021-07-20",0,208
"6134","GFH","GFH01",2021,2021-07-21,2021-08-04,14,"GFH012021","summer","GFH012021_2021-07-21",0,209
"6135","GFH","GFH02",2021,2021-07-21,2021-08-04,14,"GFH022021","summer","GFH022021_2021-07-21",0,209
"6136","GFH","GFH03",2021,2021-07-21,2021-08-04,14,"GFH032021","summer","GFH032021_2021-07-21",3,209
"6137","GFH","GFH04",2021,2021-07-21,2021-08-04,14,"GFH042021","summer","GFH042021_2021-07-21",4,209
"6138","GFH","GFH05",2021,2021-07-21,2021-08-04,14,"GFH052021","summer","GFH052021_2021-07-21",2,209
"6139","GFH","GFH06",2021,2021-07-21,2021-08-04,14,"GFH062021","summer","GFH062021_2021-07-21",0,209
"6140","GFH","GFH07",2021,2021-07-21,2021-08-04,14,"GFH072021","summer","GFH072021_2021-07-21",2,209
"6141","GFH","GFH08",2021,2021-07-21,2021-08-04,14,"GFH082021","summer","GFH082021_2021-07-21",0,209
"6142","GFH","GFH09",2021,2021-07-21,2021-08-04,14,"GFH092021","summer","GFH092021_2021-07-21",0,209
"6143","GFH","GFH10",2021,2021-07-21,2021-08-04,14,"GFH102021","summer","GFH102021_2021-07-21",1,209
"6144","GFH","GFH11",2021,2021-07-21,2021-08-04,14,"GFH112021","summer","GFH112021_2021-07-21",3,209
"6145","GFH","GFH12",2021,2021-07-21,2021-08-04,14,"GFH122021","summer","GFH122021_2021-07-21",0,209
"6146","GFH","GFH13",2021,2021-07-21,2021-08-04,14,"GFH132021","summer","GFH132021_2021-07-21",1,209
"6147","GFH","GFH14",2021,2021-07-21,2021-08-04,14,"GFH142021","summer","GFH142021_2021-07-21",17,209
"6148","GFH","GFH15",2021,2021-07-21,2021-08-04,14,"GFH152021","summer","GFH152021_2021-07-21",2,209
"6149","SIP","SIP01",2021,2021-07-21,2021-08-04,14,"SIP012021","summer","SIP012021_2021-07-21",1,209
"6150","SIP","SIP02",2021,2021-07-21,2021-08-04,14,"SIP022021","summer","SIP022021_2021-07-21",7,209
"6151","SIP","SIP03",2021,2021-07-21,2021-08-04,14,"SIP032021","summer","SIP032021_2021-07-21",4,209
"6152","SIP","SIP05",2021,2021-07-21,2021-08-04,14,"SIP052021","summer","SIP052021_2021-07-21",0,209
"6153","SIP","SIP06",2021,2021-07-21,2021-08-04,14,"SIP062021","summer","SIP062021_2021-07-21",7,209
"6154","SIP","SIP07",2021,2021-07-21,2021-08-04,14,"SIP072021","summer","SIP072021_2021-07-21",1,209
"6155","SIP","SIP08",2021,2021-07-21,2021-08-04,14,"SIP082021","summer","SIP082021_2021-07-21",0,209
"6156","SIP","SIP09",2021,2021-07-21,2021-08-04,14,"SIP092021","summer","SIP092021_2021-07-21",1,209
"6157","SIP","SIP10",2021,2021-07-21,2021-08-04,14,"SIP102021","summer","SIP102021_2021-07-21",1,209
"6158","SIP","SIP11",2021,2021-07-21,2021-08-04,14,"SIP112021","summer","SIP112021_2021-07-21",2,209
"6159","SIP","SIP12",2021,2021-07-21,2021-08-04,14,"SIP122021","summer","SIP122021_2021-07-21",2,209
"6160","SIP","SIP13",2021,2021-07-21,2021-08-04,14,"SIP132021","summer","SIP132021_2021-07-21",0,209
"6161","SIP","SIP14",2021,2021-07-21,2021-08-04,14,"SIP142021","summer","SIP142021_2021-07-21",2,209
"6162","SIP","SIP15",2021,2021-07-21,2021-08-04,14,"SIP152021","summer","SIP152021_2021-07-21",1,209
"6163","SIP","SIP16",2021,2021-07-21,2021-08-04,14,"SIP162021","summer","SIP162021_2021-07-21",1,209
"6164","FBG","FBG01",2021,2021-07-22,2021-08-05,14,"FBG012021","summer","FBG012021_2021-07-22",0,210
"6165","FBG","FBG02",2021,2021-07-22,2021-08-05,14,"FBG022021","summer","FBG022021_2021-07-22",1,210
"6166","FBG","FBG03",2021,2021-07-22,2021-08-05,14,"FBG032021","summer","FBG032021_2021-07-22",1,210
"6167","FBG","FBG04",2021,2021-07-22,2021-08-05,14,"FBG042021","summer","FBG042021_2021-07-22",0,210
"6168","FBG","FBG06",2021,2021-07-22,2021-08-05,14,"FBG062021","summer","FBG062021_2021-07-22",0,210
"6169","FBG","FBG07",2021,2021-07-22,2021-08-05,14,"FBG072021","summer","FBG072021_2021-07-22",1,210
"6170","FBG","FBG08",2021,2021-07-22,2021-08-05,14,"FBG082021","summer","FBG082021_2021-07-22",0,210
"6171","FBG","FBG09",2021,2021-07-22,2021-08-05,14,"FBG092021","summer","FBG092021_2021-07-22",0,210
"6172","FBG","FBG10",2021,2021-07-22,2021-08-05,14,"FBG102021","summer","FBG102021_2021-07-22",2,210
"6173","FBG","FBG11",2021,2021-07-22,2021-08-05,14,"FBG112021","summer","FBG112021_2021-07-22",0,210
"6174","FBG","FBG12",2021,2021-07-22,2021-08-05,14,"FBG122021","summer","FBG122021_2021-07-22",2,210
"6175","FBG","FBG13",2021,2021-07-22,2021-08-05,14,"FBG132021","summer","FBG132021_2021-07-22",0,210
"6176","FBG","FBG14",2021,2021-07-22,2021-08-05,14,"FBG142021","summer","FBG142021_2021-07-22",0,210
"6177","FBG","FBG15",2021,2021-07-22,2021-08-05,14,"FBG152021","summer","FBG152021_2021-07-22",1,210
"6178","FBG","FBG16",2021,2021-07-22,2021-08-05,14,"FBG162021","summer","FBG162021_2021-07-22",2,210
"6179","SST","SST01",2021,2021-07-22,2021-08-05,14,"SST012021","summer","SST012021_2021-07-22",2,210
"6180","SST","SST02",2021,2021-07-22,2021-08-05,14,"SST022021","summer","SST022021_2021-07-22",6,210
"6181","SST","SST03",2021,2021-07-22,2021-08-05,14,"SST032021","summer","SST032021_2021-07-22",11,210
"6182","SST","SST04",2021,2021-07-22,2021-08-05,14,"SST042021","summer","SST042021_2021-07-22",21,210
"6183","SST","SST05",2021,2021-07-22,2021-08-05,14,"SST052021","summer","SST052021_2021-07-22",5,210
"6184","SST","SST06",2021,2021-07-22,2021-08-05,14,"SST062021","summer","SST062021_2021-07-22",6,210
"6185","SST","SST07",2021,2021-07-22,2021-08-05,14,"SST072021","summer","SST072021_2021-07-22",2,210
"6186","SST","SST08",2021,2021-07-22,2021-08-05,14,"SST082021","summer","SST082021_2021-07-22",8,210
"6187","SST","SST09",2021,2021-07-22,2021-08-05,14,"SST092021","summer","SST092021_2021-07-22",1,210
"6188","SST","SST10",2021,2021-07-22,2021-08-05,14,"SST102021","summer","SST102021_2021-07-22",3,210
"6189","SST","SST11",2021,2021-07-22,2021-08-05,14,"SST112021","summer","SST112021_2021-07-22",3,210
"6190","SST","SST12",2021,2021-07-22,2021-08-05,14,"SST122021","summer","SST122021_2021-07-22",4,210
"6191","SST","SST13",2021,2021-07-22,2021-08-05,14,"SST132021","summer","SST132021_2021-07-22",2,210
"6192","SST","SST14",2021,2021-07-22,2021-08-05,14,"SST142021","summer","SST142021_2021-07-22",1,210
"6193","SST","SST15",2021,2021-07-22,2021-08-05,14,"SST152021","summer","SST152021_2021-07-22",1,210
"6194","SST","SST16",2021,2021-07-22,2021-08-05,14,"SST162021","summer","SST162021_2021-07-22",4,210
"6195","HAR","HAR01",2021,2021-08-03,2021-08-17,14,"HAR012021","summer","HAR012021_2021-08-03",0,222
"6196","HAR","HAR02",2021,2021-08-03,2021-08-17,14,"HAR022021","summer","HAR022021_2021-08-03",2,222
"6197","HAR","HAR03",2021,2021-08-03,2021-08-17,14,"HAR032021","summer","HAR032021_2021-08-03",4,222
"6198","HAR","HAR04",2021,2021-08-03,2021-08-17,14,"HAR042021","summer","HAR042021_2021-08-03",3,222
"6199","HAR","HAR05",2021,2021-08-03,2021-08-17,14,"HAR052021","summer","HAR052021_2021-08-03",1,222
"6200","HAR","HAR06",2021,2021-08-03,2021-08-17,14,"HAR062021","summer","HAR062021_2021-08-03",0,222
"6201","HAR","HAR07",2021,2021-08-03,2021-08-17,14,"HAR072021","summer","HAR072021_2021-08-03",3,222
"6202","HAR","HAR08",2021,2021-08-03,2021-08-17,14,"HAR082021","summer","HAR082021_2021-08-03",1,222
"6203","HAR","HAR09",2021,2021-08-03,2021-08-17,14,"HAR092021","summer","HAR092021_2021-08-03",4,222
"6204","HAR","HAR10",2021,2021-08-03,2021-08-17,14,"HAR102021","summer","HAR102021_2021-08-03",4,222
"6205","HAR","HAR11",2021,2021-08-03,2021-08-17,14,"HAR112021","summer","HAR112021_2021-08-03",0,222
"6206","HAR","HAR12",2021,2021-08-03,2021-08-17,14,"HAR122021","summer","HAR122021_2021-08-03",1,222
"6207","HAR","HAR13",2021,2021-08-03,2021-08-17,14,"HAR132021","summer","HAR132021_2021-08-03",14,222
"6208","HAR","HAR14",2021,2021-08-03,2021-08-17,14,"HAR142021","summer","HAR142021_2021-08-03",14,222
"6209","HAR","HAR15",2021,2021-08-03,2021-08-17,14,"HAR152021","summer","HAR152021_2021-08-03",0,222
"6210","HAR","HAR16",2021,2021-08-03,2021-08-17,14,"HAR162021","summer","HAR162021_2021-08-03",4,222
"6211","WAN","WAN01",2021,2021-08-03,2021-08-17,14,"WAN012021","summer","WAN012021_2021-08-03",5,222
"6212","WAN","WAN02",2021,2021-08-03,2021-08-17,14,"WAN022021","summer","WAN022021_2021-08-03",1,222
"6213","WAN","WAN03",2021,2021-08-03,2021-08-17,14,"WAN032021","summer","WAN032021_2021-08-03",1,222
"6214","WAN","WAN04",2021,2021-08-03,2021-08-17,14,"WAN042021","summer","WAN042021_2021-08-03",1,222
"6215","WAN","WAN05",2021,2021-08-03,2021-08-17,14,"WAN052021","summer","WAN052021_2021-08-03",5,222
"6216","WAN","WAN06",2021,2021-08-03,2021-08-17,14,"WAN062021","summer","WAN062021_2021-08-03",2,222
"6217","WAN","WAN07",2021,2021-08-03,2021-08-17,14,"WAN072021","summer","WAN072021_2021-08-03",1,222
"6218","WAN","WAN08",2021,2021-08-03,2021-08-17,14,"WAN082021","summer","WAN082021_2021-08-03",0,222
"6219","WAN","WAN09",2021,2021-08-03,2021-08-17,14,"WAN092021","summer","WAN092021_2021-08-03",12,222
"6220","WAN","WAN10",2021,2021-08-03,2021-08-17,14,"WAN102021","summer","WAN102021_2021-08-03",1,222
"6221","WAN","WAN11",2021,2021-08-03,2021-08-17,14,"WAN112021","summer","WAN112021_2021-08-03",1,222
"6222","WAN","WAN12",2021,2021-08-03,2021-08-17,14,"WAN122021","summer","WAN122021_2021-08-03",0,222
"6223","WAN","WAN14",2021,2021-08-03,2021-08-17,14,"WAN142021","summer","WAN142021_2021-08-03",0,222
"6224","WAN","WAN15",2021,2021-08-03,2021-08-17,14,"WAN152021","summer","WAN152021_2021-08-03",0,222
"6225","WAN","WAN16",2021,2021-08-03,2021-08-17,14,"WAN162021","summer","WAN162021_2021-08-03",0,222
"6226","GFH","GFH01",2021,2021-08-04,2021-08-18,14,"GFH012021","summer","GFH012021_2021-08-04",0,223
"6227","GFH","GFH02",2021,2021-08-04,2021-08-18,14,"GFH022021","summer","GFH022021_2021-08-04",0,223
"6228","GFH","GFH03",2021,2021-08-04,2021-08-18,14,"GFH032021","summer","GFH032021_2021-08-04",1,223
"6229","GFH","GFH04",2021,2021-08-04,2021-08-18,14,"GFH042021","summer","GFH042021_2021-08-04",3,223
"6230","GFH","GFH05",2021,2021-08-04,2021-08-18,14,"GFH052021","summer","GFH052021_2021-08-04",5,223
"6231","GFH","GFH06",2021,2021-08-04,2021-08-18,14,"GFH062021","summer","GFH062021_2021-08-04",0,223
"6232","GFH","GFH07",2021,2021-08-04,2021-08-18,14,"GFH072021","summer","GFH072021_2021-08-04",1,223
"6233","GFH","GFH08",2021,2021-08-04,2021-08-18,14,"GFH082021","summer","GFH082021_2021-08-04",2,223
"6234","GFH","GFH09",2021,2021-08-04,2021-08-18,14,"GFH092021","summer","GFH092021_2021-08-04",0,223
"6235","GFH","GFH10",2021,2021-08-04,2021-08-18,14,"GFH102021","summer","GFH102021_2021-08-04",2,223
"6236","GFH","GFH11",2021,2021-08-04,2021-08-18,14,"GFH112021","summer","GFH112021_2021-08-04",0,223
"6237","GFH","GFH12",2021,2021-08-04,2021-08-18,14,"GFH122021","summer","GFH122021_2021-08-04",0,223
"6238","GFH","GFH13",2021,2021-08-04,2021-08-18,14,"GFH132021","summer","GFH132021_2021-08-04",2,223
"6239","GFH","GFH14",2021,2021-08-04,2021-08-18,14,"GFH142021","summer","GFH142021_2021-08-04",8,223
"6240","GFH","GFH15",2021,2021-08-04,2021-08-18,14,"GFH152021","summer","GFH152021_2021-08-04",4,223
"6241","GFH","GFH16",2021,2021-08-04,2021-08-18,14,"GFH162021","summer","GFH162021_2021-08-04",8,223
"6242","SIP","SIP01",2021,2021-08-04,2021-08-18,14,"SIP012021","summer","SIP012021_2021-08-04",1,223
"6243","SIP","SIP02",2021,2021-08-04,2021-08-18,14,"SIP022021","summer","SIP022021_2021-08-04",103,223
"6244","SIP","SIP03",2021,2021-08-04,2021-08-18,14,"SIP032021","summer","SIP032021_2021-08-04",7,223
"6245","SIP","SIP05",2021,2021-08-04,2021-08-18,14,"SIP052021","summer","SIP052021_2021-08-04",0,223
"6246","SIP","SIP06",2021,2021-08-04,2021-08-18,14,"SIP062021","summer","SIP062021_2021-08-04",3,223
"6247","SIP","SIP07",2021,2021-08-04,2021-08-18,14,"SIP072021","summer","SIP072021_2021-08-04",1,223
"6248","SIP","SIP08",2021,2021-08-04,2021-08-18,14,"SIP082021","summer","SIP082021_2021-08-04",0,223
"6249","SIP","SIP09",2021,2021-08-04,2021-08-18,14,"SIP092021","summer","SIP092021_2021-08-04",1,223
"6250","SIP","SIP10",2021,2021-08-04,2021-08-18,14,"SIP102021","summer","SIP102021_2021-08-04",0,223
"6251","SIP","SIP11",2021,2021-08-04,2021-08-18,14,"SIP112021","summer","SIP112021_2021-08-04",0,223
"6252","SIP","SIP12",2021,2021-08-04,2021-08-18,14,"SIP122021","summer","SIP122021_2021-08-04",1,223
"6253","SIP","SIP13",2021,2021-08-04,2021-08-18,14,"SIP132021","summer","SIP132021_2021-08-04",0,223
"6254","SIP","SIP14",2021,2021-08-04,2021-08-18,14,"SIP142021","summer","SIP142021_2021-08-04",1,223
"6255","SIP","SIP15",2021,2021-08-04,2021-08-18,14,"SIP152021","summer","SIP152021_2021-08-04",1,223
"6256","SIP","SIP16",2021,2021-08-04,2021-08-18,14,"SIP162021","summer","SIP162021_2021-08-04",8,223
"6257","FBG","FBG01",2021,2021-08-05,2021-08-19,14,"FBG012021","summer","FBG012021_2021-08-05",4,224
"6258","FBG","FBG02",2021,2021-08-05,2021-08-19,14,"FBG022021","summer","FBG022021_2021-08-05",1,224
"6259","FBG","FBG04",2021,2021-08-05,2021-08-19,14,"FBG042021","summer","FBG042021_2021-08-05",0,224
"6260","FBG","FBG05",2021,2021-08-05,2021-08-19,14,"FBG052021","summer","FBG052021_2021-08-05",0,224
"6261","FBG","FBG06",2021,2021-08-05,2021-08-19,14,"FBG062021","summer","FBG062021_2021-08-05",1,224
"6262","FBG","FBG07",2021,2021-08-05,2021-08-19,14,"FBG072021","summer","FBG072021_2021-08-05",0,224
"6263","FBG","FBG08",2021,2021-08-05,2021-08-19,14,"FBG082021","summer","FBG082021_2021-08-05",0,224
"6264","FBG","FBG09",2021,2021-08-05,2021-08-19,14,"FBG092021","summer","FBG092021_2021-08-05",0,224
"6265","FBG","FBG10",2021,2021-08-05,2021-08-19,14,"FBG102021","summer","FBG102021_2021-08-05",0,224
"6266","FBG","FBG11",2021,2021-08-05,2021-08-19,14,"FBG112021","summer","FBG112021_2021-08-05",0,224
"6267","FBG","FBG12",2021,2021-08-05,2021-08-19,14,"FBG122021","summer","FBG122021_2021-08-05",1,224
"6268","FBG","FBG13",2021,2021-08-05,2021-08-19,14,"FBG132021","summer","FBG132021_2021-08-05",0,224
"6269","FBG","FBG14",2021,2021-08-05,2021-08-19,14,"FBG142021","summer","FBG142021_2021-08-05",0,224
"6270","FBG","FBG15",2021,2021-08-05,2021-08-19,14,"FBG152021","summer","FBG152021_2021-08-05",0,224
"6271","FBG","FBG16",2021,2021-08-05,2021-08-19,14,"FBG162021","summer","FBG162021_2021-08-05",5,224
"6272","SST","SST01",2021,2021-08-05,2021-08-19,14,"SST012021","summer","SST012021_2021-08-05",5,224
"6273","SST","SST02",2021,2021-08-05,2021-08-19,14,"SST022021","summer","SST022021_2021-08-05",16,224
"6274","SST","SST03",2021,2021-08-05,2021-08-19,14,"SST032021","summer","SST032021_2021-08-05",12,224
"6275","SST","SST04",2021,2021-08-05,2021-08-19,14,"SST042021","summer","SST042021_2021-08-05",10,224
"6276","SST","SST05",2021,2021-08-05,2021-08-19,14,"SST052021","summer","SST052021_2021-08-05",2,224
"6277","SST","SST06",2021,2021-08-05,2021-08-19,14,"SST062021","summer","SST062021_2021-08-05",3,224
"6278","SST","SST07",2021,2021-08-05,2021-08-19,14,"SST072021","summer","SST072021_2021-08-05",2,224
"6279","SST","SST08",2021,2021-08-05,2021-08-19,14,"SST082021","summer","SST082021_2021-08-05",0,224
"6280","SST","SST09",2021,2021-08-05,2021-08-19,14,"SST092021","summer","SST092021_2021-08-05",0,224
"6281","SST","SST10",2021,2021-08-05,2021-08-19,14,"SST102021","summer","SST102021_2021-08-05",0,224
"6282","SST","SST11",2021,2021-08-05,2021-08-19,14,"SST112021","summer","SST112021_2021-08-05",11,224
"6283","SST","SST12",2021,2021-08-05,2021-08-19,14,"SST122021","summer","SST122021_2021-08-05",4,224
"6284","SST","SST13",2021,2021-08-05,2021-08-19,14,"SST132021","summer","SST132021_2021-08-05",3,224
"6285","SST","SST14",2021,2021-08-05,2021-08-19,14,"SST142021","summer","SST142021_2021-08-05",3,224
"6286","SST","SST15",2021,2021-08-05,2021-08-19,14,"SST152021","summer","SST152021_2021-08-05",0,224
"6287","SST","SST16",2021,2021-08-05,2021-08-19,14,"SST162021","summer","SST162021_2021-08-05",4,224
"6288","HAR","HAR01",2021,2021-08-17,2021-08-31,14,"HAR012021","summer","HAR012021_2021-08-17",1,236
"6289","HAR","HAR02",2021,2021-08-17,2021-08-31,14,"HAR022021","summer","HAR022021_2021-08-17",6,236
"6290","HAR","HAR03",2021,2021-08-17,2021-08-31,14,"HAR032021","summer","HAR032021_2021-08-17",3,236
"6291","HAR","HAR04",2021,2021-08-17,2021-08-31,14,"HAR042021","summer","HAR042021_2021-08-17",0,236
"6292","HAR","HAR05",2021,2021-08-17,2021-08-31,14,"HAR052021","summer","HAR052021_2021-08-17",2,236
"6293","HAR","HAR06",2021,2021-08-17,2021-08-31,14,"HAR062021","summer","HAR062021_2021-08-17",1,236
"6294","HAR","HAR07",2021,2021-08-17,2021-08-31,14,"HAR072021","summer","HAR072021_2021-08-17",11,236
"6295","HAR","HAR08",2021,2021-08-17,2021-08-31,14,"HAR082021","summer","HAR082021_2021-08-17",3,236
"6296","HAR","HAR09",2021,2021-08-17,2021-08-31,14,"HAR092021","summer","HAR092021_2021-08-17",10,236
"6297","HAR","HAR10",2021,2021-08-17,2021-08-31,14,"HAR102021","summer","HAR102021_2021-08-17",10,236
"6298","HAR","HAR11",2021,2021-08-17,2021-08-31,14,"HAR112021","summer","HAR112021_2021-08-17",5,236
"6299","HAR","HAR12",2021,2021-08-17,2021-08-31,14,"HAR122021","summer","HAR122021_2021-08-17",0,236
"6300","HAR","HAR13",2021,2021-08-17,2021-08-31,14,"HAR132021","summer","HAR132021_2021-08-17",8,236
"6301","HAR","HAR14",2021,2021-08-17,2021-08-31,14,"HAR142021","summer","HAR142021_2021-08-17",15,236
"6302","HAR","HAR16",2021,2021-08-17,2021-08-31,14,"HAR162021","summer","HAR162021_2021-08-17",5,236
"6303","WAN","WAN01",2021,2021-08-17,2021-08-31,14,"WAN012021","summer","WAN012021_2021-08-17",0,236
"6304","WAN","WAN02",2021,2021-08-17,2021-08-31,14,"WAN022021","summer","WAN022021_2021-08-17",0,236
"6305","WAN","WAN03",2021,2021-08-17,2021-08-31,14,"WAN032021","summer","WAN032021_2021-08-17",1,236
"6306","WAN","WAN04",2021,2021-08-17,2021-08-31,14,"WAN042021","summer","WAN042021_2021-08-17",1,236
"6307","WAN","WAN05",2021,2021-08-17,2021-08-31,14,"WAN052021","summer","WAN052021_2021-08-17",0,236
"6308","WAN","WAN06",2021,2021-08-17,2021-08-31,14,"WAN062021","summer","WAN062021_2021-08-17",2,236
"6309","WAN","WAN08",2021,2021-08-17,2021-08-31,14,"WAN082021","summer","WAN082021_2021-08-17",0,236
"6310","WAN","WAN09",2021,2021-08-17,2021-08-31,14,"WAN092021","summer","WAN092021_2021-08-17",3,236
"6311","WAN","WAN10",2021,2021-08-17,2021-08-31,14,"WAN102021","summer","WAN102021_2021-08-17",1,236
"6312","WAN","WAN11",2021,2021-08-17,2021-08-31,14,"WAN112021","summer","WAN112021_2021-08-17",1,236
"6313","WAN","WAN12",2021,2021-08-17,2021-08-31,14,"WAN122021","summer","WAN122021_2021-08-17",4,236
"6314","WAN","WAN13",2021,2021-08-17,2021-08-31,14,"WAN132021","summer","WAN132021_2021-08-17",1,236
"6315","WAN","WAN14",2021,2021-08-17,2021-08-31,14,"WAN142021","summer","WAN142021_2021-08-17",1,236
"6316","WAN","WAN15",2021,2021-08-17,2021-08-31,14,"WAN152021","summer","WAN152021_2021-08-17",0,236
"6317","WAN","WAN16",2021,2021-08-17,2021-08-31,14,"WAN162021","summer","WAN162021_2021-08-17",1,236
"6318","GFH","GFH01",2021,2021-08-18,2021-09-01,14,"GFH012021","summer","GFH012021_2021-08-18",1,237
"6319","GFH","GFH02",2021,2021-08-18,2021-09-01,14,"GFH022021","summer","GFH022021_2021-08-18",0,237
"6320","GFH","GFH03",2021,2021-08-18,2021-09-01,14,"GFH032021","summer","GFH032021_2021-08-18",2,237
"6321","GFH","GFH04",2021,2021-08-18,2021-09-01,14,"GFH042021","summer","GFH042021_2021-08-18",1,237
"6322","GFH","GFH05",2021,2021-08-18,2021-09-01,14,"GFH052021","summer","GFH052021_2021-08-18",17,237
"6323","GFH","GFH06",2021,2021-08-18,2021-09-01,14,"GFH062021","summer","GFH062021_2021-08-18",0,237
"6324","GFH","GFH07",2021,2021-08-18,2021-09-01,14,"GFH072021","summer","GFH072021_2021-08-18",1,237
"6325","GFH","GFH08",2021,2021-08-18,2021-09-01,14,"GFH082021","summer","GFH082021_2021-08-18",2,237
"6326","GFH","GFH09",2021,2021-08-18,2021-09-01,14,"GFH092021","summer","GFH092021_2021-08-18",0,237
"6327","GFH","GFH10",2021,2021-08-18,2021-09-01,14,"GFH102021","summer","GFH102021_2021-08-18",2,237
"6328","GFH","GFH11",2021,2021-08-18,2021-09-01,14,"GFH112021","summer","GFH112021_2021-08-18",1,237
"6329","GFH","GFH12",2021,2021-08-18,2021-09-01,14,"GFH122021","summer","GFH122021_2021-08-18",0,237
"6330","GFH","GFH13",2021,2021-08-18,2021-09-01,14,"GFH132021","summer","GFH132021_2021-08-18",5,237
"6331","GFH","GFH14",2021,2021-08-18,2021-09-01,14,"GFH142021","summer","GFH142021_2021-08-18",0,237
"6332","GFH","GFH15",2021,2021-08-18,2021-09-01,14,"GFH152021","summer","GFH152021_2021-08-18",0,237
"6333","GFH","GFH16",2021,2021-08-18,2021-09-01,14,"GFH162021","summer","GFH162021_2021-08-18",3,237
"6334","FBG","FBG01",2021,2021-08-19,2021-09-02,14,"FBG012021","summer","FBG012021_2021-08-19",8,238
"6335","FBG","FBG03",2021,2021-08-19,2021-09-02,14,"FBG032021","summer","FBG032021_2021-08-19",0,238
"6336","FBG","FBG04",2021,2021-08-19,2021-09-02,14,"FBG042021","summer","FBG042021_2021-08-19",1,238
"6337","FBG","FBG05",2021,2021-08-19,2021-09-02,14,"FBG052021","summer","FBG052021_2021-08-19",1,238
"6338","FBG","FBG06",2021,2021-08-19,2021-09-02,14,"FBG062021","summer","FBG062021_2021-08-19",1,238
"6339","FBG","FBG07",2021,2021-08-19,2021-09-02,14,"FBG072021","summer","FBG072021_2021-08-19",0,238
"6340","FBG","FBG08",2021,2021-08-19,2021-09-02,14,"FBG082021","summer","FBG082021_2021-08-19",1,238
"6341","FBG","FBG10",2021,2021-08-19,2021-09-02,14,"FBG102021","summer","FBG102021_2021-08-19",1,238
"6342","FBG","FBG11",2021,2021-08-19,2021-09-02,14,"FBG112021","summer","FBG112021_2021-08-19",0,238
"6343","FBG","FBG12",2021,2021-08-19,2021-09-02,14,"FBG122021","summer","FBG122021_2021-08-19",1,238
"6344","FBG","FBG13",2021,2021-08-19,2021-09-02,14,"FBG132021","summer","FBG132021_2021-08-19",0,238
"6345","FBG","FBG14",2021,2021-08-19,2021-09-02,14,"FBG142021","summer","FBG142021_2021-08-19",1,238
"6346","FBG","FBG15",2021,2021-08-19,2021-09-02,14,"FBG152021","summer","FBG152021_2021-08-19",0,238
"6347","FBG","FBG16",2021,2021-08-19,2021-09-02,14,"FBG162021","summer","FBG162021_2021-08-19",3,238
