"","landscape","site","year","StartDate","EndDate","QC","exposure","uniqueID","season","sample_ID","honey.bee.abund","mean.sampling.date","richness","total.abundance"
"1","FBG","FBG01",2010,2010-05-02,2010-05-17,0,15,"FBG012010","spring","FBG012010_2010-05-02",0,129.5,25,80
"2","FBG","FBG02",2010,2010-05-02,2010-05-17,0,15,"FBG022010","spring","FBG022010_2010-05-02",1,129.5,20,78
"3","FBG","FBG03",2010,2010-05-02,2010-05-17,0,15,"FBG032010","spring","FBG032010_2010-05-02",0,129.5,9,28
"4","FBG","FBG04",2010,2010-05-02,2010-05-17,0,15,"FBG042010","spring","FBG042010_2010-05-02",0,129.5,6,28
"5","FBG","FBG05",2010,2010-05-02,2010-05-17,0,15,"FBG052010","spring","FBG052010_2010-05-02",0,129.5,19,70
"6","FBG","FBG06",2010,2010-05-02,2010-05-17,0,15,"FBG062010","spring","FBG062010_2010-05-02",0,129.5,15,45
"7","FBG","FBG07",2010,2010-05-02,2010-05-17,0,15,"FBG072010","spring","FBG072010_2010-05-02",0,129.5,21,67
"8","FBG","FBG08",2010,2010-05-02,2010-05-17,0,15,"FBG082010","spring","FBG082010_2010-05-02",1,129.5,7,12
"9","FBG","FBG09",2010,2010-05-02,2010-05-17,0,15,"FBG092010","spring","FBG092010_2010-05-02",0,129.5,22,74
"10","FBG","FBG10",2010,2010-05-02,2010-05-17,0,15,"FBG102010","spring","FBG102010_2010-05-02",0,129.5,20,76
"11","FBG","FBG11",2010,2010-05-02,2010-05-17,0,15,"FBG112010","spring","FBG112010_2010-05-02",2,129.5,17,63
"12","FBG","FBG12",2010,2010-05-02,2010-05-17,0,15,"FBG122010","spring","FBG122010_2010-05-02",0,129.5,12,18
"13","FBG","FBG13",2010,2010-05-02,2010-05-17,0,15,"FBG132010","spring","FBG132010_2010-05-02",0,129.5,19,95
"14","FBG","FBG14",2010,2010-05-02,2010-05-17,0,15,"FBG142010","spring","FBG142010_2010-05-02",0,129.5,15,33
"15","FBG","FBG15",2010,2010-05-02,2010-05-17,0,15,"FBG152010","spring","FBG152010_2010-05-02",0,129.5,7,11
"16","FBG","FBG16",2010,2010-05-02,2010-05-17,0,15,"FBG162010","spring","FBG162010_2010-05-02",0,129.5,24,63
"17","SST","SST01",2010,2010-05-02,2010-05-17,0,15,"SST012010","spring","SST012010_2010-05-02",0,129.5,13,40
"18","SST","SST02",2010,2010-05-02,2010-05-17,0,15,"SST022010","spring","SST022010_2010-05-02",0,129.5,7,20
"19","SST","SST03",2010,2010-05-02,2010-05-17,0,15,"SST032010","spring","SST032010_2010-05-02",0,129.5,2,4
"20","SST","SST04",2010,2010-05-02,2010-05-17,0,15,"SST042010","spring","SST042010_2010-05-02",0,129.5,6,11
"21","SST","SST05",2010,2010-05-02,2010-05-17,0,15,"SST052010","spring","SST052010_2010-05-02",0,129.5,12,37
"22","SST","SST06",2010,2010-05-02,2010-05-17,0,15,"SST062010","spring","SST062010_2010-05-02",0,129.5,20,155
"23","SST","SST07",2010,2010-05-02,2010-05-17,0,15,"SST072010","spring","SST072010_2010-05-02",0,129.5,8,33
"24","SST","SST08",2010,2010-05-02,2010-05-17,0,15,"SST082010","spring","SST082010_2010-05-02",0,129.5,12,29
"25","SST","SST09",2010,2010-05-02,2010-05-17,0,15,"SST092010","spring","SST092010_2010-05-02",0,129.5,19,260
"26","SST","SST10",2010,2010-05-02,2010-05-17,0,15,"SST102010","spring","SST102010_2010-05-02",0,129.5,8,38
"27","SST","SST11",2010,2010-05-02,2010-05-17,0,15,"SST112010","spring","SST112010_2010-05-02",0,129.5,6,39
"28","SST","SST13",2010,2010-05-02,2010-05-17,0,15,"SST132010","spring","SST132010_2010-05-02",1,129.5,28,314
"29","SST","SST14",2010,2010-05-02,2010-05-17,0,15,"SST142010","spring","SST142010_2010-05-02",0,129.5,7,39
"30","SST","SST15",2010,2010-05-02,2010-05-17,0,15,"SST152010","spring","SST152010_2010-05-02",0,129.5,12,69
"31","SST","SST16",2010,2010-05-02,2010-05-17,0,15,"SST162010","spring","SST162010_2010-05-02",0,129.5,9,65
"32","FBG","FBG01",2010,2010-05-17,2010-05-24,0,7,"FBG012010","spring","FBG012010_2010-05-17",0,140.5,13,29
"33","FBG","FBG02",2010,2010-05-17,2010-05-24,0,7,"FBG022010","spring","FBG022010_2010-05-17",0,140.5,17,21
"34","FBG","FBG04",2010,2010-05-17,2010-05-24,0,7,"FBG042010","spring","FBG042010_2010-05-17",0,140.5,7,32
"35","FBG","FBG07",2010,2010-05-17,2010-05-24,0,7,"FBG072010","spring","FBG072010_2010-05-17",1,140.5,5,8
"36","FBG","FBG08",2010,2010-05-17,2010-05-24,0,7,"FBG082010","spring","FBG082010_2010-05-17",0,140.5,7,13
"37","FBG","FBG09",2010,2010-05-17,2010-05-24,0,7,"FBG092010","spring","FBG092010_2010-05-17",0,140.5,26,42
"38","FBG","FBG10",2010,2010-05-17,2010-05-24,0,7,"FBG102010","spring","FBG102010_2010-05-17",0,140.5,15,20
"39","FBG","FBG11",2010,2010-05-17,2010-05-24,0,7,"FBG112010","spring","FBG112010_2010-05-17",1,140.5,9,68
"40","FBG","FBG12",2010,2010-05-17,2010-05-24,0,7,"FBG122010","spring","FBG122010_2010-05-17",0,140.5,4,4
"41","FBG","FBG13",2010,2010-05-17,2010-05-24,0,7,"FBG132010","spring","FBG132010_2010-05-17",1,140.5,17,54
"42","FBG","FBG14",2010,2010-05-17,2010-05-24,0,7,"FBG142010","spring","FBG142010_2010-05-17",1,140.5,7,18
"43","FBG","FBG15",2010,2010-05-17,2010-05-24,0,7,"FBG152010","spring","FBG152010_2010-05-17",0,140.5,3,4
"44","FBG","FBG16",2010,2010-05-17,2010-05-24,0,7,"FBG162010","spring","FBG162010_2010-05-17",0,140.5,11,20
"45","SST","SST01",2010,2010-05-17,2010-05-24,0,7,"SST012010","spring","SST012010_2010-05-17",0,140.5,3,3
"46","SST","SST02",2010,2010-05-17,2010-05-24,0,7,"SST022010","spring","SST022010_2010-05-17",0,140.5,5,5
"47","SST","SST03",2010,2010-05-17,2010-05-24,0,7,"SST032010","spring","SST032010_2010-05-17",0,140.5,3,3
"48","SST","SST04",2010,2010-05-17,2010-05-24,0,7,"SST042010","spring","SST042010_2010-05-17",0,140.5,3,7
"49","SST","SST05",2010,2010-05-17,2010-05-24,0,7,"SST052010","spring","SST052010_2010-05-17",0,140.5,8,17
"50","SST","SST06",2010,2010-05-17,2010-05-24,0,7,"SST062010","spring","SST062010_2010-05-17",0,140.5,7,10
"51","SST","SST07",2010,2010-05-17,2010-05-24,0,7,"SST072010","spring","SST072010_2010-05-17",0,140.5,3,5
"52","SST","SST08",2010,2010-05-17,2010-05-24,0,7,"SST082010","spring","SST082010_2010-05-17",0,140.5,12,20
"53","SST","SST09",2010,2010-05-17,2010-05-24,0,7,"SST092010","spring","SST092010_2010-05-17",0,140.5,7,26
"54","SST","SST10",2010,2010-05-17,2010-05-24,0,7,"SST102010","spring","SST102010_2010-05-17",0,140.5,5,17
"55","SST","SST11",2010,2010-05-17,2010-05-24,0,7,"SST112010","spring","SST112010_2010-05-17",0,140.5,8,18
"56","SST","SST12",2010,2010-05-17,2010-05-24,0,7,"SST122010","spring","SST122010_2010-05-17",1,140.5,3,11
"57","SST","SST13",2010,2010-05-17,2010-05-24,0,7,"SST132010","spring","SST132010_2010-05-17",0,140.5,10,49
"58","SST","SST14",2010,2010-05-17,2010-05-24,0,7,"SST142010","spring","SST142010_2010-05-17",0,140.5,6,10
"59","SST","SST15",2010,2010-05-17,2010-05-24,0,7,"SST152010","spring","SST152010_2010-05-17",0,140.5,8,21
"60","SST","SST16",2010,2010-05-17,2010-05-24,0,7,"SST162010","spring","SST162010_2010-05-17",0,140.5,11,29
"61","WAN","WAN01",2010,2010-05-03,2010-05-25,0,22,"WAN012010","spring","WAN012010_2010-05-03",0,134,12,38
"62","WAN","WAN02",2010,2010-05-03,2010-05-25,0,22,"WAN022010","spring","WAN022010_2010-05-03",0,134,13,43
"63","WAN","WAN03",2010,2010-05-03,2010-05-25,0,22,"WAN032010","spring","WAN032010_2010-05-03",0,134,12,21
"64","WAN","WAN04",2010,2010-05-03,2010-05-25,0,22,"WAN042010","spring","WAN042010_2010-05-03",0,134,6,22
"65","WAN","WAN05",2010,2010-05-03,2010-05-25,0,22,"WAN052010","spring","WAN052010_2010-05-03",0,134,6,39
"66","WAN","WAN06",2010,2010-05-03,2010-05-25,0,22,"WAN062010","spring","WAN062010_2010-05-03",0,134,14,40
"67","WAN","WAN07",2010,2010-05-03,2010-05-25,0,22,"WAN072010","spring","WAN072010_2010-05-03",0,134,8,11
"68","WAN","WAN09",2010,2010-05-03,2010-05-25,0,22,"WAN092010","spring","WAN092010_2010-05-03",0,134,22,160
"69","WAN","WAN10",2010,2010-05-03,2010-05-25,0,22,"WAN102010","spring","WAN102010_2010-05-03",0,134,9,42
"70","WAN","WAN12",2010,2010-05-03,2010-05-25,0,22,"WAN122010","spring","WAN122010_2010-05-03",0,134,18,48
"71","WAN","WAN14",2010,2010-05-03,2010-05-25,0,22,"WAN142010","spring","WAN142010_2010-05-03",0,134,10,20
"72","WAN","WAN15",2010,2010-05-03,2010-05-25,0,22,"WAN152010","spring","WAN152010_2010-05-03",1,134,13,37
"73","WAN","WAN16",2010,2010-05-03,2010-05-25,0,22,"WAN162010","spring","WAN162010_2010-05-03",0,134,28,91
"74","HAR","HAR01",2010,2010-05-11,2010-05-25,0,14,"HAR012010","spring","HAR012010_2010-05-11",0,138,13,22
"75","HAR","HAR02",2010,2010-05-11,2010-05-25,0,14,"HAR022010","spring","HAR022010_2010-05-11",0,138,11,23
"76","HAR","HAR04",2010,2010-05-11,2010-05-25,0,14,"HAR042010","spring","HAR042010_2010-05-11",1,138,6,18
"77","HAR","HAR06",2010,2010-05-11,2010-05-25,0,14,"HAR062010","spring","HAR062010_2010-05-11",4,138,18,41
"78","HAR","HAR08",2010,2010-05-11,2010-05-25,0,14,"HAR082010","spring","HAR082010_2010-05-11",0,138,3,10
"79","HAR","HAR10",2010,2010-05-11,2010-05-25,0,14,"HAR102010","spring","HAR102010_2010-05-11",1,138,17,43
"80","HAR","HAR11",2010,2010-05-11,2010-05-25,0,14,"HAR112010","spring","HAR112010_2010-05-11",0,138,18,44
"81","HAR","HAR12",2010,2010-05-11,2010-05-25,0,14,"HAR122010","spring","HAR122010_2010-05-11",0,138,6,23
"82","HAR","HAR15",2010,2010-05-11,2010-05-25,0,14,"HAR152010","spring","HAR152010_2010-05-11",6,138,12,23
"83","HAR","HAR16",2010,2010-05-11,2010-05-25,0,14,"HAR162010","spring","HAR162010_2010-05-11",3,138,14,29
"84","GFH","GFH02",2010,2010-05-04,2010-05-26,0,22,"GFH022010","spring","GFH022010_2010-05-04",2,135,5,27
"85","GFH","GFH03",2010,2010-05-04,2010-05-26,0,22,"GFH032010","spring","GFH032010_2010-05-04",0,135,16,31
"86","GFH","GFH04",2010,2010-05-04,2010-05-26,0,22,"GFH042010","spring","GFH042010_2010-05-04",3,135,8,10
"87","GFH","GFH05",2010,2010-05-04,2010-05-26,0,22,"GFH052010","spring","GFH052010_2010-05-04",0,135,9,35
"88","GFH","GFH07",2010,2010-05-04,2010-05-26,0,22,"GFH072010","spring","GFH072010_2010-05-04",0,135,7,15
"89","GFH","GFH08",2010,2010-05-04,2010-05-26,0,22,"GFH082010","spring","GFH082010_2010-05-04",0,135,12,22
"90","GFH","GFH09",2010,2010-05-04,2010-05-26,0,22,"GFH092010","spring","GFH092010_2010-05-04",0,135,5,6
"91","GFH","GFH11",2010,2010-05-04,2010-05-26,0,22,"GFH112010","spring","GFH112010_2010-05-04",1,135,17,34
"92","GFH","GFH12",2010,2010-05-04,2010-05-26,0,22,"GFH122010","spring","GFH122010_2010-05-04",0,135,10,11
"93","GFH","GFH13",2010,2010-05-04,2010-05-26,0,22,"GFH132010","spring","GFH132010_2010-05-04",4,135,4,5
"94","GFH","GFH14",2010,2010-05-04,2010-05-26,0,22,"GFH142010","spring","GFH142010_2010-05-04",0,135,21,33
"95","GFH","GFH15",2010,2010-05-04,2010-05-26,0,22,"GFH152010","spring","GFH152010_2010-05-04",0,135,13,23
"96","GFH","GFH16",2010,2010-05-04,2010-05-26,0,22,"GFH162010","spring","GFH162010_2010-05-04",0,135,21,44
"97","SIP","SIP01",2010,2010-05-04,2010-05-26,0,22,"SIP012010","spring","SIP012010_2010-05-04",3,135,9,43
"98","SIP","SIP02",2010,2010-05-04,2010-05-26,0,22,"SIP022010","spring","SIP022010_2010-05-04",0,135,9,15
"99","SIP","SIP03",2010,2010-05-04,2010-05-26,0,22,"SIP032010","spring","SIP032010_2010-05-04",0,135,6,9
"100","SIP","SIP06",2010,2010-05-04,2010-05-26,0,22,"SIP062010","spring","SIP062010_2010-05-04",2,135,11,47
"101","SIP","SIP07",2010,2010-05-04,2010-05-26,0,22,"SIP072010","spring","SIP072010_2010-05-04",0,135,6,7
"102","SIP","SIP08",2010,2010-05-04,2010-05-26,0,22,"SIP082010","spring","SIP082010_2010-05-04",0,135,8,10
"103","SIP","SIP09",2010,2010-05-04,2010-05-26,0,22,"SIP092010","spring","SIP092010_2010-05-04",0,135,5,7
"104","SIP","SIP10",2010,2010-05-04,2010-05-26,0,22,"SIP102010","spring","SIP102010_2010-05-04",0,135,4,11
"105","SIP","SIP11",2010,2010-05-04,2010-05-26,0,22,"SIP112010","spring","SIP112010_2010-05-04",0,135,5,11
"106","SIP","SIP12",2010,2010-05-04,2010-05-26,0,22,"SIP122010","spring","SIP122010_2010-05-04",0,135,6,11
"107","SIP","SIP13",2010,2010-05-04,2010-05-26,0,22,"SIP132010","spring","SIP132010_2010-05-04",0,135,11,14
"108","SIP","SIP15",2010,2010-05-04,2010-05-26,0,22,"SIP152010","spring","SIP152010_2010-05-04",0,135,5,8
"109","SIP","SIP16",2010,2010-05-04,2010-05-26,0,22,"SIP162010","spring","SIP162010_2010-05-04",1,135,5,8
"110","FBG","FBG01",2010,2010-05-24,2010-06-07,0,14,"FBG012010","spring","FBG012010_2010-05-24",2,151,16,24
"111","FBG","FBG02",2010,2010-05-24,2010-06-07,0,14,"FBG022010","spring","FBG022010_2010-05-24",5,151,23,51
"112","FBG","FBG04",2010,2010-05-24,2010-06-07,0,14,"FBG042010","spring","FBG042010_2010-05-24",0,151,8,34
"113","FBG","FBG05",2010,2010-05-24,2010-06-07,0,14,"FBG052010","spring","FBG052010_2010-05-24",0,151,19,40
"114","FBG","FBG07",2010,2010-05-24,2010-06-07,0,14,"FBG072010","spring","FBG072010_2010-05-24",0,151,18,101
"115","FBG","FBG08",2010,2010-05-24,2010-06-07,0,14,"FBG082010","spring","FBG082010_2010-05-24",1,151,10,15
"116","FBG","FBG09",2010,2010-05-24,2010-06-07,0,14,"FBG092010","spring","FBG092010_2010-05-24",0,151,15,48
"117","FBG","FBG10",2010,2010-05-24,2010-06-07,0,14,"FBG102010","spring","FBG102010_2010-05-24",0,151,10,26
"118","FBG","FBG11",2010,2010-05-24,2010-06-07,0,14,"FBG112010","spring","FBG112010_2010-05-24",2,151,12,78
"119","FBG","FBG12",2010,2010-05-24,2010-06-07,0,14,"FBG122010","spring","FBG122010_2010-05-24",1,151,5,8
"120","FBG","FBG13",2010,2010-05-24,2010-06-07,0,14,"FBG132010","spring","FBG132010_2010-05-24",0,151,24,65
"121","FBG","FBG14",2010,2010-05-24,2010-06-07,0,14,"FBG142010","spring","FBG142010_2010-05-24",0,151,15,31
"122","FBG","FBG15",2010,2010-05-24,2010-06-07,0,14,"FBG152010","spring","FBG152010_2010-05-24",0,151,9,30
"123","FBG","FBG16",2010,2010-05-24,2010-06-07,0,14,"FBG162010","spring","FBG162010_2010-05-24",1,151,17,40
"124","SST","SST01",2010,2010-05-24,2010-06-07,0,14,"SST012010","spring","SST012010_2010-05-24",0,151,14,28
"125","SST","SST02",2010,2010-05-24,2010-06-07,0,14,"SST022010","spring","SST022010_2010-05-24",0,151,8,30
"126","SST","SST03",2010,2010-05-24,2010-06-07,0,14,"SST032010","spring","SST032010_2010-05-24",0,151,14,24
"127","SST","SST04",2010,2010-05-24,2010-06-07,0,14,"SST042010","spring","SST042010_2010-05-24",0,151,9,14
"128","SST","SST05",2010,2010-05-24,2010-06-07,0,14,"SST052010","spring","SST052010_2010-05-24",0,151,10,21
"129","SST","SST06",2010,2010-05-24,2010-06-07,0,14,"SST062010","spring","SST062010_2010-05-24",0,151,26,90
"130","SST","SST07",2010,2010-05-24,2010-06-07,0,14,"SST072010","spring","SST072010_2010-05-24",0,151,13,15
"131","SST","SST08",2010,2010-05-24,2010-06-07,0,14,"SST082010","spring","SST082010_2010-05-24",0,151,11,30
"132","SST","SST09",2010,2010-05-24,2010-06-07,0,14,"SST092010","spring","SST092010_2010-05-24",0,151,22,56
"133","SST","SST10",2010,2010-05-24,2010-06-07,0,14,"SST102010","spring","SST102010_2010-05-24",0,151,16,67
"134","SST","SST11",2010,2010-05-24,2010-06-07,0,14,"SST112010","spring","SST112010_2010-05-24",0,151,7,34
"135","SST","SST12",2010,2010-05-24,2010-06-07,0,14,"SST122010","spring","SST122010_2010-05-24",0,151,14,28
"136","SST","SST13",2010,2010-05-24,2010-06-07,0,14,"SST132010","spring","SST132010_2010-05-24",0,151,22,76
"137","SST","SST14",2010,2010-05-24,2010-06-07,0,14,"SST142010","spring","SST142010_2010-05-24",0,151,6,36
"138","SST","SST15",2010,2010-05-24,2010-06-07,0,14,"SST152010","spring","SST152010_2010-05-24",2,151,16,56
"139","SST","SST16",2010,2010-05-24,2010-06-07,0,14,"SST162010","spring","SST162010_2010-05-24",0,151,8,20
"140","FBG","FBG01",2011,2011-05-02,2011-05-16,0,14,"FBG012011","spring","FBG012011_2011-05-02",4,129,19,62
"141","FBG","FBG02",2011,2011-05-02,2011-05-16,0,14,"FBG022011","spring","FBG022011_2011-05-02",0,129,22,46
"142","FBG","FBG03",2011,2011-05-02,2011-05-16,0,14,"FBG032011","spring","FBG032011_2011-05-02",1,129,9,22
"143","FBG","FBG04",2011,2011-05-02,2011-05-16,0,14,"FBG042011","spring","FBG042011_2011-05-02",0,129,11,21
"144","FBG","FBG05",2011,2011-05-02,2011-05-16,0,14,"FBG052011","spring","FBG052011_2011-05-02",1,129,23,41
"145","FBG","FBG06",2011,2011-05-02,2011-05-16,0,14,"FBG062011","spring","FBG062011_2011-05-02",0,129,12,25
"146","FBG","FBG07",2011,2011-05-02,2011-05-16,0,14,"FBG072011","spring","FBG072011_2011-05-02",0,129,14,39
"147","FBG","FBG08",2011,2011-05-02,2011-05-16,0,14,"FBG082011","spring","FBG082011_2011-05-02",1,129,15,30
"148","FBG","FBG09",2011,2011-05-02,2011-05-16,0,14,"FBG092011","spring","FBG092011_2011-05-02",0,129,20,36
"149","FBG","FBG10",2011,2011-05-02,2011-05-16,0,14,"FBG102011","spring","FBG102011_2011-05-02",2,129,10,27
"150","FBG","FBG11",2011,2011-05-02,2011-05-16,0,14,"FBG112011","spring","FBG112011_2011-05-02",1,129,12,50
"151","FBG","FBG12",2011,2011-05-02,2011-05-16,0,14,"FBG122011","spring","FBG122011_2011-05-02",0,129,2,9
"152","FBG","FBG13",2011,2011-05-02,2011-05-16,0,14,"FBG132011","spring","FBG132011_2011-05-02",24,129,20,67
"153","FBG","FBG14",2011,2011-05-02,2011-05-16,0,14,"FBG142011","spring","FBG142011_2011-05-02",15,129,22,68
"154","FBG","FBG16",2011,2011-05-02,2011-05-16,0,14,"FBG162011","spring","FBG162011_2011-05-02",0,129,5,7
"155","SST","SST02",2011,2011-05-02,2011-05-16,0,14,"SST022011","spring","SST022011_2011-05-02",0,129,10,13
"156","SST","SST03",2011,2011-05-02,2011-05-16,0,14,"SST032011","spring","SST032011_2011-05-02",0,129,21,87
"157","SST","SST05",2011,2011-05-02,2011-05-16,0,14,"SST052011","spring","SST052011_2011-05-02",0,129,11,24
"158","SST","SST06",2011,2011-05-02,2011-05-16,0,14,"SST062011","spring","SST062011_2011-05-02",0,129,15,36
"159","SST","SST07",2011,2011-05-02,2011-05-16,0,14,"SST072011","spring","SST072011_2011-05-02",0,129,8,10
"160","SST","SST08",2011,2011-05-02,2011-05-16,0,14,"SST082011","spring","SST082011_2011-05-02",0,129,14,28
"161","SST","SST09",2011,2011-05-02,2011-05-16,0,14,"SST092011","spring","SST092011_2011-05-02",0,129,11,20
"162","SST","SST10",2011,2011-05-02,2011-05-16,0,14,"SST102011","spring","SST102011_2011-05-02",0,129,14,41
"163","SST","SST11",2011,2011-05-02,2011-05-16,0,14,"SST112011","spring","SST112011_2011-05-02",0,129,9,10
"164","SST","SST12",2011,2011-05-02,2011-05-16,0,14,"SST122011","spring","SST122011_2011-05-02",0,129,13,34
"165","SST","SST13",2011,2011-05-02,2011-05-16,0,14,"SST132011","spring","SST132011_2011-05-02",1,129,12,49
"166","SST","SST14",2011,2011-05-02,2011-05-16,0,14,"SST142011","spring","SST142011_2011-05-02",0,129,5,19
"167","SST","SST15",2011,2011-05-02,2011-05-16,0,14,"SST152011","spring","SST152011_2011-05-02",0,129,3,5
"168","SST","SST16",2011,2011-05-02,2011-05-16,0,14,"SST162011","spring","SST162011_2011-05-02",0,129,9,21
"169","HAR","HAR01",2011,2011-05-03,2011-05-17,0,14,"HAR012011","spring","HAR012011_2011-05-03",1,130,8,13
"170","HAR","HAR02",2011,2011-05-03,2011-05-17,0,14,"HAR022011","spring","HAR022011_2011-05-03",0,130,10,26
"171","HAR","HAR03",2011,2011-05-03,2011-05-17,0,14,"HAR032011","spring","HAR032011_2011-05-03",1,130,6,7
"172","HAR","HAR04",2011,2011-05-03,2011-05-17,0,14,"HAR042011","spring","HAR042011_2011-05-03",0,130,7,17
"173","HAR","HAR05",2011,2011-05-03,2011-05-17,0,14,"HAR052011","spring","HAR052011_2011-05-03",2,130,15,30
"174","HAR","HAR06",2011,2011-05-03,2011-05-17,0,14,"HAR062011","spring","HAR062011_2011-05-03",2,130,9,18
"175","HAR","HAR07",2011,2011-05-03,2011-05-17,0,14,"HAR072011","spring","HAR072011_2011-05-03",0,130,3,15
"176","HAR","HAR08",2011,2011-05-03,2011-05-17,0,14,"HAR082011","spring","HAR082011_2011-05-03",1,130,8,20
"177","HAR","HAR09",2011,2011-05-03,2011-05-17,0,14,"HAR092011","spring","HAR092011_2011-05-03",2,130,15,19
"178","HAR","HAR10",2011,2011-05-03,2011-05-17,0,14,"HAR102011","spring","HAR102011_2011-05-03",0,130,14,40
"179","HAR","HAR11",2011,2011-05-03,2011-05-17,0,14,"HAR112011","spring","HAR112011_2011-05-03",5,130,10,14
"180","HAR","HAR12",2011,2011-05-03,2011-05-17,0,14,"HAR122011","spring","HAR122011_2011-05-03",2,130,17,62
"181","HAR","HAR13",2011,2011-05-03,2011-05-17,0,14,"HAR132011","spring","HAR132011_2011-05-03",0,130,2,7
"182","HAR","HAR14",2011,2011-05-03,2011-05-17,0,14,"HAR142011","spring","HAR142011_2011-05-03",2,130,7,18
"183","HAR","HAR15",2011,2011-05-03,2011-05-17,0,14,"HAR152011","spring","HAR152011_2011-05-03",3,130,11,18
"184","HAR","HAR16",2011,2011-05-03,2011-05-17,0,14,"HAR162011","spring","HAR162011_2011-05-03",40,130,11,22
"185","WAN","WAN01",2011,2011-05-03,2011-05-17,0,14,"WAN012011","spring","WAN012011_2011-05-03",0,130,19,52
"186","WAN","WAN02",2011,2011-05-03,2011-05-17,0,14,"WAN022011","spring","WAN022011_2011-05-03",0,130,10,25
"187","WAN","WAN03",2011,2011-05-03,2011-05-17,0,14,"WAN032011","spring","WAN032011_2011-05-03",2,130,7,13
"188","WAN","WAN04",2011,2011-05-03,2011-05-17,0,14,"WAN042011","spring","WAN042011_2011-05-03",47,130,18,37
"189","WAN","WAN05",2011,2011-05-03,2011-05-17,0,14,"WAN052011","spring","WAN052011_2011-05-03",0,130,8,14
"190","WAN","WAN06",2011,2011-05-03,2011-05-17,0,14,"WAN062011","spring","WAN062011_2011-05-03",0,130,7,9
"191","WAN","WAN07",2011,2011-05-03,2011-05-17,0,14,"WAN072011","spring","WAN072011_2011-05-03",0,130,17,37
"192","WAN","WAN08",2011,2011-05-03,2011-05-17,0,14,"WAN082011","spring","WAN082011_2011-05-03",0,130,11,15
"193","WAN","WAN09",2011,2011-05-03,2011-05-17,0,14,"WAN092011","spring","WAN092011_2011-05-03",2,130,20,70
"194","WAN","WAN10",2011,2011-05-03,2011-05-17,0,14,"WAN102011","spring","WAN102011_2011-05-03",1,130,3,6
"195","WAN","WAN11",2011,2011-05-03,2011-05-17,0,14,"WAN112011","spring","WAN112011_2011-05-03",1,130,3,4
"196","WAN","WAN12",2011,2011-05-03,2011-05-17,0,14,"WAN122011","spring","WAN122011_2011-05-03",1,130,4,10
"197","WAN","WAN13",2011,2011-05-03,2011-05-17,0,14,"WAN132011","spring","WAN132011_2011-05-03",1,130,3,6
"198","WAN","WAN14",2011,2011-05-03,2011-05-17,0,14,"WAN142011","spring","WAN142011_2011-05-03",0,130,4,7
"199","WAN","WAN15",2011,2011-05-03,2011-05-17,0,14,"WAN152011","spring","WAN152011_2011-05-03",0,130,7,18
"200","WAN","WAN16",2011,2011-05-03,2011-05-17,0,14,"WAN162011","spring","WAN162011_2011-05-03",0,130,17,29
"201","GFH","GFH01",2011,2011-05-04,2011-05-18,0,14,"GFH012011","spring","GFH012011_2011-05-04",0,131,2,3
"202","GFH","GFH02",2011,2011-05-04,2011-05-18,0,14,"GFH022011","spring","GFH022011_2011-05-04",1,131,9,39
"203","GFH","GFH03",2011,2011-05-04,2011-05-18,0,14,"GFH032011","spring","GFH032011_2011-05-04",0,131,13,30
"204","GFH","GFH05",2011,2011-05-04,2011-05-18,0,14,"GFH052011","spring","GFH052011_2011-05-04",0,131,10,18
"205","GFH","GFH06",2011,2011-05-04,2011-05-18,0,14,"GFH062011","spring","GFH062011_2011-05-04",0,131,4,6
"206","GFH","GFH07",2011,2011-05-04,2011-05-18,0,14,"GFH072011","spring","GFH072011_2011-05-04",1,131,7,8
"207","GFH","GFH08",2011,2011-05-04,2011-05-18,0,14,"GFH082011","spring","GFH082011_2011-05-04",0,131,6,7
"208","GFH","GFH10",2011,2011-05-04,2011-05-18,0,14,"GFH102011","spring","GFH102011_2011-05-04",2,131,10,15
"209","GFH","GFH11",2011,2011-05-04,2011-05-18,0,14,"GFH112011","spring","GFH112011_2011-05-04",1,131,9,12
"210","GFH","GFH12",2011,2011-05-04,2011-05-18,0,14,"GFH122011","spring","GFH122011_2011-05-04",1,131,7,10
"211","GFH","GFH13",2011,2011-05-04,2011-05-18,0,14,"GFH132011","spring","GFH132011_2011-05-04",1,131,3,3
"212","GFH","GFH14",2011,2011-05-04,2011-05-18,0,14,"GFH142011","spring","GFH142011_2011-05-04",3,131,8,11
"213","GFH","GFH15",2011,2011-05-04,2011-05-18,0,14,"GFH152011","spring","GFH152011_2011-05-04",4,131,8,9
"214","GFH","GFH16",2011,2011-05-04,2011-05-18,0,14,"GFH162011","spring","GFH162011_2011-05-04",0,131,5,10
"215","SIP","SIP01",2011,2011-05-04,2011-05-18,0,14,"SIP012011","spring","SIP012011_2011-05-04",0,131,5,10
"216","SIP","SIP02",2011,2011-05-04,2011-05-18,0,14,"SIP022011","spring","SIP022011_2011-05-04",0,131,17,30
"217","SIP","SIP05",2011,2011-05-04,2011-05-18,0,14,"SIP052011","spring","SIP052011_2011-05-04",0,131,6,10
"218","SIP","SIP06",2011,2011-05-04,2011-05-18,0,14,"SIP062011","spring","SIP062011_2011-05-04",1,131,7,11
"219","SIP","SIP07",2011,2011-05-04,2011-05-18,0,14,"SIP072011","spring","SIP072011_2011-05-04",0,131,11,21
"220","SIP","SIP08",2011,2011-05-04,2011-05-18,0,14,"SIP082011","spring","SIP082011_2011-05-04",0,131,8,19
"221","SIP","SIP09",2011,2011-05-04,2011-05-18,0,14,"SIP092011","spring","SIP092011_2011-05-04",0,131,6,18
"222","SIP","SIP10",2011,2011-05-04,2011-05-18,0,14,"SIP102011","spring","SIP102011_2011-05-04",0,131,9,24
"223","SIP","SIP11",2011,2011-05-04,2011-05-18,0,14,"SIP112011","spring","SIP112011_2011-05-04",0,131,6,18
"224","SIP","SIP12",2011,2011-05-04,2011-05-18,0,14,"SIP122011","spring","SIP122011_2011-05-04",0,131,4,4
"225","SIP","SIP13",2011,2011-05-04,2011-05-18,0,14,"SIP132011","spring","SIP132011_2011-05-04",0,131,11,14
"226","SIP","SIP14",2011,2011-05-04,2011-05-18,0,14,"SIP142011","spring","SIP142011_2011-05-04",0,131,6,10
"227","SIP","SIP15",2011,2011-05-04,2011-05-18,0,14,"SIP152011","spring","SIP152011_2011-05-04",0,131,8,14
"228","SIP","SIP16",2011,2011-05-04,2011-05-18,0,14,"SIP162011","spring","SIP162011_2011-05-04",0,131,9,22
"229","FBG","FBG02",2011,2011-05-16,2011-05-30,0,14,"FBG022011","spring","FBG022011_2011-05-16",16,143,19,37
"230","FBG","FBG03",2011,2011-05-16,2011-05-30,0,14,"FBG032011","spring","FBG032011_2011-05-16",2,143,6,9
"231","FBG","FBG05",2011,2011-05-16,2011-05-30,0,14,"FBG052011","spring","FBG052011_2011-05-16",1,143,18,23
"232","FBG","FBG06",2011,2011-05-16,2011-05-30,0,14,"FBG062011","spring","FBG062011_2011-05-16",0,143,12,23
"233","FBG","FBG07",2011,2011-05-16,2011-05-30,0,14,"FBG072011","spring","FBG072011_2011-05-16",5,143,15,27
"234","FBG","FBG08",2011,2011-05-16,2011-05-30,0,14,"FBG082011","spring","FBG082011_2011-05-16",11,143,13,22
"235","FBG","FBG09",2011,2011-05-16,2011-05-30,0,14,"FBG092011","spring","FBG092011_2011-05-16",8,143,17,25
"236","FBG","FBG10",2011,2011-05-16,2011-05-30,0,14,"FBG102011","spring","FBG102011_2011-05-16",1,143,14,36
"237","FBG","FBG12",2011,2011-05-16,2011-05-30,0,14,"FBG122011","spring","FBG122011_2011-05-16",0,143,5,7
"238","FBG","FBG13",2011,2011-05-16,2011-05-30,0,14,"FBG132011","spring","FBG132011_2011-05-16",12,143,14,49
"239","FBG","FBG14",2011,2011-05-16,2011-05-30,0,14,"FBG142011","spring","FBG142011_2011-05-16",1,143,19,43
"240","FBG","FBG15",2011,2011-05-16,2011-05-30,0,14,"FBG152011","spring","FBG152011_2011-05-16",3,143,8,15
"241","FBG","FBG16",2011,2011-05-16,2011-05-30,0,14,"FBG162011","spring","FBG162011_2011-05-16",7,143,7,11
"242","SST","SST02",2011,2011-05-16,2011-05-30,0,14,"SST022011","spring","SST022011_2011-05-16",0,143,10,19
"243","SST","SST03",2011,2011-05-16,2011-05-30,0,14,"SST032011","spring","SST032011_2011-05-16",0,143,15,52
"244","SST","SST04",2011,2011-05-16,2011-05-30,0,14,"SST042011","spring","SST042011_2011-05-16",1,143,9,20
"245","SST","SST05",2011,2011-05-16,2011-05-30,0,14,"SST052011","spring","SST052011_2011-05-16",0,143,10,23
"246","SST","SST06",2011,2011-05-16,2011-05-30,0,14,"SST062011","spring","SST062011_2011-05-16",0,143,7,15
"247","SST","SST07",2011,2011-05-16,2011-05-30,0,14,"SST072011","spring","SST072011_2011-05-16",0,143,8,10
"248","SST","SST08",2011,2011-05-16,2011-05-30,0,14,"SST082011","spring","SST082011_2011-05-16",0,143,6,10
"249","SST","SST09",2011,2011-05-16,2011-05-30,0,14,"SST092011","spring","SST092011_2011-05-16",0,143,17,37
"250","SST","SST11",2011,2011-05-16,2011-05-30,0,14,"SST112011","spring","SST112011_2011-05-16",1,143,13,24
"251","SST","SST12",2011,2011-05-16,2011-05-30,0,14,"SST122011","spring","SST122011_2011-05-16",0,143,8,13
"252","SST","SST13",2011,2011-05-16,2011-05-30,0,14,"SST132011","spring","SST132011_2011-05-16",0,143,13,45
"253","SST","SST14",2011,2011-05-16,2011-05-30,0,14,"SST142011","spring","SST142011_2011-05-16",0,143,9,25
"254","SST","SST15",2011,2011-05-16,2011-05-30,0,14,"SST152011","spring","SST152011_2011-05-16",0,143,14,16
"255","SST","SST16",2011,2011-05-16,2011-05-30,0,14,"SST162011","spring","SST162011_2011-05-16",0,143,4,6
"256","HAR","HAR01",2011,2011-05-17,2011-05-31,0,14,"HAR012011","spring","HAR012011_2011-05-17",1,144,9,10
"257","HAR","HAR02",2011,2011-05-17,2011-05-31,0,14,"HAR022011","spring","HAR022011_2011-05-17",2,144,17,50
"258","HAR","HAR03",2011,2011-05-17,2011-05-31,0,14,"HAR032011","spring","HAR032011_2011-05-17",1,144,2,6
"259","HAR","HAR06",2011,2011-05-17,2011-05-31,0,14,"HAR062011","spring","HAR062011_2011-05-17",6,144,9,18
"260","HAR","HAR08",2011,2011-05-17,2011-05-31,0,14,"HAR082011","spring","HAR082011_2011-05-17",1,144,9,18
"261","HAR","HAR09",2011,2011-05-17,2011-05-31,0,14,"HAR092011","spring","HAR092011_2011-05-17",10,144,8,13
"262","HAR","HAR11",2011,2011-05-17,2011-05-31,0,14,"HAR112011","spring","HAR112011_2011-05-17",1,144,11,14
"263","HAR","HAR12",2011,2011-05-17,2011-05-31,0,14,"HAR122011","spring","HAR122011_2011-05-17",5,144,7,13
"264","HAR","HAR13",2011,2011-05-17,2011-05-31,0,14,"HAR132011","spring","HAR132011_2011-05-17",0,144,3,3
"265","HAR","HAR14",2011,2011-05-17,2011-05-31,0,14,"HAR142011","spring","HAR142011_2011-05-17",4,144,7,13
"266","HAR","HAR15",2011,2011-05-17,2011-05-31,0,14,"HAR152011","spring","HAR152011_2011-05-17",7,144,8,12
"267","HAR","HAR16",2011,2011-05-17,2011-05-31,0,14,"HAR162011","spring","HAR162011_2011-05-17",265,144,9,23
"268","WAN","WAN01",2011,2011-05-17,2011-05-31,0,14,"WAN012011","spring","WAN012011_2011-05-17",4,144,15,26
"269","WAN","WAN02",2011,2011-05-17,2011-05-31,0,14,"WAN022011","spring","WAN022011_2011-05-17",4,144,7,18
"270","WAN","WAN03",2011,2011-05-17,2011-05-31,0,14,"WAN032011","spring","WAN032011_2011-05-17",4,144,9,18
"271","WAN","WAN04",2011,2011-05-17,2011-05-31,0,14,"WAN042011","spring","WAN042011_2011-05-17",48,144,15,33
"272","WAN","WAN05",2011,2011-05-17,2011-05-31,0,14,"WAN052011","spring","WAN052011_2011-05-17",0,144,8,13
"273","WAN","WAN06",2011,2011-05-17,2011-05-31,0,14,"WAN062011","spring","WAN062011_2011-05-17",1,144,6,7
"274","WAN","WAN07",2011,2011-05-17,2011-05-31,0,14,"WAN072011","spring","WAN072011_2011-05-17",5,144,10,10
"275","WAN","WAN08",2011,2011-05-17,2011-05-31,0,14,"WAN082011","spring","WAN082011_2011-05-17",14,144,12,12
"276","WAN","WAN09",2011,2011-05-17,2011-05-31,0,14,"WAN092011","spring","WAN092011_2011-05-17",2,144,10,21
"277","WAN","WAN10",2011,2011-05-17,2011-05-31,0,14,"WAN102011","spring","WAN102011_2011-05-17",1,144,7,7
"278","WAN","WAN11",2011,2011-05-17,2011-05-31,0,14,"WAN112011","spring","WAN112011_2011-05-17",0,144,4,4
"279","WAN","WAN12",2011,2011-05-17,2011-05-31,0,14,"WAN122011","spring","WAN122011_2011-05-17",1,144,9,11
"280","WAN","WAN14",2011,2011-05-17,2011-05-31,0,14,"WAN142011","spring","WAN142011_2011-05-17",0,144,2,4
"281","WAN","WAN15",2011,2011-05-17,2011-05-31,0,14,"WAN152011","spring","WAN152011_2011-05-17",0,144,7,12
"282","WAN","WAN16",2011,2011-05-17,2011-05-31,0,14,"WAN162011","spring","WAN162011_2011-05-17",3,144,10,12
"283","GFH","GFH01",2011,2011-05-18,2011-06-01,0,14,"GFH012011","spring","GFH012011_2011-05-18",0,145,3,4
"284","GFH","GFH03",2011,2011-05-18,2011-06-01,0,14,"GFH032011","spring","GFH032011_2011-05-18",2,145,8,8
"285","GFH","GFH04",2011,2011-05-18,2011-06-01,0,14,"GFH042011","spring","GFH042011_2011-05-18",0,145,14,27
"286","GFH","GFH05",2011,2011-05-18,2011-06-01,0,14,"GFH052011","spring","GFH052011_2011-05-18",0,145,13,21
"287","GFH","GFH06",2011,2011-05-18,2011-06-01,0,14,"GFH062011","spring","GFH062011_2011-05-18",0,145,2,2
"288","GFH","GFH07",2011,2011-05-18,2011-06-01,0,14,"GFH072011","spring","GFH072011_2011-05-18",2,145,5,5
"289","GFH","GFH08",2011,2011-05-18,2011-06-01,0,14,"GFH082011","spring","GFH082011_2011-05-18",2,145,7,9
"290","GFH","GFH09",2011,2011-05-18,2011-06-01,0,14,"GFH092011","spring","GFH092011_2011-05-18",1,145,3,5
"291","GFH","GFH10",2011,2011-05-18,2011-06-01,0,14,"GFH102011","spring","GFH102011_2011-05-18",0,145,6,7
"292","GFH","GFH11",2011,2011-05-18,2011-06-01,0,14,"GFH112011","spring","GFH112011_2011-05-18",0,145,6,15
"293","GFH","GFH12",2011,2011-05-18,2011-06-01,0,14,"GFH122011","spring","GFH122011_2011-05-18",1,145,7,7
"294","GFH","GFH13",2011,2011-05-18,2011-06-01,0,14,"GFH132011","spring","GFH132011_2011-05-18",0,145,8,11
"295","GFH","GFH14",2011,2011-05-18,2011-06-01,0,14,"GFH142011","spring","GFH142011_2011-05-18",0,145,3,4
"296","GFH","GFH15",2011,2011-05-18,2011-06-01,0,14,"GFH152011","spring","GFH152011_2011-05-18",4,145,10,16
"297","SIP","SIP01",2011,2011-05-18,2011-06-01,0,14,"SIP012011","spring","SIP012011_2011-05-18",0,145,14,26
"298","SIP","SIP02",2011,2011-05-18,2011-06-01,0,14,"SIP022011","spring","SIP022011_2011-05-18",0,145,19,26
"299","SIP","SIP03",2011,2011-05-18,2011-06-01,0,14,"SIP032011","spring","SIP032011_2011-05-18",0,145,10,16
"300","SIP","SIP05",2011,2011-05-18,2011-06-01,0,14,"SIP052011","spring","SIP052011_2011-05-18",0,145,4,6
"301","SIP","SIP06",2011,2011-05-18,2011-06-01,0,14,"SIP062011","spring","SIP062011_2011-05-18",0,145,6,10
"302","SIP","SIP08",2011,2011-05-18,2011-06-01,0,14,"SIP082011","spring","SIP082011_2011-05-18",0,145,11,18
"303","SIP","SIP09",2011,2011-05-18,2011-06-01,0,14,"SIP092011","spring","SIP092011_2011-05-18",0,145,8,13
"304","SIP","SIP10",2011,2011-05-18,2011-06-01,0,14,"SIP102011","spring","SIP102011_2011-05-18",1,145,9,11
"305","SIP","SIP11",2011,2011-05-18,2011-06-01,0,14,"SIP112011","spring","SIP112011_2011-05-18",1,145,9,13
"306","SIP","SIP12",2011,2011-05-18,2011-06-01,0,14,"SIP122011","spring","SIP122011_2011-05-18",0,145,7,7
"307","SIP","SIP13",2011,2011-05-18,2011-06-01,0,14,"SIP132011","spring","SIP132011_2011-05-18",0,145,7,12
"308","SIP","SIP14",2011,2011-05-18,2011-06-01,0,14,"SIP142011","spring","SIP142011_2011-05-18",0,145,9,21
"309","SIP","SIP15",2011,2011-05-18,2011-06-01,0,14,"SIP152011","spring","SIP152011_2011-05-18",1,145,9,14
"310","SIP","SIP16",2011,2011-05-18,2011-06-01,0,14,"SIP162011","spring","SIP162011_2011-05-18",0,145,10,20
"311","FBG","FBG01",2011,2011-05-30,2011-06-14,0,15,"FBG012011","spring","FBG012011_2011-05-30",2,157.5,23,36
"312","FBG","FBG02",2011,2011-05-30,2011-06-14,0,15,"FBG022011","spring","FBG022011_2011-05-30",4,157.5,26,78
"313","FBG","FBG03",2011,2011-05-30,2011-06-14,0,15,"FBG032011","spring","FBG032011_2011-05-30",4,157.5,6,22
"314","FBG","FBG04",2011,2011-05-30,2011-06-14,0,15,"FBG042011","spring","FBG042011_2011-05-30",20,157.5,12,58
"315","FBG","FBG05",2011,2011-05-30,2011-06-14,0,15,"FBG052011","spring","FBG052011_2011-05-30",2,157.5,29,80
"316","FBG","FBG07",2011,2011-05-30,2011-06-14,0,15,"FBG072011","spring","FBG072011_2011-05-30",2,157.5,20,108
"317","FBG","FBG08",2011,2011-05-30,2011-06-14,0,15,"FBG082011","spring","FBG082011_2011-05-30",1,157.5,11,64
"318","FBG","FBG09",2011,2011-05-30,2011-06-14,0,15,"FBG092011","spring","FBG092011_2011-05-30",21,157.5,17,55
"319","FBG","FBG10",2011,2011-05-30,2011-06-14,0,15,"FBG102011","spring","FBG102011_2011-05-30",3,157.5,9,29
"320","FBG","FBG11",2011,2011-05-30,2011-06-14,0,15,"FBG112011","spring","FBG112011_2011-05-30",2,157.5,13,21
"321","FBG","FBG13",2011,2011-05-30,2011-06-14,0,15,"FBG132011","spring","FBG132011_2011-05-30",20,157.5,17,89
"322","FBG","FBG14",2011,2011-05-30,2011-06-14,0,15,"FBG142011","spring","FBG142011_2011-05-30",3,157.5,20,33
"323","FBG","FBG15",2011,2011-05-30,2011-06-14,0,15,"FBG152011","spring","FBG152011_2011-05-30",7,157.5,16,52
"324","FBG","FBG16",2011,2011-05-30,2011-06-14,0,15,"FBG162011","spring","FBG162011_2011-05-30",10,157.5,12,22
"325","SST","SST01",2011,2011-05-30,2011-06-14,0,15,"SST012011","spring","SST012011_2011-05-30",1,157.5,7,12
"326","SST","SST02",2011,2011-05-30,2011-06-14,0,15,"SST022011","spring","SST022011_2011-05-30",1,157.5,5,7
"327","SST","SST03",2011,2011-05-30,2011-06-14,0,15,"SST032011","spring","SST032011_2011-05-30",2,157.5,11,26
"328","SST","SST04",2011,2011-05-30,2011-06-14,0,15,"SST042011","spring","SST042011_2011-05-30",2,157.5,9,9
"329","SST","SST05",2011,2011-05-30,2011-06-14,0,15,"SST052011","spring","SST052011_2011-05-30",1,157.5,15,22
"330","SST","SST06",2011,2011-05-30,2011-06-14,0,15,"SST062011","spring","SST062011_2011-05-30",0,157.5,4,7
"331","SST","SST07",2011,2011-05-30,2011-06-14,0,15,"SST072011","spring","SST072011_2011-05-30",0,157.5,6,10
"332","SST","SST08",2011,2011-05-30,2011-06-14,0,15,"SST082011","spring","SST082011_2011-05-30",2,157.5,6,11
"333","SST","SST09",2011,2011-05-30,2011-06-14,0,15,"SST092011","spring","SST092011_2011-05-30",0,157.5,14,26
"334","SST","SST10",2011,2011-05-30,2011-06-14,0,15,"SST102011","spring","SST102011_2011-05-30",1,157.5,9,34
"335","SST","SST11",2011,2011-05-30,2011-06-14,0,15,"SST112011","spring","SST112011_2011-05-30",0,157.5,9,25
"336","SST","SST12",2011,2011-05-30,2011-06-14,0,15,"SST122011","spring","SST122011_2011-05-30",2,157.5,10,19
"337","SST","SST13",2011,2011-05-30,2011-06-14,0,15,"SST132011","spring","SST132011_2011-05-30",1,157.5,14,30
"338","SST","SST14",2011,2011-05-30,2011-06-14,0,15,"SST142011","spring","SST142011_2011-05-30",1,157.5,6,36
"339","SST","SST15",2011,2011-05-30,2011-06-14,0,15,"SST152011","spring","SST152011_2011-05-30",0,157.5,11,39
"340","HAR","HAR01",2011,2011-05-31,2011-06-15,0,15,"HAR012011","spring","HAR012011_2011-05-31",0,158.5,10,25
"341","HAR","HAR02",2011,2011-05-31,2011-06-15,0,15,"HAR022011","spring","HAR022011_2011-05-31",2,158.5,23,108
"342","HAR","HAR03",2011,2011-05-31,2011-06-15,0,15,"HAR032011","spring","HAR032011_2011-05-31",5,158.5,12,22
"343","HAR","HAR04",2011,2011-05-31,2011-06-15,0,15,"HAR042011","spring","HAR042011_2011-05-31",1,158.5,9,17
"344","HAR","HAR05",2011,2011-05-31,2011-06-15,0,15,"HAR052011","spring","HAR052011_2011-05-31",1,158.5,9,10
"345","HAR","HAR07",2011,2011-05-31,2011-06-15,0,15,"HAR072011","spring","HAR072011_2011-05-31",5,158.5,6,17
"346","HAR","HAR08",2011,2011-05-31,2011-06-15,0,15,"HAR082011","spring","HAR082011_2011-05-31",5,158.5,8,10
"347","HAR","HAR09",2011,2011-05-31,2011-06-15,0,15,"HAR092011","spring","HAR092011_2011-05-31",6,158.5,14,28
"348","HAR","HAR10",2011,2011-05-31,2011-06-15,0,15,"HAR102011","spring","HAR102011_2011-05-31",3,158.5,22,71
"349","HAR","HAR11",2011,2011-05-31,2011-06-15,0,15,"HAR112011","spring","HAR112011_2011-05-31",6,158.5,8,18
"350","HAR","HAR12",2011,2011-05-31,2011-06-15,0,15,"HAR122011","spring","HAR122011_2011-05-31",8,158.5,8,17
"351","HAR","HAR13",2011,2011-05-31,2011-06-15,0,15,"HAR132011","spring","HAR132011_2011-05-31",12,158.5,20,54
"352","HAR","HAR14",2011,2011-05-31,2011-06-15,0,15,"HAR142011","spring","HAR142011_2011-05-31",7,158.5,11,16
"353","HAR","HAR15",2011,2011-05-31,2011-06-15,0,15,"HAR152011","spring","HAR152011_2011-05-31",13,158.5,9,18
"354","HAR","HAR16",2011,2011-05-31,2011-06-15,0,15,"HAR162011","spring","HAR162011_2011-05-31",86,158.5,11,21
"355","WAN","WAN01",2011,2011-05-31,2011-06-15,0,15,"WAN012011","spring","WAN012011_2011-05-31",5,158.5,8,16
"356","WAN","WAN02",2011,2011-05-31,2011-06-15,0,15,"WAN022011","spring","WAN022011_2011-05-31",1,158.5,6,12
"357","WAN","WAN03",2011,2011-05-31,2011-06-15,0,15,"WAN032011","spring","WAN032011_2011-05-31",2,158.5,9,13
"358","WAN","WAN04",2011,2011-05-31,2011-06-15,0,15,"WAN042011","spring","WAN042011_2011-05-31",37,158.5,10,18
"359","WAN","WAN05",2011,2011-05-31,2011-06-15,0,15,"WAN052011","spring","WAN052011_2011-05-31",1,158.5,4,4
"360","WAN","WAN06",2011,2011-05-31,2011-06-15,0,15,"WAN062011","spring","WAN062011_2011-05-31",4,158.5,6,6
"361","WAN","WAN08",2011,2011-05-31,2011-06-15,0,15,"WAN082011","spring","WAN082011_2011-05-31",24,158.5,9,14
"362","WAN","WAN09",2011,2011-05-31,2011-06-15,0,15,"WAN092011","spring","WAN092011_2011-05-31",2,158.5,7,16
"363","WAN","WAN10",2011,2011-05-31,2011-06-15,0,15,"WAN102011","spring","WAN102011_2011-05-31",1,158.5,12,14
"364","WAN","WAN11",2011,2011-05-31,2011-06-15,0,15,"WAN112011","spring","WAN112011_2011-05-31",0,158.5,2,2
"365","WAN","WAN12",2011,2011-05-31,2011-06-15,0,15,"WAN122011","spring","WAN122011_2011-05-31",2,158.5,2,5
"366","WAN","WAN13",2011,2011-05-31,2011-06-15,0,15,"WAN132011","spring","WAN132011_2011-05-31",2,158.5,5,5
"367","WAN","WAN14",2011,2011-05-31,2011-06-15,0,15,"WAN142011","spring","WAN142011_2011-05-31",1,158.5,7,16
"368","WAN","WAN15",2011,2011-05-31,2011-06-15,0,15,"WAN152011","spring","WAN152011_2011-05-31",0,158.5,8,14
"369","WAN","WAN16",2011,2011-05-31,2011-06-15,0,15,"WAN162011","spring","WAN162011_2011-05-31",2,158.5,11,11
"370","GFH","GFH01",2011,2011-06-01,2011-06-16,0,15,"GFH012011","spring","GFH012011_2011-06-01",4,159.5,5,5
"371","GFH","GFH10",2011,2011-06-01,2011-06-16,0,15,"GFH102011","spring","GFH102011_2011-06-01",3,159.5,7,8
"372","GFH","GFH11",2011,2011-06-01,2011-06-16,0,15,"GFH112011","spring","GFH112011_2011-06-01",1,159.5,16,20
"373","GFH","GFH12",2011,2011-06-01,2011-06-16,0,15,"GFH122011","spring","GFH122011_2011-06-01",3,159.5,7,13
"374","GFH","GFH13",2011,2011-06-01,2011-06-16,0,15,"GFH132011","spring","GFH132011_2011-06-01",6,159.5,8,9
"375","GFH","GFH14",2011,2011-06-01,2011-06-16,0,15,"GFH142011","spring","GFH142011_2011-06-01",3,159.5,7,9
"376","GFH","GFH15",2011,2011-06-01,2011-06-16,0,15,"GFH152011","spring","GFH152011_2011-06-01",9,159.5,7,13
"377","GFH","GFH16",2011,2011-06-01,2011-06-16,0,15,"GFH162011","spring","GFH162011_2011-06-01",23,159.5,9,11
"378","SIP","SIP08",2011,2011-06-01,2011-06-16,0,15,"SIP082011","spring","SIP082011_2011-06-01",0,159.5,7,11
"379","SIP","SIP09",2011,2011-06-01,2011-06-16,0,15,"SIP092011","spring","SIP092011_2011-06-01",0,159.5,5,9
"380","FBG","FBG01",2012,2012-05-02,2012-05-15,0,13,"FBG012012","spring","FBG012012_2012-05-02",1,129.5,18,46
"381","FBG","FBG02",2012,2012-05-02,2012-05-15,0,13,"FBG022012","spring","FBG022012_2012-05-02",0,129.5,7,15
"382","FBG","FBG03",2012,2012-05-02,2012-05-15,0,13,"FBG032012","spring","FBG032012_2012-05-02",0,129.5,10,10
"383","FBG","FBG04",2012,2012-05-02,2012-05-15,0,13,"FBG042012","spring","FBG042012_2012-05-02",0,129.5,6,10
"384","FBG","FBG05",2012,2012-05-02,2012-05-15,0,13,"FBG052012","spring","FBG052012_2012-05-02",0,129.5,6,12
"385","FBG","FBG06",2012,2012-05-02,2012-05-15,0,13,"FBG062012","spring","FBG062012_2012-05-02",0,129.5,6,6
"386","FBG","FBG07",2012,2012-05-02,2012-05-15,0,13,"FBG072012","spring","FBG072012_2012-05-02",1,129.5,6,22
"387","FBG","FBG08",2012,2012-05-02,2012-05-15,0,13,"FBG082012","spring","FBG082012_2012-05-02",0,129.5,2,4
"388","FBG","FBG09",2012,2012-05-02,2012-05-15,0,13,"FBG092012","spring","FBG092012_2012-05-02",0,129.5,11,19
"389","FBG","FBG10",2012,2012-05-02,2012-05-15,0,13,"FBG102012","spring","FBG102012_2012-05-02",0,129.5,6,11
"390","FBG","FBG11",2012,2012-05-02,2012-05-15,0,13,"FBG112012","spring","FBG112012_2012-05-02",0,129.5,7,11
"391","FBG","FBG12",2012,2012-05-02,2012-05-15,0,13,"FBG122012","spring","FBG122012_2012-05-02",0,129.5,2,2
"392","FBG","FBG13",2012,2012-05-02,2012-05-15,0,13,"FBG132012","spring","FBG132012_2012-05-02",3,129.5,16,21
"393","FBG","FBG14",2012,2012-05-02,2012-05-15,0,13,"FBG142012","spring","FBG142012_2012-05-02",0,129.5,9,46
"394","FBG","FBG15",2012,2012-05-02,2012-05-15,0,13,"FBG152012","spring","FBG152012_2012-05-02",0,129.5,2,4
"395","FBG","FBG16",2012,2012-05-02,2012-05-15,0,13,"FBG162012","spring","FBG162012_2012-05-02",1,129.5,8,10
"396","SST","SST01",2012,2012-05-02,2012-05-15,0,13,"SST012012","spring","SST012012_2012-05-02",0,129.5,11,21
"397","SST","SST02",2012,2012-05-02,2012-05-15,0,13,"SST022012","spring","SST022012_2012-05-02",0,129.5,15,35
"398","SST","SST03",2012,2012-05-02,2012-05-15,0,13,"SST032012","spring","SST032012_2012-05-02",0,129.5,11,24
"399","SST","SST04",2012,2012-05-02,2012-05-15,0,13,"SST042012","spring","SST042012_2012-05-02",0,129.5,5,8
"400","SST","SST05",2012,2012-05-02,2012-05-15,0,13,"SST052012","spring","SST052012_2012-05-02",0,129.5,8,10
"401","SST","SST06",2012,2012-05-02,2012-05-15,0,13,"SST062012","spring","SST062012_2012-05-02",0,129.5,6,12
"402","SST","SST07",2012,2012-05-02,2012-05-15,0,13,"SST072012","spring","SST072012_2012-05-02",0,129.5,4,7
"403","SST","SST08",2012,2012-05-02,2012-05-15,0,13,"SST082012","spring","SST082012_2012-05-02",0,129.5,4,6
"404","SST","SST09",2012,2012-05-02,2012-05-15,0,13,"SST092012","spring","SST092012_2012-05-02",0,129.5,14,38
"405","SST","SST10",2012,2012-05-02,2012-05-15,0,13,"SST102012","spring","SST102012_2012-05-02",0,129.5,18,153
"406","SST","SST11",2012,2012-05-02,2012-05-15,0,13,"SST112012","spring","SST112012_2012-05-02",0,129.5,8,20
"407","SST","SST12",2012,2012-05-02,2012-05-15,0,13,"SST122012","spring","SST122012_2012-05-02",0,129.5,8,16
"408","SST","SST13",2012,2012-05-02,2012-05-15,0,13,"SST132012","spring","SST132012_2012-05-02",0,129.5,11,33
"409","SST","SST15",2012,2012-05-02,2012-05-15,0,13,"SST152012","spring","SST152012_2012-05-02",0,129.5,13,42
"410","SST","SST16",2012,2012-05-02,2012-05-15,0,13,"SST162012","spring","SST162012_2012-05-02",0,129.5,8,27
"411","GFH","GFH01",2012,2012-05-04,2012-05-17,0,13,"GFH012012","spring","GFH012012_2012-05-04",0,131.5,3,3
"412","GFH","GFH02",2012,2012-05-04,2012-05-17,0,13,"GFH022012","spring","GFH022012_2012-05-04",0,131.5,9,19
"413","GFH","GFH03",2012,2012-05-04,2012-05-17,0,13,"GFH032012","spring","GFH032012_2012-05-04",0,131.5,12,25
"414","GFH","GFH04",2012,2012-05-04,2012-05-17,0,13,"GFH042012","spring","GFH042012_2012-05-04",0,131.5,14,45
"415","GFH","GFH05",2012,2012-05-04,2012-05-17,0,13,"GFH052012","spring","GFH052012_2012-05-04",0,131.5,10,10
"416","GFH","GFH06",2012,2012-05-04,2012-05-17,0,13,"GFH062012","spring","GFH062012_2012-05-04",0,131.5,4,4
"417","GFH","GFH07",2012,2012-05-04,2012-05-17,0,13,"GFH072012","spring","GFH072012_2012-05-04",0,131.5,2,2
"418","GFH","GFH08",2012,2012-05-04,2012-05-17,0,13,"GFH082012","spring","GFH082012_2012-05-04",0,131.5,3,4
"419","GFH","GFH09",2012,2012-05-04,2012-05-17,0,13,"GFH092012","spring","GFH092012_2012-05-04",0,131.5,1,1
"420","GFH","GFH10",2012,2012-05-04,2012-05-17,0,13,"GFH102012","spring","GFH102012_2012-05-04",0,131.5,11,23
"421","GFH","GFH11",2012,2012-05-04,2012-05-17,0,13,"GFH112012","spring","GFH112012_2012-05-04",0,131.5,10,17
"422","GFH","GFH12",2012,2012-05-04,2012-05-17,0,13,"GFH122012","spring","GFH122012_2012-05-04",0,131.5,5,6
"423","GFH","GFH13",2012,2012-05-04,2012-05-17,0,13,"GFH132012","spring","GFH132012_2012-05-04",1,131.5,3,3
"424","GFH","GFH14",2012,2012-05-04,2012-05-17,0,13,"GFH142012","spring","GFH142012_2012-05-04",0,131.5,12,16
"425","GFH","GFH15",2012,2012-05-04,2012-05-17,0,13,"GFH152012","spring","GFH152012_2012-05-04",0,131.5,9,11
"426","GFH","GFH16",2012,2012-05-04,2012-05-17,0,13,"GFH162012","spring","GFH162012_2012-05-04",0,131.5,17,28
"427","SIP","SIP01",2012,2012-05-04,2012-05-17,0,13,"SIP012012","spring","SIP012012_2012-05-04",0,131.5,10,12
"428","SIP","SIP02",2012,2012-05-04,2012-05-17,0,13,"SIP022012","spring","SIP022012_2012-05-04",0,131.5,14,29
"429","SIP","SIP03",2012,2012-05-04,2012-05-17,0,13,"SIP032012","spring","SIP032012_2012-05-04",0,131.5,8,16
"430","SIP","SIP05",2012,2012-05-04,2012-05-17,0,13,"SIP052012","spring","SIP052012_2012-05-04",0,131.5,6,9
"431","SIP","SIP06",2012,2012-05-04,2012-05-17,0,13,"SIP062012","spring","SIP062012_2012-05-04",0,131.5,11,26
"432","SIP","SIP07",2012,2012-05-04,2012-05-17,0,13,"SIP072012","spring","SIP072012_2012-05-04",0,131.5,9,22
"433","SIP","SIP08",2012,2012-05-04,2012-05-17,0,13,"SIP082012","spring","SIP082012_2012-05-04",1,131.5,7,10
"434","SIP","SIP09",2012,2012-05-04,2012-05-17,0,13,"SIP092012","spring","SIP092012_2012-05-04",0,131.5,5,6
"435","SIP","SIP10",2012,2012-05-04,2012-05-17,0,13,"SIP102012","spring","SIP102012_2012-05-04",1,131.5,3,4
"436","SIP","SIP11",2012,2012-05-04,2012-05-17,0,13,"SIP112012","spring","SIP112012_2012-05-04",1,131.5,7,11
"437","SIP","SIP12",2012,2012-05-04,2012-05-17,0,13,"SIP122012","spring","SIP122012_2012-05-04",0,131.5,4,5
"438","SIP","SIP13",2012,2012-05-04,2012-05-17,0,13,"SIP132012","spring","SIP132012_2012-05-04",0,131.5,2,2
"439","SIP","SIP14",2012,2012-05-04,2012-05-17,0,13,"SIP142012","spring","SIP142012_2012-05-04",0,131.5,6,6
"440","SIP","SIP15",2012,2012-05-04,2012-05-17,0,13,"SIP152012","spring","SIP152012_2012-05-04",0,131.5,5,10
"441","SIP","SIP16",2012,2012-05-04,2012-05-17,0,13,"SIP162012","spring","SIP162012_2012-05-04",0,131.5,2,2
"442","FBG","FBG01",2012,2012-05-15,2012-05-29,0,14,"FBG012012","spring","FBG012012_2012-05-15",1,143,39,110
"443","FBG","FBG03",2012,2012-05-15,2012-05-29,0,14,"FBG032012","spring","FBG032012_2012-05-15",0,143,9,27
"444","FBG","FBG04",2012,2012-05-15,2012-05-29,0,14,"FBG042012","spring","FBG042012_2012-05-15",6,143,22,64
"445","FBG","FBG05",2012,2012-05-15,2012-05-29,0,14,"FBG052012","spring","FBG052012_2012-05-15",1,143,26,79
"446","FBG","FBG06",2012,2012-05-15,2012-05-29,0,14,"FBG062012","spring","FBG062012_2012-05-15",0,143,29,94
"447","FBG","FBG07",2012,2012-05-15,2012-05-29,0,14,"FBG072012","spring","FBG072012_2012-05-15",1,143,28,79
"448","FBG","FBG08",2012,2012-05-15,2012-05-29,0,14,"FBG082012","spring","FBG082012_2012-05-15",3,143,15,30
"449","FBG","FBG09",2012,2012-05-15,2012-05-29,0,14,"FBG092012","spring","FBG092012_2012-05-15",1,143,20,46
"450","FBG","FBG10",2012,2012-05-15,2012-05-29,0,14,"FBG102012","spring","FBG102012_2012-05-15",0,143,32,114
"451","FBG","FBG11",2012,2012-05-15,2012-05-29,0,14,"FBG112012","spring","FBG112012_2012-05-15",2,143,15,20
"452","FBG","FBG12",2012,2012-05-15,2012-05-29,0,14,"FBG122012","spring","FBG122012_2012-05-15",0,143,2,6
"453","FBG","FBG13",2012,2012-05-15,2012-05-29,0,14,"FBG132012","spring","FBG132012_2012-05-15",2,143,22,82
"454","FBG","FBG14",2012,2012-05-15,2012-05-29,0,14,"FBG142012","spring","FBG142012_2012-05-15",1,143,15,28
"455","FBG","FBG16",2012,2012-05-15,2012-05-29,0,14,"FBG162012","spring","FBG162012_2012-05-15",1,143,13,29
"456","SST","SST02",2012,2012-05-15,2012-05-29,0,14,"SST022012","spring","SST022012_2012-05-15",1,143,12,30
"457","SST","SST03",2012,2012-05-15,2012-05-29,0,14,"SST032012","spring","SST032012_2012-05-15",1,143,24,64
"458","SST","SST04",2012,2012-05-15,2012-05-29,0,14,"SST042012","spring","SST042012_2012-05-15",2,143,14,23
"459","SST","SST05",2012,2012-05-15,2012-05-29,0,14,"SST052012","spring","SST052012_2012-05-15",0,143,19,36
"460","SST","SST06",2012,2012-05-15,2012-05-29,0,14,"SST062012","spring","SST062012_2012-05-15",0,143,17,51
"461","SST","SST07",2012,2012-05-15,2012-05-29,0,14,"SST072012","spring","SST072012_2012-05-15",0,143,10,31
"462","SST","SST08",2012,2012-05-15,2012-05-29,0,14,"SST082012","spring","SST082012_2012-05-15",3,143,10,15
"463","SST","SST09",2012,2012-05-15,2012-05-29,0,14,"SST092012","spring","SST092012_2012-05-15",0,143,25,103
"464","SST","SST10",2012,2012-05-15,2012-05-29,0,14,"SST102012","spring","SST102012_2012-05-15",0,143,20,129
"465","SST","SST11",2012,2012-05-15,2012-05-29,0,14,"SST112012","spring","SST112012_2012-05-15",0,143,12,35
"466","SST","SST12",2012,2012-05-15,2012-05-29,0,14,"SST122012","spring","SST122012_2012-05-15",2,143,18,50
"467","SST","SST13",2012,2012-05-15,2012-05-29,0,14,"SST132012","spring","SST132012_2012-05-15",0,143,13,53
"468","SST","SST16",2012,2012-05-15,2012-05-29,0,14,"SST162012","spring","SST162012_2012-05-15",0,143,7,38
"469","GFH","GFH01",2012,2012-05-17,2012-05-31,0,14,"GFH012012","spring","GFH012012_2012-05-17",0,145,8,13
"470","GFH","GFH02",2012,2012-05-17,2012-05-31,0,14,"GFH022012","spring","GFH022012_2012-05-17",0,145,11,28
"471","GFH","GFH03",2012,2012-05-17,2012-05-31,0,14,"GFH032012","spring","GFH032012_2012-05-17",0,145,22,40
"472","GFH","GFH04",2012,2012-05-17,2012-05-31,0,14,"GFH042012","spring","GFH042012_2012-05-17",0,145,16,41
"473","GFH","GFH05",2012,2012-05-17,2012-05-31,0,14,"GFH052012","spring","GFH052012_2012-05-17",0,145,10,22
"474","GFH","GFH06",2012,2012-05-17,2012-05-31,0,14,"GFH062012","spring","GFH062012_2012-05-17",0,145,4,4
"475","GFH","GFH07",2012,2012-05-17,2012-05-31,0,14,"GFH072012","spring","GFH072012_2012-05-17",2,145,5,7
"476","GFH","GFH08",2012,2012-05-17,2012-05-31,0,14,"GFH082012","spring","GFH082012_2012-05-17",0,145,5,5
"477","GFH","GFH09",2012,2012-05-17,2012-05-31,0,14,"GFH092012","spring","GFH092012_2012-05-17",0,145,3,7
"478","GFH","GFH10",2012,2012-05-17,2012-05-31,0,14,"GFH102012","spring","GFH102012_2012-05-17",0,145,14,26
"479","GFH","GFH11",2012,2012-05-17,2012-05-31,0,14,"GFH112012","spring","GFH112012_2012-05-17",2,145,16,29
"480","GFH","GFH12",2012,2012-05-17,2012-05-31,0,14,"GFH122012","spring","GFH122012_2012-05-17",0,145,6,11
"481","GFH","GFH13",2012,2012-05-17,2012-05-31,0,14,"GFH132012","spring","GFH132012_2012-05-17",0,145,6,11
"482","GFH","GFH14",2012,2012-05-17,2012-05-31,0,14,"GFH142012","spring","GFH142012_2012-05-17",1,145,10,12
"483","GFH","GFH15",2012,2012-05-17,2012-05-31,0,14,"GFH152012","spring","GFH152012_2012-05-17",1,145,8,12
"484","GFH","GFH16",2012,2012-05-17,2012-05-31,0,14,"GFH162012","spring","GFH162012_2012-05-17",0,145,19,34
"485","SIP","SIP01",2012,2012-05-17,2012-05-31,0,14,"SIP012012","spring","SIP012012_2012-05-17",0,145,12,19
"486","SIP","SIP02",2012,2012-05-17,2012-05-31,0,14,"SIP022012","spring","SIP022012_2012-05-17",0,145,15,26
"487","SIP","SIP03",2012,2012-05-17,2012-05-31,0,14,"SIP032012","spring","SIP032012_2012-05-17",1,145,7,9
"488","SIP","SIP05",2012,2012-05-17,2012-05-31,0,14,"SIP052012","spring","SIP052012_2012-05-17",0,145,12,26
"489","SIP","SIP06",2012,2012-05-17,2012-05-31,0,14,"SIP062012","spring","SIP062012_2012-05-17",1,145,14,16
"490","SIP","SIP07",2012,2012-05-17,2012-05-31,0,14,"SIP072012","spring","SIP072012_2012-05-17",7,145,7,18
"491","SIP","SIP08",2012,2012-05-17,2012-05-31,0,14,"SIP082012","spring","SIP082012_2012-05-17",2,145,11,13
"492","SIP","SIP09",2012,2012-05-17,2012-05-31,0,14,"SIP092012","spring","SIP092012_2012-05-17",0,145,14,21
"493","SIP","SIP10",2012,2012-05-17,2012-05-31,0,14,"SIP102012","spring","SIP102012_2012-05-17",2,145,6,10
"494","SIP","SIP11",2012,2012-05-17,2012-05-31,0,14,"SIP112012","spring","SIP112012_2012-05-17",8,145,13,24
"495","SIP","SIP12",2012,2012-05-17,2012-05-31,0,14,"SIP122012","spring","SIP122012_2012-05-17",3,145,5,7
"496","SIP","SIP13",2012,2012-05-17,2012-05-31,0,14,"SIP132012","spring","SIP132012_2012-05-17",0,145,12,14
"497","SIP","SIP14",2012,2012-05-17,2012-05-31,0,14,"SIP142012","spring","SIP142012_2012-05-17",0,145,9,16
"498","SIP","SIP15",2012,2012-05-17,2012-05-31,0,14,"SIP152012","spring","SIP152012_2012-05-17",0,145,6,14
"499","SIP","SIP16",2012,2012-05-17,2012-05-31,0,14,"SIP162012","spring","SIP162012_2012-05-17",0,145,13,19
"500","FBG","FBG01",2012,2012-05-29,2012-06-12,0,14,"FBG012012","spring","FBG012012_2012-05-29",1,157,17,37
"501","FBG","FBG02",2012,2012-05-29,2012-06-12,0,14,"FBG022012","spring","FBG022012_2012-05-29",4,157,18,38
"502","FBG","FBG03",2012,2012-05-29,2012-06-12,0,14,"FBG032012","spring","FBG032012_2012-05-29",5,157,7,12
"503","FBG","FBG04",2012,2012-05-29,2012-06-12,0,14,"FBG042012","spring","FBG042012_2012-05-29",41,157,4,8
"504","FBG","FBG06",2012,2012-05-29,2012-06-12,0,14,"FBG062012","spring","FBG062012_2012-05-29",0,157,16,46
"505","FBG","FBG07",2012,2012-05-29,2012-06-12,0,14,"FBG072012","spring","FBG072012_2012-05-29",9,157,19,55
"506","FBG","FBG08",2012,2012-05-29,2012-06-12,0,14,"FBG082012","spring","FBG082012_2012-05-29",5,157,6,13
"507","FBG","FBG09",2012,2012-05-29,2012-06-12,0,14,"FBG092012","spring","FBG092012_2012-05-29",4,157,16,28
"508","FBG","FBG10",2012,2012-05-29,2012-06-12,0,14,"FBG102012","spring","FBG102012_2012-05-29",3,157,15,28
"509","FBG","FBG11",2012,2012-05-29,2012-06-12,0,14,"FBG112012","spring","FBG112012_2012-05-29",0,157,10,13
"510","FBG","FBG12",2012,2012-05-29,2012-06-12,0,14,"FBG122012","spring","FBG122012_2012-05-29",0,157,3,3
"511","FBG","FBG13",2012,2012-05-29,2012-06-12,0,14,"FBG132012","spring","FBG132012_2012-05-29",7,157,8,12
"512","FBG","FBG14",2012,2012-05-29,2012-06-12,0,14,"FBG142012","spring","FBG142012_2012-05-29",0,157,12,18
"513","FBG","FBG16",2012,2012-05-29,2012-06-12,0,14,"FBG162012","spring","FBG162012_2012-05-29",6,157,8,14
"514","SST","SST01",2012,2012-05-29,2012-06-12,0,14,"SST012012","spring","SST012012_2012-05-29",1,157,3,3
"515","SST","SST02",2012,2012-05-29,2012-06-12,0,14,"SST022012","spring","SST022012_2012-05-29",0,157,8,11
"516","SST","SST03",2012,2012-05-29,2012-06-12,0,14,"SST032012","spring","SST032012_2012-05-29",1,157,7,10
"517","SST","SST04",2012,2012-05-29,2012-06-12,0,14,"SST042012","spring","SST042012_2012-05-29",3,157,10,15
"518","SST","SST05",2012,2012-05-29,2012-06-12,0,14,"SST052012","spring","SST052012_2012-05-29",0,157,6,11
"519","SST","SST06",2012,2012-05-29,2012-06-12,0,14,"SST062012","spring","SST062012_2012-05-29",0,157,3,4
"520","SST","SST07",2012,2012-05-29,2012-06-12,0,14,"SST072012","spring","SST072012_2012-05-29",0,157,4,8
"521","SST","SST08",2012,2012-05-29,2012-06-12,0,14,"SST082012","spring","SST082012_2012-05-29",1,157,3,5
"522","SST","SST09",2012,2012-05-29,2012-06-12,0,14,"SST092012","spring","SST092012_2012-05-29",1,157,13,25
"523","SST","SST10",2012,2012-05-29,2012-06-12,0,14,"SST102012","spring","SST102012_2012-05-29",4,157,5,50
"524","SST","SST11",2012,2012-05-29,2012-06-12,0,14,"SST112012","spring","SST112012_2012-05-29",0,157,5,6
"525","SST","SST13",2012,2012-05-29,2012-06-12,0,14,"SST132012","spring","SST132012_2012-05-29",0,157,15,30
"526","SST","SST14",2012,2012-05-29,2012-06-12,0,14,"SST142012","spring","SST142012_2012-05-29",0,157,14,55
"527","SST","SST15",2012,2012-05-29,2012-06-12,0,14,"SST152012","spring","SST152012_2012-05-29",0,157,6,19
"528","SST","SST16",2012,2012-05-29,2012-06-12,0,14,"SST162012","spring","SST162012_2012-05-29",0,157,11,14
"529","GFH","GFH01",2012,2012-05-31,2012-06-14,0,14,"GFH012012","spring","GFH012012_2012-05-31",0,159,2,2
"530","GFH","GFH02",2012,2012-05-31,2012-06-14,0,14,"GFH022012","spring","GFH022012_2012-05-31",0,159,6,9
"531","GFH","GFH03",2012,2012-05-31,2012-06-14,0,14,"GFH032012","spring","GFH032012_2012-05-31",0,159,5,8
"532","GFH","GFH04",2012,2012-05-31,2012-06-14,0,14,"GFH042012","spring","GFH042012_2012-05-31",1,159,17,32
"533","GFH","GFH05",2012,2012-05-31,2012-06-14,0,14,"GFH052012","spring","GFH052012_2012-05-31",3,159,7,7
"534","GFH","GFH06",2012,2012-05-31,2012-06-14,0,14,"GFH062012","spring","GFH062012_2012-05-31",0,159,1,1
"535","GFH","GFH07",2012,2012-05-31,2012-06-14,0,14,"GFH072012","spring","GFH072012_2012-05-31",2,159,5,5
"536","GFH","GFH08",2012,2012-05-31,2012-06-14,0,14,"GFH082012","spring","GFH082012_2012-05-31",0,159,5,6
"537","GFH","GFH09",2012,2012-05-31,2012-06-14,0,14,"GFH092012","spring","GFH092012_2012-05-31",3,159,2,5
"538","GFH","GFH10",2012,2012-05-31,2012-06-14,0,14,"GFH102012","spring","GFH102012_2012-05-31",2,159,5,10
"539","GFH","GFH11",2012,2012-05-31,2012-06-14,0,14,"GFH112012","spring","GFH112012_2012-05-31",2,159,7,12
"540","GFH","GFH12",2012,2012-05-31,2012-06-14,0,14,"GFH122012","spring","GFH122012_2012-05-31",1,159,4,4
"541","GFH","GFH13",2012,2012-05-31,2012-06-14,0,14,"GFH132012","spring","GFH132012_2012-05-31",6,159,3,3
"542","GFH","GFH14",2012,2012-05-31,2012-06-14,0,14,"GFH142012","spring","GFH142012_2012-05-31",0,159,12,17
"543","GFH","GFH15",2012,2012-05-31,2012-06-14,0,14,"GFH152012","spring","GFH152012_2012-05-31",1,159,3,3
"544","GFH","GFH16",2012,2012-05-31,2012-06-14,0,14,"GFH162012","spring","GFH162012_2012-05-31",1,159,3,3
"545","SIP","SIP01",2012,2012-05-31,2012-06-14,0,14,"SIP012012","spring","SIP012012_2012-05-31",0,159,1,9
"546","SIP","SIP02",2012,2012-05-31,2012-06-14,0,14,"SIP022012","spring","SIP022012_2012-05-31",0,159,9,17
"547","SIP","SIP03",2012,2012-05-31,2012-06-14,0,14,"SIP032012","spring","SIP032012_2012-05-31",1,159,3,4
"548","SIP","SIP05",2012,2012-05-31,2012-06-14,0,14,"SIP052012","spring","SIP052012_2012-05-31",1,159,5,7
"549","SIP","SIP06",2012,2012-05-31,2012-06-14,0,14,"SIP062012","spring","SIP062012_2012-05-31",1,159,2,2
"550","SIP","SIP07",2012,2012-05-31,2012-06-14,0,14,"SIP072012","spring","SIP072012_2012-05-31",3,159,4,10
"551","SIP","SIP08",2012,2012-05-31,2012-06-14,0,14,"SIP082012","spring","SIP082012_2012-05-31",2,159,8,11
"552","SIP","SIP09",2012,2012-05-31,2012-06-14,0,14,"SIP092012","spring","SIP092012_2012-05-31",0,159,3,3
"553","SIP","SIP10",2012,2012-05-31,2012-06-14,0,14,"SIP102012","spring","SIP102012_2012-05-31",2,159,0,0
"554","SIP","SIP11",2012,2012-05-31,2012-06-14,0,14,"SIP112012","spring","SIP112012_2012-05-31",1,159,3,5
"555","SIP","SIP12",2012,2012-05-31,2012-06-14,0,14,"SIP122012","spring","SIP122012_2012-05-31",1,159,2,2
"556","SIP","SIP13",2012,2012-05-31,2012-06-14,0,14,"SIP132012","spring","SIP132012_2012-05-31",0,159,3,4
"557","SIP","SIP14",2012,2012-05-31,2012-06-14,0,14,"SIP142012","spring","SIP142012_2012-05-31",0,159,3,3
"558","SIP","SIP15",2012,2012-05-31,2012-06-14,0,14,"SIP152012","spring","SIP152012_2012-05-31",0,159,7,9
"559","SIP","SIP16",2012,2012-05-31,2012-06-14,0,14,"SIP162012","spring","SIP162012_2012-05-31",0,159,6,16
"560","FBG","FBG01",2013,2013-04-29,2013-05-13,0,14,"FBG012013","spring","FBG012013_2013-04-29",0,126,21,138
"561","FBG","FBG02",2013,2013-04-29,2013-05-13,0,14,"FBG022013","spring","FBG022013_2013-04-29",3,126,23,71
"562","FBG","FBG03",2013,2013-04-29,2013-05-13,0,14,"FBG032013","spring","FBG032013_2013-04-29",0,126,15,27
"563","FBG","FBG04",2013,2013-04-29,2013-05-13,0,14,"FBG042013","spring","FBG042013_2013-04-29",0,126,19,92
"564","FBG","FBG05",2013,2013-04-29,2013-05-13,0,14,"FBG052013","spring","FBG052013_2013-04-29",0,126,21,61
"565","FBG","FBG06",2013,2013-04-29,2013-05-13,0,14,"FBG062013","spring","FBG062013_2013-04-29",0,126,15,50
"566","FBG","FBG07",2013,2013-04-29,2013-05-13,0,14,"FBG072013","spring","FBG072013_2013-04-29",0,126,17,54
"567","FBG","FBG08",2013,2013-04-29,2013-05-13,0,14,"FBG082013","spring","FBG082013_2013-04-29",1,126,14,57
"568","FBG","FBG09",2013,2013-04-29,2013-05-13,0,14,"FBG092013","spring","FBG092013_2013-04-29",1,126,25,59
"569","FBG","FBG10",2013,2013-04-29,2013-05-13,0,14,"FBG102013","spring","FBG102013_2013-04-29",0,126,19,43
"570","FBG","FBG11",2013,2013-04-29,2013-05-13,0,14,"FBG112013","spring","FBG112013_2013-04-29",0,126,13,25
"571","FBG","FBG12",2013,2013-04-29,2013-05-13,0,14,"FBG122013","spring","FBG122013_2013-04-29",0,126,10,26
"572","FBG","FBG13",2013,2013-04-29,2013-05-13,0,14,"FBG132013","spring","FBG132013_2013-04-29",0,126,20,58
"573","FBG","FBG14",2013,2013-04-29,2013-05-13,0,14,"FBG142013","spring","FBG142013_2013-04-29",2,126,13,24
"574","FBG","FBG15",2013,2013-04-29,2013-05-13,0,14,"FBG152013","spring","FBG152013_2013-04-29",0,126,7,12
"575","FBG","FBG16",2013,2013-04-29,2013-05-13,0,14,"FBG162013","spring","FBG162013_2013-04-29",0,126,15,21
"576","SST","SST01",2013,2013-04-29,2013-05-13,0,14,"SST012013","spring","SST012013_2013-04-29",0,126,24,178
"577","SST","SST02",2013,2013-04-29,2013-05-13,0,14,"SST022013","spring","SST022013_2013-04-29",0,126,7,120
"578","SST","SST03",2013,2013-04-29,2013-05-13,0,14,"SST032013","spring","SST032013_2013-04-29",0,126,10,138
"579","SST","SST04",2013,2013-04-29,2013-05-13,0,14,"SST042013","spring","SST042013_2013-04-29",0,126,14,50
"580","SST","SST05",2013,2013-04-29,2013-05-13,0,14,"SST052013","spring","SST052013_2013-04-29",0,126,13,120
"581","SST","SST06",2013,2013-04-29,2013-05-13,0,14,"SST062013","spring","SST062013_2013-04-29",0,126,14,291
"582","SST","SST07",2013,2013-04-29,2013-05-13,0,14,"SST072013","spring","SST072013_2013-04-29",0,126,14,46
"583","SST","SST08",2013,2013-04-29,2013-05-13,0,14,"SST082013","spring","SST082013_2013-04-29",0,126,11,61
"584","SST","SST09",2013,2013-04-29,2013-05-13,0,14,"SST092013","spring","SST092013_2013-04-29",0,126,10,165
"585","SST","SST10",2013,2013-04-29,2013-05-13,0,14,"SST102013","spring","SST102013_2013-04-29",0,126,15,107
"586","SST","SST11",2013,2013-04-29,2013-05-13,0,14,"SST112013","spring","SST112013_2013-04-29",0,126,15,57
"587","SST","SST12",2013,2013-04-29,2013-05-13,0,14,"SST122013","spring","SST122013_2013-04-29",0,126,13,117
"588","SST","SST13",2013,2013-04-29,2013-05-13,0,14,"SST132013","spring","SST132013_2013-04-29",0,126,18,331
"589","SST","SST14",2013,2013-04-29,2013-05-13,0,14,"SST142013","spring","SST142013_2013-04-29",0,126,8,97
"590","SST","SST15",2013,2013-04-29,2013-05-13,0,14,"SST152013","spring","SST152013_2013-04-29",0,126,7,82
"591","SST","SST16",2013,2013-04-29,2013-05-13,0,14,"SST162013","spring","SST162013_2013-04-29",0,126,9,99
"592","HAR","HAR01",2013,2013-04-30,2013-05-14,0,14,"HAR012013","spring","HAR012013_2013-04-30",0,127,23,76
"593","HAR","HAR02",2013,2013-04-30,2013-05-14,0,14,"HAR022013","spring","HAR022013_2013-04-30",0,127,17,67
"594","HAR","HAR03",2013,2013-04-30,2013-05-14,0,14,"HAR032013","spring","HAR032013_2013-04-30",0,127,12,35
"595","HAR","HAR04",2013,2013-04-30,2013-05-14,0,14,"HAR042013","spring","HAR042013_2013-04-30",0,127,13,65
"596","HAR","HAR05",2013,2013-04-30,2013-05-14,0,14,"HAR052013","spring","HAR052013_2013-04-30",1,127,24,114
"597","HAR","HAR06",2013,2013-04-30,2013-05-14,0,14,"HAR062013","spring","HAR062013_2013-04-30",1,127,22,74
"598","HAR","HAR07",2013,2013-04-30,2013-05-14,0,14,"HAR072013","spring","HAR072013_2013-04-30",0,127,9,27
"599","HAR","HAR08",2013,2013-04-30,2013-05-14,0,14,"HAR082013","spring","HAR082013_2013-04-30",0,127,10,51
"600","HAR","HAR09",2013,2013-04-30,2013-05-14,0,14,"HAR092013","spring","HAR092013_2013-04-30",0,127,18,42
"601","HAR","HAR10",2013,2013-04-30,2013-05-14,0,14,"HAR102013","spring","HAR102013_2013-04-30",0,127,17,80
"602","HAR","HAR11",2013,2013-04-30,2013-05-14,0,14,"HAR112013","spring","HAR112013_2013-04-30",0,127,8,36
"603","HAR","HAR12",2013,2013-04-30,2013-05-14,0,14,"HAR122013","spring","HAR122013_2013-04-30",1,127,8,31
"604","HAR","HAR13",2013,2013-04-30,2013-05-14,0,14,"HAR132013","spring","HAR132013_2013-04-30",0,127,7,9
"605","HAR","HAR14",2013,2013-04-30,2013-05-14,0,14,"HAR142013","spring","HAR142013_2013-04-30",0,127,10,26
"606","HAR","HAR15",2013,2013-04-30,2013-05-14,0,14,"HAR152013","spring","HAR152013_2013-04-30",3,127,14,20
"607","HAR","HAR16",2013,2013-04-30,2013-05-14,0,14,"HAR162013","spring","HAR162013_2013-04-30",1,127,16,68
"608","WAN","WAN01",2013,2013-04-30,2013-05-14,0,14,"WAN012013","spring","WAN012013_2013-04-30",3,127,16,85
"609","WAN","WAN03",2013,2013-04-30,2013-05-14,0,14,"WAN032013","spring","WAN032013_2013-04-30",1,127,6,20
"610","WAN","WAN04",2013,2013-04-30,2013-05-14,0,14,"WAN042013","spring","WAN042013_2013-04-30",0,127,14,69
"611","WAN","WAN05",2013,2013-04-30,2013-05-14,0,14,"WAN052013","spring","WAN052013_2013-04-30",0,127,12,94
"612","WAN","WAN06",2013,2013-04-30,2013-05-14,0,14,"WAN062013","spring","WAN062013_2013-04-30",0,127,10,17
"613","WAN","WAN07",2013,2013-04-30,2013-05-14,0,14,"WAN072013","spring","WAN072013_2013-04-30",0,127,11,17
"614","WAN","WAN08",2013,2013-04-30,2013-05-14,0,14,"WAN082013","spring","WAN082013_2013-04-30",0,127,9,25
"615","WAN","WAN09",2013,2013-04-30,2013-05-14,0,14,"WAN092013","spring","WAN092013_2013-04-30",19,127,11,22
"616","WAN","WAN10",2013,2013-04-30,2013-05-14,0,14,"WAN102013","spring","WAN102013_2013-04-30",6,127,10,27
"617","WAN","WAN11",2013,2013-04-30,2013-05-14,0,14,"WAN112013","spring","WAN112013_2013-04-30",1,127,5,17
"618","WAN","WAN12",2013,2013-04-30,2013-05-14,0,14,"WAN122013","spring","WAN122013_2013-04-30",6,127,15,62
"619","WAN","WAN13",2013,2013-04-30,2013-05-14,0,14,"WAN132013","spring","WAN132013_2013-04-30",235,127,9,38
"620","WAN","WAN14",2013,2013-04-30,2013-05-14,0,14,"WAN142013","spring","WAN142013_2013-04-30",28,127,16,39
"621","WAN","WAN15",2013,2013-04-30,2013-05-14,0,14,"WAN152013","spring","WAN152013_2013-04-30",2,127,12,24
"622","WAN","WAN16",2013,2013-04-30,2013-05-14,0,14,"WAN162013","spring","WAN162013_2013-04-30",0,127,20,81
"623","GFH","GFH01",2013,2013-05-02,2013-05-16,0,14,"GFH012013","spring","GFH012013_2013-05-02",0,129,7,17
"624","GFH","GFH02",2013,2013-05-02,2013-05-16,0,14,"GFH022013","spring","GFH022013_2013-05-02",0,129,16,87
"625","GFH","GFH03",2013,2013-05-02,2013-05-16,0,14,"GFH032013","spring","GFH032013_2013-05-02",0,129,17,84
"626","GFH","GFH04",2013,2013-05-02,2013-05-16,0,14,"GFH042013","spring","GFH042013_2013-05-02",0,129,14,51
"627","GFH","GFH05",2013,2013-05-02,2013-05-16,0,14,"GFH052013","spring","GFH052013_2013-05-02",0,129,10,29
"628","GFH","GFH06",2013,2013-05-02,2013-05-16,0,14,"GFH062013","spring","GFH062013_2013-05-02",0,129,11,35
"629","GFH","GFH07",2013,2013-05-02,2013-05-16,0,14,"GFH072013","spring","GFH072013_2013-05-02",0,129,6,20
"630","GFH","GFH08",2013,2013-05-02,2013-05-16,0,14,"GFH082013","spring","GFH082013_2013-05-02",0,129,7,23
"631","GFH","GFH09",2013,2013-05-02,2013-05-16,0,14,"GFH092013","spring","GFH092013_2013-05-02",0,129,8,15
"632","GFH","GFH10",2013,2013-05-02,2013-05-16,0,14,"GFH102013","spring","GFH102013_2013-05-02",0,129,13,42
"633","GFH","GFH11",2013,2013-05-02,2013-05-16,0,14,"GFH112013","spring","GFH112013_2013-05-02",0,129,19,45
"634","GFH","GFH12",2013,2013-05-02,2013-05-16,0,14,"GFH122013","spring","GFH122013_2013-05-02",0,129,15,29
"635","GFH","GFH13",2013,2013-05-02,2013-05-16,0,14,"GFH132013","spring","GFH132013_2013-05-02",0,129,6,9
"636","GFH","GFH14",2013,2013-05-02,2013-05-16,0,14,"GFH142013","spring","GFH142013_2013-05-02",0,129,9,32
"637","GFH","GFH15",2013,2013-05-02,2013-05-16,0,14,"GFH152013","spring","GFH152013_2013-05-02",0,129,10,16
"638","GFH","GFH16",2013,2013-05-02,2013-05-16,0,14,"GFH162013","spring","GFH162013_2013-05-02",0,129,12,39
"639","SIP","SIP01",2013,2013-05-02,2013-05-16,0,14,"SIP012013","spring","SIP012013_2013-05-02",0,129,28,195
"640","SIP","SIP02",2013,2013-05-02,2013-05-16,0,14,"SIP022013","spring","SIP022013_2013-05-02",0,129,25,146
"641","SIP","SIP03",2013,2013-05-02,2013-05-16,0,14,"SIP032013","spring","SIP032013_2013-05-02",0,129,24,84
"642","SIP","SIP05",2013,2013-05-02,2013-05-16,0,14,"SIP052013","spring","SIP052013_2013-05-02",0,129,17,73
"643","SIP","SIP06",2013,2013-05-02,2013-05-16,0,14,"SIP062013","spring","SIP062013_2013-05-02",0,129,21,177
"644","SIP","SIP07",2013,2013-05-02,2013-05-16,0,14,"SIP072013","spring","SIP072013_2013-05-02",1,129,29,222
"645","SIP","SIP08",2013,2013-05-02,2013-05-16,0,14,"SIP082013","spring","SIP082013_2013-05-02",0,129,19,113
"646","SIP","SIP09",2013,2013-05-02,2013-05-16,0,14,"SIP092013","spring","SIP092013_2013-05-02",0,129,20,289
"647","SIP","SIP10",2013,2013-05-02,2013-05-16,0,14,"SIP102013","spring","SIP102013_2013-05-02",0,129,17,52
"648","SIP","SIP11",2013,2013-05-02,2013-05-16,0,14,"SIP112013","spring","SIP112013_2013-05-02",0,129,20,125
"649","SIP","SIP12",2013,2013-05-02,2013-05-16,0,14,"SIP122013","spring","SIP122013_2013-05-02",0,129,21,68
"650","SIP","SIP13",2013,2013-05-02,2013-05-16,0,14,"SIP132013","spring","SIP132013_2013-05-02",0,129,20,178
"651","SIP","SIP14",2013,2013-05-02,2013-05-16,0,14,"SIP142013","spring","SIP142013_2013-05-02",0,129,8,21
"652","SIP","SIP15",2013,2013-05-02,2013-05-16,0,14,"SIP152013","spring","SIP152013_2013-05-02",0,129,22,58
"653","SIP","SIP16",2013,2013-05-02,2013-05-16,0,14,"SIP162013","spring","SIP162013_2013-05-02",0,129,26,163
"654","FBG","FBG01",2013,2013-05-13,2013-05-27,0,14,"FBG012013","spring","FBG012013_2013-05-13",0,140,22,79
"655","FBG","FBG02",2013,2013-05-13,2013-05-27,0,14,"FBG022013","spring","FBG022013_2013-05-13",3,140,24,119
"656","FBG","FBG03",2013,2013-05-13,2013-05-27,0,14,"FBG032013","spring","FBG032013_2013-05-13",1,140,10,18
"657","FBG","FBG04",2013,2013-05-13,2013-05-27,0,14,"FBG042013","spring","FBG042013_2013-05-13",1,140,14,30
"658","FBG","FBG06",2013,2013-05-13,2013-05-27,0,14,"FBG062013","spring","FBG062013_2013-05-13",0,140,12,22
"659","FBG","FBG07",2013,2013-05-13,2013-05-27,0,14,"FBG072013","spring","FBG072013_2013-05-13",0,140,21,78
"660","FBG","FBG08",2013,2013-05-13,2013-05-27,0,14,"FBG082013","spring","FBG082013_2013-05-13",0,140,10,11
"661","FBG","FBG09",2013,2013-05-13,2013-05-27,0,14,"FBG092013","spring","FBG092013_2013-05-13",1,140,22,64
"662","FBG","FBG10",2013,2013-05-13,2013-05-27,0,14,"FBG102013","spring","FBG102013_2013-05-13",0,140,20,148
"663","FBG","FBG11",2013,2013-05-13,2013-05-27,0,14,"FBG112013","spring","FBG112013_2013-05-13",0,140,8,13
"664","FBG","FBG12",2013,2013-05-13,2013-05-27,0,14,"FBG122013","spring","FBG122013_2013-05-13",0,140,4,8
"665","FBG","FBG13",2013,2013-05-13,2013-05-27,0,14,"FBG132013","spring","FBG132013_2013-05-13",2,140,14,22
"666","FBG","FBG14",2013,2013-05-13,2013-05-27,0,14,"FBG142013","spring","FBG142013_2013-05-13",1,140,3,9
"667","FBG","FBG15",2013,2013-05-13,2013-05-27,0,14,"FBG152013","spring","FBG152013_2013-05-13",0,140,4,6
"668","FBG","FBG16",2013,2013-05-13,2013-05-27,0,14,"FBG162013","spring","FBG162013_2013-05-13",0,140,11,15
"669","HAR","HAR01",2013,2013-05-14,2013-05-28,0,14,"HAR012013","spring","HAR012013_2013-05-14",0,141,11,14
"670","HAR","HAR02",2013,2013-05-14,2013-05-28,0,14,"HAR022013","spring","HAR022013_2013-05-14",0,141,11,18
"671","HAR","HAR03",2013,2013-05-14,2013-05-28,0,14,"HAR032013","spring","HAR032013_2013-05-14",0,141,2,2
"672","HAR","HAR04",2013,2013-05-14,2013-05-28,0,14,"HAR042013","spring","HAR042013_2013-05-14",0,141,4,7
"673","HAR","HAR05",2013,2013-05-14,2013-05-28,0,14,"HAR052013","spring","HAR052013_2013-05-14",1,141,18,58
"674","HAR","HAR06",2013,2013-05-14,2013-05-28,0,14,"HAR062013","spring","HAR062013_2013-05-14",0,141,10,23
"675","HAR","HAR07",2013,2013-05-14,2013-05-28,0,14,"HAR072013","spring","HAR072013_2013-05-14",0,141,5,12
"676","HAR","HAR08",2013,2013-05-14,2013-05-28,0,14,"HAR082013","spring","HAR082013_2013-05-14",0,141,3,11
"677","HAR","HAR09",2013,2013-05-14,2013-05-28,0,14,"HAR092013","spring","HAR092013_2013-05-14",0,141,9,18
"678","HAR","HAR10",2013,2013-05-14,2013-05-28,0,14,"HAR102013","spring","HAR102013_2013-05-14",0,141,15,32
"679","HAR","HAR11",2013,2013-05-14,2013-05-28,0,14,"HAR112013","spring","HAR112013_2013-05-14",0,141,12,22
"680","HAR","HAR12",2013,2013-05-14,2013-05-28,0,14,"HAR122013","spring","HAR122013_2013-05-14",0,141,10,19
"681","HAR","HAR14",2013,2013-05-14,2013-05-28,0,14,"HAR142013","spring","HAR142013_2013-05-14",1,141,4,7
"682","HAR","HAR15",2013,2013-05-14,2013-05-28,0,14,"HAR152013","spring","HAR152013_2013-05-14",4,141,18,24
"683","HAR","HAR16",2013,2013-05-14,2013-05-28,0,14,"HAR162013","spring","HAR162013_2013-05-14",0,141,14,28
"684","WAN","WAN01",2013,2013-05-14,2013-05-28,0,14,"WAN012013","spring","WAN012013_2013-05-14",7,141,10,58
"685","WAN","WAN02",2013,2013-05-14,2013-05-28,0,14,"WAN022013","spring","WAN022013_2013-05-14",1,141,10,24
"686","WAN","WAN03",2013,2013-05-14,2013-05-28,0,14,"WAN032013","spring","WAN032013_2013-05-14",1,141,7,8
"687","WAN","WAN04",2013,2013-05-14,2013-05-28,0,14,"WAN042013","spring","WAN042013_2013-05-14",2,141,11,51
"688","WAN","WAN05",2013,2013-05-14,2013-05-28,0,14,"WAN052013","spring","WAN052013_2013-05-14",1,141,10,42
"689","WAN","WAN06",2013,2013-05-14,2013-05-28,0,14,"WAN062013","spring","WAN062013_2013-05-14",0,141,8,13
"690","WAN","WAN07",2013,2013-05-14,2013-05-28,0,14,"WAN072013","spring","WAN072013_2013-05-14",0,141,4,4
"691","WAN","WAN08",2013,2013-05-14,2013-05-28,0,14,"WAN082013","spring","WAN082013_2013-05-14",0,141,5,8
"692","WAN","WAN09",2013,2013-05-14,2013-05-28,0,14,"WAN092013","spring","WAN092013_2013-05-14",3,141,7,10
"693","WAN","WAN10",2013,2013-05-14,2013-05-28,0,14,"WAN102013","spring","WAN102013_2013-05-14",9,141,9,12
"694","WAN","WAN11",2013,2013-05-14,2013-05-28,0,14,"WAN112013","spring","WAN112013_2013-05-14",0,141,3,4
"695","WAN","WAN12",2013,2013-05-14,2013-05-28,0,14,"WAN122013","spring","WAN122013_2013-05-14",1,141,9,22
"696","WAN","WAN13",2013,2013-05-14,2013-05-28,0,14,"WAN132013","spring","WAN132013_2013-05-14",41,141,16,32
"697","WAN","WAN14",2013,2013-05-14,2013-05-28,0,14,"WAN142013","spring","WAN142013_2013-05-14",10,141,10,15
"698","WAN","WAN15",2013,2013-05-14,2013-05-28,0,14,"WAN152013","spring","WAN152013_2013-05-14",2,141,7,9
"699","WAN","WAN16",2013,2013-05-14,2013-05-28,0,14,"WAN162013","spring","WAN162013_2013-05-14",0,141,4,4
"700","SST","SST01",2013,2013-05-13,2013-05-29,0,16,"SST012013","spring","SST012013_2013-05-13",0,141,13,27
"701","SST","SST02",2013,2013-05-13,2013-05-29,0,16,"SST022013","spring","SST022013_2013-05-13",0,141,7,10
"702","SST","SST04",2013,2013-05-13,2013-05-29,0,16,"SST042013","spring","SST042013_2013-05-13",0,141,3,5
"703","SST","SST05",2013,2013-05-13,2013-05-29,0,16,"SST052013","spring","SST052013_2013-05-13",0,141,13,30
"704","SST","SST06",2013,2013-05-13,2013-05-29,0,16,"SST062013","spring","SST062013_2013-05-13",0,141,9,36
"705","SST","SST07",2013,2013-05-13,2013-05-29,0,16,"SST072013","spring","SST072013_2013-05-13",0,141,4,9
"706","SST","SST08",2013,2013-05-13,2013-05-29,0,16,"SST082013","spring","SST082013_2013-05-13",0,141,12,44
"707","SST","SST09",2013,2013-05-13,2013-05-29,0,16,"SST092013","spring","SST092013_2013-05-13",0,141,14,60
"708","SST","SST10",2013,2013-05-13,2013-05-29,0,16,"SST102013","spring","SST102013_2013-05-13",1,141,14,28
"709","SST","SST11",2013,2013-05-13,2013-05-29,0,16,"SST112013","spring","SST112013_2013-05-13",0,141,12,21
"710","SST","SST12",2013,2013-05-13,2013-05-29,0,16,"SST122013","spring","SST122013_2013-05-13",0,141,14,25
"711","SST","SST13",2013,2013-05-13,2013-05-29,0,16,"SST132013","spring","SST132013_2013-05-13",0,141,16,66
"712","SST","SST14",2013,2013-05-13,2013-05-29,0,16,"SST142013","spring","SST142013_2013-05-13",0,141,7,27
"713","SST","SST15",2013,2013-05-13,2013-05-29,0,16,"SST152013","spring","SST152013_2013-05-13",0,141,7,19
"714","SST","SST16",2013,2013-05-13,2013-05-29,0,16,"SST162013","spring","SST162013_2013-05-13",0,141,9,34
"715","GFH","GFH01",2013,2013-05-16,2013-06-03,0,18,"GFH012013","spring","GFH012013_2013-05-16",0,145,5,9
"716","GFH","GFH02",2013,2013-05-16,2013-06-03,0,18,"GFH022013","spring","GFH022013_2013-05-16",0,145,9,16
"717","GFH","GFH03",2013,2013-05-16,2013-06-03,0,18,"GFH032013","spring","GFH032013_2013-05-16",0,145,9,20
"718","GFH","GFH04",2013,2013-05-16,2013-06-03,0,18,"GFH042013","spring","GFH042013_2013-05-16",0,145,11,26
"719","GFH","GFH05",2013,2013-05-16,2013-06-03,0,18,"GFH052013","spring","GFH052013_2013-05-16",0,145,12,42
"720","GFH","GFH07",2013,2013-05-16,2013-06-03,0,18,"GFH072013","spring","GFH072013_2013-05-16",0,145,1,1
"721","GFH","GFH08",2013,2013-05-16,2013-06-03,0,18,"GFH082013","spring","GFH082013_2013-05-16",0,145,2,3
"722","GFH","GFH09",2013,2013-05-16,2013-06-03,0,18,"GFH092013","spring","GFH092013_2013-05-16",0,145,4,8
"723","GFH","GFH10",2013,2013-05-16,2013-06-03,0,18,"GFH102013","spring","GFH102013_2013-05-16",0,145,14,28
"724","GFH","GFH11",2013,2013-05-16,2013-06-03,0,18,"GFH112013","spring","GFH112013_2013-05-16",0,145,11,16
"725","GFH","GFH12",2013,2013-05-16,2013-06-03,0,18,"GFH122013","spring","GFH122013_2013-05-16",0,145,5,5
"726","GFH","GFH13",2013,2013-05-16,2013-06-03,0,18,"GFH132013","spring","GFH132013_2013-05-16",2,145,2,2
"727","GFH","GFH14",2013,2013-05-16,2013-06-03,0,18,"GFH142013","spring","GFH142013_2013-05-16",0,145,9,18
"728","GFH","GFH15",2013,2013-05-16,2013-06-03,0,18,"GFH152013","spring","GFH152013_2013-05-16",0,145,10,26
"729","GFH","GFH16",2013,2013-05-16,2013-06-03,0,18,"GFH162013","spring","GFH162013_2013-05-16",0,145,9,27
"730","SIP","SIP01",2013,2013-05-16,2013-06-03,0,18,"SIP012013","spring","SIP012013_2013-05-16",0,145,8,15
"731","SIP","SIP02",2013,2013-05-16,2013-06-03,0,18,"SIP022013","spring","SIP022013_2013-05-16",0,145,13,27
"732","SIP","SIP03",2013,2013-05-16,2013-06-03,0,18,"SIP032013","spring","SIP032013_2013-05-16",0,145,8,11
"733","SIP","SIP05",2013,2013-05-16,2013-06-03,0,18,"SIP052013","spring","SIP052013_2013-05-16",0,145,6,12
"734","SIP","SIP07",2013,2013-05-16,2013-06-03,0,18,"SIP072013","spring","SIP072013_2013-05-16",0,145,4,8
"735","SIP","SIP08",2013,2013-05-16,2013-06-03,0,18,"SIP082013","spring","SIP082013_2013-05-16",0,145,7,16
"736","SIP","SIP09",2013,2013-05-16,2013-06-03,0,18,"SIP092013","spring","SIP092013_2013-05-16",0,145,5,14
"737","SIP","SIP10",2013,2013-05-16,2013-06-03,0,18,"SIP102013","spring","SIP102013_2013-05-16",0,145,10,26
"738","SIP","SIP11",2013,2013-05-16,2013-06-03,0,18,"SIP112013","spring","SIP112013_2013-05-16",0,145,9,18
"739","SIP","SIP12",2013,2013-05-16,2013-06-03,0,18,"SIP122013","spring","SIP122013_2013-05-16",0,145,4,5
"740","SIP","SIP13",2013,2013-05-16,2013-06-03,0,18,"SIP132013","spring","SIP132013_2013-05-16",0,145,4,4
"741","SIP","SIP14",2013,2013-05-16,2013-06-03,0,18,"SIP142013","spring","SIP142013_2013-05-16",0,145,2,10
"742","SIP","SIP15",2013,2013-05-16,2013-06-03,0,18,"SIP152013","spring","SIP152013_2013-05-16",0,145,2,2
"743","SIP","SIP16",2013,2013-05-16,2013-06-03,0,18,"SIP162013","spring","SIP162013_2013-05-16",0,145,7,12
"744","FBG","FBG01",2013,2013-05-27,2013-06-10,0,14,"FBG012013","spring","FBG012013_2013-05-27",2,154,22,85
"745","FBG","FBG02",2013,2013-05-27,2013-06-10,0,14,"FBG022013","spring","FBG022013_2013-05-27",3,154,33,170
"746","FBG","FBG03",2013,2013-05-27,2013-06-10,0,14,"FBG032013","spring","FBG032013_2013-05-27",0,154,11,12
"747","FBG","FBG05",2013,2013-05-27,2013-06-10,0,14,"FBG052013","spring","FBG052013_2013-05-27",1,154,22,38
"748","FBG","FBG06",2013,2013-05-27,2013-06-10,0,14,"FBG062013","spring","FBG062013_2013-05-27",0,154,19,46
"749","FBG","FBG07",2013,2013-05-27,2013-06-10,0,14,"FBG072013","spring","FBG072013_2013-05-27",0,154,1,1
"750","FBG","FBG08",2013,2013-05-27,2013-06-10,0,14,"FBG082013","spring","FBG082013_2013-05-27",1,154,10,17
"751","FBG","FBG09",2013,2013-05-27,2013-06-10,0,14,"FBG092013","spring","FBG092013_2013-05-27",0,154,15,49
"752","FBG","FBG10",2013,2013-05-27,2013-06-10,0,14,"FBG102013","spring","FBG102013_2013-05-27",0,154,14,30
"753","FBG","FBG11",2013,2013-05-27,2013-06-10,0,14,"FBG112013","spring","FBG112013_2013-05-27",0,154,11,27
"754","FBG","FBG12",2013,2013-05-27,2013-06-10,0,14,"FBG122013","spring","FBG122013_2013-05-27",0,154,6,7
"755","FBG","FBG13",2013,2013-05-27,2013-06-10,0,14,"FBG132013","spring","FBG132013_2013-05-27",0,154,15,23
"756","FBG","FBG14",2013,2013-05-27,2013-06-10,0,14,"FBG142013","spring","FBG142013_2013-05-27",0,154,9,10
"757","FBG","FBG15",2013,2013-05-27,2013-06-10,0,14,"FBG152013","spring","FBG152013_2013-05-27",0,154,8,10
"758","FBG","FBG16",2013,2013-05-27,2013-06-10,0,14,"FBG162013","spring","FBG162013_2013-05-27",0,154,28,68
"759","SST","SST01",2013,2013-05-29,2013-06-10,0,12,"SST012013","spring","SST012013_2013-05-29",0,155,25,58
"760","SST","SST02",2013,2013-05-29,2013-06-10,0,12,"SST022013","spring","SST022013_2013-05-29",0,155,5,8
"761","SST","SST03",2013,2013-05-29,2013-06-10,0,12,"SST032013","spring","SST032013_2013-05-29",0,155,7,12
"762","SST","SST04",2013,2013-05-29,2013-06-10,0,12,"SST042013","spring","SST042013_2013-05-29",0,155,4,5
"763","SST","SST05",2013,2013-05-29,2013-06-10,0,12,"SST052013","spring","SST052013_2013-05-29",0,155,8,9
"764","SST","SST06",2013,2013-05-29,2013-06-10,0,12,"SST062013","spring","SST062013_2013-05-29",0,155,12,21
"765","SST","SST07",2013,2013-05-29,2013-06-10,0,12,"SST072013","spring","SST072013_2013-05-29",0,155,3,3
"766","SST","SST08",2013,2013-05-29,2013-06-10,0,12,"SST082013","spring","SST082013_2013-05-29",0,155,6,6
"767","SST","SST09",2013,2013-05-29,2013-06-10,0,12,"SST092013","spring","SST092013_2013-05-29",0,155,14,36
"768","SST","SST10",2013,2013-05-29,2013-06-10,0,12,"SST102013","spring","SST102013_2013-05-29",0,155,20,35
"769","SST","SST11",2013,2013-05-29,2013-06-10,0,12,"SST112013","spring","SST112013_2013-05-29",0,155,12,22
"770","SST","SST12",2013,2013-05-29,2013-06-10,0,12,"SST122013","spring","SST122013_2013-05-29",0,155,5,6
"771","SST","SST13",2013,2013-05-29,2013-06-10,0,12,"SST132013","spring","SST132013_2013-05-29",0,155,19,54
"772","SST","SST14",2013,2013-05-29,2013-06-10,0,12,"SST142013","spring","SST142013_2013-05-29",0,155,6,55
"773","SST","SST15",2013,2013-05-29,2013-06-10,0,12,"SST152013","spring","SST152013_2013-05-29",0,155,6,7
"774","SST","SST16",2013,2013-05-29,2013-06-10,0,12,"SST162013","spring","SST162013_2013-05-29",0,155,5,8
"775","HAR","HAR01",2013,2013-05-28,2013-06-11,0,14,"HAR012013","spring","HAR012013_2013-05-28",0,155,14,20
"776","HAR","HAR02",2013,2013-05-28,2013-06-11,0,14,"HAR022013","spring","HAR022013_2013-05-28",0,155,10,20
"777","HAR","HAR03",2013,2013-05-28,2013-06-11,0,14,"HAR032013","spring","HAR032013_2013-05-28",0,155,5,5
"778","HAR","HAR05",2013,2013-05-28,2013-06-11,0,14,"HAR052013","spring","HAR052013_2013-05-28",0,155,42,291
"779","HAR","HAR06",2013,2013-05-28,2013-06-11,0,14,"HAR062013","spring","HAR062013_2013-05-28",2,155,15,27
"780","HAR","HAR07",2013,2013-05-28,2013-06-11,0,14,"HAR072013","spring","HAR072013_2013-05-28",0,155,10,19
"781","HAR","HAR08",2013,2013-05-28,2013-06-11,0,14,"HAR082013","spring","HAR082013_2013-05-28",1,155,8,21
"782","HAR","HAR09",2013,2013-05-28,2013-06-11,0,14,"HAR092013","spring","HAR092013_2013-05-28",1,155,20,42
"783","HAR","HAR10",2013,2013-05-28,2013-06-11,0,14,"HAR102013","spring","HAR102013_2013-05-28",2,155,17,32
"784","HAR","HAR11",2013,2013-05-28,2013-06-11,0,14,"HAR112013","spring","HAR112013_2013-05-28",1,155,10,29
"785","HAR","HAR12",2013,2013-05-28,2013-06-11,0,14,"HAR122013","spring","HAR122013_2013-05-28",1,155,19,26
"786","HAR","HAR13",2013,2013-05-28,2013-06-11,0,14,"HAR132013","spring","HAR132013_2013-05-28",0,155,7,8
"787","HAR","HAR15",2013,2013-05-28,2013-06-11,0,14,"HAR152013","spring","HAR152013_2013-05-28",2,155,15,20
"788","HAR","HAR16",2013,2013-05-28,2013-06-11,0,14,"HAR162013","spring","HAR162013_2013-05-28",0,155,17,25
"789","WAN","WAN01",2013,2013-05-28,2013-06-11,0,14,"WAN012013","spring","WAN012013_2013-05-28",1,155,18,32
"790","WAN","WAN02",2013,2013-05-28,2013-06-11,0,14,"WAN022013","spring","WAN022013_2013-05-28",0,155,9,16
"791","WAN","WAN03",2013,2013-05-28,2013-06-11,0,14,"WAN032013","spring","WAN032013_2013-05-28",0,155,11,17
"792","WAN","WAN04",2013,2013-05-28,2013-06-11,0,14,"WAN042013","spring","WAN042013_2013-05-28",0,155,8,12
"793","WAN","WAN05",2013,2013-05-28,2013-06-11,0,14,"WAN052013","spring","WAN052013_2013-05-28",1,155,6,11
"794","WAN","WAN06",2013,2013-05-28,2013-06-11,0,14,"WAN062013","spring","WAN062013_2013-05-28",0,155,3,3
"795","WAN","WAN07",2013,2013-05-28,2013-06-11,0,14,"WAN072013","spring","WAN072013_2013-05-28",0,155,2,2
"796","WAN","WAN08",2013,2013-05-28,2013-06-11,0,14,"WAN082013","spring","WAN082013_2013-05-28",0,155,6,13
"797","WAN","WAN09",2013,2013-05-28,2013-06-11,0,14,"WAN092013","spring","WAN092013_2013-05-28",0,155,6,6
"798","WAN","WAN10",2013,2013-05-28,2013-06-11,0,14,"WAN102013","spring","WAN102013_2013-05-28",1,155,5,6
"799","WAN","WAN12",2013,2013-05-28,2013-06-11,0,14,"WAN122013","spring","WAN122013_2013-05-28",0,155,12,29
"800","WAN","WAN13",2013,2013-05-28,2013-06-11,0,14,"WAN132013","spring","WAN132013_2013-05-28",4,155,6,10
"801","WAN","WAN14",2013,2013-05-28,2013-06-11,0,14,"WAN142013","spring","WAN142013_2013-05-28",1,155,7,13
"802","WAN","WAN15",2013,2013-05-28,2013-06-11,0,14,"WAN152013","spring","WAN152013_2013-05-28",0,155,4,5
"803","WAN","WAN16",2013,2013-05-28,2013-06-11,0,14,"WAN162013","spring","WAN162013_2013-05-28",0,155,6,8
"804","GFH","GFH01",2013,2013-06-03,2013-06-13,0,10,"GFH012013","spring","GFH012013_2013-06-03",0,159,5,8
"805","GFH","GFH02",2013,2013-06-03,2013-06-13,0,10,"GFH022013","spring","GFH022013_2013-06-03",0,159,7,10
"806","GFH","GFH03",2013,2013-06-03,2013-06-13,0,10,"GFH032013","spring","GFH032013_2013-06-03",0,159,4,7
"807","GFH","GFH04",2013,2013-06-03,2013-06-13,0,10,"GFH042013","spring","GFH042013_2013-06-03",1,159,20,68
"808","GFH","GFH05",2013,2013-06-03,2013-06-13,0,10,"GFH052013","spring","GFH052013_2013-06-03",1,159,5,8
"809","GFH","GFH06",2013,2013-06-03,2013-06-13,0,10,"GFH062013","spring","GFH062013_2013-06-03",0,159,5,9
"810","GFH","GFH07",2013,2013-06-03,2013-06-13,0,10,"GFH072013","spring","GFH072013_2013-06-03",0,159,4,5
"811","GFH","GFH08",2013,2013-06-03,2013-06-13,0,10,"GFH082013","spring","GFH082013_2013-06-03",0,159,1,1
"812","GFH","GFH09",2013,2013-06-03,2013-06-13,0,10,"GFH092013","spring","GFH092013_2013-06-03",0,159,1,1
"813","GFH","GFH10",2013,2013-06-03,2013-06-13,0,10,"GFH102013","spring","GFH102013_2013-06-03",1,159,13,42
"814","GFH","GFH11",2013,2013-06-03,2013-06-13,0,10,"GFH112013","spring","GFH112013_2013-06-03",0,159,18,95
"815","GFH","GFH12",2013,2013-06-03,2013-06-13,0,10,"GFH122013","spring","GFH122013_2013-06-03",0,159,6,10
"816","GFH","GFH13",2013,2013-06-03,2013-06-13,0,10,"GFH132013","spring","GFH132013_2013-06-03",0,159,5,6
"817","GFH","GFH14",2013,2013-06-03,2013-06-13,0,10,"GFH142013","spring","GFH142013_2013-06-03",0,159,28,60
"818","GFH","GFH15",2013,2013-06-03,2013-06-13,0,10,"GFH152013","spring","GFH152013_2013-06-03",0,159,9,11
"819","GFH","GFH16",2013,2013-06-03,2013-06-13,0,10,"GFH162013","spring","GFH162013_2013-06-03",0,159,13,28
"820","SIP","SIP01",2013,2013-06-03,2013-06-13,0,10,"SIP012013","spring","SIP012013_2013-06-03",3,159,5,15
"821","SIP","SIP02",2013,2013-06-03,2013-06-13,0,10,"SIP022013","spring","SIP022013_2013-06-03",0,159,11,22
"822","SIP","SIP03",2013,2013-06-03,2013-06-13,0,10,"SIP032013","spring","SIP032013_2013-06-03",0,159,10,16
"823","SIP","SIP05",2013,2013-06-03,2013-06-13,0,10,"SIP052013","spring","SIP052013_2013-06-03",1,159,4,10
"824","SIP","SIP06",2013,2013-06-03,2013-06-13,0,10,"SIP062013","spring","SIP062013_2013-06-03",1,159,4,9
"825","SIP","SIP07",2013,2013-06-03,2013-06-13,0,10,"SIP072013","spring","SIP072013_2013-06-03",1,159,9,16
"826","SIP","SIP08",2013,2013-06-03,2013-06-13,0,10,"SIP082013","spring","SIP082013_2013-06-03",0,159,8,14
"827","SIP","SIP09",2013,2013-06-03,2013-06-13,0,10,"SIP092013","spring","SIP092013_2013-06-03",0,159,8,11
"828","SIP","SIP10",2013,2013-06-03,2013-06-13,0,10,"SIP102013","spring","SIP102013_2013-06-03",2,159,7,16
"829","SIP","SIP11",2013,2013-06-03,2013-06-13,0,10,"SIP112013","spring","SIP112013_2013-06-03",2,159,8,11
"830","SIP","SIP12",2013,2013-06-03,2013-06-13,0,10,"SIP122013","spring","SIP122013_2013-06-03",2,159,6,7
"831","SIP","SIP13",2013,2013-06-03,2013-06-13,0,10,"SIP132013","spring","SIP132013_2013-06-03",1,159,7,9
"832","SIP","SIP14",2013,2013-06-03,2013-06-13,0,10,"SIP142013","spring","SIP142013_2013-06-03",0,159,8,22
"833","SIP","SIP15",2013,2013-06-03,2013-06-13,0,10,"SIP152013","spring","SIP152013_2013-06-03",2,159,5,8
"834","SIP","SIP16",2013,2013-06-03,2013-06-13,0,10,"SIP162013","spring","SIP162013_2013-06-03",0,159,9,15
"835","FBG","FBG01",2014,2014-04-14,2014-04-28,0,14,"FBG012014","spring","FBG012014_2014-04-14",0,111,17,31
"836","FBG","FBG02",2014,2014-04-14,2014-04-28,0,14,"FBG022014","spring","FBG022014_2014-04-14",6,111,21,56
"837","FBG","FBG03",2014,2014-04-14,2014-04-28,0,14,"FBG032014","spring","FBG032014_2014-04-14",0,111,8,30
"838","FBG","FBG04",2014,2014-04-14,2014-04-28,0,14,"FBG042014","spring","FBG042014_2014-04-14",0,111,7,10
"839","FBG","FBG05",2014,2014-04-14,2014-04-28,0,14,"FBG052014","spring","FBG052014_2014-04-14",0,111,4,4
"840","FBG","FBG06",2014,2014-04-14,2014-04-28,0,14,"FBG062014","spring","FBG062014_2014-04-14",1,111,10,41
"841","FBG","FBG07",2014,2014-04-14,2014-04-28,0,14,"FBG072014","spring","FBG072014_2014-04-14",0,111,10,21
"842","FBG","FBG08",2014,2014-04-14,2014-04-28,0,14,"FBG082014","spring","FBG082014_2014-04-14",0,111,6,11
"843","FBG","FBG09",2014,2014-04-14,2014-04-28,0,14,"FBG092014","spring","FBG092014_2014-04-14",1,111,17,70
"844","FBG","FBG10",2014,2014-04-14,2014-04-28,0,14,"FBG102014","spring","FBG102014_2014-04-14",0,111,17,35
"845","FBG","FBG11",2014,2014-04-14,2014-04-28,0,14,"FBG112014","spring","FBG112014_2014-04-14",0,111,11,19
"846","FBG","FBG12",2014,2014-04-14,2014-04-28,0,14,"FBG122014","spring","FBG122014_2014-04-14",0,111,13,25
"847","FBG","FBG13",2014,2014-04-14,2014-04-28,0,14,"FBG132014","spring","FBG132014_2014-04-14",2,111,31,73
"848","FBG","FBG14",2014,2014-04-14,2014-04-28,0,14,"FBG142014","spring","FBG142014_2014-04-14",0,111,19,43
"849","FBG","FBG15",2014,2014-04-14,2014-04-28,0,14,"FBG152014","spring","FBG152014_2014-04-14",0,111,19,33
"850","FBG","FBG16",2014,2014-04-14,2014-04-28,0,14,"FBG162014","spring","FBG162014_2014-04-14",2,111,5,6
"851","SST","SST02",2014,2014-04-14,2014-04-28,0,14,"SST022014","spring","SST022014_2014-04-14",0,111,10,56
"852","SST","SST03",2014,2014-04-14,2014-04-28,0,14,"SST032014","spring","SST032014_2014-04-14",1,111,6,15
"853","SST","SST04",2014,2014-04-14,2014-04-28,0,14,"SST042014","spring","SST042014_2014-04-14",1,111,12,26
"854","SST","SST05",2014,2014-04-14,2014-04-28,0,14,"SST052014","spring","SST052014_2014-04-14",0,111,19,44
"855","SST","SST06",2014,2014-04-14,2014-04-28,0,14,"SST062014","spring","SST062014_2014-04-14",0,111,7,28
"856","SST","SST07",2014,2014-04-14,2014-04-28,0,14,"SST072014","spring","SST072014_2014-04-14",0,111,12,16
"857","SST","SST08",2014,2014-04-14,2014-04-28,0,14,"SST082014","spring","SST082014_2014-04-14",0,111,21,35
"858","SST","SST09",2014,2014-04-14,2014-04-28,0,14,"SST092014","spring","SST092014_2014-04-14",0,111,9,16
"859","SST","SST10",2014,2014-04-14,2014-04-28,0,14,"SST102014","spring","SST102014_2014-04-14",1,111,13,63
"860","SST","SST11",2014,2014-04-14,2014-04-28,0,14,"SST112014","spring","SST112014_2014-04-14",0,111,9,20
"861","SST","SST12",2014,2014-04-14,2014-04-28,0,14,"SST122014","spring","SST122014_2014-04-14",0,111,8,28
"862","SST","SST13",2014,2014-04-14,2014-04-28,0,14,"SST132014","spring","SST132014_2014-04-14",0,111,12,45
"863","SST","SST14",2014,2014-04-14,2014-04-28,0,14,"SST142014","spring","SST142014_2014-04-14",0,111,9,49
"864","SST","SST15",2014,2014-04-14,2014-04-28,0,14,"SST152014","spring","SST152014_2014-04-14",0,111,8,40
"865","SST","SST16",2014,2014-04-14,2014-04-28,0,14,"SST162014","spring","SST162014_2014-04-14",0,111,9,17
"866","HAR","HAR01",2014,2014-04-15,2014-04-29,0,14,"HAR012014","spring","HAR012014_2014-04-15",0,112,15,27
"867","HAR","HAR02",2014,2014-04-15,2014-04-29,0,14,"HAR022014","spring","HAR022014_2014-04-15",0,112,16,69
"868","HAR","HAR03",2014,2014-04-15,2014-04-29,0,14,"HAR032014","spring","HAR032014_2014-04-15",0,112,10,35
"869","HAR","HAR04",2014,2014-04-15,2014-04-29,0,14,"HAR042014","spring","HAR042014_2014-04-15",0,112,6,6
"870","HAR","HAR05",2014,2014-04-15,2014-04-29,0,14,"HAR052014","spring","HAR052014_2014-04-15",4,112,21,49
"871","HAR","HAR06",2014,2014-04-15,2014-04-29,0,14,"HAR062014","spring","HAR062014_2014-04-15",1,112,16,31
"872","HAR","HAR07",2014,2014-04-15,2014-04-29,0,14,"HAR072014","spring","HAR072014_2014-04-15",2,112,13,48
"873","HAR","HAR08",2014,2014-04-15,2014-04-29,0,14,"HAR082014","spring","HAR082014_2014-04-15",0,112,8,123
"874","HAR","HAR09",2014,2014-04-15,2014-04-29,0,14,"HAR092014","spring","HAR092014_2014-04-15",1,112,19,51
"875","HAR","HAR10",2014,2014-04-15,2014-04-29,0,14,"HAR102014","spring","HAR102014_2014-04-15",4,112,15,41
"876","HAR","HAR11",2014,2014-04-15,2014-04-29,0,14,"HAR112014","spring","HAR112014_2014-04-15",1,112,5,8
"877","HAR","HAR12",2014,2014-04-15,2014-04-29,0,14,"HAR122014","spring","HAR122014_2014-04-15",1,112,21,102
"878","HAR","HAR13",2014,2014-04-15,2014-04-29,0,14,"HAR132014","spring","HAR132014_2014-04-15",7,112,4,10
"879","HAR","HAR14",2014,2014-04-15,2014-04-29,0,14,"HAR142014","spring","HAR142014_2014-04-15",10,112,12,30
"880","HAR","HAR15",2014,2014-04-15,2014-04-29,0,14,"HAR152014","spring","HAR152014_2014-04-15",2,112,4,4
"881","HAR","HAR16",2014,2014-04-15,2014-04-29,0,14,"HAR162014","spring","HAR162014_2014-04-15",45,112,21,46
"882","WAN","WAN01",2014,2014-04-15,2014-04-29,0,14,"WAN012014","spring","WAN012014_2014-04-15",2,112,16,68
"883","WAN","WAN02",2014,2014-04-15,2014-04-29,0,14,"WAN022014","spring","WAN022014_2014-04-15",4,112,8,33
"884","WAN","WAN03",2014,2014-04-15,2014-04-29,0,14,"WAN032014","spring","WAN032014_2014-04-15",5,112,8,15
"885","WAN","WAN04",2014,2014-04-15,2014-04-29,0,14,"WAN042014","spring","WAN042014_2014-04-15",1,112,14,39
"886","WAN","WAN05",2014,2014-04-15,2014-04-29,0,14,"WAN052014","spring","WAN052014_2014-04-15",1,112,10,25
"887","WAN","WAN06",2014,2014-04-15,2014-04-29,0,14,"WAN062014","spring","WAN062014_2014-04-15",0,112,9,17
"888","WAN","WAN07",2014,2014-04-15,2014-04-29,0,14,"WAN072014","spring","WAN072014_2014-04-15",1,112,6,13
"889","WAN","WAN08",2014,2014-04-15,2014-04-29,0,14,"WAN082014","spring","WAN082014_2014-04-15",0,112,12,33
"890","WAN","WAN09",2014,2014-04-15,2014-04-29,0,14,"WAN092014","spring","WAN092014_2014-04-15",0,112,14,52
"891","WAN","WAN10",2014,2014-04-15,2014-04-29,0,14,"WAN102014","spring","WAN102014_2014-04-15",2,112,11,22
"892","WAN","WAN11",2014,2014-04-15,2014-04-29,0,14,"WAN112014","spring","WAN112014_2014-04-15",1,112,5,15
"893","WAN","WAN12",2014,2014-04-15,2014-04-29,0,14,"WAN122014","spring","WAN122014_2014-04-15",5,112,13,26
"894","WAN","WAN13",2014,2014-04-15,2014-04-29,0,14,"WAN132014","spring","WAN132014_2014-04-15",1,112,12,100
"895","WAN","WAN14",2014,2014-04-15,2014-04-29,0,14,"WAN142014","spring","WAN142014_2014-04-15",0,112,15,26
"896","WAN","WAN15",2014,2014-04-15,2014-04-29,0,14,"WAN152014","spring","WAN152014_2014-04-15",1,112,8,22
"897","WAN","WAN16",2014,2014-04-15,2014-04-29,0,14,"WAN162014","spring","WAN162014_2014-04-15",0,112,7,12
"898","GFH","GFH01",2014,2014-04-16,2014-05-02,0,16,"GFH012014","spring","GFH012014_2014-04-16",0,114,7,19
"899","GFH","GFH02",2014,2014-04-16,2014-05-02,0,16,"GFH022014","spring","GFH022014_2014-04-16",0,114,10,41
"900","GFH","GFH03",2014,2014-04-16,2014-05-02,0,16,"GFH032014","spring","GFH032014_2014-04-16",0,114,19,51
"901","GFH","GFH04",2014,2014-04-16,2014-05-02,0,16,"GFH042014","spring","GFH042014_2014-04-16",2,114,5,12
"902","GFH","GFH05",2014,2014-04-16,2014-05-02,0,16,"GFH052014","spring","GFH052014_2014-04-16",0,114,10,16
"903","GFH","GFH06",2014,2014-04-16,2014-05-02,0,16,"GFH062014","spring","GFH062014_2014-04-16",0,114,8,16
"904","GFH","GFH07",2014,2014-04-16,2014-05-02,0,16,"GFH072014","spring","GFH072014_2014-04-16",3,114,6,22
"905","GFH","GFH08",2014,2014-04-16,2014-05-02,0,16,"GFH082014","spring","GFH082014_2014-04-16",0,114,4,5
"906","GFH","GFH09",2014,2014-04-16,2014-05-02,0,16,"GFH092014","spring","GFH092014_2014-04-16",0,114,4,6
"907","GFH","GFH10",2014,2014-04-16,2014-05-02,0,16,"GFH102014","spring","GFH102014_2014-04-16",1,114,8,15
"908","GFH","GFH11",2014,2014-04-16,2014-05-02,0,16,"GFH112014","spring","GFH112014_2014-04-16",0,114,7,9
"909","GFH","GFH12",2014,2014-04-16,2014-05-02,0,16,"GFH122014","spring","GFH122014_2014-04-16",1,114,4,5
"910","GFH","GFH13",2014,2014-04-16,2014-05-02,0,16,"GFH132014","spring","GFH132014_2014-04-16",1,114,4,4
"911","GFH","GFH14",2014,2014-04-16,2014-05-02,0,16,"GFH142014","spring","GFH142014_2014-04-16",1,114,6,16
"912","GFH","GFH15",2014,2014-04-16,2014-05-02,0,16,"GFH152014","spring","GFH152014_2014-04-16",0,114,4,6
"913","GFH","GFH16",2014,2014-04-16,2014-05-02,0,16,"GFH162014","spring","GFH162014_2014-04-16",1,114,22,79
"914","SIP","SIP01",2014,2014-04-16,2014-05-02,0,16,"SIP012014","spring","SIP012014_2014-04-16",0,114,15,52
"915","SIP","SIP02",2014,2014-04-16,2014-05-02,0,16,"SIP022014","spring","SIP022014_2014-04-16",0,114,22,74
"916","SIP","SIP03",2014,2014-04-16,2014-05-02,0,16,"SIP032014","spring","SIP032014_2014-04-16",0,114,16,45
"917","SIP","SIP05",2014,2014-04-16,2014-05-02,0,16,"SIP052014","spring","SIP052014_2014-04-16",0,114,5,14
"918","SIP","SIP06",2014,2014-04-16,2014-05-02,0,16,"SIP062014","spring","SIP062014_2014-04-16",0,114,9,22
"919","SIP","SIP07",2014,2014-04-16,2014-05-02,0,16,"SIP072014","spring","SIP072014_2014-04-16",0,114,8,9
"920","SIP","SIP08",2014,2014-04-16,2014-05-02,0,16,"SIP082014","spring","SIP082014_2014-04-16",0,114,14,38
"921","SIP","SIP09",2014,2014-04-16,2014-05-02,0,16,"SIP092014","spring","SIP092014_2014-04-16",0,114,8,18
"922","SIP","SIP10",2014,2014-04-16,2014-05-02,0,16,"SIP102014","spring","SIP102014_2014-04-16",0,114,6,20
"923","SIP","SIP11",2014,2014-04-16,2014-05-02,0,16,"SIP112014","spring","SIP112014_2014-04-16",0,114,6,21
"924","SIP","SIP12",2014,2014-04-16,2014-05-02,0,16,"SIP122014","spring","SIP122014_2014-04-16",0,114,10,39
"925","SIP","SIP13",2014,2014-04-16,2014-05-02,0,16,"SIP132014","spring","SIP132014_2014-04-16",0,114,10,17
"926","SIP","SIP14",2014,2014-04-16,2014-05-02,0,16,"SIP142014","spring","SIP142014_2014-04-16",0,114,8,20
"927","SIP","SIP15",2014,2014-04-16,2014-05-02,0,16,"SIP152014","spring","SIP152014_2014-04-16",0,114,9,23
"928","SIP","SIP16",2014,2014-04-16,2014-05-02,0,16,"SIP162014","spring","SIP162014_2014-04-16",0,114,7,9
"929","FBG","FBG01",2014,2014-04-28,2014-05-12,0,14,"FBG012014","spring","FBG012014_2014-04-28",0,125,6,14
"930","FBG","FBG02",2014,2014-04-28,2014-05-12,0,14,"FBG022014","spring","FBG022014_2014-04-28",3,125,26,67
"931","FBG","FBG03",2014,2014-04-28,2014-05-12,0,14,"FBG032014","spring","FBG032014_2014-04-28",0,125,6,13
"932","FBG","FBG04",2014,2014-04-28,2014-05-12,0,14,"FBG042014","spring","FBG042014_2014-04-28",0,125,11,17
"933","FBG","FBG05",2014,2014-04-28,2014-05-12,0,14,"FBG052014","spring","FBG052014_2014-04-28",0,125,15,32
"934","FBG","FBG06",2014,2014-04-28,2014-05-12,0,14,"FBG062014","spring","FBG062014_2014-04-28",1,125,8,14
"935","FBG","FBG07",2014,2014-04-28,2014-05-12,0,14,"FBG072014","spring","FBG072014_2014-04-28",0,125,14,31
"936","FBG","FBG08",2014,2014-04-28,2014-05-12,0,14,"FBG082014","spring","FBG082014_2014-04-28",0,125,8,16
"937","FBG","FBG09",2014,2014-04-28,2014-05-12,0,14,"FBG092014","spring","FBG092014_2014-04-28",0,125,22,86
"938","FBG","FBG10",2014,2014-04-28,2014-05-12,0,14,"FBG102014","spring","FBG102014_2014-04-28",0,125,6,7
"939","FBG","FBG11",2014,2014-04-28,2014-05-12,0,14,"FBG112014","spring","FBG112014_2014-04-28",1,125,17,39
"940","FBG","FBG12",2014,2014-04-28,2014-05-12,0,14,"FBG122014","spring","FBG122014_2014-04-28",1,125,8,11
"941","FBG","FBG13",2014,2014-04-28,2014-05-12,0,14,"FBG132014","spring","FBG132014_2014-04-28",3,125,14,26
"942","FBG","FBG14",2014,2014-04-28,2014-05-12,0,14,"FBG142014","spring","FBG142014_2014-04-28",0,125,13,20
"943","FBG","FBG15",2014,2014-04-28,2014-05-12,0,14,"FBG152014","spring","FBG152014_2014-04-28",0,125,9,17
"944","FBG","FBG16",2014,2014-04-28,2014-05-12,0,14,"FBG162014","spring","FBG162014_2014-04-28",1,125,8,12
"945","SST","SST01",2014,2014-04-28,2014-05-12,0,14,"SST012014","spring","SST012014_2014-04-28",1,125,26,82
"946","SST","SST02",2014,2014-04-28,2014-05-12,0,14,"SST022014","spring","SST022014_2014-04-28",0,125,10,19
"947","SST","SST03",2014,2014-04-28,2014-05-12,0,14,"SST032014","spring","SST032014_2014-04-28",0,125,3,7
"948","SST","SST04",2014,2014-04-28,2014-05-12,0,14,"SST042014","spring","SST042014_2014-04-28",0,125,8,11
"949","SST","SST05",2014,2014-04-28,2014-05-12,0,14,"SST052014","spring","SST052014_2014-04-28",1,125,18,29
"950","SST","SST06",2014,2014-04-28,2014-05-12,0,14,"SST062014","spring","SST062014_2014-04-28",0,125,5,13
"951","SST","SST07",2014,2014-04-28,2014-05-12,0,14,"SST072014","spring","SST072014_2014-04-28",0,125,7,10
"952","SST","SST08",2014,2014-04-28,2014-05-12,0,14,"SST082014","spring","SST082014_2014-04-28",0,125,11,14
"953","SST","SST09",2014,2014-04-28,2014-05-12,0,14,"SST092014","spring","SST092014_2014-04-28",0,125,4,9
"954","SST","SST10",2014,2014-04-28,2014-05-12,0,14,"SST102014","spring","SST102014_2014-04-28",2,125,10,27
"955","SST","SST11",2014,2014-04-28,2014-05-12,0,14,"SST112014","spring","SST112014_2014-04-28",0,125,9,26
"956","SST","SST12",2014,2014-04-28,2014-05-12,0,14,"SST122014","spring","SST122014_2014-04-28",0,125,3,10
"957","SST","SST13",2014,2014-04-28,2014-05-12,0,14,"SST132014","spring","SST132014_2014-04-28",0,125,14,40
"958","SST","SST14",2014,2014-04-28,2014-05-12,0,14,"SST142014","spring","SST142014_2014-04-28",0,125,8,42
"959","SST","SST15",2014,2014-04-28,2014-05-12,0,14,"SST152014","spring","SST152014_2014-04-28",0,125,4,11
"960","SST","SST16",2014,2014-04-28,2014-05-12,0,14,"SST162014","spring","SST162014_2014-04-28",0,125,6,21
"961","HAR","HAR01",2014,2014-04-29,2014-05-13,0,14,"HAR012014","spring","HAR012014_2014-04-29",0,126,11,14
"962","HAR","HAR02",2014,2014-04-29,2014-05-13,0,14,"HAR022014","spring","HAR022014_2014-04-29",0,126,12,38
"963","HAR","HAR03",2014,2014-04-29,2014-05-13,0,14,"HAR032014","spring","HAR032014_2014-04-29",0,126,7,13
"964","HAR","HAR04",2014,2014-04-29,2014-05-13,0,14,"HAR042014","spring","HAR042014_2014-04-29",2,126,6,16
"965","HAR","HAR05",2014,2014-04-29,2014-05-13,0,14,"HAR052014","spring","HAR052014_2014-04-29",4,126,19,44
"966","HAR","HAR06",2014,2014-04-29,2014-05-13,0,14,"HAR062014","spring","HAR062014_2014-04-29",5,126,8,20
"967","HAR","HAR07",2014,2014-04-29,2014-05-13,0,14,"HAR072014","spring","HAR072014_2014-04-29",0,126,5,19
"968","HAR","HAR08",2014,2014-04-29,2014-05-13,0,14,"HAR082014","spring","HAR082014_2014-04-29",0,126,8,12
"969","HAR","HAR09",2014,2014-04-29,2014-05-13,0,14,"HAR092014","spring","HAR092014_2014-04-29",0,126,9,26
"970","HAR","HAR10",2014,2014-04-29,2014-05-13,0,14,"HAR102014","spring","HAR102014_2014-04-29",2,126,11,34
"971","HAR","HAR11",2014,2014-04-29,2014-05-13,0,14,"HAR112014","spring","HAR112014_2014-04-29",4,126,10,16
"972","HAR","HAR12",2014,2014-04-29,2014-05-13,0,14,"HAR122014","spring","HAR122014_2014-04-29",1,126,7,17
"973","HAR","HAR13",2014,2014-04-29,2014-05-13,0,14,"HAR132014","spring","HAR132014_2014-04-29",4,126,11,23
"974","HAR","HAR14",2014,2014-04-29,2014-05-13,0,14,"HAR142014","spring","HAR142014_2014-04-29",1,126,6,9
"975","HAR","HAR15",2014,2014-04-29,2014-05-13,0,14,"HAR152014","spring","HAR152014_2014-04-29",4,126,9,10
"976","HAR","HAR16",2014,2014-04-29,2014-05-13,0,14,"HAR162014","spring","HAR162014_2014-04-29",153,126,13,21
"977","WAN","WAN01",2014,2014-04-29,2014-05-13,0,14,"WAN012014","spring","WAN012014_2014-04-29",0,126,13,46
"978","WAN","WAN02",2014,2014-04-29,2014-05-13,0,14,"WAN022014","spring","WAN022014_2014-04-29",4,126,11,26
"979","WAN","WAN03",2014,2014-04-29,2014-05-13,0,14,"WAN032014","spring","WAN032014_2014-04-29",2,126,6,6
"980","WAN","WAN04",2014,2014-04-29,2014-05-13,0,14,"WAN042014","spring","WAN042014_2014-04-29",1,126,7,13
"981","WAN","WAN05",2014,2014-04-29,2014-05-13,0,14,"WAN052014","spring","WAN052014_2014-04-29",0,126,8,20
"982","WAN","WAN06",2014,2014-04-29,2014-05-13,0,14,"WAN062014","spring","WAN062014_2014-04-29",0,126,1,1
"983","WAN","WAN07",2014,2014-04-29,2014-05-13,0,14,"WAN072014","spring","WAN072014_2014-04-29",3,126,1,1
"984","WAN","WAN08",2014,2014-04-29,2014-05-13,0,14,"WAN082014","spring","WAN082014_2014-04-29",0,126,5,11
"985","WAN","WAN09",2014,2014-04-29,2014-05-13,0,14,"WAN092014","spring","WAN092014_2014-04-29",0,126,11,26
"986","WAN","WAN10",2014,2014-04-29,2014-05-13,0,14,"WAN102014","spring","WAN102014_2014-04-29",0,126,6,9
"987","WAN","WAN11",2014,2014-04-29,2014-05-13,0,14,"WAN112014","spring","WAN112014_2014-04-29",0,126,1,2
"988","WAN","WAN12",2014,2014-04-29,2014-05-13,0,14,"WAN122014","spring","WAN122014_2014-04-29",4,126,10,22
"989","WAN","WAN13",2014,2014-04-29,2014-05-13,0,14,"WAN132014","spring","WAN132014_2014-04-29",1,126,1,5
"990","WAN","WAN14",2014,2014-04-29,2014-05-13,0,14,"WAN142014","spring","WAN142014_2014-04-29",0,126,8,10
"991","WAN","WAN15",2014,2014-04-29,2014-05-13,0,14,"WAN152014","spring","WAN152014_2014-04-29",2,126,6,10
"992","WAN","WAN16",2014,2014-04-29,2014-05-13,0,14,"WAN162014","spring","WAN162014_2014-04-29",0,126,5,8
"993","GFH","GFH01",2014,2014-05-02,2014-05-14,0,12,"GFH012014","spring","GFH012014_2014-05-02",0,128,1,9
"994","GFH","GFH02",2014,2014-05-02,2014-05-14,0,12,"GFH022014","spring","GFH022014_2014-05-02",0,128,10,23
"995","GFH","GFH03",2014,2014-05-02,2014-05-14,0,12,"GFH032014","spring","GFH032014_2014-05-02",0,128,12,23
"996","GFH","GFH04",2014,2014-05-02,2014-05-14,0,12,"GFH042014","spring","GFH042014_2014-05-02",0,128,6,9
"997","GFH","GFH05",2014,2014-05-02,2014-05-14,0,12,"GFH052014","spring","GFH052014_2014-05-02",0,128,9,21
"998","GFH","GFH06",2014,2014-05-02,2014-05-14,0,12,"GFH062014","spring","GFH062014_2014-05-02",0,128,1,1
"999","GFH","GFH07",2014,2014-05-02,2014-05-14,0,12,"GFH072014","spring","GFH072014_2014-05-02",0,128,3,4
"1000","GFH","GFH08",2014,2014-05-02,2014-05-14,0,12,"GFH082014","spring","GFH082014_2014-05-02",0,128,3,3
"1001","GFH","GFH09",2014,2014-05-02,2014-05-14,0,12,"GFH092014","spring","GFH092014_2014-05-02",0,128,3,4
"1002","GFH","GFH10",2014,2014-05-02,2014-05-14,0,12,"GFH102014","spring","GFH102014_2014-05-02",0,128,13,48
"1003","GFH","GFH11",2014,2014-05-02,2014-05-14,0,12,"GFH112014","spring","GFH112014_2014-05-02",0,128,7,8
"1004","GFH","GFH12",2014,2014-05-02,2014-05-14,0,12,"GFH122014","spring","GFH122014_2014-05-02",0,128,7,8
"1005","GFH","GFH13",2014,2014-05-02,2014-05-14,0,12,"GFH132014","spring","GFH132014_2014-05-02",1,128,7,9
"1006","GFH","GFH14",2014,2014-05-02,2014-05-14,0,12,"GFH142014","spring","GFH142014_2014-05-02",0,128,19,38
"1007","GFH","GFH15",2014,2014-05-02,2014-05-14,0,12,"GFH152014","spring","GFH152014_2014-05-02",0,128,11,15
"1008","GFH","GFH16",2014,2014-05-02,2014-05-14,0,12,"GFH162014","spring","GFH162014_2014-05-02",0,128,17,35
"1009","SIP","SIP02",2014,2014-05-02,2014-05-14,0,12,"SIP022014","spring","SIP022014_2014-05-02",0,128,13,31
"1010","SIP","SIP03",2014,2014-05-02,2014-05-14,0,12,"SIP032014","spring","SIP032014_2014-05-02",0,128,7,16
"1011","SIP","SIP05",2014,2014-05-02,2014-05-14,0,12,"SIP052014","spring","SIP052014_2014-05-02",0,128,3,6
"1012","SIP","SIP06",2014,2014-05-02,2014-05-14,0,12,"SIP062014","spring","SIP062014_2014-05-02",0,128,8,13
"1013","SIP","SIP08",2014,2014-05-02,2014-05-14,0,12,"SIP082014","spring","SIP082014_2014-05-02",0,128,5,10
"1014","SIP","SIP09",2014,2014-05-02,2014-05-14,0,12,"SIP092014","spring","SIP092014_2014-05-02",0,128,7,12
"1015","SIP","SIP10",2014,2014-05-02,2014-05-14,0,12,"SIP102014","spring","SIP102014_2014-05-02",0,128,4,10
"1016","SIP","SIP12",2014,2014-05-02,2014-05-14,0,12,"SIP122014","spring","SIP122014_2014-05-02",0,128,1,2
"1017","SIP","SIP13",2014,2014-05-02,2014-05-14,0,12,"SIP132014","spring","SIP132014_2014-05-02",0,128,4,4
"1018","SIP","SIP14",2014,2014-05-02,2014-05-14,0,12,"SIP142014","spring","SIP142014_2014-05-02",0,128,9,23
"1019","SIP","SIP16",2014,2014-05-02,2014-05-14,0,12,"SIP162014","spring","SIP162014_2014-05-02",0,128,5,6
"1020","FBG","FBG01",2014,2014-05-12,2014-05-26,0,14,"FBG012014","spring","FBG012014_2014-05-12",0,139,15,32
"1021","FBG","FBG02",2014,2014-05-12,2014-05-26,0,14,"FBG022014","spring","FBG022014_2014-05-12",2,139,18,27
"1022","FBG","FBG03",2014,2014-05-12,2014-05-26,0,14,"FBG032014","spring","FBG032014_2014-05-12",1,139,8,16
"1023","FBG","FBG04",2014,2014-05-12,2014-05-26,0,14,"FBG042014","spring","FBG042014_2014-05-12",3,139,10,21
"1024","FBG","FBG05",2014,2014-05-12,2014-05-26,0,14,"FBG052014","spring","FBG052014_2014-05-12",0,139,15,21
"1025","FBG","FBG06",2014,2014-05-12,2014-05-26,0,14,"FBG062014","spring","FBG062014_2014-05-12",1,139,9,15
"1026","FBG","FBG07",2014,2014-05-12,2014-05-26,0,14,"FBG072014","spring","FBG072014_2014-05-12",3,139,16,44
"1027","FBG","FBG09",2014,2014-05-12,2014-05-26,0,14,"FBG092014","spring","FBG092014_2014-05-12",2,139,15,50
"1028","FBG","FBG11",2014,2014-05-12,2014-05-26,0,14,"FBG112014","spring","FBG112014_2014-05-12",0,139,15,23
"1029","FBG","FBG12",2014,2014-05-12,2014-05-26,0,14,"FBG122014","spring","FBG122014_2014-05-12",3,139,21,37
"1030","FBG","FBG13",2014,2014-05-12,2014-05-26,0,14,"FBG132014","spring","FBG132014_2014-05-12",1,139,8,11
"1031","FBG","FBG14",2014,2014-05-12,2014-05-26,0,14,"FBG142014","spring","FBG142014_2014-05-12",0,139,13,18
"1032","FBG","FBG15",2014,2014-05-12,2014-05-26,0,14,"FBG152014","spring","FBG152014_2014-05-12",2,139,15,27
"1033","FBG","FBG16",2014,2014-05-12,2014-05-26,0,14,"FBG162014","spring","FBG162014_2014-05-12",0,139,8,8
"1034","SST","SST01",2014,2014-05-12,2014-05-26,0,14,"SST012014","spring","SST012014_2014-05-12",0,139,6,12
"1035","SST","SST02",2014,2014-05-12,2014-05-26,0,14,"SST022014","spring","SST022014_2014-05-12",0,139,5,5
"1036","SST","SST03",2014,2014-05-12,2014-05-26,0,14,"SST032014","spring","SST032014_2014-05-12",1,139,5,6
"1037","SST","SST04",2014,2014-05-12,2014-05-26,0,14,"SST042014","spring","SST042014_2014-05-12",2,139,8,12
"1038","SST","SST05",2014,2014-05-12,2014-05-26,0,14,"SST052014","spring","SST052014_2014-05-12",0,139,13,20
"1039","SST","SST06",2014,2014-05-12,2014-05-26,0,14,"SST062014","spring","SST062014_2014-05-12",0,139,7,11
"1040","SST","SST07",2014,2014-05-12,2014-05-26,0,14,"SST072014","spring","SST072014_2014-05-12",0,139,4,5
"1041","SST","SST08",2014,2014-05-12,2014-05-26,0,14,"SST082014","spring","SST082014_2014-05-12",0,139,6,9
"1042","SST","SST09",2014,2014-05-12,2014-05-26,0,14,"SST092014","spring","SST092014_2014-05-12",0,139,6,10
"1043","SST","SST11",2014,2014-05-12,2014-05-26,0,14,"SST112014","spring","SST112014_2014-05-12",0,139,6,30
"1044","SST","SST12",2014,2014-05-12,2014-05-26,0,14,"SST122014","spring","SST122014_2014-05-12",0,139,1,1
"1045","SST","SST15",2014,2014-05-12,2014-05-26,0,14,"SST152014","spring","SST152014_2014-05-12",0,139,7,24
"1046","FBG","FBG01",2015,2015-04-20,2015-05-04,0,14,"FBG012015","spring","FBG012015_2015-04-20",0,117,9,18
"1047","FBG","FBG02",2015,2015-04-20,2015-05-04,0,14,"FBG022015","spring","FBG022015_2015-04-20",1,117,18,28
"1048","FBG","FBG03",2015,2015-04-20,2015-05-04,0,14,"FBG032015","spring","FBG032015_2015-04-20",0,117,9,29
"1049","FBG","FBG04",2015,2015-04-20,2015-05-04,0,14,"FBG042015","spring","FBG042015_2015-04-20",1,117,12,426
"1050","FBG","FBG05",2015,2015-04-20,2015-05-04,0,14,"FBG052015","spring","FBG052015_2015-04-20",0,117,15,171
"1051","FBG","FBG06",2015,2015-04-20,2015-05-04,0,14,"FBG062015","spring","FBG062015_2015-04-20",0,117,12,40
"1052","FBG","FBG07",2015,2015-04-20,2015-05-04,0,14,"FBG072015","spring","FBG072015_2015-04-20",0,117,11,37
"1053","FBG","FBG09",2015,2015-04-20,2015-05-04,0,14,"FBG092015","spring","FBG092015_2015-04-20",0,117,14,91
"1054","FBG","FBG10",2015,2015-04-20,2015-05-04,0,14,"FBG102015","spring","FBG102015_2015-04-20",0,117,18,179
"1055","FBG","FBG11",2015,2015-04-20,2015-05-04,0,14,"FBG112015","spring","FBG112015_2015-04-20",0,117,3,21
"1056","FBG","FBG12",2015,2015-04-20,2015-05-04,0,14,"FBG122015","spring","FBG122015_2015-04-20",0,117,7,8
"1057","FBG","FBG13",2015,2015-04-20,2015-05-04,0,14,"FBG132015","spring","FBG132015_2015-04-20",0,117,31,141
"1058","FBG","FBG14",2015,2015-04-20,2015-05-04,0,14,"FBG142015","spring","FBG142015_2015-04-20",0,117,11,34
"1059","FBG","FBG15",2015,2015-04-20,2015-05-04,0,14,"FBG152015","spring","FBG152015_2015-04-20",0,117,10,21
"1060","FBG","FBG16",2015,2015-04-20,2015-05-04,0,14,"FBG162015","spring","FBG162015_2015-04-20",0,117,9,13
"1061","SST","SST01",2015,2015-04-20,2015-05-04,0,14,"SST012015","spring","SST012015_2015-04-20",0,117,13,33
"1062","SST","SST02",2015,2015-04-20,2015-05-04,0,14,"SST022015","spring","SST022015_2015-04-20",0,117,17,271
"1063","SST","SST03",2015,2015-04-20,2015-05-04,0,14,"SST032015","spring","SST032015_2015-04-20",0,117,12,52
"1064","SST","SST04",2015,2015-04-20,2015-05-04,0,14,"SST042015","spring","SST042015_2015-04-20",0,117,12,23
"1065","SST","SST05",2015,2015-04-20,2015-05-04,0,14,"SST052015","spring","SST052015_2015-04-20",0,117,6,14
"1066","SST","SST06",2015,2015-04-20,2015-05-04,0,14,"SST062015","spring","SST062015_2015-04-20",0,117,6,30
"1067","SST","SST07",2015,2015-04-20,2015-05-04,0,14,"SST072015","spring","SST072015_2015-04-20",0,117,7,26
"1068","SST","SST08",2015,2015-04-20,2015-05-04,0,14,"SST082015","spring","SST082015_2015-04-20",0,117,8,34
"1069","SST","SST09",2015,2015-04-20,2015-05-04,0,14,"SST092015","spring","SST092015_2015-04-20",0,117,10,32
"1070","SST","SST10",2015,2015-04-20,2015-05-04,0,14,"SST102015","spring","SST102015_2015-04-20",0,117,5,29
"1071","SST","SST11",2015,2015-04-20,2015-05-04,0,14,"SST112015","spring","SST112015_2015-04-20",0,117,10,173
"1072","SST","SST12",2015,2015-04-20,2015-05-04,0,14,"SST122015","spring","SST122015_2015-04-20",0,117,12,174
"1073","SST","SST13",2015,2015-04-20,2015-05-04,0,14,"SST132015","spring","SST132015_2015-04-20",0,117,20,131
"1074","SST","SST14",2015,2015-04-20,2015-05-04,0,14,"SST142015","spring","SST142015_2015-04-20",0,117,4,18
"1075","SST","SST15",2015,2015-04-20,2015-05-04,0,14,"SST152015","spring","SST152015_2015-04-20",0,117,11,235
"1076","SST","SST16",2015,2015-04-20,2015-05-04,0,14,"SST162015","spring","SST162015_2015-04-20",0,117,8,16
"1077","GFH","GFH01",2015,2015-04-21,2015-05-05,0,14,"GFH012015","spring","GFH012015_2015-04-21",0,118,4,5
"1078","GFH","GFH02",2015,2015-04-21,2015-05-05,0,14,"GFH022015","spring","GFH022015_2015-04-21",0,118,7,32
"1079","GFH","GFH03",2015,2015-04-21,2015-05-05,0,14,"GFH032015","spring","GFH032015_2015-04-21",0,118,4,19
"1080","GFH","GFH04",2015,2015-04-21,2015-05-05,0,14,"GFH042015","spring","GFH042015_2015-04-21",0,118,7,21
"1081","GFH","GFH05",2015,2015-04-21,2015-05-05,0,14,"GFH052015","spring","GFH052015_2015-04-21",0,118,7,16
"1082","GFH","GFH06",2015,2015-04-21,2015-05-05,0,14,"GFH062015","spring","GFH062015_2015-04-21",0,118,3,5
"1083","GFH","GFH07",2015,2015-04-21,2015-05-05,0,14,"GFH072015","spring","GFH072015_2015-04-21",0,118,6,6
"1084","GFH","GFH08",2015,2015-04-21,2015-05-05,0,14,"GFH082015","spring","GFH082015_2015-04-21",0,118,2,2
"1085","GFH","GFH09",2015,2015-04-21,2015-05-05,0,14,"GFH092015","spring","GFH092015_2015-04-21",0,118,3,7
"1086","GFH","GFH10",2015,2015-04-21,2015-05-05,0,14,"GFH102015","spring","GFH102015_2015-04-21",0,118,6,8
"1087","GFH","GFH11",2015,2015-04-21,2015-05-05,0,14,"GFH112015","spring","GFH112015_2015-04-21",0,118,9,13
"1088","GFH","GFH13",2015,2015-04-21,2015-05-05,0,14,"GFH132015","spring","GFH132015_2015-04-21",1,118,2,2
"1089","GFH","GFH14",2015,2015-04-21,2015-05-05,0,14,"GFH142015","spring","GFH142015_2015-04-21",0,118,7,16
"1090","GFH","GFH15",2015,2015-04-21,2015-05-05,0,14,"GFH152015","spring","GFH152015_2015-04-21",3,118,5,5
"1091","SIP","SIP01",2015,2015-04-21,2015-05-05,0,14,"SIP012015","spring","SIP012015_2015-04-21",0,118,12,41
"1092","SIP","SIP02",2015,2015-04-21,2015-05-05,0,14,"SIP022015","spring","SIP022015_2015-04-21",0,118,13,53
"1093","SIP","SIP03",2015,2015-04-21,2015-05-05,0,14,"SIP032015","spring","SIP032015_2015-04-21",0,118,9,12
"1094","SIP","SIP05",2015,2015-04-21,2015-05-05,0,14,"SIP052015","spring","SIP052015_2015-04-21",0,118,8,27
"1095","SIP","SIP06",2015,2015-04-21,2015-05-05,0,14,"SIP062015","spring","SIP062015_2015-04-21",0,118,12,67
"1096","SIP","SIP07",2015,2015-04-21,2015-05-05,0,14,"SIP072015","spring","SIP072015_2015-04-21",0,118,17,93
"1097","SIP","SIP08",2015,2015-04-21,2015-05-05,0,14,"SIP082015","spring","SIP082015_2015-04-21",0,118,16,103
"1098","SIP","SIP09",2015,2015-04-21,2015-05-05,0,14,"SIP092015","spring","SIP092015_2015-04-21",0,118,17,217
"1099","SIP","SIP10",2015,2015-04-21,2015-05-05,0,14,"SIP102015","spring","SIP102015_2015-04-21",0,118,8,15
"1100","SIP","SIP11",2015,2015-04-21,2015-05-05,0,14,"SIP112015","spring","SIP112015_2015-04-21",0,118,6,12
"1101","SIP","SIP12",2015,2015-04-21,2015-05-05,0,14,"SIP122015","spring","SIP122015_2015-04-21",0,118,6,9
"1102","SIP","SIP13",2015,2015-04-21,2015-05-05,0,14,"SIP132015","spring","SIP132015_2015-04-21",0,118,6,10
"1103","SIP","SIP14",2015,2015-04-21,2015-05-05,0,14,"SIP142015","spring","SIP142015_2015-04-21",0,118,5,13
"1104","SIP","SIP15",2015,2015-04-21,2015-05-05,0,14,"SIP152015","spring","SIP152015_2015-04-21",0,118,18,91
"1105","SIP","SIP16",2015,2015-04-21,2015-05-05,0,14,"SIP162015","spring","SIP162015_2015-04-21",0,118,12,55
"1106","HAR","HAR02",2015,2015-04-22,2015-05-06,0,14,"HAR022015","spring","HAR022015_2015-04-22",0,119,10,276
"1107","HAR","HAR03",2015,2015-04-22,2015-05-06,0,14,"HAR032015","spring","HAR032015_2015-04-22",0,119,5,11
"1108","HAR","HAR04",2015,2015-04-22,2015-05-06,0,14,"HAR042015","spring","HAR042015_2015-04-22",0,119,6,10
"1109","HAR","HAR05",2015,2015-04-22,2015-05-06,0,14,"HAR052015","spring","HAR052015_2015-04-22",0,119,14,26
"1110","HAR","HAR06",2015,2015-04-22,2015-05-06,0,14,"HAR062015","spring","HAR062015_2015-04-22",6,119,14,43
"1111","HAR","HAR07",2015,2015-04-22,2015-05-06,0,14,"HAR072015","spring","HAR072015_2015-04-22",1,119,2,3
"1112","HAR","HAR08",2015,2015-04-22,2015-05-06,0,14,"HAR082015","spring","HAR082015_2015-04-22",0,119,5,19
"1113","HAR","HAR09",2015,2015-04-22,2015-05-06,0,14,"HAR092015","spring","HAR092015_2015-04-22",0,119,15,23
"1114","HAR","HAR10",2015,2015-04-22,2015-05-06,0,14,"HAR102015","spring","HAR102015_2015-04-22",0,119,4,4
"1115","HAR","HAR11",2015,2015-04-22,2015-05-06,0,14,"HAR112015","spring","HAR112015_2015-04-22",0,119,2,2
"1116","HAR","HAR12",2015,2015-04-22,2015-05-06,0,14,"HAR122015","spring","HAR122015_2015-04-22",0,119,5,11
"1117","HAR","HAR13",2015,2015-04-22,2015-05-06,0,14,"HAR132015","spring","HAR132015_2015-04-22",2,119,8,10
"1118","HAR","HAR14",2015,2015-04-22,2015-05-06,0,14,"HAR142015","spring","HAR142015_2015-04-22",2,119,6,15
"1119","HAR","HAR15",2015,2015-04-22,2015-05-06,0,14,"HAR152015","spring","HAR152015_2015-04-22",6,119,14,19
"1120","HAR","HAR16",2015,2015-04-22,2015-05-06,0,14,"HAR162015","spring","HAR162015_2015-04-22",1,119,9,24
"1121","WAN","WAN01",2015,2015-04-22,2015-05-06,0,14,"WAN012015","spring","WAN012015_2015-04-22",0,119,11,25
"1122","WAN","WAN02",2015,2015-04-22,2015-05-06,0,14,"WAN022015","spring","WAN022015_2015-04-22",3,119,11,35
"1123","WAN","WAN03",2015,2015-04-22,2015-05-06,0,14,"WAN032015","spring","WAN032015_2015-04-22",3,119,4,18
"1124","WAN","WAN04",2015,2015-04-22,2015-05-06,0,14,"WAN042015","spring","WAN042015_2015-04-22",2,119,0,0
"1125","WAN","WAN05",2015,2015-04-22,2015-05-06,0,14,"WAN052015","spring","WAN052015_2015-04-22",5,119,5,9
"1126","WAN","WAN06",2015,2015-04-22,2015-05-06,0,14,"WAN062015","spring","WAN062015_2015-04-22",1,119,6,13
"1127","WAN","WAN07",2015,2015-04-22,2015-05-06,0,14,"WAN072015","spring","WAN072015_2015-04-22",1,119,0,0
"1128","WAN","WAN08",2015,2015-04-22,2015-05-06,0,14,"WAN082015","spring","WAN082015_2015-04-22",0,119,2,2
"1129","WAN","WAN09",2015,2015-04-22,2015-05-06,0,14,"WAN092015","spring","WAN092015_2015-04-22",13,119,22,123
"1130","WAN","WAN10",2015,2015-04-22,2015-05-06,0,14,"WAN102015","spring","WAN102015_2015-04-22",0,119,4,9
"1131","WAN","WAN11",2015,2015-04-22,2015-05-06,0,14,"WAN112015","spring","WAN112015_2015-04-22",0,119,8,19
"1132","WAN","WAN12",2015,2015-04-22,2015-05-06,0,14,"WAN122015","spring","WAN122015_2015-04-22",0,119,7,7
"1133","WAN","WAN13",2015,2015-04-22,2015-05-06,0,14,"WAN132015","spring","WAN132015_2015-04-22",2,119,3,3
"1134","WAN","WAN14",2015,2015-04-22,2015-05-06,0,14,"WAN142015","spring","WAN142015_2015-04-22",4,119,2,2
"1135","WAN","WAN15",2015,2015-04-22,2015-05-06,0,14,"WAN152015","spring","WAN152015_2015-04-22",1,119,7,7
"1136","WAN","WAN16",2015,2015-04-22,2015-05-06,0,14,"WAN162015","spring","WAN162015_2015-04-22",0,119,3,3
"1137","FBG","FBG01",2015,2015-05-04,2015-05-18,0,14,"FBG012015","spring","FBG012015_2015-05-04",0,131,10,17
"1138","FBG","FBG03",2015,2015-05-04,2015-05-18,0,14,"FBG032015","spring","FBG032015_2015-05-04",0,131,8,34
"1139","FBG","FBG04",2015,2015-05-04,2015-05-18,0,14,"FBG042015","spring","FBG042015_2015-05-04",0,131,9,32
"1140","FBG","FBG05",2015,2015-05-04,2015-05-18,0,14,"FBG052015","spring","FBG052015_2015-05-04",1,131,13,20
"1141","FBG","FBG06",2015,2015-05-04,2015-05-18,0,14,"FBG062015","spring","FBG062015_2015-05-04",0,131,19,66
"1142","FBG","FBG07",2015,2015-05-04,2015-05-18,0,14,"FBG072015","spring","FBG072015_2015-05-04",1,131,8,28
"1143","FBG","FBG09",2015,2015-05-04,2015-05-18,0,14,"FBG092015","spring","FBG092015_2015-05-04",2,131,20,72
"1144","FBG","FBG10",2015,2015-05-04,2015-05-18,0,14,"FBG102015","spring","FBG102015_2015-05-04",0,131,22,33
"1145","FBG","FBG11",2015,2015-05-04,2015-05-18,0,14,"FBG112015","spring","FBG112015_2015-05-04",1,131,20,44
"1146","FBG","FBG12",2015,2015-05-04,2015-05-18,0,14,"FBG122015","spring","FBG122015_2015-05-04",1,131,10,37
"1147","FBG","FBG13",2015,2015-05-04,2015-05-18,0,14,"FBG132015","spring","FBG132015_2015-05-04",19,131,20,40
"1148","FBG","FBG14",2015,2015-05-04,2015-05-18,0,14,"FBG142015","spring","FBG142015_2015-05-04",2,131,6,16
"1149","FBG","FBG15",2015,2015-05-04,2015-05-18,0,14,"FBG152015","spring","FBG152015_2015-05-04",0,131,11,26
"1150","FBG","FBG16",2015,2015-05-04,2015-05-18,0,14,"FBG162015","spring","FBG162015_2015-05-04",0,131,12,15
"1151","SST","SST01",2015,2015-05-04,2015-05-18,0,14,"SST012015","spring","SST012015_2015-05-04",0,131,11,33
"1152","SST","SST03",2015,2015-05-04,2015-05-18,0,14,"SST032015","spring","SST032015_2015-05-04",0,131,9,42
"1153","SST","SST04",2015,2015-05-04,2015-05-18,0,14,"SST042015","spring","SST042015_2015-05-04",0,131,2,2
"1154","SST","SST05",2015,2015-05-04,2015-05-18,0,14,"SST052015","spring","SST052015_2015-05-04",0,131,10,23
"1155","SST","SST06",2015,2015-05-04,2015-05-18,0,14,"SST062015","spring","SST062015_2015-05-04",0,131,8,15
"1156","SST","SST07",2015,2015-05-04,2015-05-18,0,14,"SST072015","spring","SST072015_2015-05-04",0,131,6,16
"1157","SST","SST08",2015,2015-05-04,2015-05-18,0,14,"SST082015","spring","SST082015_2015-05-04",1,131,13,75
"1158","SST","SST09",2015,2015-05-04,2015-05-18,0,14,"SST092015","spring","SST092015_2015-05-04",0,131,5,26
"1159","SST","SST10",2015,2015-05-04,2015-05-18,0,14,"SST102015","spring","SST102015_2015-05-04",0,131,8,76
"1160","SST","SST11",2015,2015-05-04,2015-05-18,0,14,"SST112015","spring","SST112015_2015-05-04",0,131,12,26
"1161","SST","SST12",2015,2015-05-04,2015-05-18,0,14,"SST122015","spring","SST122015_2015-05-04",0,131,12,18
"1162","SST","SST13",2015,2015-05-04,2015-05-18,0,14,"SST132015","spring","SST132015_2015-05-04",0,131,15,32
"1163","SST","SST14",2015,2015-05-04,2015-05-18,0,14,"SST142015","spring","SST142015_2015-05-04",0,131,5,18
"1164","SST","SST15",2015,2015-05-04,2015-05-18,0,14,"SST152015","spring","SST152015_2015-05-04",0,131,11,99
"1165","GFH","GFH01",2015,2015-05-05,2015-05-19,0,14,"GFH012015","spring","GFH012015_2015-05-05",0,132,3,9
"1166","GFH","GFH02",2015,2015-05-05,2015-05-19,0,14,"GFH022015","spring","GFH022015_2015-05-05",0,132,5,96
"1167","GFH","GFH03",2015,2015-05-05,2015-05-19,0,14,"GFH032015","spring","GFH032015_2015-05-05",0,132,10,78
"1168","GFH","GFH04",2015,2015-05-05,2015-05-19,0,14,"GFH042015","spring","GFH042015_2015-05-05",0,132,14,36
"1169","GFH","GFH05",2015,2015-05-05,2015-05-19,0,14,"GFH052015","spring","GFH052015_2015-05-05",2,132,8,29
"1170","GFH","GFH06",2015,2015-05-05,2015-05-19,0,14,"GFH062015","spring","GFH062015_2015-05-05",0,132,7,9
"1171","GFH","GFH07",2015,2015-05-05,2015-05-19,0,14,"GFH072015","spring","GFH072015_2015-05-05",0,132,2,3
"1172","GFH","GFH08",2015,2015-05-05,2015-05-19,0,14,"GFH082015","spring","GFH082015_2015-05-05",0,132,2,2
"1173","GFH","GFH09",2015,2015-05-05,2015-05-19,0,14,"GFH092015","spring","GFH092015_2015-05-05",0,132,6,16
"1174","GFH","GFH10",2015,2015-05-05,2015-05-19,0,14,"GFH102015","spring","GFH102015_2015-05-05",1,132,11,40
"1175","GFH","GFH11",2015,2015-05-05,2015-05-19,0,14,"GFH112015","spring","GFH112015_2015-05-05",1,132,12,27
"1176","GFH","GFH12",2015,2015-05-05,2015-05-19,0,14,"GFH122015","spring","GFH122015_2015-05-05",3,132,7,10
"1177","GFH","GFH13",2015,2015-05-05,2015-05-19,0,14,"GFH132015","spring","GFH132015_2015-05-05",0,132,5,5
"1178","GFH","GFH14",2015,2015-05-05,2015-05-19,0,14,"GFH142015","spring","GFH142015_2015-05-05",0,132,7,40
"1179","GFH","GFH15",2015,2015-05-05,2015-05-19,0,14,"GFH152015","spring","GFH152015_2015-05-05",1,132,12,22
"1180","SIP","SIP01",2015,2015-05-05,2015-05-19,0,14,"SIP012015","spring","SIP012015_2015-05-05",0,132,18,65
"1181","SIP","SIP03",2015,2015-05-05,2015-05-19,0,14,"SIP032015","spring","SIP032015_2015-05-05",0,132,11,26
"1182","SIP","SIP06",2015,2015-05-05,2015-05-19,0,14,"SIP062015","spring","SIP062015_2015-05-05",0,132,11,37
"1183","SIP","SIP08",2015,2015-05-05,2015-05-19,0,14,"SIP082015","spring","SIP082015_2015-05-05",0,132,17,80
"1184","SIP","SIP09",2015,2015-05-05,2015-05-19,0,14,"SIP092015","spring","SIP092015_2015-05-05",0,132,10,23
"1185","SIP","SIP10",2015,2015-05-05,2015-05-19,0,14,"SIP102015","spring","SIP102015_2015-05-05",0,132,9,22
"1186","SIP","SIP11",2015,2015-05-05,2015-05-19,0,14,"SIP112015","spring","SIP112015_2015-05-05",0,132,8,50
"1187","SIP","SIP12",2015,2015-05-05,2015-05-19,0,14,"SIP122015","spring","SIP122015_2015-05-05",0,132,13,50
"1188","SIP","SIP13",2015,2015-05-05,2015-05-19,0,14,"SIP132015","spring","SIP132015_2015-05-05",0,132,6,15
"1189","SIP","SIP14",2015,2015-05-05,2015-05-19,0,14,"SIP142015","spring","SIP142015_2015-05-05",0,132,11,47
"1190","SIP","SIP16",2015,2015-05-05,2015-05-19,0,14,"SIP162015","spring","SIP162015_2015-05-05",0,132,11,40
"1191","HAR","HAR01",2015,2015-05-06,2015-05-20,0,14,"HAR012015","spring","HAR012015_2015-05-06",0,133,9,17
"1192","HAR","HAR02",2015,2015-05-06,2015-05-20,0,14,"HAR022015","spring","HAR022015_2015-05-06",2,133,8,22
"1193","HAR","HAR03",2015,2015-05-06,2015-05-20,0,14,"HAR032015","spring","HAR032015_2015-05-06",0,133,7,10
"1194","HAR","HAR04",2015,2015-05-06,2015-05-20,0,14,"HAR042015","spring","HAR042015_2015-05-06",0,133,6,13
"1195","HAR","HAR05",2015,2015-05-06,2015-05-20,0,14,"HAR052015","spring","HAR052015_2015-05-06",5,133,18,42
"1196","HAR","HAR06",2015,2015-05-06,2015-05-20,0,14,"HAR062015","spring","HAR062015_2015-05-06",68,133,12,18
"1197","HAR","HAR08",2015,2015-05-06,2015-05-20,0,14,"HAR082015","spring","HAR082015_2015-05-06",2,133,4,40
"1198","HAR","HAR09",2015,2015-05-06,2015-05-20,0,14,"HAR092015","spring","HAR092015_2015-05-06",1,133,15,24
"1199","HAR","HAR11",2015,2015-05-06,2015-05-20,0,14,"HAR112015","spring","HAR112015_2015-05-06",8,133,8,21
"1200","HAR","HAR12",2015,2015-05-06,2015-05-20,0,14,"HAR122015","spring","HAR122015_2015-05-06",3,133,10,45
"1201","HAR","HAR13",2015,2015-05-06,2015-05-20,0,14,"HAR132015","spring","HAR132015_2015-05-06",3,133,6,13
"1202","HAR","HAR14",2015,2015-05-06,2015-05-20,0,14,"HAR142015","spring","HAR142015_2015-05-06",4,133,13,19
"1203","HAR","HAR15",2015,2015-05-06,2015-05-20,0,14,"HAR152015","spring","HAR152015_2015-05-06",6,133,15,25
"1204","HAR","HAR16",2015,2015-05-06,2015-05-20,0,14,"HAR162015","spring","HAR162015_2015-05-06",4,133,18,46
"1205","WAN","WAN01",2015,2015-05-06,2015-05-20,0,14,"WAN012015","spring","WAN012015_2015-05-06",22,133,12,48
"1206","WAN","WAN02",2015,2015-05-06,2015-05-20,0,14,"WAN022015","spring","WAN022015_2015-05-06",2,133,6,45
"1207","WAN","WAN03",2015,2015-05-06,2015-05-20,0,14,"WAN032015","spring","WAN032015_2015-05-06",0,133,2,3
"1208","WAN","WAN04",2015,2015-05-06,2015-05-20,0,14,"WAN042015","spring","WAN042015_2015-05-06",0,133,4,28
"1209","WAN","WAN05",2015,2015-05-06,2015-05-20,0,14,"WAN052015","spring","WAN052015_2015-05-06",0,133,7,10
"1210","WAN","WAN06",2015,2015-05-06,2015-05-20,0,14,"WAN062015","spring","WAN062015_2015-05-06",2,133,7,14
"1211","WAN","WAN07",2015,2015-05-06,2015-05-20,0,14,"WAN072015","spring","WAN072015_2015-05-06",0,133,1,1
"1212","WAN","WAN08",2015,2015-05-06,2015-05-20,0,14,"WAN082015","spring","WAN082015_2015-05-06",0,133,6,20
"1213","WAN","WAN09",2015,2015-05-06,2015-05-20,0,14,"WAN092015","spring","WAN092015_2015-05-06",6,133,15,73
"1214","WAN","WAN10",2015,2015-05-06,2015-05-20,0,14,"WAN102015","spring","WAN102015_2015-05-06",0,133,19,27
"1215","WAN","WAN11",2015,2015-05-06,2015-05-20,0,14,"WAN112015","spring","WAN112015_2015-05-06",0,133,3,3
"1216","WAN","WAN12",2015,2015-05-06,2015-05-20,0,14,"WAN122015","spring","WAN122015_2015-05-06",0,133,6,29
"1217","WAN","WAN13",2015,2015-05-06,2015-05-20,0,14,"WAN132015","spring","WAN132015_2015-05-06",3,133,3,6
"1218","WAN","WAN14",2015,2015-05-06,2015-05-20,0,14,"WAN142015","spring","WAN142015_2015-05-06",2,133,5,8
"1219","WAN","WAN15",2015,2015-05-06,2015-05-20,0,14,"WAN152015","spring","WAN152015_2015-05-06",1,133,10,18
"1220","WAN","WAN16",2015,2015-05-06,2015-05-20,0,14,"WAN162015","spring","WAN162015_2015-05-06",0,133,10,11
"1221","FBG","FBG01",2015,2015-05-18,2015-06-01,0,14,"FBG012015","spring","FBG012015_2015-05-18",2,145,12,27
"1222","FBG","FBG02",2015,2015-05-18,2015-06-01,0,14,"FBG022015","spring","FBG022015_2015-05-18",5,145,17,34
"1223","FBG","FBG03",2015,2015-05-18,2015-06-01,0,14,"FBG032015","spring","FBG032015_2015-05-18",0,145,9,24
"1224","FBG","FBG04",2015,2015-05-18,2015-06-01,0,14,"FBG042015","spring","FBG042015_2015-05-18",0,145,11,33
"1225","FBG","FBG05",2015,2015-05-18,2015-06-01,0,14,"FBG052015","spring","FBG052015_2015-05-18",2,145,11,12
"1226","FBG","FBG06",2015,2015-05-18,2015-06-01,0,14,"FBG062015","spring","FBG062015_2015-05-18",3,145,10,53
"1227","FBG","FBG07",2015,2015-05-18,2015-06-01,0,14,"FBG072015","spring","FBG072015_2015-05-18",0,145,15,27
"1228","FBG","FBG08",2015,2015-05-18,2015-06-01,0,14,"FBG082015","spring","FBG082015_2015-05-18",0,145,6,13
"1229","FBG","FBG09",2015,2015-05-18,2015-06-01,0,14,"FBG092015","spring","FBG092015_2015-05-18",0,145,15,23
"1230","FBG","FBG10",2015,2015-05-18,2015-06-01,0,14,"FBG102015","spring","FBG102015_2015-05-18",0,145,10,20
"1231","FBG","FBG11",2015,2015-05-18,2015-06-01,0,14,"FBG112015","spring","FBG112015_2015-05-18",0,145,7,10
"1232","FBG","FBG12",2015,2015-05-18,2015-06-01,0,14,"FBG122015","spring","FBG122015_2015-05-18",0,145,13,15
"1233","FBG","FBG13",2015,2015-05-18,2015-06-01,0,14,"FBG132015","spring","FBG132015_2015-05-18",0,145,17,37
"1234","FBG","FBG14",2015,2015-05-18,2015-06-01,0,14,"FBG142015","spring","FBG142015_2015-05-18",0,145,6,6
"1235","FBG","FBG15",2015,2015-05-18,2015-06-01,0,14,"FBG152015","spring","FBG152015_2015-05-18",0,145,4,9
"1236","FBG","FBG16",2015,2015-05-18,2015-06-01,0,14,"FBG162015","spring","FBG162015_2015-05-18",3,145,8,14
"1237","SST","SST03",2015,2015-05-18,2015-06-01,0,14,"SST032015","spring","SST032015_2015-05-18",0,145,10,17
"1238","SST","SST04",2015,2015-05-18,2015-06-01,0,14,"SST042015","spring","SST042015_2015-05-18",1,145,11,12
"1239","SST","SST05",2015,2015-05-18,2015-06-01,0,14,"SST052015","spring","SST052015_2015-05-18",0,145,5,5
"1240","SST","SST07",2015,2015-05-18,2015-06-01,0,14,"SST072015","spring","SST072015_2015-05-18",0,145,4,4
"1241","SST","SST08",2015,2015-05-18,2015-06-01,0,14,"SST082015","spring","SST082015_2015-05-18",0,145,3,17
"1242","SST","SST09",2015,2015-05-18,2015-06-01,0,14,"SST092015","spring","SST092015_2015-05-18",0,145,4,7
"1243","SST","SST10",2015,2015-05-18,2015-06-01,0,14,"SST102015","spring","SST102015_2015-05-18",1,145,8,47
"1244","SST","SST11",2015,2015-05-18,2015-06-01,0,14,"SST112015","spring","SST112015_2015-05-18",0,145,3,6
"1245","SST","SST13",2015,2015-05-18,2015-06-01,0,14,"SST132015","spring","SST132015_2015-05-18",0,145,7,12
"1246","SST","SST14",2015,2015-05-18,2015-06-01,0,14,"SST142015","spring","SST142015_2015-05-18",0,145,2,18
"1247","SST","SST16",2015,2015-05-18,2015-06-01,0,14,"SST162015","spring","SST162015_2015-05-18",0,145,3,4
"1248","HAR","HAR01",2015,2015-05-20,2015-06-02,0,13,"HAR012015","spring","HAR012015_2015-05-20",0,146.5,8,11
"1249","HAR","HAR02",2015,2015-05-20,2015-06-02,0,13,"HAR022015","spring","HAR022015_2015-05-20",0,146.5,4,15
"1250","HAR","HAR03",2015,2015-05-20,2015-06-02,0,13,"HAR032015","spring","HAR032015_2015-05-20",0,146.5,6,11
"1251","HAR","HAR04",2015,2015-05-20,2015-06-02,0,13,"HAR042015","spring","HAR042015_2015-05-20",0,146.5,6,9
"1252","HAR","HAR05",2015,2015-05-20,2015-06-02,0,13,"HAR052015","spring","HAR052015_2015-05-20",9,146.5,14,38
"1253","HAR","HAR06",2015,2015-05-20,2015-06-02,0,13,"HAR062015","spring","HAR062015_2015-05-20",180,146.5,12,23
"1254","HAR","HAR07",2015,2015-05-20,2015-06-02,0,13,"HAR072015","spring","HAR072015_2015-05-20",1,146.5,9,27
"1255","HAR","HAR08",2015,2015-05-20,2015-06-02,0,13,"HAR082015","spring","HAR082015_2015-05-20",0,146.5,2,2
"1256","HAR","HAR10",2015,2015-05-20,2015-06-02,0,13,"HAR102015","spring","HAR102015_2015-05-20",3,146.5,12,29
"1257","HAR","HAR11",2015,2015-05-20,2015-06-02,0,13,"HAR112015","spring","HAR112015_2015-05-20",41,146.5,5,5
"1258","HAR","HAR12",2015,2015-05-20,2015-06-02,0,13,"HAR122015","spring","HAR122015_2015-05-20",0,146.5,7,12
"1259","HAR","HAR14",2015,2015-05-20,2015-06-02,0,13,"HAR142015","spring","HAR142015_2015-05-20",2,146.5,10,22
"1260","HAR","HAR15",2015,2015-05-20,2015-06-02,0,13,"HAR152015","spring","HAR152015_2015-05-20",7,146.5,13,23
"1261","HAR","HAR16",2015,2015-05-20,2015-06-02,0,13,"HAR162015","spring","HAR162015_2015-05-20",14,146.5,25,50
"1262","WAN","WAN01",2015,2015-05-20,2015-06-02,0,13,"WAN012015","spring","WAN012015_2015-05-20",5,146.5,11,24
"1263","WAN","WAN02",2015,2015-05-20,2015-06-02,0,13,"WAN022015","spring","WAN022015_2015-05-20",0,146.5,6,9
"1264","WAN","WAN03",2015,2015-05-20,2015-06-02,0,13,"WAN032015","spring","WAN032015_2015-05-20",0,146.5,4,5
"1265","WAN","WAN04",2015,2015-05-20,2015-06-02,0,13,"WAN042015","spring","WAN042015_2015-05-20",0,146.5,5,7
"1266","WAN","WAN05",2015,2015-05-20,2015-06-02,0,13,"WAN052015","spring","WAN052015_2015-05-20",0,146.5,2,3
"1267","WAN","WAN06",2015,2015-05-20,2015-06-02,0,13,"WAN062015","spring","WAN062015_2015-05-20",0,146.5,2,4
"1268","WAN","WAN09",2015,2015-05-20,2015-06-02,0,13,"WAN092015","spring","WAN092015_2015-05-20",3,146.5,5,7
"1269","WAN","WAN10",2015,2015-05-20,2015-06-02,0,13,"WAN102015","spring","WAN102015_2015-05-20",0,146.5,4,5
"1270","WAN","WAN11",2015,2015-05-20,2015-06-02,0,13,"WAN112015","spring","WAN112015_2015-05-20",0,146.5,1,1
"1271","WAN","WAN12",2015,2015-05-20,2015-06-02,0,13,"WAN122015","spring","WAN122015_2015-05-20",0,146.5,6,12
"1272","WAN","WAN13",2015,2015-05-20,2015-06-02,0,13,"WAN132015","spring","WAN132015_2015-05-20",1,146.5,2,3
"1273","WAN","WAN14",2015,2015-05-20,2015-06-02,0,13,"WAN142015","spring","WAN142015_2015-05-20",0,146.5,4,6
"1274","WAN","WAN15",2015,2015-05-20,2015-06-02,0,13,"WAN152015","spring","WAN152015_2015-05-20",2,146.5,8,8
"1275","WAN","WAN16",2015,2015-05-20,2015-06-02,0,13,"WAN162015","spring","WAN162015_2015-05-20",0,146.5,3,3
"1276","GFH","GFH01",2015,2015-05-19,2015-06-03,0,15,"GFH012015","spring","GFH012015_2015-05-19",0,146.5,5,7
"1277","GFH","GFH02",2015,2015-05-19,2015-06-03,0,15,"GFH022015","spring","GFH022015_2015-05-19",0,146.5,7,12
"1278","GFH","GFH03",2015,2015-05-19,2015-06-03,0,15,"GFH032015","spring","GFH032015_2015-05-19",0,146.5,8,22
"1279","GFH","GFH04",2015,2015-05-19,2015-06-03,0,15,"GFH042015","spring","GFH042015_2015-05-19",1,146.5,10,17
"1280","GFH","GFH05",2015,2015-05-19,2015-06-03,0,15,"GFH052015","spring","GFH052015_2015-05-19",1,146.5,6,20
"1281","GFH","GFH06",2015,2015-05-19,2015-06-03,0,15,"GFH062015","spring","GFH062015_2015-05-19",0,146.5,5,6
"1282","GFH","GFH08",2015,2015-05-19,2015-06-03,0,15,"GFH082015","spring","GFH082015_2015-05-19",0,146.5,1,1
"1283","GFH","GFH09",2015,2015-05-19,2015-06-03,0,15,"GFH092015","spring","GFH092015_2015-05-19",0,146.5,2,2
"1284","GFH","GFH10",2015,2015-05-19,2015-06-03,0,15,"GFH102015","spring","GFH102015_2015-05-19",0,146.5,5,6
"1285","GFH","GFH11",2015,2015-05-19,2015-06-03,0,15,"GFH112015","spring","GFH112015_2015-05-19",0,146.5,17,65
"1286","GFH","GFH12",2015,2015-05-19,2015-06-03,0,15,"GFH122015","spring","GFH122015_2015-05-19",1,146.5,8,11
"1287","GFH","GFH13",2015,2015-05-19,2015-06-03,0,15,"GFH132015","spring","GFH132015_2015-05-19",1,146.5,5,5
"1288","GFH","GFH14",2015,2015-05-19,2015-06-03,0,15,"GFH142015","spring","GFH142015_2015-05-19",0,146.5,7,13
"1289","GFH","GFH15",2015,2015-05-19,2015-06-03,0,15,"GFH152015","spring","GFH152015_2015-05-19",0,146.5,8,13
"1290","SIP","SIP01",2015,2015-05-19,2015-06-03,0,15,"SIP012015","spring","SIP012015_2015-05-19",0,146.5,8,29
"1291","SIP","SIP02",2015,2015-05-19,2015-06-03,0,15,"SIP022015","spring","SIP022015_2015-05-19",0,146.5,17,48
"1292","SIP","SIP03",2015,2015-05-19,2015-06-03,0,15,"SIP032015","spring","SIP032015_2015-05-19",1,146.5,16,27
"1293","SIP","SIP05",2015,2015-05-19,2015-06-03,0,15,"SIP052015","spring","SIP052015_2015-05-19",0,146.5,10,30
"1294","SIP","SIP06",2015,2015-05-19,2015-06-03,0,15,"SIP062015","spring","SIP062015_2015-05-19",17,146.5,10,23
"1295","SIP","SIP08",2015,2015-05-19,2015-06-03,0,15,"SIP082015","spring","SIP082015_2015-05-19",0,146.5,7,13
"1296","SIP","SIP09",2015,2015-05-19,2015-06-03,0,15,"SIP092015","spring","SIP092015_2015-05-19",0,146.5,9,18
"1297","SIP","SIP10",2015,2015-05-19,2015-06-03,0,15,"SIP102015","spring","SIP102015_2015-05-19",0,146.5,6,6
"1298","SIP","SIP11",2015,2015-05-19,2015-06-03,0,15,"SIP112015","spring","SIP112015_2015-05-19",0,146.5,6,15
"1299","SIP","SIP12",2015,2015-05-19,2015-06-03,0,15,"SIP122015","spring","SIP122015_2015-05-19",0,146.5,7,10
"1300","SIP","SIP13",2015,2015-05-19,2015-06-03,0,15,"SIP132015","spring","SIP132015_2015-05-19",0,146.5,6,6
"1301","SIP","SIP14",2015,2015-05-19,2015-06-03,0,15,"SIP142015","spring","SIP142015_2015-05-19",0,146.5,7,29
"1302","SIP","SIP16",2015,2015-05-19,2015-06-03,0,15,"SIP162015","spring","SIP162015_2015-05-19",0,146.5,7,20
"1303","HAR","HAR01",2016,2016-04-18,2016-05-02,0,14,"HAR012016","spring","HAR012016_2016-04-18",0,116,20,58
"1304","HAR","HAR04",2016,2016-04-18,2016-05-02,0,14,"HAR042016","spring","HAR042016_2016-04-18",0,116,8,22
"1305","HAR","HAR05",2016,2016-04-18,2016-05-02,0,14,"HAR052016","spring","HAR052016_2016-04-18",1,116,15,115
"1306","HAR","HAR06",2016,2016-04-18,2016-05-02,0,14,"HAR062016","spring","HAR062016_2016-04-18",1,116,17,45
"1307","HAR","HAR07",2016,2016-04-18,2016-05-02,0,14,"HAR072016","spring","HAR072016_2016-04-18",0,116,4,16
"1308","HAR","HAR08",2016,2016-04-18,2016-05-02,0,14,"HAR082016","spring","HAR082016_2016-04-18",0,116,4,10
"1309","HAR","HAR09",2016,2016-04-18,2016-05-02,0,14,"HAR092016","spring","HAR092016_2016-04-18",0,116,11,22
"1310","HAR","HAR10",2016,2016-04-18,2016-05-02,0,14,"HAR102016","spring","HAR102016_2016-04-18",0,116,16,43
"1311","HAR","HAR11",2016,2016-04-18,2016-05-02,0,14,"HAR112016","spring","HAR112016_2016-04-18",0,116,4,13
"1312","HAR","HAR12",2016,2016-04-18,2016-05-02,0,14,"HAR122016","spring","HAR122016_2016-04-18",0,116,9,25
"1313","HAR","HAR13",2016,2016-04-18,2016-05-02,0,14,"HAR132016","spring","HAR132016_2016-04-18",0,116,5,5
"1314","HAR","HAR14",2016,2016-04-18,2016-05-02,0,14,"HAR142016","spring","HAR142016_2016-04-18",0,116,6,7
"1315","HAR","HAR15",2016,2016-04-18,2016-05-02,0,14,"HAR152016","spring","HAR152016_2016-04-18",10,116,10,36
"1316","WAN","WAN01",2016,2016-04-18,2016-05-02,0,14,"WAN012016","spring","WAN012016_2016-04-18",0,116,12,73
"1317","WAN","WAN02",2016,2016-04-18,2016-05-02,0,14,"WAN022016","spring","WAN022016_2016-04-18",0,116,7,37
"1318","WAN","WAN03",2016,2016-04-18,2016-05-02,0,14,"WAN032016","spring","WAN032016_2016-04-18",0,116,11,62
"1319","WAN","WAN04",2016,2016-04-18,2016-05-02,0,14,"WAN042016","spring","WAN042016_2016-04-18",0,116,10,25
"1320","WAN","WAN05",2016,2016-04-18,2016-05-02,0,14,"WAN052016","spring","WAN052016_2016-04-18",0,116,12,64
"1321","WAN","WAN06",2016,2016-04-18,2016-05-02,0,14,"WAN062016","spring","WAN062016_2016-04-18",1,116,5,12
"1322","WAN","WAN07",2016,2016-04-18,2016-05-02,0,14,"WAN072016","spring","WAN072016_2016-04-18",1,116,2,4
"1323","WAN","WAN08",2016,2016-04-18,2016-05-02,0,14,"WAN082016","spring","WAN082016_2016-04-18",1,116,3,35
"1324","WAN","WAN09",2016,2016-04-18,2016-05-02,0,14,"WAN092016","spring","WAN092016_2016-04-18",3,116,13,49
"1325","WAN","WAN11",2016,2016-04-18,2016-05-02,0,14,"WAN112016","spring","WAN112016_2016-04-18",0,116,3,17
"1326","WAN","WAN12",2016,2016-04-18,2016-05-02,0,14,"WAN122016","spring","WAN122016_2016-04-18",2,116,16,99
"1327","WAN","WAN13",2016,2016-04-18,2016-05-02,0,14,"WAN132016","spring","WAN132016_2016-04-18",1,116,2,19
"1328","WAN","WAN14",2016,2016-04-18,2016-05-02,0,14,"WAN142016","spring","WAN142016_2016-04-18",0,116,12,32
"1329","WAN","WAN15",2016,2016-04-18,2016-05-02,0,14,"WAN152016","spring","WAN152016_2016-04-18",0,116,17,28
"1330","WAN","WAN16",2016,2016-04-18,2016-05-02,0,14,"WAN162016","spring","WAN162016_2016-04-18",0,116,18,38
"1331","GFH","GFH01",2016,2016-04-19,2016-05-03,0,14,"GFH012016","spring","GFH012016_2016-04-19",0,117,2,2
"1332","GFH","GFH02",2016,2016-04-19,2016-05-03,0,14,"GFH022016","spring","GFH022016_2016-04-19",0,117,13,34
"1333","GFH","GFH03",2016,2016-04-19,2016-05-03,0,14,"GFH032016","spring","GFH032016_2016-04-19",0,117,15,30
"1334","GFH","GFH04",2016,2016-04-19,2016-05-03,0,14,"GFH042016","spring","GFH042016_2016-04-19",0,117,11,18
"1335","GFH","GFH05",2016,2016-04-19,2016-05-03,0,14,"GFH052016","spring","GFH052016_2016-04-19",2,117,8,21
"1336","GFH","GFH06",2016,2016-04-19,2016-05-03,0,14,"GFH062016","spring","GFH062016_2016-04-19",0,117,6,8
"1337","GFH","GFH07",2016,2016-04-19,2016-05-03,0,14,"GFH072016","spring","GFH072016_2016-04-19",0,117,5,9
"1338","GFH","GFH08",2016,2016-04-19,2016-05-03,0,14,"GFH082016","spring","GFH082016_2016-04-19",0,117,10,10
"1339","GFH","GFH09",2016,2016-04-19,2016-05-03,0,14,"GFH092016","spring","GFH092016_2016-04-19",0,117,6,7
"1340","GFH","GFH10",2016,2016-04-19,2016-05-03,0,14,"GFH102016","spring","GFH102016_2016-04-19",0,117,10,13
"1341","GFH","GFH11",2016,2016-04-19,2016-05-03,0,14,"GFH112016","spring","GFH112016_2016-04-19",0,117,8,13
"1342","GFH","GFH12",2016,2016-04-19,2016-05-03,0,14,"GFH122016","spring","GFH122016_2016-04-19",0,117,8,22
"1343","GFH","GFH13",2016,2016-04-19,2016-05-03,0,14,"GFH132016","spring","GFH132016_2016-04-19",0,117,4,9
"1344","GFH","GFH14",2016,2016-04-19,2016-05-03,0,14,"GFH142016","spring","GFH142016_2016-04-19",1,117,13,28
"1345","GFH","GFH15",2016,2016-04-19,2016-05-03,0,14,"GFH152016","spring","GFH152016_2016-04-19",7,117,8,12
"1346","GFH","GFH16",2016,2016-04-19,2016-05-03,0,14,"GFH162016","spring","GFH162016_2016-04-19",0,117,19,43
"1347","SIP","SIP01",2016,2016-04-19,2016-05-03,0,14,"SIP012016","spring","SIP012016_2016-04-19",0,117,6,14
"1348","SIP","SIP02",2016,2016-04-19,2016-05-03,0,14,"SIP022016","spring","SIP022016_2016-04-19",0,117,9,22
"1349","SIP","SIP03",2016,2016-04-19,2016-05-03,0,14,"SIP032016","spring","SIP032016_2016-04-19",0,117,14,26
"1350","SIP","SIP05",2016,2016-04-19,2016-05-03,0,14,"SIP052016","spring","SIP052016_2016-04-19",0,117,13,18
"1351","SIP","SIP06",2016,2016-04-19,2016-05-03,0,14,"SIP062016","spring","SIP062016_2016-04-19",0,117,9,26
"1352","SIP","SIP07",2016,2016-04-19,2016-05-03,0,14,"SIP072016","spring","SIP072016_2016-04-19",0,117,9,45
"1353","SIP","SIP08",2016,2016-04-19,2016-05-03,0,14,"SIP082016","spring","SIP082016_2016-04-19",0,117,12,30
"1354","SIP","SIP09",2016,2016-04-19,2016-05-03,0,14,"SIP092016","spring","SIP092016_2016-04-19",0,117,9,51
"1355","SIP","SIP11",2016,2016-04-19,2016-05-03,0,14,"SIP112016","spring","SIP112016_2016-04-19",1,117,11,28
"1356","SIP","SIP12",2016,2016-04-19,2016-05-03,0,14,"SIP122016","spring","SIP122016_2016-04-19",0,117,7,12
"1357","SIP","SIP13",2016,2016-04-19,2016-05-03,0,14,"SIP132016","spring","SIP132016_2016-04-19",0,117,10,13
"1358","SIP","SIP14",2016,2016-04-19,2016-05-03,0,14,"SIP142016","spring","SIP142016_2016-04-19",0,117,7,10
"1359","SIP","SIP15",2016,2016-04-19,2016-05-03,0,14,"SIP152016","spring","SIP152016_2016-04-19",0,117,16,58
"1360","SIP","SIP16",2016,2016-04-19,2016-05-03,0,14,"SIP162016","spring","SIP162016_2016-04-19",0,117,11,27
"1361","FBG","FBG01",2016,2016-04-20,2016-05-04,0,14,"FBG012016","spring","FBG012016_2016-04-20",0,118,16,50
"1362","FBG","FBG02",2016,2016-04-20,2016-05-04,0,14,"FBG022016","spring","FBG022016_2016-04-20",9,118,11,23
"1363","FBG","FBG03",2016,2016-04-20,2016-05-04,0,14,"FBG032016","spring","FBG032016_2016-04-20",1,118,6,11
"1364","FBG","FBG04",2016,2016-04-20,2016-05-04,0,14,"FBG042016","spring","FBG042016_2016-04-20",0,118,12,70
"1365","FBG","FBG05",2016,2016-04-20,2016-05-04,0,14,"FBG052016","spring","FBG052016_2016-04-20",0,118,9,25
"1366","FBG","FBG06",2016,2016-04-20,2016-05-04,0,14,"FBG062016","spring","FBG062016_2016-04-20",1,118,12,56
"1367","FBG","FBG07",2016,2016-04-20,2016-05-04,0,14,"FBG072016","spring","FBG072016_2016-04-20",2,118,8,12
"1368","FBG","FBG09",2016,2016-04-20,2016-05-04,0,14,"FBG092016","spring","FBG092016_2016-04-20",0,118,23,77
"1369","FBG","FBG10",2016,2016-04-20,2016-05-04,0,14,"FBG102016","spring","FBG102016_2016-04-20",2,118,16,36
"1370","FBG","FBG11",2016,2016-04-20,2016-05-04,0,14,"FBG112016","spring","FBG112016_2016-04-20",0,118,7,18
"1371","FBG","FBG12",2016,2016-04-20,2016-05-04,0,14,"FBG122016","spring","FBG122016_2016-04-20",0,118,15,26
"1372","FBG","FBG13",2016,2016-04-20,2016-05-04,0,14,"FBG132016","spring","FBG132016_2016-04-20",0,118,16,59
"1373","FBG","FBG14",2016,2016-04-20,2016-05-04,0,14,"FBG142016","spring","FBG142016_2016-04-20",0,118,11,34
"1374","FBG","FBG15",2016,2016-04-20,2016-05-04,0,14,"FBG152016","spring","FBG152016_2016-04-20",0,118,13,35
"1375","SST","SST01",2016,2016-04-20,2016-05-04,0,14,"SST012016","spring","SST012016_2016-04-20",0,118,26,132
"1376","SST","SST02",2016,2016-04-20,2016-05-04,0,14,"SST022016","spring","SST022016_2016-04-20",0,118,12,69
"1377","SST","SST03",2016,2016-04-20,2016-05-04,0,14,"SST032016","spring","SST032016_2016-04-20",0,118,9,42
"1378","SST","SST04",2016,2016-04-20,2016-05-04,0,14,"SST042016","spring","SST042016_2016-04-20",0,118,13,55
"1379","SST","SST05",2016,2016-04-20,2016-05-04,0,14,"SST052016","spring","SST052016_2016-04-20",0,118,12,70
"1380","SST","SST06",2016,2016-04-20,2016-05-04,0,14,"SST062016","spring","SST062016_2016-04-20",0,118,6,21
"1381","SST","SST07",2016,2016-04-20,2016-05-04,0,14,"SST072016","spring","SST072016_2016-04-20",0,118,8,23
"1382","SST","SST08",2016,2016-04-20,2016-05-04,0,14,"SST082016","spring","SST082016_2016-04-20",0,118,15,24
"1383","SST","SST09",2016,2016-04-20,2016-05-04,0,14,"SST092016","spring","SST092016_2016-04-20",0,118,5,10
"1384","SST","SST10",2016,2016-04-20,2016-05-04,0,14,"SST102016","spring","SST102016_2016-04-20",0,118,8,49
"1385","SST","SST11",2016,2016-04-20,2016-05-04,0,14,"SST112016","spring","SST112016_2016-04-20",0,118,15,54
"1386","SST","SST12",2016,2016-04-20,2016-05-04,0,14,"SST122016","spring","SST122016_2016-04-20",0,118,7,18
"1387","SST","SST13",2016,2016-04-20,2016-05-04,0,14,"SST132016","spring","SST132016_2016-04-20",0,118,9,20
"1388","SST","SST14",2016,2016-04-20,2016-05-04,0,14,"SST142016","spring","SST142016_2016-04-20",0,118,16,252
"1389","SST","SST15",2016,2016-04-20,2016-05-04,0,14,"SST152016","spring","SST152016_2016-04-20",0,118,8,26
"1390","SST","SST16",2016,2016-04-20,2016-05-04,0,14,"SST162016","spring","SST162016_2016-04-20",0,118,8,33
"1391","HAR","HAR01",2016,2016-05-02,2016-05-17,0,15,"HAR012016","spring","HAR012016_2016-05-02",6,130.5,10,17
"1392","HAR","HAR02",2016,2016-05-02,2016-05-17,0,15,"HAR022016","spring","HAR022016_2016-05-02",0,130.5,6,14
"1393","HAR","HAR03",2016,2016-05-02,2016-05-17,0,15,"HAR032016","spring","HAR032016_2016-05-02",0,130.5,10,14
"1394","HAR","HAR06",2016,2016-05-02,2016-05-17,0,15,"HAR062016","spring","HAR062016_2016-05-02",53,130.5,10,14
"1395","HAR","HAR07",2016,2016-05-02,2016-05-17,0,15,"HAR072016","spring","HAR072016_2016-05-02",0,130.5,10,22
"1396","HAR","HAR09",2016,2016-05-02,2016-05-17,0,15,"HAR092016","spring","HAR092016_2016-05-02",2,130.5,13,18
"1397","HAR","HAR10",2016,2016-05-02,2016-05-17,0,15,"HAR102016","spring","HAR102016_2016-05-02",0,130.5,10,22
"1398","HAR","HAR12",2016,2016-05-02,2016-05-17,0,15,"HAR122016","spring","HAR122016_2016-05-02",1,130.5,10,22
"1399","HAR","HAR13",2016,2016-05-02,2016-05-17,0,15,"HAR132016","spring","HAR132016_2016-05-02",0,130.5,3,4
"1400","HAR","HAR14",2016,2016-05-02,2016-05-17,0,15,"HAR142016","spring","HAR142016_2016-05-02",6,130.5,7,15
"1401","HAR","HAR15",2016,2016-05-02,2016-05-17,0,15,"HAR152016","spring","HAR152016_2016-05-02",5,130.5,9,14
"1402","HAR","HAR16",2016,2016-05-02,2016-05-17,0,15,"HAR162016","spring","HAR162016_2016-05-02",2,130.5,14,32
"1403","WAN","WAN01",2016,2016-05-02,2016-05-17,0,15,"WAN012016","spring","WAN012016_2016-05-02",3,130.5,13,30
"1404","WAN","WAN02",2016,2016-05-02,2016-05-17,0,15,"WAN022016","spring","WAN022016_2016-05-02",6,130.5,7,12
"1405","WAN","WAN03",2016,2016-05-02,2016-05-17,0,15,"WAN032016","spring","WAN032016_2016-05-02",0,130.5,9,23
"1406","WAN","WAN04",2016,2016-05-02,2016-05-17,0,15,"WAN042016","spring","WAN042016_2016-05-02",4,130.5,9,33
"1407","WAN","WAN05",2016,2016-05-02,2016-05-17,0,15,"WAN052016","spring","WAN052016_2016-05-02",0,130.5,3,19
"1408","WAN","WAN06",2016,2016-05-02,2016-05-17,0,15,"WAN062016","spring","WAN062016_2016-05-02",1,130.5,3,4
"1409","WAN","WAN07",2016,2016-05-02,2016-05-17,0,15,"WAN072016","spring","WAN072016_2016-05-02",0,130.5,2,2
"1410","WAN","WAN08",2016,2016-05-02,2016-05-17,0,15,"WAN082016","spring","WAN082016_2016-05-02",0,130.5,5,13
"1411","WAN","WAN09",2016,2016-05-02,2016-05-17,0,15,"WAN092016","spring","WAN092016_2016-05-02",8,130.5,14,22
"1412","WAN","WAN10",2016,2016-05-02,2016-05-17,0,15,"WAN102016","spring","WAN102016_2016-05-02",1,130.5,6,14
"1413","WAN","WAN11",2016,2016-05-02,2016-05-17,0,15,"WAN112016","spring","WAN112016_2016-05-02",0,130.5,1,5
"1414","WAN","WAN12",2016,2016-05-02,2016-05-17,0,15,"WAN122016","spring","WAN122016_2016-05-02",1,130.5,9,40
"1415","WAN","WAN13",2016,2016-05-02,2016-05-17,0,15,"WAN132016","spring","WAN132016_2016-05-02",6,130.5,2,13
"1416","WAN","WAN14",2016,2016-05-02,2016-05-17,0,15,"WAN142016","spring","WAN142016_2016-05-02",3,130.5,2,5
"1417","WAN","WAN15",2016,2016-05-02,2016-05-17,0,15,"WAN152016","spring","WAN152016_2016-05-02",0,130.5,5,5
"1418","WAN","WAN16",2016,2016-05-02,2016-05-17,0,15,"WAN162016","spring","WAN162016_2016-05-02",1,130.5,5,5
"1419","FBG","FBG01",2016,2016-05-04,2016-05-18,0,14,"FBG012016","spring","FBG012016_2016-05-04",0,132,13,26
"1420","FBG","FBG03",2016,2016-05-04,2016-05-18,0,14,"FBG032016","spring","FBG032016_2016-05-04",0,132,5,6
"1421","FBG","FBG04",2016,2016-05-04,2016-05-18,0,14,"FBG042016","spring","FBG042016_2016-05-04",2,132,8,30
"1422","FBG","FBG05",2016,2016-05-04,2016-05-18,0,14,"FBG052016","spring","FBG052016_2016-05-04",0,132,8,26
"1423","FBG","FBG06",2016,2016-05-04,2016-05-18,0,14,"FBG062016","spring","FBG062016_2016-05-04",3,132,11,44
"1424","FBG","FBG07",2016,2016-05-04,2016-05-18,0,14,"FBG072016","spring","FBG072016_2016-05-04",0,132,8,12
"1425","FBG","FBG08",2016,2016-05-04,2016-05-18,0,14,"FBG082016","spring","FBG082016_2016-05-04",0,132,1,1
"1426","FBG","FBG10",2016,2016-05-04,2016-05-18,0,14,"FBG102016","spring","FBG102016_2016-05-04",0,132,14,52
"1427","FBG","FBG11",2016,2016-05-04,2016-05-18,0,14,"FBG112016","spring","FBG112016_2016-05-04",1,132,10,15
"1428","FBG","FBG12",2016,2016-05-04,2016-05-18,0,14,"FBG122016","spring","FBG122016_2016-05-04",3,132,8,10
"1429","FBG","FBG13",2016,2016-05-04,2016-05-18,0,14,"FBG132016","spring","FBG132016_2016-05-04",4,132,15,28
"1430","FBG","FBG14",2016,2016-05-04,2016-05-18,0,14,"FBG142016","spring","FBG142016_2016-05-04",2,132,14,21
"1431","FBG","FBG15",2016,2016-05-04,2016-05-18,0,14,"FBG152016","spring","FBG152016_2016-05-04",2,132,9,16
"1432","FBG","FBG16",2016,2016-05-04,2016-05-18,0,14,"FBG162016","spring","FBG162016_2016-05-04",1,132,3,6
"1433","SST","SST01",2016,2016-05-04,2016-05-18,0,14,"SST012016","spring","SST012016_2016-05-04",0,132,3,3
"1434","SST","SST04",2016,2016-05-04,2016-05-18,0,14,"SST042016","spring","SST042016_2016-05-04",1,132,10,27
"1435","SST","SST05",2016,2016-05-04,2016-05-18,0,14,"SST052016","spring","SST052016_2016-05-04",0,132,6,23
"1436","SST","SST07",2016,2016-05-04,2016-05-18,0,14,"SST072016","spring","SST072016_2016-05-04",0,132,3,4
"1437","SST","SST08",2016,2016-05-04,2016-05-18,0,14,"SST082016","spring","SST082016_2016-05-04",0,132,12,28
"1438","SST","SST09",2016,2016-05-04,2016-05-18,0,14,"SST092016","spring","SST092016_2016-05-04",0,132,2,4
"1439","SST","SST10",2016,2016-05-04,2016-05-18,0,14,"SST102016","spring","SST102016_2016-05-04",0,132,10,29
"1440","SST","SST11",2016,2016-05-04,2016-05-18,0,14,"SST112016","spring","SST112016_2016-05-04",0,132,7,17
"1441","SST","SST13",2016,2016-05-04,2016-05-18,0,14,"SST132016","spring","SST132016_2016-05-04",0,132,5,12
"1442","SST","SST14",2016,2016-05-04,2016-05-18,0,14,"SST142016","spring","SST142016_2016-05-04",0,132,10,31
"1443","SST","SST15",2016,2016-05-04,2016-05-18,0,14,"SST152016","spring","SST152016_2016-05-04",0,132,10,14
"1444","SST","SST16",2016,2016-05-04,2016-05-18,0,14,"SST162016","spring","SST162016_2016-05-04",0,132,6,11
"1445","GFH","GFH01",2016,2016-05-03,2016-05-19,0,16,"GFH012016","spring","GFH012016_2016-05-03",1,132,3,10
"1446","GFH","GFH02",2016,2016-05-03,2016-05-19,0,16,"GFH022016","spring","GFH022016_2016-05-03",0,132,8,14
"1447","GFH","GFH03",2016,2016-05-03,2016-05-19,0,16,"GFH032016","spring","GFH032016_2016-05-03",1,132,11,35
"1448","GFH","GFH04",2016,2016-05-03,2016-05-19,0,16,"GFH042016","spring","GFH042016_2016-05-03",0,132,16,46
"1449","GFH","GFH05",2016,2016-05-03,2016-05-19,0,16,"GFH052016","spring","GFH052016_2016-05-03",0,132,8,15
"1450","GFH","GFH06",2016,2016-05-03,2016-05-19,0,16,"GFH062016","spring","GFH062016_2016-05-03",0,132,2,2
"1451","GFH","GFH07",2016,2016-05-03,2016-05-19,0,16,"GFH072016","spring","GFH072016_2016-05-03",0,132,3,4
"1452","GFH","GFH08",2016,2016-05-03,2016-05-19,0,16,"GFH082016","spring","GFH082016_2016-05-03",0,132,1,1
"1453","GFH","GFH09",2016,2016-05-03,2016-05-19,0,16,"GFH092016","spring","GFH092016_2016-05-03",0,132,3,4
"1454","GFH","GFH10",2016,2016-05-03,2016-05-19,0,16,"GFH102016","spring","GFH102016_2016-05-03",1,132,8,21
"1455","GFH","GFH11",2016,2016-05-03,2016-05-19,0,16,"GFH112016","spring","GFH112016_2016-05-03",1,132,12,16
"1456","GFH","GFH12",2016,2016-05-03,2016-05-19,0,16,"GFH122016","spring","GFH122016_2016-05-03",0,132,8,16
"1457","GFH","GFH13",2016,2016-05-03,2016-05-19,0,16,"GFH132016","spring","GFH132016_2016-05-03",0,132,9,9
"1458","GFH","GFH14",2016,2016-05-03,2016-05-19,0,16,"GFH142016","spring","GFH142016_2016-05-03",0,132,9,17
"1459","GFH","GFH15",2016,2016-05-03,2016-05-19,0,16,"GFH152016","spring","GFH152016_2016-05-03",0,132,7,9
"1460","GFH","GFH16",2016,2016-05-03,2016-05-19,0,16,"GFH162016","spring","GFH162016_2016-05-03",2,132,12,51
"1461","SIP","SIP01",2016,2016-05-03,2016-05-19,0,16,"SIP012016","spring","SIP012016_2016-05-03",0,132,11,18
"1462","SIP","SIP02",2016,2016-05-03,2016-05-19,0,16,"SIP022016","spring","SIP022016_2016-05-03",0,132,8,10
"1463","SIP","SIP03",2016,2016-05-03,2016-05-19,0,16,"SIP032016","spring","SIP032016_2016-05-03",0,132,12,19
"1464","SIP","SIP05",2016,2016-05-03,2016-05-19,0,16,"SIP052016","spring","SIP052016_2016-05-03",0,132,24,57
"1465","SIP","SIP06",2016,2016-05-03,2016-05-19,0,16,"SIP062016","spring","SIP062016_2016-05-03",0,132,7,8
"1466","SIP","SIP07",2016,2016-05-03,2016-05-19,0,16,"SIP072016","spring","SIP072016_2016-05-03",0,132,8,25
"1467","SIP","SIP09",2016,2016-05-03,2016-05-19,0,16,"SIP092016","spring","SIP092016_2016-05-03",0,132,15,30
"1468","SIP","SIP11",2016,2016-05-03,2016-05-19,0,16,"SIP112016","spring","SIP112016_2016-05-03",0,132,9,21
"1469","SIP","SIP12",2016,2016-05-03,2016-05-19,0,16,"SIP122016","spring","SIP122016_2016-05-03",0,132,3,3
"1470","SIP","SIP13",2016,2016-05-03,2016-05-19,0,16,"SIP132016","spring","SIP132016_2016-05-03",0,132,4,5
"1471","SIP","SIP14",2016,2016-05-03,2016-05-19,0,16,"SIP142016","spring","SIP142016_2016-05-03",0,132,7,9
"1472","SIP","SIP15",2016,2016-05-03,2016-05-19,0,16,"SIP152016","spring","SIP152016_2016-05-03",0,132,6,9
"1473","SIP","SIP16",2016,2016-05-03,2016-05-19,0,16,"SIP162016","spring","SIP162016_2016-05-03",0,132,10,14
"1474","HAR","HAR01",2016,2016-05-17,2016-05-30,0,13,"HAR012016","spring","HAR012016_2016-05-17",3,144.5,4,5
"1475","HAR","HAR02",2016,2016-05-17,2016-05-30,0,13,"HAR022016","spring","HAR022016_2016-05-17",0,144.5,4,7
"1476","HAR","HAR04",2016,2016-05-17,2016-05-30,0,13,"HAR042016","spring","HAR042016_2016-05-17",0,144.5,5,9
"1477","HAR","HAR05",2016,2016-05-17,2016-05-30,0,13,"HAR052016","spring","HAR052016_2016-05-17",7,144.5,17,47
"1478","HAR","HAR06",2016,2016-05-17,2016-05-30,0,13,"HAR062016","spring","HAR062016_2016-05-17",198,144.5,6,7
"1479","HAR","HAR07",2016,2016-05-17,2016-05-30,0,13,"HAR072016","spring","HAR072016_2016-05-17",3,144.5,8,25
"1480","HAR","HAR08",2016,2016-05-17,2016-05-30,0,13,"HAR082016","spring","HAR082016_2016-05-17",0,144.5,1,1
"1481","HAR","HAR09",2016,2016-05-17,2016-05-30,0,13,"HAR092016","spring","HAR092016_2016-05-17",2,144.5,11,28
"1482","HAR","HAR10",2016,2016-05-17,2016-05-30,0,13,"HAR102016","spring","HAR102016_2016-05-17",5,144.5,7,19
"1483","HAR","HAR11",2016,2016-05-17,2016-05-30,0,13,"HAR112016","spring","HAR112016_2016-05-17",0,144.5,7,10
"1484","HAR","HAR12",2016,2016-05-17,2016-05-30,0,13,"HAR122016","spring","HAR122016_2016-05-17",3,144.5,10,16
"1485","HAR","HAR13",2016,2016-05-17,2016-05-30,0,13,"HAR132016","spring","HAR132016_2016-05-17",4,144.5,5,14
"1486","HAR","HAR14",2016,2016-05-17,2016-05-30,0,13,"HAR142016","spring","HAR142016_2016-05-17",3,144.5,6,21
"1487","HAR","HAR15",2016,2016-05-17,2016-05-30,0,13,"HAR152016","spring","HAR152016_2016-05-17",3,144.5,9,14
"1488","HAR","HAR16",2016,2016-05-17,2016-05-30,0,13,"HAR162016","spring","HAR162016_2016-05-17",2,144.5,18,33
"1489","WAN","WAN01",2016,2016-05-17,2016-05-30,0,13,"WAN012016","spring","WAN012016_2016-05-17",9,144.5,15,46
"1490","WAN","WAN02",2016,2016-05-17,2016-05-30,0,13,"WAN022016","spring","WAN022016_2016-05-17",4,144.5,5,11
"1491","WAN","WAN03",2016,2016-05-17,2016-05-30,0,13,"WAN032016","spring","WAN032016_2016-05-17",3,144.5,11,22
"1492","WAN","WAN04",2016,2016-05-17,2016-05-30,0,13,"WAN042016","spring","WAN042016_2016-05-17",1,144.5,6,15
"1493","WAN","WAN05",2016,2016-05-17,2016-05-30,0,13,"WAN052016","spring","WAN052016_2016-05-17",8,144.5,10,40
"1494","WAN","WAN06",2016,2016-05-17,2016-05-30,0,13,"WAN062016","spring","WAN062016_2016-05-17",0,144.5,3,4
"1495","WAN","WAN07",2016,2016-05-17,2016-05-30,0,13,"WAN072016","spring","WAN072016_2016-05-17",1,144.5,2,2
"1496","WAN","WAN08",2016,2016-05-17,2016-05-30,0,13,"WAN082016","spring","WAN082016_2016-05-17",0,144.5,2,5
"1497","WAN","WAN09",2016,2016-05-17,2016-05-30,0,13,"WAN092016","spring","WAN092016_2016-05-17",7,144.5,8,21
"1498","WAN","WAN10",2016,2016-05-17,2016-05-30,0,13,"WAN102016","spring","WAN102016_2016-05-17",2,144.5,6,10
"1499","WAN","WAN11",2016,2016-05-17,2016-05-30,0,13,"WAN112016","spring","WAN112016_2016-05-17",0,144.5,2,3
"1500","WAN","WAN12",2016,2016-05-17,2016-05-30,0,13,"WAN122016","spring","WAN122016_2016-05-17",1,144.5,12,19
"1501","WAN","WAN13",2016,2016-05-17,2016-05-30,0,13,"WAN132016","spring","WAN132016_2016-05-17",5,144.5,2,9
"1502","WAN","WAN14",2016,2016-05-17,2016-05-30,0,13,"WAN142016","spring","WAN142016_2016-05-17",2,144.5,4,7
"1503","WAN","WAN15",2016,2016-05-17,2016-05-30,0,13,"WAN152016","spring","WAN152016_2016-05-17",1,144.5,6,10
"1504","WAN","WAN16",2016,2016-05-17,2016-05-30,0,13,"WAN162016","spring","WAN162016_2016-05-17",0,144.5,3,6
"1505","GFH","GFH01",2016,2016-05-19,2016-05-31,0,12,"GFH012016","spring","GFH012016_2016-05-19",1,146,4,6
"1506","GFH","GFH02",2016,2016-05-19,2016-05-31,0,12,"GFH022016","spring","GFH022016_2016-05-19",2,146,6,11
"1507","GFH","GFH03",2016,2016-05-19,2016-05-31,0,12,"GFH032016","spring","GFH032016_2016-05-19",1,146,8,19
"1508","GFH","GFH04",2016,2016-05-19,2016-05-31,0,12,"GFH042016","spring","GFH042016_2016-05-19",2,146,12,45
"1509","GFH","GFH05",2016,2016-05-19,2016-05-31,0,12,"GFH052016","spring","GFH052016_2016-05-19",0,146,7,10
"1510","GFH","GFH06",2016,2016-05-19,2016-05-31,0,12,"GFH062016","spring","GFH062016_2016-05-19",1,146,0,0
"1511","GFH","GFH07",2016,2016-05-19,2016-05-31,0,12,"GFH072016","spring","GFH072016_2016-05-19",5,146,5,5
"1512","GFH","GFH08",2016,2016-05-19,2016-05-31,0,12,"GFH082016","spring","GFH082016_2016-05-19",0,146,1,1
"1513","GFH","GFH10",2016,2016-05-19,2016-05-31,0,12,"GFH102016","spring","GFH102016_2016-05-19",0,146,5,13
"1514","GFH","GFH11",2016,2016-05-19,2016-05-31,0,12,"GFH112016","spring","GFH112016_2016-05-19",0,146,8,13
"1515","GFH","GFH12",2016,2016-05-19,2016-05-31,0,12,"GFH122016","spring","GFH122016_2016-05-19",0,146,5,6
"1516","GFH","GFH13",2016,2016-05-19,2016-05-31,0,12,"GFH132016","spring","GFH132016_2016-05-19",0,146,2,3
"1517","GFH","GFH14",2016,2016-05-19,2016-05-31,0,12,"GFH142016","spring","GFH142016_2016-05-19",1,146,5,6
"1518","GFH","GFH15",2016,2016-05-19,2016-05-31,0,12,"GFH152016","spring","GFH152016_2016-05-19",2,146,5,7
"1519","GFH","GFH16",2016,2016-05-19,2016-05-31,0,12,"GFH162016","spring","GFH162016_2016-05-19",2,146,6,9
"1520","SIP","SIP01",2016,2016-05-19,2016-05-31,0,12,"SIP012016","spring","SIP012016_2016-05-19",1,146,4,6
"1521","SIP","SIP02",2016,2016-05-19,2016-05-31,0,12,"SIP022016","spring","SIP022016_2016-05-19",0,146,3,4
"1522","SIP","SIP03",2016,2016-05-19,2016-05-31,0,12,"SIP032016","spring","SIP032016_2016-05-19",0,146,7,11
"1523","SIP","SIP05",2016,2016-05-19,2016-05-31,0,12,"SIP052016","spring","SIP052016_2016-05-19",1,146,2,2
"1524","SIP","SIP06",2016,2016-05-19,2016-05-31,0,12,"SIP062016","spring","SIP062016_2016-05-19",1,146,9,11
"1525","SIP","SIP07",2016,2016-05-19,2016-05-31,0,12,"SIP072016","spring","SIP072016_2016-05-19",3,146,7,12
"1526","SIP","SIP08",2016,2016-05-19,2016-05-31,0,12,"SIP082016","spring","SIP082016_2016-05-19",0,146,3,3
"1527","SIP","SIP09",2016,2016-05-19,2016-05-31,0,12,"SIP092016","spring","SIP092016_2016-05-19",0,146,6,7
"1528","SIP","SIP11",2016,2016-05-19,2016-05-31,0,12,"SIP112016","spring","SIP112016_2016-05-19",2,146,3,4
"1529","SIP","SIP12",2016,2016-05-19,2016-05-31,0,12,"SIP122016","spring","SIP122016_2016-05-19",1,146,4,4
"1530","SIP","SIP13",2016,2016-05-19,2016-05-31,0,12,"SIP132016","spring","SIP132016_2016-05-19",0,146,3,3
"1531","SIP","SIP14",2016,2016-05-19,2016-05-31,0,12,"SIP142016","spring","SIP142016_2016-05-19",2,146,5,8
"1532","SIP","SIP15",2016,2016-05-19,2016-05-31,0,12,"SIP152016","spring","SIP152016_2016-05-19",1,146,4,4
"1533","SIP","SIP16",2016,2016-05-19,2016-05-31,0,12,"SIP162016","spring","SIP162016_2016-05-19",0,146,3,3
"1534","FBG","FBG01",2016,2016-05-18,2016-06-01,0,14,"FBG012016","spring","FBG012016_2016-05-18",1,146,15,26
"1535","FBG","FBG02",2016,2016-05-18,2016-06-01,0,14,"FBG022016","spring","FBG022016_2016-05-18",3,146,16,18
"1536","FBG","FBG03",2016,2016-05-18,2016-06-01,0,14,"FBG032016","spring","FBG032016_2016-05-18",1,146,4,10
"1537","FBG","FBG04",2016,2016-05-18,2016-06-01,0,14,"FBG042016","spring","FBG042016_2016-05-18",16,146,10,24
"1538","FBG","FBG05",2016,2016-05-18,2016-06-01,0,14,"FBG052016","spring","FBG052016_2016-05-18",1,146,15,22
"1539","FBG","FBG06",2016,2016-05-18,2016-06-01,0,14,"FBG062016","spring","FBG062016_2016-05-18",3,146,14,27
"1540","FBG","FBG07",2016,2016-05-18,2016-06-01,0,14,"FBG072016","spring","FBG072016_2016-05-18",1,146,12,31
"1541","FBG","FBG08",2016,2016-05-18,2016-06-01,0,14,"FBG082016","spring","FBG082016_2016-05-18",0,146,4,5
"1542","FBG","FBG09",2016,2016-05-18,2016-06-01,0,14,"FBG092016","spring","FBG092016_2016-05-18",0,146,13,23
"1543","FBG","FBG10",2016,2016-05-18,2016-06-01,0,14,"FBG102016","spring","FBG102016_2016-05-18",1,146,11,28
"1544","FBG","FBG11",2016,2016-05-18,2016-06-01,0,14,"FBG112016","spring","FBG112016_2016-05-18",0,146,10,14
"1545","FBG","FBG12",2016,2016-05-18,2016-06-01,0,14,"FBG122016","spring","FBG122016_2016-05-18",0,146,7,7
"1546","FBG","FBG13",2016,2016-05-18,2016-06-01,0,14,"FBG132016","spring","FBG132016_2016-05-18",12,146,18,28
"1547","FBG","FBG14",2016,2016-05-18,2016-06-01,0,14,"FBG142016","spring","FBG142016_2016-05-18",2,146,7,8
"1548","FBG","FBG15",2016,2016-05-18,2016-06-01,0,14,"FBG152016","spring","FBG152016_2016-05-18",4,146,7,14
"1549","FBG","FBG16",2016,2016-05-18,2016-06-01,0,14,"FBG162016","spring","FBG162016_2016-05-18",0,146,11,24
"1550","SST","SST01",2016,2016-05-18,2016-06-01,0,14,"SST012016","spring","SST012016_2016-05-18",0,146,6,9
"1551","SST","SST02",2016,2016-05-18,2016-06-01,0,14,"SST022016","spring","SST022016_2016-05-18",0,146,15,25
"1552","SST","SST03",2016,2016-05-18,2016-06-01,0,14,"SST032016","spring","SST032016_2016-05-18",4,146,13,39
"1553","SST","SST04",2016,2016-05-18,2016-06-01,0,14,"SST042016","spring","SST042016_2016-05-18",2,146,15,29
"1554","SST","SST05",2016,2016-05-18,2016-06-01,0,14,"SST052016","spring","SST052016_2016-05-18",0,146,8,9
"1555","SST","SST07",2016,2016-05-18,2016-06-01,0,14,"SST072016","spring","SST072016_2016-05-18",0,146,11,19
"1556","SST","SST09",2016,2016-05-18,2016-06-01,0,14,"SST092016","spring","SST092016_2016-05-18",0,146,6,8
"1557","SST","SST10",2016,2016-05-18,2016-06-01,0,14,"SST102016","spring","SST102016_2016-05-18",1,146,17,77
"1558","SST","SST11",2016,2016-05-18,2016-06-01,0,14,"SST112016","spring","SST112016_2016-05-18",0,146,12,27
"1559","SST","SST13",2016,2016-05-18,2016-06-01,0,14,"SST132016","spring","SST132016_2016-05-18",0,146,11,13
"1560","SST","SST14",2016,2016-05-18,2016-06-01,0,14,"SST142016","spring","SST142016_2016-05-18",0,146,9,42
"1561","SST","SST15",2016,2016-05-18,2016-06-01,0,14,"SST152016","spring","SST152016_2016-05-18",0,146,6,35
"1562","SST","SST16",2016,2016-05-18,2016-06-01,0,14,"SST162016","spring","SST162016_2016-05-18",0,146,7,25
"1563","HAR","HAR01",2017,2017-04-18,2017-05-02,0,14,"HAR012017","spring","HAR012017_2017-04-18",0,115,28,125
"1564","HAR","HAR04",2017,2017-04-18,2017-05-02,0,14,"HAR042017","spring","HAR042017_2017-04-18",0,115,15,42
"1565","HAR","HAR05",2017,2017-04-18,2017-05-02,0,14,"HAR052017","spring","HAR052017_2017-04-18",0,115,42,320
"1566","HAR","HAR06",2017,2017-04-18,2017-05-02,0,14,"HAR062017","spring","HAR062017_2017-04-18",0,115,28,366
"1567","HAR","HAR07",2017,2017-04-18,2017-05-02,0,14,"HAR072017","spring","HAR072017_2017-04-18",0,115,8,40
"1568","HAR","HAR08",2017,2017-04-18,2017-05-02,0,14,"HAR082017","spring","HAR082017_2017-04-18",0,115,7,24
"1569","HAR","HAR10",2017,2017-04-18,2017-05-02,0,14,"HAR102017","spring","HAR102017_2017-04-18",1,115,30,155
"1570","HAR","HAR11",2017,2017-04-18,2017-05-02,0,14,"HAR112017","spring","HAR112017_2017-04-18",0,115,20,66
"1571","HAR","HAR12",2017,2017-04-18,2017-05-02,0,14,"HAR122017","spring","HAR122017_2017-04-18",0,115,12,36
"1572","HAR","HAR15",2017,2017-04-18,2017-05-02,0,14,"HAR152017","spring","HAR152017_2017-04-18",21,115,21,52
"1573","HAR","HAR16",2017,2017-04-18,2017-05-02,0,14,"HAR162017","spring","HAR162017_2017-04-18",2,115,22,83
"1574","WAN","WAN07",2017,2017-04-18,2017-05-02,0,14,"WAN072017","spring","WAN072017_2017-04-18",0,115,9,17
"1575","WAN","WAN08",2017,2017-04-18,2017-05-02,0,14,"WAN082017","spring","WAN082017_2017-04-18",0,115,7,29
"1576","WAN","WAN09",2017,2017-04-18,2017-05-02,0,14,"WAN092017","spring","WAN092017_2017-04-18",0,115,19,190
"1577","WAN","WAN13",2017,2017-04-18,2017-05-02,0,14,"WAN132017","spring","WAN132017_2017-04-18",0,115,6,31
"1578","WAN","WAN14",2017,2017-04-18,2017-05-02,0,14,"WAN142017","spring","WAN142017_2017-04-18",3,115,18,85
"1579","WAN","WAN16",2017,2017-04-18,2017-05-02,0,14,"WAN162017","spring","WAN162017_2017-04-18",0,115,7,21
"1580","GFH","GFH01",2017,2017-04-19,2017-05-03,0,14,"GFH012017","spring","GFH012017_2017-04-19",0,116,3,3
"1581","GFH","GFH02",2017,2017-04-19,2017-05-03,0,14,"GFH022017","spring","GFH022017_2017-04-19",0,116,10,41
"1582","GFH","GFH04",2017,2017-04-19,2017-05-03,0,14,"GFH042017","spring","GFH042017_2017-04-19",2,116,9,13
"1583","GFH","GFH05",2017,2017-04-19,2017-05-03,0,14,"GFH052017","spring","GFH052017_2017-04-19",7,116,11,33
"1584","GFH","GFH07",2017,2017-04-19,2017-05-03,0,14,"GFH072017","spring","GFH072017_2017-04-19",1,116,7,13
"1585","GFH","GFH08",2017,2017-04-19,2017-05-03,0,14,"GFH082017","spring","GFH082017_2017-04-19",0,116,3,3
"1586","GFH","GFH09",2017,2017-04-19,2017-05-03,0,14,"GFH092017","spring","GFH092017_2017-04-19",0,116,6,30
"1587","GFH","GFH10",2017,2017-04-19,2017-05-03,0,14,"GFH102017","spring","GFH102017_2017-04-19",0,116,5,11
"1588","GFH","GFH11",2017,2017-04-19,2017-05-03,0,14,"GFH112017","spring","GFH112017_2017-04-19",1,116,9,25
"1589","GFH","GFH13",2017,2017-04-19,2017-05-03,0,14,"GFH132017","spring","GFH132017_2017-04-19",0,116,6,10
"1590","GFH","GFH14",2017,2017-04-19,2017-05-03,0,14,"GFH142017","spring","GFH142017_2017-04-19",1,116,1,1
"1591","SIP","SIP01",2017,2017-04-19,2017-05-03,0,14,"SIP012017","spring","SIP012017_2017-04-19",0,116,6,9
"1592","SIP","SIP02",2017,2017-04-19,2017-05-03,0,14,"SIP022017","spring","SIP022017_2017-04-19",0,116,5,7
"1593","SIP","SIP03",2017,2017-04-19,2017-05-03,0,14,"SIP032017","spring","SIP032017_2017-04-19",0,116,8,16
"1594","SIP","SIP05",2017,2017-04-19,2017-05-03,0,14,"SIP052017","spring","SIP052017_2017-04-19",0,116,2,2
"1595","SIP","SIP07",2017,2017-04-19,2017-05-03,0,14,"SIP072017","spring","SIP072017_2017-04-19",0,116,8,61
"1596","SIP","SIP08",2017,2017-04-19,2017-05-03,0,14,"SIP082017","spring","SIP082017_2017-04-19",0,116,7,14
"1597","SIP","SIP09",2017,2017-04-19,2017-05-03,0,14,"SIP092017","spring","SIP092017_2017-04-19",1,116,5,7
"1598","SIP","SIP11",2017,2017-04-19,2017-05-03,0,14,"SIP112017","spring","SIP112017_2017-04-19",0,116,9,14
"1599","SIP","SIP12",2017,2017-04-19,2017-05-03,0,14,"SIP122017","spring","SIP122017_2017-04-19",0,116,9,19
"1600","SIP","SIP13",2017,2017-04-19,2017-05-03,0,14,"SIP132017","spring","SIP132017_2017-04-19",0,116,1,2
"1601","SIP","SIP14",2017,2017-04-19,2017-05-03,0,14,"SIP142017","spring","SIP142017_2017-04-19",0,116,3,4
"1602","FBG","FBG01",2017,2017-04-20,2017-05-04,0,14,"FBG012017","spring","FBG012017_2017-04-20",0,117,18,57
"1603","FBG","FBG03",2017,2017-04-20,2017-05-04,0,14,"FBG032017","spring","FBG032017_2017-04-20",0,117,5,15
"1604","FBG","FBG05",2017,2017-04-20,2017-05-04,0,14,"FBG052017","spring","FBG052017_2017-04-20",1,117,20,35
"1605","FBG","FBG06",2017,2017-04-20,2017-05-04,0,14,"FBG062017","spring","FBG062017_2017-04-20",19,117,18,69
"1606","FBG","FBG09",2017,2017-04-20,2017-05-04,0,14,"FBG092017","spring","FBG092017_2017-04-20",1,117,20,93
"1607","FBG","FBG10",2017,2017-04-20,2017-05-04,0,14,"FBG102017","spring","FBG102017_2017-04-20",1,117,27,85
"1608","FBG","FBG11",2017,2017-04-20,2017-05-04,0,14,"FBG112017","spring","FBG112017_2017-04-20",6,117,12,62
"1609","FBG","FBG12",2017,2017-04-20,2017-05-04,0,14,"FBG122017","spring","FBG122017_2017-04-20",0,117,11,31
"1610","FBG","FBG13",2017,2017-04-20,2017-05-04,0,14,"FBG132017","spring","FBG132017_2017-04-20",9,117,47,606
"1611","FBG","FBG14",2017,2017-04-20,2017-05-04,0,14,"FBG142017","spring","FBG142017_2017-04-20",1,117,20,45
"1612","FBG","FBG15",2017,2017-04-20,2017-05-04,0,14,"FBG152017","spring","FBG152017_2017-04-20",2,117,17,63
"1613","FBG","FBG16",2017,2017-04-20,2017-05-04,0,14,"FBG162017","spring","FBG162017_2017-04-20",2,117,14,18
"1614","SST","SST01",2017,2017-04-20,2017-05-04,0,14,"SST012017","spring","SST012017_2017-04-20",0,117,25,149
"1615","SST","SST03",2017,2017-04-20,2017-05-04,0,14,"SST032017","spring","SST032017_2017-04-20",0,117,17,133
"1616","SST","SST04",2017,2017-04-20,2017-05-04,0,14,"SST042017","spring","SST042017_2017-04-20",0,117,23,71
"1617","SST","SST05",2017,2017-04-20,2017-05-04,0,14,"SST052017","spring","SST052017_2017-04-20",0,117,12,45
"1618","SST","SST07",2017,2017-04-20,2017-05-04,0,14,"SST072017","spring","SST072017_2017-04-20",0,117,14,64
"1619","SST","SST08",2017,2017-04-20,2017-05-04,0,14,"SST082017","spring","SST082017_2017-04-20",0,117,14,77
"1620","SST","SST09",2017,2017-04-20,2017-05-04,0,14,"SST092017","spring","SST092017_2017-04-20",0,117,3,4
"1621","SST","SST11",2017,2017-04-20,2017-05-04,0,14,"SST112017","spring","SST112017_2017-04-20",0,117,19,183
"1622","SST","SST12",2017,2017-04-20,2017-05-04,0,14,"SST122017","spring","SST122017_2017-04-20",0,117,13,82
"1623","SST","SST13",2017,2017-04-20,2017-05-04,0,14,"SST132017","spring","SST132017_2017-04-20",0,117,17,47
"1624","SST","SST14",2017,2017-04-20,2017-05-04,0,14,"SST142017","spring","SST142017_2017-04-20",0,117,15,33
"1625","SST","SST15",2017,2017-04-20,2017-05-04,0,14,"SST152017","spring","SST152017_2017-04-20",0,117,21,503
"1626","HAR","HAR01",2017,2017-05-02,2017-05-15,0,13,"HAR012017","spring","HAR012017_2017-05-02",0,128.5,16,34
"1627","HAR","HAR04",2017,2017-05-02,2017-05-15,0,13,"HAR042017","spring","HAR042017_2017-05-02",0,128.5,8,11
"1628","HAR","HAR05",2017,2017-05-02,2017-05-15,0,13,"HAR052017","spring","HAR052017_2017-05-02",4,128.5,24,62
"1629","HAR","HAR06",2017,2017-05-02,2017-05-15,0,13,"HAR062017","spring","HAR062017_2017-05-02",3,128.5,29,68
"1630","HAR","HAR07",2017,2017-05-02,2017-05-15,0,13,"HAR072017","spring","HAR072017_2017-05-02",0,128.5,10,39
"1631","HAR","HAR08",2017,2017-05-02,2017-05-15,0,13,"HAR082017","spring","HAR082017_2017-05-02",0,128.5,10,18
"1632","HAR","HAR10",2017,2017-05-02,2017-05-15,0,13,"HAR102017","spring","HAR102017_2017-05-02",0,128.5,16,26
"1633","HAR","HAR11",2017,2017-05-02,2017-05-15,0,13,"HAR112017","spring","HAR112017_2017-05-02",0,128.5,18,37
"1634","HAR","HAR15",2017,2017-05-02,2017-05-15,0,13,"HAR152017","spring","HAR152017_2017-05-02",3,128.5,23,48
"1635","HAR","HAR16",2017,2017-05-02,2017-05-15,0,13,"HAR162017","spring","HAR162017_2017-05-02",1,128.5,18,41
"1636","WAN","WAN03",2017,2017-05-02,2017-05-15,0,13,"WAN032017","spring","WAN032017_2017-05-02",1,128.5,14,33
"1637","WAN","WAN04",2017,2017-05-02,2017-05-15,0,13,"WAN042017","spring","WAN042017_2017-05-02",3,128.5,13,42
"1638","WAN","WAN07",2017,2017-05-02,2017-05-15,0,13,"WAN072017","spring","WAN072017_2017-05-02",0,128.5,2,4
"1639","WAN","WAN08",2017,2017-05-02,2017-05-15,0,13,"WAN082017","spring","WAN082017_2017-05-02",1,128.5,5,37
"1640","WAN","WAN11",2017,2017-05-02,2017-05-15,0,13,"WAN112017","spring","WAN112017_2017-05-02",0,128.5,5,11
"1641","WAN","WAN12",2017,2017-05-02,2017-05-15,0,13,"WAN122017","spring","WAN122017_2017-05-02",0,128.5,26,108
"1642","WAN","WAN14",2017,2017-05-02,2017-05-15,0,13,"WAN142017","spring","WAN142017_2017-05-02",0,128.5,11,36
"1643","WAN","WAN15",2017,2017-05-02,2017-05-15,0,13,"WAN152017","spring","WAN152017_2017-05-02",0,128.5,8,9
"1644","WAN","WAN16",2017,2017-05-02,2017-05-15,0,13,"WAN162017","spring","WAN162017_2017-05-02",0,128.5,10,25
"1645","GFH","GFH01",2017,2017-05-03,2017-05-16,0,13,"GFH012017","spring","GFH012017_2017-05-03",1,129.5,8,16
"1646","GFH","GFH02",2017,2017-05-03,2017-05-16,0,13,"GFH022017","spring","GFH022017_2017-05-03",1,129.5,8,13
"1647","GFH","GFH05",2017,2017-05-03,2017-05-16,0,13,"GFH052017","spring","GFH052017_2017-05-03",2,129.5,11,18
"1648","GFH","GFH06",2017,2017-05-03,2017-05-16,0,13,"GFH062017","spring","GFH062017_2017-05-03",0,129.5,6,7
"1649","GFH","GFH07",2017,2017-05-03,2017-05-16,0,13,"GFH072017","spring","GFH072017_2017-05-03",3,129.5,12,20
"1650","GFH","GFH08",2017,2017-05-03,2017-05-16,0,13,"GFH082017","spring","GFH082017_2017-05-03",0,129.5,4,5
"1651","GFH","GFH09",2017,2017-05-03,2017-05-16,0,13,"GFH092017","spring","GFH092017_2017-05-03",0,129.5,11,13
"1652","GFH","GFH10",2017,2017-05-03,2017-05-16,0,13,"GFH102017","spring","GFH102017_2017-05-03",0,129.5,5,5
"1653","GFH","GFH11",2017,2017-05-03,2017-05-16,0,13,"GFH112017","spring","GFH112017_2017-05-03",2,129.5,15,30
"1654","GFH","GFH13",2017,2017-05-03,2017-05-16,0,13,"GFH132017","spring","GFH132017_2017-05-03",0,129.5,8,10
"1655","GFH","GFH14",2017,2017-05-03,2017-05-16,0,13,"GFH142017","spring","GFH142017_2017-05-03",0,129.5,7,15
"1656","SIP","SIP01",2017,2017-05-03,2017-05-16,0,13,"SIP012017","spring","SIP012017_2017-05-03",0,129.5,25,85
"1657","SIP","SIP02",2017,2017-05-03,2017-05-16,0,13,"SIP022017","spring","SIP022017_2017-05-03",0,129.5,17,36
"1658","SIP","SIP03",2017,2017-05-03,2017-05-16,0,13,"SIP032017","spring","SIP032017_2017-05-03",0,129.5,13,31
"1659","SIP","SIP05",2017,2017-05-03,2017-05-16,0,13,"SIP052017","spring","SIP052017_2017-05-03",0,129.5,5,5
"1660","SIP","SIP07",2017,2017-05-03,2017-05-16,0,13,"SIP072017","spring","SIP072017_2017-05-03",0,129.5,10,19
"1661","SIP","SIP09",2017,2017-05-03,2017-05-16,0,13,"SIP092017","spring","SIP092017_2017-05-03",0,129.5,6,13
"1662","SIP","SIP11",2017,2017-05-03,2017-05-16,0,13,"SIP112017","spring","SIP112017_2017-05-03",0,129.5,8,19
"1663","SIP","SIP12",2017,2017-05-03,2017-05-16,0,13,"SIP122017","spring","SIP122017_2017-05-03",1,129.5,10,25
"1664","SIP","SIP13",2017,2017-05-03,2017-05-16,0,13,"SIP132017","spring","SIP132017_2017-05-03",0,129.5,9,17
"1665","SIP","SIP14",2017,2017-05-03,2017-05-16,0,13,"SIP142017","spring","SIP142017_2017-05-03",0,129.5,8,14
"1666","FBG","FBG01",2017,2017-05-04,2017-05-17,0,13,"FBG012017","spring","FBG012017_2017-05-04",9,130.5,24,57
"1667","FBG","FBG03",2017,2017-05-04,2017-05-17,0,13,"FBG032017","spring","FBG032017_2017-05-04",0,130.5,16,16
"1668","FBG","FBG04",2017,2017-05-04,2017-05-17,0,13,"FBG042017","spring","FBG042017_2017-05-04",0,130.5,13,36
"1669","FBG","FBG05",2017,2017-05-04,2017-05-17,0,13,"FBG052017","spring","FBG052017_2017-05-04",2,130.5,16,23
"1670","FBG","FBG06",2017,2017-05-04,2017-05-17,0,13,"FBG062017","spring","FBG062017_2017-05-04",2,130.5,21,56
"1671","FBG","FBG09",2017,2017-05-04,2017-05-17,0,13,"FBG092017","spring","FBG092017_2017-05-04",0,130.5,18,51
"1672","FBG","FBG10",2017,2017-05-04,2017-05-17,0,13,"FBG102017","spring","FBG102017_2017-05-04",0,130.5,16,136
"1673","FBG","FBG11",2017,2017-05-04,2017-05-17,0,13,"FBG112017","spring","FBG112017_2017-05-04",0,130.5,17,35
"1674","FBG","FBG12",2017,2017-05-04,2017-05-17,0,13,"FBG122017","spring","FBG122017_2017-05-04",1,130.5,13,34
"1675","FBG","FBG13",2017,2017-05-04,2017-05-17,0,13,"FBG132017","spring","FBG132017_2017-05-04",16,130.5,24,88
"1676","FBG","FBG14",2017,2017-05-04,2017-05-17,0,13,"FBG142017","spring","FBG142017_2017-05-04",2,130.5,8,10
"1677","FBG","FBG15",2017,2017-05-04,2017-05-17,0,13,"FBG152017","spring","FBG152017_2017-05-04",1,130.5,13,28
"1678","FBG","FBG16",2017,2017-05-04,2017-05-17,0,13,"FBG162017","spring","FBG162017_2017-05-04",0,130.5,12,18
"1679","SST","SST01",2017,2017-05-04,2017-05-17,0,13,"SST012017","spring","SST012017_2017-05-04",1,130.5,13,26
"1680","SST","SST03",2017,2017-05-04,2017-05-17,0,13,"SST032017","spring","SST032017_2017-05-04",2,130.5,16,51
"1681","SST","SST04",2017,2017-05-04,2017-05-17,0,13,"SST042017","spring","SST042017_2017-05-04",1,130.5,13,16
"1682","SST","SST05",2017,2017-05-04,2017-05-17,0,13,"SST052017","spring","SST052017_2017-05-04",0,130.5,11,17
"1683","SST","SST07",2017,2017-05-04,2017-05-17,0,13,"SST072017","spring","SST072017_2017-05-04",0,130.5,14,24
"1684","SST","SST08",2017,2017-05-04,2017-05-17,0,13,"SST082017","spring","SST082017_2017-05-04",0,130.5,18,42
"1685","SST","SST09",2017,2017-05-04,2017-05-17,0,13,"SST092017","spring","SST092017_2017-05-04",0,130.5,6,9
"1686","SST","SST11",2017,2017-05-04,2017-05-17,0,13,"SST112017","spring","SST112017_2017-05-04",0,130.5,23,92
"1687","SST","SST12",2017,2017-05-04,2017-05-17,0,13,"SST122017","spring","SST122017_2017-05-04",1,130.5,14,53
"1688","SST","SST13",2017,2017-05-04,2017-05-17,0,13,"SST132017","spring","SST132017_2017-05-04",0,130.5,25,66
"1689","SST","SST14",2017,2017-05-04,2017-05-17,0,13,"SST142017","spring","SST142017_2017-05-04",1,130.5,10,48
"1690","SST","SST16",2017,2017-05-04,2017-05-17,0,13,"SST162017","spring","SST162017_2017-05-04",1,130.5,20,95
"1691","HAR","HAR01",2017,2017-05-15,2017-05-29,0,14,"HAR012017","spring","HAR012017_2017-05-15",3,142,15,30
"1692","HAR","HAR04",2017,2017-05-15,2017-05-29,0,14,"HAR042017","spring","HAR042017_2017-05-15",0,142,4,4
"1693","HAR","HAR05",2017,2017-05-15,2017-05-29,0,14,"HAR052017","spring","HAR052017_2017-05-15",0,142,21,40
"1694","HAR","HAR06",2017,2017-05-15,2017-05-29,0,14,"HAR062017","spring","HAR062017_2017-05-15",6,142,21,70
"1695","HAR","HAR07",2017,2017-05-15,2017-05-29,0,14,"HAR072017","spring","HAR072017_2017-05-15",2,142,13,34
"1696","HAR","HAR08",2017,2017-05-15,2017-05-29,0,14,"HAR082017","spring","HAR082017_2017-05-15",0,142,4,5
"1697","HAR","HAR10",2017,2017-05-15,2017-05-29,0,14,"HAR102017","spring","HAR102017_2017-05-15",7,142,13,43
"1698","HAR","HAR11",2017,2017-05-15,2017-05-29,0,14,"HAR112017","spring","HAR112017_2017-05-15",0,142,19,36
"1699","HAR","HAR12",2017,2017-05-15,2017-05-29,0,14,"HAR122017","spring","HAR122017_2017-05-15",1,142,7,12
"1700","HAR","HAR15",2017,2017-05-15,2017-05-29,0,14,"HAR152017","spring","HAR152017_2017-05-15",9,142,10,44
"1701","HAR","HAR16",2017,2017-05-15,2017-05-29,0,14,"HAR162017","spring","HAR162017_2017-05-15",1,142,16,34
"1702","WAN","WAN01",2017,2017-05-15,2017-05-29,0,14,"WAN012017","spring","WAN012017_2017-05-15",0,142,18,41
"1703","WAN","WAN03",2017,2017-05-15,2017-05-29,0,14,"WAN032017","spring","WAN032017_2017-05-15",1,142,8,12
"1704","WAN","WAN07",2017,2017-05-15,2017-05-29,0,14,"WAN072017","spring","WAN072017_2017-05-15",0,142,8,13
"1705","WAN","WAN08",2017,2017-05-15,2017-05-29,0,14,"WAN082017","spring","WAN082017_2017-05-15",1,142,9,14
"1706","WAN","WAN09",2017,2017-05-15,2017-05-29,0,14,"WAN092017","spring","WAN092017_2017-05-15",0,142,7,16
"1707","WAN","WAN10",2017,2017-05-15,2017-05-29,0,14,"WAN102017","spring","WAN102017_2017-05-15",5,142,19,39
"1708","WAN","WAN11",2017,2017-05-15,2017-05-29,0,14,"WAN112017","spring","WAN112017_2017-05-15",0,142,9,14
"1709","WAN","WAN13",2017,2017-05-15,2017-05-29,0,14,"WAN132017","spring","WAN132017_2017-05-15",12,142,8,16
"1710","WAN","WAN14",2017,2017-05-15,2017-05-29,0,14,"WAN142017","spring","WAN142017_2017-05-15",3,142,4,4
"1711","WAN","WAN15",2017,2017-05-15,2017-05-29,0,14,"WAN152017","spring","WAN152017_2017-05-15",0,142,12,15
"1712","GFH","GFH01",2017,2017-05-16,2017-05-30,0,14,"GFH012017","spring","GFH012017_2017-05-16",0,143,8,11
"1713","GFH","GFH02",2017,2017-05-16,2017-05-30,0,14,"GFH022017","spring","GFH022017_2017-05-16",0,143,9,23
"1714","GFH","GFH04",2017,2017-05-16,2017-05-30,0,14,"GFH042017","spring","GFH042017_2017-05-16",2,143,14,38
"1715","GFH","GFH05",2017,2017-05-16,2017-05-30,0,14,"GFH052017","spring","GFH052017_2017-05-16",9,143,12,19
"1716","GFH","GFH06",2017,2017-05-16,2017-05-30,0,14,"GFH062017","spring","GFH062017_2017-05-16",0,143,3,3
"1717","GFH","GFH07",2017,2017-05-16,2017-05-30,0,14,"GFH072017","spring","GFH072017_2017-05-16",5,143,12,14
"1718","GFH","GFH08",2017,2017-05-16,2017-05-30,0,14,"GFH082017","spring","GFH082017_2017-05-16",2,143,6,10
"1719","GFH","GFH09",2017,2017-05-16,2017-05-30,0,14,"GFH092017","spring","GFH092017_2017-05-16",1,143,7,8
"1720","GFH","GFH10",2017,2017-05-16,2017-05-30,0,14,"GFH102017","spring","GFH102017_2017-05-16",3,143,3,5
"1721","GFH","GFH11",2017,2017-05-16,2017-05-30,0,14,"GFH112017","spring","GFH112017_2017-05-16",6,143,13,29
"1722","GFH","GFH13",2017,2017-05-16,2017-05-30,0,14,"GFH132017","spring","GFH132017_2017-05-16",1,143,3,3
"1723","GFH","GFH14",2017,2017-05-16,2017-05-30,0,14,"GFH142017","spring","GFH142017_2017-05-16",3,143,7,16
"1724","SIP","SIP01",2017,2017-05-16,2017-05-30,0,14,"SIP012017","spring","SIP012017_2017-05-16",2,143,13,44
"1725","SIP","SIP02",2017,2017-05-16,2017-05-30,0,14,"SIP022017","spring","SIP022017_2017-05-16",0,143,10,22
"1726","SIP","SIP03",2017,2017-05-16,2017-05-30,0,14,"SIP032017","spring","SIP032017_2017-05-16",0,143,10,17
"1727","SIP","SIP05",2017,2017-05-16,2017-05-30,0,14,"SIP052017","spring","SIP052017_2017-05-16",1,143,11,22
"1728","SIP","SIP07",2017,2017-05-16,2017-05-30,0,14,"SIP072017","spring","SIP072017_2017-05-16",0,143,9,14
"1729","SIP","SIP08",2017,2017-05-16,2017-05-30,0,14,"SIP082017","spring","SIP082017_2017-05-16",0,143,9,11
"1730","SIP","SIP09",2017,2017-05-16,2017-05-30,0,14,"SIP092017","spring","SIP092017_2017-05-16",0,143,10,13
"1731","SIP","SIP11",2017,2017-05-16,2017-05-30,0,14,"SIP112017","spring","SIP112017_2017-05-16",2,143,9,14
"1732","SIP","SIP12",2017,2017-05-16,2017-05-30,0,14,"SIP122017","spring","SIP122017_2017-05-16",0,143,8,8
"1733","SIP","SIP13",2017,2017-05-16,2017-05-30,0,14,"SIP132017","spring","SIP132017_2017-05-16",0,143,5,9
"1734","SIP","SIP14",2017,2017-05-16,2017-05-30,0,14,"SIP142017","spring","SIP142017_2017-05-16",0,143,5,17
"1735","SIP","SIP06",2017,2017-05-30,2017-06-13,0,14,"SIP062017","spring","SIP062017_2017-05-30",0,157,7,7
"1736","SIP","SIP08",2017,2017-05-30,2017-06-13,0,14,"SIP082017","spring","SIP082017_2017-05-30",0,157,6,7
"1737","SIP","SIP09",2017,2017-05-30,2017-06-13,0,14,"SIP092017","spring","SIP092017_2017-05-30",1,157,4,4
"1738","SIP","SIP10",2017,2017-05-30,2017-06-13,0,14,"SIP102017","spring","SIP102017_2017-05-30",0,157,3,4
"1739","SIP","SIP12",2017,2017-05-30,2017-06-13,0,14,"SIP122017","spring","SIP122017_2017-05-30",1,157,2,2
"1740","SIP","SIP15",2017,2017-05-30,2017-06-13,0,14,"SIP152017","spring","SIP152017_2017-05-30",1,157,6,7
"1741","SIP","SIP16",2017,2017-05-30,2017-06-13,0,14,"SIP162017","spring","SIP162017_2017-05-30",1,157,4,4
"1742","HAR","HAR01",2018,2018-04-16,2018-04-30,0,14,"HAR012018","spring","HAR012018_2018-04-16",0,113,17,65
"1743","HAR","HAR02",2018,2018-04-16,2018-04-30,0,14,"HAR022018","spring","HAR022018_2018-04-16",0,113,25,142
"1744","HAR","HAR03",2018,2018-04-16,2018-04-30,0,14,"HAR032018","spring","HAR032018_2018-04-16",0,113,17,71
"1745","HAR","HAR04",2018,2018-04-16,2018-04-30,0,14,"HAR042018","spring","HAR042018_2018-04-16",1,113,13,45
"1746","HAR","HAR06",2018,2018-04-16,2018-04-30,0,14,"HAR062018","spring","HAR062018_2018-04-16",0,113,23,90
"1747","HAR","HAR07",2018,2018-04-16,2018-04-30,0,14,"HAR072018","spring","HAR072018_2018-04-16",0,113,7,26
"1748","HAR","HAR08",2018,2018-04-16,2018-04-30,0,14,"HAR082018","spring","HAR082018_2018-04-16",0,113,14,63
"1749","HAR","HAR09",2018,2018-04-16,2018-04-30,0,14,"HAR092018","spring","HAR092018_2018-04-16",1,113,12,64
"1750","HAR","HAR10",2018,2018-04-16,2018-04-30,0,14,"HAR102018","spring","HAR102018_2018-04-16",0,113,21,79
"1751","HAR","HAR11",2018,2018-04-16,2018-04-30,0,14,"HAR112018","spring","HAR112018_2018-04-16",0,113,12,21
"1752","HAR","HAR13",2018,2018-04-16,2018-04-30,0,14,"HAR132018","spring","HAR132018_2018-04-16",0,113,12,32
"1753","HAR","HAR14",2018,2018-04-16,2018-04-30,0,14,"HAR142018","spring","HAR142018_2018-04-16",1,113,9,28
"1754","HAR","HAR15",2018,2018-04-16,2018-04-30,0,14,"HAR152018","spring","HAR152018_2018-04-16",3,113,22,93
"1755","HAR","HAR16",2018,2018-04-16,2018-04-30,0,14,"HAR162018","spring","HAR162018_2018-04-16",5,113,22,50
"1756","WAN","WAN01",2018,2018-04-16,2018-04-30,0,14,"WAN012018","spring","WAN012018_2018-04-16",1,113,27,327
"1757","WAN","WAN03",2018,2018-04-16,2018-04-30,0,14,"WAN032018","spring","WAN032018_2018-04-16",0,113,18,183
"1758","WAN","WAN04",2018,2018-04-16,2018-04-30,0,14,"WAN042018","spring","WAN042018_2018-04-16",0,113,23,190
"1759","WAN","WAN05",2018,2018-04-16,2018-04-30,0,14,"WAN052018","spring","WAN052018_2018-04-16",1,113,22,231
"1760","WAN","WAN06",2018,2018-04-16,2018-04-30,0,14,"WAN062018","spring","WAN062018_2018-04-16",0,113,19,85
"1761","WAN","WAN07",2018,2018-04-16,2018-04-30,0,14,"WAN072018","spring","WAN072018_2018-04-16",0,113,11,104
"1762","WAN","WAN08",2018,2018-04-16,2018-04-30,0,14,"WAN082018","spring","WAN082018_2018-04-16",0,113,10,88
"1763","WAN","WAN09",2018,2018-04-16,2018-04-30,0,14,"WAN092018","spring","WAN092018_2018-04-16",1,113,35,558
"1764","WAN","WAN11",2018,2018-04-16,2018-04-30,0,14,"WAN112018","spring","WAN112018_2018-04-16",0,113,13,36
"1765","WAN","WAN12",2018,2018-04-16,2018-04-30,0,14,"WAN122018","spring","WAN122018_2018-04-16",0,113,32,310
"1766","WAN","WAN15",2018,2018-04-16,2018-04-30,0,14,"WAN152018","spring","WAN152018_2018-04-16",0,113,17,69
"1767","WAN","WAN16",2018,2018-04-16,2018-04-30,0,14,"WAN162018","spring","WAN162018_2018-04-16",0,113,10,23
"1768","GFH","GFH01",2018,2018-04-17,2018-05-01,0,14,"GFH012018","spring","GFH012018_2018-04-17",0,114,9,22
"1769","GFH","GFH02",2018,2018-04-17,2018-05-01,0,14,"GFH022018","spring","GFH022018_2018-04-17",0,114,17,48
"1770","GFH","GFH04",2018,2018-04-17,2018-05-01,0,14,"GFH042018","spring","GFH042018_2018-04-17",0,114,12,30
"1771","GFH","GFH05",2018,2018-04-17,2018-05-01,0,14,"GFH052018","spring","GFH052018_2018-04-17",2,114,15,45
"1772","GFH","GFH06",2018,2018-04-17,2018-05-01,0,14,"GFH062018","spring","GFH062018_2018-04-17",0,114,13,85
"1773","GFH","GFH07",2018,2018-04-17,2018-05-01,0,14,"GFH072018","spring","GFH072018_2018-04-17",0,114,6,13
"1774","GFH","GFH08",2018,2018-04-17,2018-05-01,0,14,"GFH082018","spring","GFH082018_2018-04-17",0,114,10,18
"1775","GFH","GFH09",2018,2018-04-17,2018-05-01,0,14,"GFH092018","spring","GFH092018_2018-04-17",0,114,9,25
"1776","GFH","GFH10",2018,2018-04-17,2018-05-01,0,14,"GFH102018","spring","GFH102018_2018-04-17",0,114,14,16
"1777","GFH","GFH11",2018,2018-04-17,2018-05-01,0,14,"GFH112018","spring","GFH112018_2018-04-17",0,114,13,27
"1778","GFH","GFH12",2018,2018-04-17,2018-05-01,0,14,"GFH122018","spring","GFH122018_2018-04-17",0,114,14,40
"1779","GFH","GFH13",2018,2018-04-17,2018-05-01,0,14,"GFH132018","spring","GFH132018_2018-04-17",0,114,12,19
"1780","GFH","GFH14",2018,2018-04-17,2018-05-01,0,14,"GFH142018","spring","GFH142018_2018-04-17",0,114,13,30
"1781","GFH","GFH15",2018,2018-04-17,2018-05-01,0,14,"GFH152018","spring","GFH152018_2018-04-17",0,114,12,24
"1782","SIP","SIP01",2018,2018-04-17,2018-05-01,0,14,"SIP012018","spring","SIP012018_2018-04-17",3,114,18,100
"1783","SIP","SIP05",2018,2018-04-17,2018-05-01,0,14,"SIP052018","spring","SIP052018_2018-04-17",0,114,22,62
"1784","SIP","SIP07",2018,2018-04-17,2018-05-01,0,14,"SIP072018","spring","SIP072018_2018-04-17",0,114,6,8
"1785","SIP","SIP08",2018,2018-04-17,2018-05-01,0,14,"SIP082018","spring","SIP082018_2018-04-17",0,114,14,39
"1786","SIP","SIP09",2018,2018-04-17,2018-05-01,0,14,"SIP092018","spring","SIP092018_2018-04-17",1,114,11,45
"1787","SIP","SIP10",2018,2018-04-17,2018-05-01,0,14,"SIP102018","spring","SIP102018_2018-04-17",0,114,19,37
"1788","SIP","SIP11",2018,2018-04-17,2018-05-01,0,14,"SIP112018","spring","SIP112018_2018-04-17",0,114,13,37
"1789","SIP","SIP12",2018,2018-04-17,2018-05-01,0,14,"SIP122018","spring","SIP122018_2018-04-17",0,114,16,24
"1790","SIP","SIP13",2018,2018-04-17,2018-05-01,0,14,"SIP132018","spring","SIP132018_2018-04-17",0,114,14,27
"1791","SIP","SIP14",2018,2018-04-17,2018-05-01,0,14,"SIP142018","spring","SIP142018_2018-04-17",0,114,18,92
"1792","SIP","SIP15",2018,2018-04-17,2018-05-01,0,14,"SIP152018","spring","SIP152018_2018-04-17",0,114,21,41
"1793","SIP","SIP16",2018,2018-04-17,2018-05-01,0,14,"SIP162018","spring","SIP162018_2018-04-17",0,114,18,62
"1794","FBG","FBG01",2018,2018-04-18,2018-05-02,0,14,"FBG012018","spring","FBG012018_2018-04-18",0,115,23,67
"1795","FBG","FBG02",2018,2018-04-18,2018-05-02,0,14,"FBG022018","spring","FBG022018_2018-04-18",1,115,20,70
"1796","FBG","FBG03",2018,2018-04-18,2018-05-02,0,14,"FBG032018","spring","FBG032018_2018-04-18",1,115,12,53
"1797","FBG","FBG04",2018,2018-04-18,2018-05-02,0,14,"FBG042018","spring","FBG042018_2018-04-18",0,115,16,64
"1798","FBG","FBG05",2018,2018-04-18,2018-05-02,0,14,"FBG052018","spring","FBG052018_2018-04-18",0,115,16,67
"1799","FBG","FBG06",2018,2018-04-18,2018-05-02,0,14,"FBG062018","spring","FBG062018_2018-04-18",2,115,21,58
"1800","FBG","FBG07",2018,2018-04-18,2018-05-02,0,14,"FBG072018","spring","FBG072018_2018-04-18",0,115,21,117
"1801","FBG","FBG08",2018,2018-04-18,2018-05-02,0,14,"FBG082018","spring","FBG082018_2018-04-18",0,115,11,31
"1802","FBG","FBG09",2018,2018-04-18,2018-05-02,0,14,"FBG092018","spring","FBG092018_2018-04-18",0,115,18,128
"1803","FBG","FBG10",2018,2018-04-18,2018-05-02,0,14,"FBG102018","spring","FBG102018_2018-04-18",1,115,30,85
"1804","FBG","FBG11",2018,2018-04-18,2018-05-02,0,14,"FBG112018","spring","FBG112018_2018-04-18",0,115,21,49
"1805","FBG","FBG12",2018,2018-04-18,2018-05-02,0,14,"FBG122018","spring","FBG122018_2018-04-18",0,115,12,66
"1806","FBG","FBG14",2018,2018-04-18,2018-05-02,0,14,"FBG142018","spring","FBG142018_2018-04-18",1,115,26,133
"1807","FBG","FBG15",2018,2018-04-18,2018-05-02,0,14,"FBG152018","spring","FBG152018_2018-04-18",0,115,19,173
"1808","FBG","FBG16",2018,2018-04-18,2018-05-02,0,14,"FBG162018","spring","FBG162018_2018-04-18",0,115,15,42
"1809","SST","SST01",2018,2018-04-18,2018-05-02,0,14,"SST012018","spring","SST012018_2018-04-18",0,115,26,105
"1810","SST","SST02",2018,2018-04-18,2018-05-02,0,14,"SST022018","spring","SST022018_2018-04-18",0,115,14,65
"1811","SST","SST03",2018,2018-04-18,2018-05-02,0,14,"SST032018","spring","SST032018_2018-04-18",1,115,15,217
"1812","SST","SST04",2018,2018-04-18,2018-05-02,0,14,"SST042018","spring","SST042018_2018-04-18",3,115,21,95
"1813","SST","SST05",2018,2018-04-18,2018-05-02,0,14,"SST052018","spring","SST052018_2018-04-18",0,115,15,108
"1814","SST","SST06",2018,2018-04-18,2018-05-02,0,14,"SST062018","spring","SST062018_2018-04-18",0,115,20,776
"1815","SST","SST07",2018,2018-04-18,2018-05-02,0,14,"SST072018","spring","SST072018_2018-04-18",0,115,14,64
"1816","SST","SST08",2018,2018-04-18,2018-05-02,0,14,"SST082018","spring","SST082018_2018-04-18",0,115,14,101
"1817","SST","SST09",2018,2018-04-18,2018-05-02,0,14,"SST092018","spring","SST092018_2018-04-18",0,115,17,75
"1818","SST","SST10",2018,2018-04-18,2018-05-02,0,14,"SST102018","spring","SST102018_2018-04-18",3,115,32,2696
"1819","SST","SST11",2018,2018-04-18,2018-05-02,0,14,"SST112018","spring","SST112018_2018-04-18",1,115,24,269
"1820","SST","SST12",2018,2018-04-18,2018-05-02,0,14,"SST122018","spring","SST122018_2018-04-18",3,115,30,1240
"1821","SST","SST13",2018,2018-04-18,2018-05-02,0,14,"SST132018","spring","SST132018_2018-04-18",0,115,20,96
"1822","SST","SST14",2018,2018-04-18,2018-05-02,0,14,"SST142018","spring","SST142018_2018-04-18",0,115,14,553
"1823","SST","SST15",2018,2018-04-18,2018-05-02,0,14,"SST152018","spring","SST152018_2018-04-18",23,115,19,3920
"1824","SST","SST16",2018,2018-04-18,2018-05-02,0,14,"SST162018","spring","SST162018_2018-04-18",2,115,26,841
"1825","HAR","HAR01",2018,2018-04-30,2018-05-14,0,14,"HAR012018","spring","HAR012018_2018-04-30",0,127,8,10
"1826","HAR","HAR02",2018,2018-04-30,2018-05-14,0,14,"HAR022018","spring","HAR022018_2018-04-30",0,127,11,21
"1827","HAR","HAR05",2018,2018-04-30,2018-05-14,0,14,"HAR052018","spring","HAR052018_2018-04-30",2,127,16,30
"1828","HAR","HAR08",2018,2018-04-30,2018-05-14,0,14,"HAR082018","spring","HAR082018_2018-04-30",0,127,6,49
"1829","HAR","HAR09",2018,2018-04-30,2018-05-14,0,14,"HAR092018","spring","HAR092018_2018-04-30",2,127,11,16
"1830","HAR","HAR10",2018,2018-04-30,2018-05-14,0,14,"HAR102018","spring","HAR102018_2018-04-30",0,127,9,17
"1831","HAR","HAR11",2018,2018-04-30,2018-05-14,0,14,"HAR112018","spring","HAR112018_2018-04-30",9,127,12,29
"1832","HAR","HAR12",2018,2018-04-30,2018-05-14,0,14,"HAR122018","spring","HAR122018_2018-04-30",20,127,15,22
"1833","HAR","HAR13",2018,2018-04-30,2018-05-14,0,14,"HAR132018","spring","HAR132018_2018-04-30",2,127,10,13
"1834","HAR","HAR16",2018,2018-04-30,2018-05-14,0,14,"HAR162018","spring","HAR162018_2018-04-30",108,127,16,35
"1835","WAN","WAN01",2018,2018-04-30,2018-05-14,0,14,"WAN012018","spring","WAN012018_2018-04-30",12,127,18,78
"1836","WAN","WAN02",2018,2018-04-30,2018-05-14,0,14,"WAN022018","spring","WAN022018_2018-04-30",8,127,20,73
"1837","WAN","WAN03",2018,2018-04-30,2018-05-14,0,14,"WAN032018","spring","WAN032018_2018-04-30",0,127,13,24
"1838","WAN","WAN04",2018,2018-04-30,2018-05-14,0,14,"WAN042018","spring","WAN042018_2018-04-30",1,127,12,33
"1839","WAN","WAN05",2018,2018-04-30,2018-05-14,0,14,"WAN052018","spring","WAN052018_2018-04-30",1,127,12,71
"1840","WAN","WAN06",2018,2018-04-30,2018-05-14,0,14,"WAN062018","spring","WAN062018_2018-04-30",0,127,15,33
"1841","WAN","WAN07",2018,2018-04-30,2018-05-14,0,14,"WAN072018","spring","WAN072018_2018-04-30",2,127,4,5
"1842","WAN","WAN08",2018,2018-04-30,2018-05-14,0,14,"WAN082018","spring","WAN082018_2018-04-30",1,127,10,31
"1843","WAN","WAN09",2018,2018-04-30,2018-05-14,0,14,"WAN092018","spring","WAN092018_2018-04-30",0,127,37,235
"1844","WAN","WAN10",2018,2018-04-30,2018-05-14,0,14,"WAN102018","spring","WAN102018_2018-04-30",1,127,11,40
"1845","WAN","WAN11",2018,2018-04-30,2018-05-14,0,14,"WAN112018","spring","WAN112018_2018-04-30",0,127,6,9
"1846","WAN","WAN12",2018,2018-04-30,2018-05-14,0,14,"WAN122018","spring","WAN122018_2018-04-30",0,127,22,85
"1847","WAN","WAN14",2018,2018-04-30,2018-05-14,0,14,"WAN142018","spring","WAN142018_2018-04-30",1,127,8,29
"1848","WAN","WAN15",2018,2018-04-30,2018-05-14,0,14,"WAN152018","spring","WAN152018_2018-04-30",1,127,17,43
"1849","WAN","WAN16",2018,2018-04-30,2018-05-14,0,14,"WAN162018","spring","WAN162018_2018-04-30",2,127,10,14
"1850","GFH","GFH01",2018,2018-05-01,2018-05-15,0,14,"GFH012018","spring","GFH012018_2018-05-01",1,128,6,12
"1851","GFH","GFH02",2018,2018-05-01,2018-05-15,0,14,"GFH022018","spring","GFH022018_2018-05-01",0,128,14,45
"1852","GFH","GFH04",2018,2018-05-01,2018-05-15,0,14,"GFH042018","spring","GFH042018_2018-05-01",3,128,17,35
"1853","GFH","GFH05",2018,2018-05-01,2018-05-15,0,14,"GFH052018","spring","GFH052018_2018-05-01",0,128,18,40
"1854","GFH","GFH06",2018,2018-05-01,2018-05-15,0,14,"GFH062018","spring","GFH062018_2018-05-01",0,128,17,31
"1855","GFH","GFH07",2018,2018-05-01,2018-05-15,0,14,"GFH072018","spring","GFH072018_2018-05-01",0,128,8,8
"1856","GFH","GFH08",2018,2018-05-01,2018-05-15,0,14,"GFH082018","spring","GFH082018_2018-05-01",0,128,6,7
"1857","GFH","GFH09",2018,2018-05-01,2018-05-15,0,14,"GFH092018","spring","GFH092018_2018-05-01",0,128,7,17
"1858","GFH","GFH10",2018,2018-05-01,2018-05-15,0,14,"GFH102018","spring","GFH102018_2018-05-01",0,128,10,18
"1859","GFH","GFH11",2018,2018-05-01,2018-05-15,0,14,"GFH112018","spring","GFH112018_2018-05-01",0,128,20,31
"1860","GFH","GFH12",2018,2018-05-01,2018-05-15,0,14,"GFH122018","spring","GFH122018_2018-05-01",0,128,6,24
"1861","GFH","GFH13",2018,2018-05-01,2018-05-15,0,14,"GFH132018","spring","GFH132018_2018-05-01",1,128,7,10
"1862","GFH","GFH14",2018,2018-05-01,2018-05-15,0,14,"GFH142018","spring","GFH142018_2018-05-01",3,128,19,43
"1863","GFH","GFH15",2018,2018-05-01,2018-05-15,0,14,"GFH152018","spring","GFH152018_2018-05-01",0,128,16,23
"1864","GFH","GFH16",2018,2018-05-01,2018-05-15,0,14,"GFH162018","spring","GFH162018_2018-05-01",0,128,17,38
"1865","SIP","SIP01",2018,2018-05-01,2018-05-15,0,14,"SIP012018","spring","SIP012018_2018-05-01",0,128,14,34
"1866","SIP","SIP02",2018,2018-05-01,2018-05-15,0,14,"SIP022018","spring","SIP022018_2018-05-01",0,128,7,10
"1867","SIP","SIP03",2018,2018-05-01,2018-05-15,0,14,"SIP032018","spring","SIP032018_2018-05-01",0,128,11,25
"1868","SIP","SIP05",2018,2018-05-01,2018-05-15,0,14,"SIP052018","spring","SIP052018_2018-05-01",0,128,9,18
"1869","SIP","SIP06",2018,2018-05-01,2018-05-15,0,14,"SIP062018","spring","SIP062018_2018-05-01",3,128,12,23
"1870","SIP","SIP07",2018,2018-05-01,2018-05-15,0,14,"SIP072018","spring","SIP072018_2018-05-01",0,128,6,12
"1871","SIP","SIP08",2018,2018-05-01,2018-05-15,0,14,"SIP082018","spring","SIP082018_2018-05-01",0,128,11,33
"1872","SIP","SIP09",2018,2018-05-01,2018-05-15,0,14,"SIP092018","spring","SIP092018_2018-05-01",0,128,13,25
"1873","SIP","SIP10",2018,2018-05-01,2018-05-15,0,14,"SIP102018","spring","SIP102018_2018-05-01",0,128,11,19
"1874","SIP","SIP11",2018,2018-05-01,2018-05-15,0,14,"SIP112018","spring","SIP112018_2018-05-01",0,128,4,12
"1875","SIP","SIP12",2018,2018-05-01,2018-05-15,0,14,"SIP122018","spring","SIP122018_2018-05-01",0,128,4,5
"1876","SIP","SIP13",2018,2018-05-01,2018-05-15,0,14,"SIP132018","spring","SIP132018_2018-05-01",0,128,4,4
"1877","SIP","SIP14",2018,2018-05-01,2018-05-15,0,14,"SIP142018","spring","SIP142018_2018-05-01",0,128,14,32
"1878","SIP","SIP15",2018,2018-05-01,2018-05-15,0,14,"SIP152018","spring","SIP152018_2018-05-01",1,128,11,22
"1879","FBG","FBG03",2018,2018-05-02,2018-05-16,0,14,"FBG032018","spring","FBG032018_2018-05-02",1,129,16,61
"1880","FBG","FBG04",2018,2018-05-02,2018-05-16,0,14,"FBG042018","spring","FBG042018_2018-05-02",1,129,23,70
"1881","FBG","FBG05",2018,2018-05-02,2018-05-16,0,14,"FBG052018","spring","FBG052018_2018-05-02",1,129,17,28
"1882","FBG","FBG06",2018,2018-05-02,2018-05-16,0,14,"FBG062018","spring","FBG062018_2018-05-02",0,129,23,106
"1883","FBG","FBG07",2018,2018-05-02,2018-05-16,0,14,"FBG072018","spring","FBG072018_2018-05-02",5,129,13,41
"1884","FBG","FBG08",2018,2018-05-02,2018-05-16,0,14,"FBG082018","spring","FBG082018_2018-05-02",0,129,9,18
"1885","FBG","FBG09",2018,2018-05-02,2018-05-16,0,14,"FBG092018","spring","FBG092018_2018-05-02",0,129,21,55
"1886","FBG","FBG10",2018,2018-05-02,2018-05-16,0,14,"FBG102018","spring","FBG102018_2018-05-02",1,129,11,13
"1887","FBG","FBG11",2018,2018-05-02,2018-05-16,0,14,"FBG112018","spring","FBG112018_2018-05-02",0,129,22,87
"1888","FBG","FBG12",2018,2018-05-02,2018-05-16,0,14,"FBG122018","spring","FBG122018_2018-05-02",2,129,18,76
"1889","FBG","FBG14",2018,2018-05-02,2018-05-16,0,14,"FBG142018","spring","FBG142018_2018-05-02",10,129,21,63
"1890","FBG","FBG15",2018,2018-05-02,2018-05-16,0,14,"FBG152018","spring","FBG152018_2018-05-02",4,129,14,22
"1891","FBG","FBG16",2018,2018-05-02,2018-05-16,0,14,"FBG162018","spring","FBG162018_2018-05-02",1,129,24,42
"1892","SST","SST01",2018,2018-05-02,2018-05-16,0,14,"SST012018","spring","SST012018_2018-05-02",1,129,37,112
"1893","SST","SST02",2018,2018-05-02,2018-05-16,0,14,"SST022018","spring","SST022018_2018-05-02",0,129,12,36
"1894","SST","SST03",2018,2018-05-02,2018-05-16,0,14,"SST032018","spring","SST032018_2018-05-02",0,129,15,33
"1895","SST","SST04",2018,2018-05-02,2018-05-16,0,14,"SST042018","spring","SST042018_2018-05-02",0,129,12,19
"1896","SST","SST05",2018,2018-05-02,2018-05-16,0,14,"SST052018","spring","SST052018_2018-05-02",1,129,13,42
"1897","SST","SST07",2018,2018-05-02,2018-05-16,0,14,"SST072018","spring","SST072018_2018-05-02",0,129,15,21
"1898","SST","SST08",2018,2018-05-02,2018-05-16,0,14,"SST082018","spring","SST082018_2018-05-02",1,129,13,59
"1899","SST","SST09",2018,2018-05-02,2018-05-16,0,14,"SST092018","spring","SST092018_2018-05-02",1,129,20,72
"1900","SST","SST11",2018,2018-05-02,2018-05-16,0,14,"SST112018","spring","SST112018_2018-05-02",1,129,10,27
"1901","SST","SST12",2018,2018-05-02,2018-05-16,0,14,"SST122018","spring","SST122018_2018-05-02",2,129,14,71
"1902","SST","SST13",2018,2018-05-02,2018-05-16,0,14,"SST132018","spring","SST132018_2018-05-02",0,129,26,96
"1903","SST","SST14",2018,2018-05-02,2018-05-16,0,14,"SST142018","spring","SST142018_2018-05-02",0,129,5,37
"1904","SST","SST16",2018,2018-05-02,2018-05-16,0,14,"SST162018","spring","SST162018_2018-05-02",3,129,8,17
"1905","HAR","HAR02",2018,2018-05-14,2018-05-28,0,14,"HAR022018","spring","HAR022018_2018-05-14",7,141,17,34
"1906","HAR","HAR03",2018,2018-05-14,2018-05-28,0,14,"HAR032018","spring","HAR032018_2018-05-14",2,141,10,21
"1907","HAR","HAR04",2018,2018-05-14,2018-05-28,0,14,"HAR042018","spring","HAR042018_2018-05-14",3,141,7,9
"1908","HAR","HAR05",2018,2018-05-14,2018-05-28,0,14,"HAR052018","spring","HAR052018_2018-05-14",8,141,31,84
"1909","HAR","HAR06",2018,2018-05-14,2018-05-28,0,14,"HAR062018","spring","HAR062018_2018-05-14",2,141,20,32
"1910","HAR","HAR07",2018,2018-05-14,2018-05-28,0,14,"HAR072018","spring","HAR072018_2018-05-14",3,141,6,7
"1911","HAR","HAR08",2018,2018-05-14,2018-05-28,0,14,"HAR082018","spring","HAR082018_2018-05-14",1,141,5,9
"1912","HAR","HAR09",2018,2018-05-14,2018-05-28,0,14,"HAR092018","spring","HAR092018_2018-05-14",5,141,15,28
"1913","HAR","HAR10",2018,2018-05-14,2018-05-28,0,14,"HAR102018","spring","HAR102018_2018-05-14",5,141,17,35
"1914","HAR","HAR11",2018,2018-05-14,2018-05-28,0,14,"HAR112018","spring","HAR112018_2018-05-14",3,141,18,26
"1915","HAR","HAR12",2018,2018-05-14,2018-05-28,0,14,"HAR122018","spring","HAR122018_2018-05-14",6,141,10,13
"1916","HAR","HAR13",2018,2018-05-14,2018-05-28,0,14,"HAR132018","spring","HAR132018_2018-05-14",24,141,10,13
"1917","HAR","HAR14",2018,2018-05-14,2018-05-28,0,14,"HAR142018","spring","HAR142018_2018-05-14",8,141,12,29
"1918","HAR","HAR15",2018,2018-05-14,2018-05-28,0,14,"HAR152018","spring","HAR152018_2018-05-14",10,141,9,38
"1919","HAR","HAR16",2018,2018-05-14,2018-05-28,0,14,"HAR162018","spring","HAR162018_2018-05-14",57,141,18,38
"1920","WAN","WAN01",2018,2018-05-14,2018-05-28,0,14,"WAN012018","spring","WAN012018_2018-05-14",17,141,31,89
"1921","WAN","WAN02",2018,2018-05-14,2018-05-28,0,14,"WAN022018","spring","WAN022018_2018-05-14",11,141,14,30
"1922","WAN","WAN04",2018,2018-05-14,2018-05-28,0,14,"WAN042018","spring","WAN042018_2018-05-14",4,141,12,45
"1923","WAN","WAN06",2018,2018-05-14,2018-05-28,0,14,"WAN062018","spring","WAN062018_2018-05-14",1,141,12,17
"1924","WAN","WAN08",2018,2018-05-14,2018-05-28,0,14,"WAN082018","spring","WAN082018_2018-05-14",2,141,12,56
"1925","WAN","WAN09",2018,2018-05-14,2018-05-28,0,14,"WAN092018","spring","WAN092018_2018-05-14",6,141,21,57
"1926","WAN","WAN10",2018,2018-05-14,2018-05-28,0,14,"WAN102018","spring","WAN102018_2018-05-14",0,141,11,24
"1927","WAN","WAN11",2018,2018-05-14,2018-05-28,0,14,"WAN112018","spring","WAN112018_2018-05-14",0,141,4,7
"1928","WAN","WAN12",2018,2018-05-14,2018-05-28,0,14,"WAN122018","spring","WAN122018_2018-05-14",7,141,9,34
"1929","WAN","WAN13",2018,2018-05-14,2018-05-28,0,14,"WAN132018","spring","WAN132018_2018-05-14",6,141,8,15
"1930","WAN","WAN14",2018,2018-05-14,2018-05-28,0,14,"WAN142018","spring","WAN142018_2018-05-14",2,141,12,14
"1931","WAN","WAN15",2018,2018-05-14,2018-05-28,0,14,"WAN152018","spring","WAN152018_2018-05-14",2,141,7,17
"1932","WAN","WAN16",2018,2018-05-14,2018-05-28,0,14,"WAN162018","spring","WAN162018_2018-05-14",1,141,10,24
"1933","GFH","GFH01",2018,2018-05-15,2018-05-29,0,14,"GFH012018","spring","GFH012018_2018-05-15",0,142,3,8
"1934","GFH","GFH02",2018,2018-05-15,2018-05-29,0,14,"GFH022018","spring","GFH022018_2018-05-15",1,142,8,19
"1935","GFH","GFH04",2018,2018-05-15,2018-05-29,0,14,"GFH042018","spring","GFH042018_2018-05-15",0,142,21,49
"1936","GFH","GFH06",2018,2018-05-15,2018-05-29,0,14,"GFH062018","spring","GFH062018_2018-05-15",0,142,12,21
"1937","GFH","GFH07",2018,2018-05-15,2018-05-29,0,14,"GFH072018","spring","GFH072018_2018-05-15",0,142,5,7
"1938","GFH","GFH08",2018,2018-05-15,2018-05-29,0,14,"GFH082018","spring","GFH082018_2018-05-15",0,142,8,12
"1939","GFH","GFH09",2018,2018-05-15,2018-05-29,0,14,"GFH092018","spring","GFH092018_2018-05-15",2,142,12,19
"1940","GFH","GFH11",2018,2018-05-15,2018-05-29,0,14,"GFH112018","spring","GFH112018_2018-05-15",1,142,28,64
"1941","GFH","GFH12",2018,2018-05-15,2018-05-29,0,14,"GFH122018","spring","GFH122018_2018-05-15",1,142,13,17
"1942","GFH","GFH13",2018,2018-05-15,2018-05-29,0,14,"GFH132018","spring","GFH132018_2018-05-15",1,142,12,19
"1943","GFH","GFH15",2018,2018-05-15,2018-05-29,0,14,"GFH152018","spring","GFH152018_2018-05-15",3,142,7,15
"1944","GFH","GFH16",2018,2018-05-15,2018-05-29,0,14,"GFH162018","spring","GFH162018_2018-05-15",3,142,19,45
"1945","SIP","SIP01",2018,2018-05-15,2018-05-29,0,14,"SIP012018","spring","SIP012018_2018-05-15",3,142,10,26
"1946","SIP","SIP02",2018,2018-05-15,2018-05-29,0,14,"SIP022018","spring","SIP022018_2018-05-15",2,142,12,17
"1947","SIP","SIP03",2018,2018-05-15,2018-05-29,0,14,"SIP032018","spring","SIP032018_2018-05-15",2,142,11,17
"1948","SIP","SIP05",2018,2018-05-15,2018-05-29,0,14,"SIP052018","spring","SIP052018_2018-05-15",0,142,7,13
"1949","SIP","SIP06",2018,2018-05-15,2018-05-29,0,14,"SIP062018","spring","SIP062018_2018-05-15",8,142,9,14
"1950","SIP","SIP07",2018,2018-05-15,2018-05-29,0,14,"SIP072018","spring","SIP072018_2018-05-15",6,142,4,4
"1951","SIP","SIP08",2018,2018-05-15,2018-05-29,0,14,"SIP082018","spring","SIP082018_2018-05-15",1,142,5,8
"1952","SIP","SIP09",2018,2018-05-15,2018-05-29,0,14,"SIP092018","spring","SIP092018_2018-05-15",0,142,15,31
"1953","SIP","SIP10",2018,2018-05-15,2018-05-29,0,14,"SIP102018","spring","SIP102018_2018-05-15",3,142,5,9
"1954","SIP","SIP11",2018,2018-05-15,2018-05-29,0,14,"SIP112018","spring","SIP112018_2018-05-15",2,142,7,12
"1955","SIP","SIP12",2018,2018-05-15,2018-05-29,0,14,"SIP122018","spring","SIP122018_2018-05-15",0,142,3,3
"1956","SIP","SIP13",2018,2018-05-15,2018-05-29,0,14,"SIP132018","spring","SIP132018_2018-05-15",0,142,5,6
"1957","SIP","SIP14",2018,2018-05-15,2018-05-29,0,14,"SIP142018","spring","SIP142018_2018-05-15",3,142,9,18
"1958","SIP","SIP15",2018,2018-05-15,2018-05-29,0,14,"SIP152018","spring","SIP152018_2018-05-15",0,142,12,16
"1959","SIP","SIP16",2018,2018-05-15,2018-05-29,0,14,"SIP162018","spring","SIP162018_2018-05-15",0,142,10,28
"1960","FBG","FBG01",2018,2018-05-16,2018-05-30,0,14,"FBG012018","spring","FBG012018_2018-05-16",5,143,22,127
"1961","FBG","FBG02",2018,2018-05-16,2018-05-30,0,14,"FBG022018","spring","FBG022018_2018-05-16",16,143,34,161
"1962","FBG","FBG03",2018,2018-05-16,2018-05-30,0,14,"FBG032018","spring","FBG032018_2018-05-16",5,143,13,62
"1963","FBG","FBG04",2018,2018-05-16,2018-05-30,0,14,"FBG042018","spring","FBG042018_2018-05-16",28,143,24,57
"1964","FBG","FBG05",2018,2018-05-16,2018-05-30,0,14,"FBG052018","spring","FBG052018_2018-05-16",9,143,24,57
"1965","FBG","FBG06",2018,2018-05-16,2018-05-30,0,14,"FBG062018","spring","FBG062018_2018-05-16",8,143,23,79
"1966","FBG","FBG07",2018,2018-05-16,2018-05-30,0,14,"FBG072018","spring","FBG072018_2018-05-16",8,143,13,51
"1967","FBG","FBG08",2018,2018-05-16,2018-05-30,0,14,"FBG082018","spring","FBG082018_2018-05-16",1,143,11,68
"1968","FBG","FBG09",2018,2018-05-16,2018-05-30,0,14,"FBG092018","spring","FBG092018_2018-05-16",1,143,14,19
"1969","FBG","FBG10",2018,2018-05-16,2018-05-30,0,14,"FBG102018","spring","FBG102018_2018-05-16",3,143,24,148
"1970","FBG","FBG11",2018,2018-05-16,2018-05-30,0,14,"FBG112018","spring","FBG112018_2018-05-16",6,143,28,75
"1971","FBG","FBG12",2018,2018-05-16,2018-05-30,0,14,"FBG122018","spring","FBG122018_2018-05-16",14,143,16,29
"1972","FBG","FBG13",2018,2018-05-16,2018-05-30,0,14,"FBG132018","spring","FBG132018_2018-05-16",6,143,13,38
"1973","FBG","FBG14",2018,2018-05-16,2018-05-30,0,14,"FBG142018","spring","FBG142018_2018-05-16",4,143,16,36
"1974","FBG","FBG15",2018,2018-05-16,2018-05-30,0,14,"FBG152018","spring","FBG152018_2018-05-16",2,143,11,28
"1975","FBG","FBG16",2018,2018-05-16,2018-05-30,0,14,"FBG162018","spring","FBG162018_2018-05-16",8,143,23,67
"1976","SST","SST01",2018,2018-05-16,2018-05-30,0,14,"SST012018","spring","SST012018_2018-05-16",3,143,24,71
"1977","SST","SST02",2018,2018-05-16,2018-05-30,0,14,"SST022018","spring","SST022018_2018-05-16",7,143,24,100
"1978","SST","SST03",2018,2018-05-16,2018-05-30,0,14,"SST032018","spring","SST032018_2018-05-16",9,143,24,103
"1979","SST","SST04",2018,2018-05-16,2018-05-30,0,14,"SST042018","spring","SST042018_2018-05-16",6,143,19,71
"1980","SST","SST05",2018,2018-05-16,2018-05-30,0,14,"SST052018","spring","SST052018_2018-05-16",0,143,19,61
"1981","SST","SST07",2018,2018-05-16,2018-05-30,0,14,"SST072018","spring","SST072018_2018-05-16",0,143,10,36
"1982","SST","SST09",2018,2018-05-16,2018-05-30,0,14,"SST092018","spring","SST092018_2018-05-16",3,143,21,80
"1983","SST","SST10",2018,2018-05-16,2018-05-30,0,14,"SST102018","spring","SST102018_2018-05-16",18,143,22,167
"1984","SST","SST11",2018,2018-05-16,2018-05-30,0,14,"SST112018","spring","SST112018_2018-05-16",6,143,13,77
"1985","SST","SST12",2018,2018-05-16,2018-05-30,0,14,"SST122018","spring","SST122018_2018-05-16",2,143,14,89
"1986","SST","SST13",2018,2018-05-16,2018-05-30,0,14,"SST132018","spring","SST132018_2018-05-16",1,143,17,86
"1987","SST","SST14",2018,2018-05-16,2018-05-30,0,14,"SST142018","spring","SST142018_2018-05-16",5,143,6,73
"1988","SST","SST15",2018,2018-05-16,2018-05-30,0,14,"SST152018","spring","SST152018_2018-05-16",1,143,17,237
"1989","SST","SST16",2018,2018-05-16,2018-05-30,0,14,"SST162018","spring","SST162018_2018-05-16",5,143,12,96
"1990","FBG","FBG01",2019,2019-04-15,2019-04-29,0,14,"FBG012019","spring","FBG012019_2019-04-15",1,112,34,202
"1991","FBG","FBG02",2019,2019-04-15,2019-04-29,0,14,"FBG022019","spring","FBG022019_2019-04-15",0,112,29,111
"1992","FBG","FBG03",2019,2019-04-15,2019-04-29,0,14,"FBG032019","spring","FBG032019_2019-04-15",5,112,18,98
"1993","FBG","FBG04",2019,2019-04-15,2019-04-29,0,14,"FBG042019","spring","FBG042019_2019-04-15",0,112,18,52
"1994","FBG","FBG06",2019,2019-04-15,2019-04-29,0,14,"FBG062019","spring","FBG062019_2019-04-15",4,112,31,236
"1995","FBG","FBG07",2019,2019-04-15,2019-04-29,0,14,"FBG072019","spring","FBG072019_2019-04-15",17,112,23,143
"1996","FBG","FBG08",2019,2019-04-15,2019-04-29,0,14,"FBG082019","spring","FBG082019_2019-04-15",0,112,20,80
"1997","FBG","FBG10",2019,2019-04-15,2019-04-29,0,14,"FBG102019","spring","FBG102019_2019-04-15",1,112,28,90
"1998","FBG","FBG12",2019,2019-04-15,2019-04-29,0,14,"FBG122019","spring","FBG122019_2019-04-15",2,112,16,98
"1999","FBG","FBG14",2019,2019-04-15,2019-04-29,0,14,"FBG142019","spring","FBG142019_2019-04-15",3,112,27,161
"2000","FBG","FBG15",2019,2019-04-15,2019-04-29,0,14,"FBG152019","spring","FBG152019_2019-04-15",1,112,32,300
"2001","FBG","FBG16",2019,2019-04-15,2019-04-29,0,14,"FBG162019","spring","FBG162019_2019-04-15",6,112,14,32
"2002","SST","SST01",2019,2019-04-15,2019-04-29,0,14,"SST012019","spring","SST012019_2019-04-15",2,112,24,166
"2003","SST","SST02",2019,2019-04-15,2019-04-29,0,14,"SST022019","spring","SST022019_2019-04-15",1,112,23,397
"2004","SST","SST03",2019,2019-04-15,2019-04-29,0,14,"SST032019","spring","SST032019_2019-04-15",0,112,22,361
"2005","SST","SST04",2019,2019-04-15,2019-04-29,0,14,"SST042019","spring","SST042019_2019-04-15",1,112,29,783
"2006","SST","SST05",2019,2019-04-15,2019-04-29,0,14,"SST052019","spring","SST052019_2019-04-15",3,112,18,362
"2007","SST","SST07",2019,2019-04-15,2019-04-29,0,14,"SST072019","spring","SST072019_2019-04-15",0,112,16,118
"2008","SST","SST08",2019,2019-04-15,2019-04-29,0,14,"SST082019","spring","SST082019_2019-04-15",0,112,29,552
"2009","SST","SST09",2019,2019-04-15,2019-04-29,0,14,"SST092019","spring","SST092019_2019-04-15",1,112,27,179
"2010","SST","SST13",2019,2019-04-15,2019-04-29,0,14,"SST132019","spring","SST132019_2019-04-15",0,112,18,287
"2011","SST","SST14",2019,2019-04-15,2019-04-29,0,14,"SST142019","spring","SST142019_2019-04-15",1,112,24,1145
"2012","SST","SST16",2019,2019-04-15,2019-04-29,0,14,"SST162019","spring","SST162019_2019-04-15",1,112,32,2959
"2013","GFH","GFH01",2019,2019-04-16,2019-04-30,0,14,"GFH012019","spring","GFH012019_2019-04-16",0,113,3,8
"2014","GFH","GFH02",2019,2019-04-16,2019-04-30,0,14,"GFH022019","spring","GFH022019_2019-04-16",0,113,20,129
"2015","GFH","GFH03",2019,2019-04-16,2019-04-30,0,14,"GFH032019","spring","GFH032019_2019-04-16",1,113,23,181
"2016","GFH","GFH05",2019,2019-04-16,2019-04-30,0,14,"GFH052019","spring","GFH052019_2019-04-16",1,113,18,98
"2017","GFH","GFH06",2019,2019-04-16,2019-04-30,0,14,"GFH062019","spring","GFH062019_2019-04-16",1,113,21,86
"2018","GFH","GFH07",2019,2019-04-16,2019-04-30,0,14,"GFH072019","spring","GFH072019_2019-04-16",0,113,11,70
"2019","GFH","GFH08",2019,2019-04-16,2019-04-30,0,14,"GFH082019","spring","GFH082019_2019-04-16",0,113,15,51
"2020","GFH","GFH09",2019,2019-04-16,2019-04-30,0,14,"GFH092019","spring","GFH092019_2019-04-16",0,113,6,14
"2021","GFH","GFH10",2019,2019-04-16,2019-04-30,0,14,"GFH102019","spring","GFH102019_2019-04-16",1,113,17,39
"2022","GFH","GFH11",2019,2019-04-16,2019-04-30,0,14,"GFH112019","spring","GFH112019_2019-04-16",0,113,17,32
"2023","GFH","GFH12",2019,2019-04-16,2019-04-30,0,14,"GFH122019","spring","GFH122019_2019-04-16",0,113,13,60
"2024","GFH","GFH13",2019,2019-04-16,2019-04-30,0,14,"GFH132019","spring","GFH132019_2019-04-16",0,113,10,20
"2025","GFH","GFH14",2019,2019-04-16,2019-04-30,0,14,"GFH142019","spring","GFH142019_2019-04-16",0,113,7,16
"2026","GFH","GFH15",2019,2019-04-16,2019-04-30,0,14,"GFH152019","spring","GFH152019_2019-04-16",3,113,13,55
"2027","GFH","GFH16",2019,2019-04-16,2019-04-30,0,14,"GFH162019","spring","GFH162019_2019-04-16",1,113,21,112
"2028","SIP","SIP02",2019,2019-04-16,2019-04-30,0,14,"SIP022019","spring","SIP022019_2019-04-16",0,113,16,57
"2029","SIP","SIP03",2019,2019-04-16,2019-04-30,0,14,"SIP032019","spring","SIP032019_2019-04-16",0,113,16,165
"2030","SIP","SIP07",2019,2019-04-16,2019-04-30,0,14,"SIP072019","spring","SIP072019_2019-04-16",0,113,13,23
"2031","SIP","SIP08",2019,2019-04-16,2019-04-30,0,14,"SIP082019","spring","SIP082019_2019-04-16",0,113,11,17
"2032","SIP","SIP09",2019,2019-04-16,2019-04-30,0,14,"SIP092019","spring","SIP092019_2019-04-16",3,113,18,59
"2033","SIP","SIP11",2019,2019-04-16,2019-04-30,0,14,"SIP112019","spring","SIP112019_2019-04-16",1,113,12,24
"2034","SIP","SIP12",2019,2019-04-16,2019-04-30,0,14,"SIP122019","spring","SIP122019_2019-04-16",0,113,11,22
"2035","SIP","SIP13",2019,2019-04-16,2019-04-30,0,14,"SIP132019","spring","SIP132019_2019-04-16",0,113,12,25
"2036","SIP","SIP14",2019,2019-04-16,2019-04-30,0,14,"SIP142019","spring","SIP142019_2019-04-16",0,113,20,142
"2037","SIP","SIP15",2019,2019-04-16,2019-04-30,0,14,"SIP152019","spring","SIP152019_2019-04-16",0,113,21,87
"2038","SIP","SIP16",2019,2019-04-16,2019-04-30,0,14,"SIP162019","spring","SIP162019_2019-04-16",0,113,11,39
"2039","HAR","HAR01",2019,2019-04-17,2019-05-02,0,15,"HAR012019","spring","HAR012019_2019-04-17",0,114.5,23,73
"2040","HAR","HAR03",2019,2019-04-17,2019-05-02,0,15,"HAR032019","spring","HAR032019_2019-04-17",1,114.5,16,194
"2041","HAR","HAR04",2019,2019-04-17,2019-05-02,0,15,"HAR042019","spring","HAR042019_2019-04-17",2,114.5,22,105
"2042","HAR","HAR05",2019,2019-04-17,2019-05-02,0,15,"HAR052019","spring","HAR052019_2019-04-17",4,114.5,25,180
"2043","HAR","HAR06",2019,2019-04-17,2019-05-02,0,15,"HAR062019","spring","HAR062019_2019-04-17",8,114.5,28,105
"2044","HAR","HAR07",2019,2019-04-17,2019-05-02,0,15,"HAR072019","spring","HAR072019_2019-04-17",1,114.5,13,146
"2045","HAR","HAR08",2019,2019-04-17,2019-05-02,0,15,"HAR082019","spring","HAR082019_2019-04-17",0,114.5,22,107
"2046","HAR","HAR10",2019,2019-04-17,2019-05-02,0,15,"HAR102019","spring","HAR102019_2019-04-17",0,114.5,27,110
"2047","HAR","HAR11",2019,2019-04-17,2019-05-02,0,15,"HAR112019","spring","HAR112019_2019-04-17",2,114.5,19,42
"2048","HAR","HAR12",2019,2019-04-17,2019-05-02,0,15,"HAR122019","spring","HAR122019_2019-04-17",2,114.5,23,55
"2049","HAR","HAR13",2019,2019-04-17,2019-05-02,0,15,"HAR132019","spring","HAR132019_2019-04-17",0,114.5,13,74
"2050","HAR","HAR14",2019,2019-04-17,2019-05-02,0,15,"HAR142019","spring","HAR142019_2019-04-17",2,114.5,17,181
"2051","HAR","HAR15",2019,2019-04-17,2019-05-02,0,15,"HAR152019","spring","HAR152019_2019-04-17",3,114.5,17,32
"2052","WAN","WAN01",2019,2019-04-17,2019-05-02,0,15,"WAN012019","spring","WAN012019_2019-04-17",4,114.5,27,231
"2053","WAN","WAN02",2019,2019-04-17,2019-05-02,0,15,"WAN022019","spring","WAN022019_2019-04-17",3,114.5,21,110
"2054","WAN","WAN03",2019,2019-04-17,2019-05-02,0,15,"WAN032019","spring","WAN032019_2019-04-17",2,114.5,17,96
"2055","WAN","WAN04",2019,2019-04-17,2019-05-02,0,15,"WAN042019","spring","WAN042019_2019-04-17",5,114.5,22,235
"2056","WAN","WAN05",2019,2019-04-17,2019-05-02,0,15,"WAN052019","spring","WAN052019_2019-04-17",0,114.5,21,102
"2057","WAN","WAN08",2019,2019-04-17,2019-05-02,0,15,"WAN082019","spring","WAN082019_2019-04-17",0,114.5,14,86
"2058","WAN","WAN09",2019,2019-04-17,2019-05-02,0,15,"WAN092019","spring","WAN092019_2019-04-17",8,114.5,36,421
"2059","WAN","WAN10",2019,2019-04-17,2019-05-02,0,15,"WAN102019","spring","WAN102019_2019-04-17",0,114.5,28,113
"2060","WAN","WAN11",2019,2019-04-17,2019-05-02,0,15,"WAN112019","spring","WAN112019_2019-04-17",1,114.5,9,56
"2061","WAN","WAN12",2019,2019-04-17,2019-05-02,0,15,"WAN122019","spring","WAN122019_2019-04-17",11,114.5,21,286
"2062","WAN","WAN13",2019,2019-04-17,2019-05-02,0,15,"WAN132019","spring","WAN132019_2019-04-17",6,114.5,19,235
"2063","WAN","WAN14",2019,2019-04-17,2019-05-02,0,15,"WAN142019","spring","WAN142019_2019-04-17",0,114.5,15,42
"2064","WAN","WAN15",2019,2019-04-17,2019-05-02,0,15,"WAN152019","spring","WAN152019_2019-04-17",1,114.5,13,44
"2065","WAN","WAN16",2019,2019-04-17,2019-05-02,0,15,"WAN162019","spring","WAN162019_2019-04-17",3,114.5,17,48
"2066","FBG","FBG01",2019,2019-04-29,2019-05-13,0,14,"FBG012019","spring","FBG012019_2019-04-29",1,126,41,172
"2067","FBG","FBG03",2019,2019-04-29,2019-05-13,0,14,"FBG032019","spring","FBG032019_2019-04-29",0,126,9,36
"2068","FBG","FBG04",2019,2019-04-29,2019-05-13,0,14,"FBG042019","spring","FBG042019_2019-04-29",0,126,26,127
"2069","FBG","FBG05",2019,2019-04-29,2019-05-13,0,14,"FBG052019","spring","FBG052019_2019-04-29",3,126,23,94
"2070","FBG","FBG06",2019,2019-04-29,2019-05-13,0,14,"FBG062019","spring","FBG062019_2019-04-29",14,126,16,99
"2071","FBG","FBG07",2019,2019-04-29,2019-05-13,0,14,"FBG072019","spring","FBG072019_2019-04-29",1,126,26,103
"2072","FBG","FBG08",2019,2019-04-29,2019-05-13,0,14,"FBG082019","spring","FBG082019_2019-04-29",0,126,13,28
"2073","FBG","FBG09",2019,2019-04-29,2019-05-13,0,14,"FBG092019","spring","FBG092019_2019-04-29",0,126,29,223
"2074","FBG","FBG10",2019,2019-04-29,2019-05-13,0,14,"FBG102019","spring","FBG102019_2019-04-29",1,126,23,84
"2075","FBG","FBG12",2019,2019-04-29,2019-05-13,0,14,"FBG122019","spring","FBG122019_2019-04-29",3,126,21,66
"2076","FBG","FBG14",2019,2019-04-29,2019-05-13,0,14,"FBG142019","spring","FBG142019_2019-04-29",2,126,23,209
"2077","FBG","FBG15",2019,2019-04-29,2019-05-13,0,14,"FBG152019","spring","FBG152019_2019-04-29",3,126,25,101
"2078","FBG","FBG16",2019,2019-04-29,2019-05-13,0,14,"FBG162019","spring","FBG162019_2019-04-29",3,126,14,40
"2079","SST","SST01",2019,2019-04-29,2019-05-13,0,14,"SST012019","spring","SST012019_2019-04-29",1,126,22,77
"2080","SST","SST02",2019,2019-04-29,2019-05-13,0,14,"SST022019","spring","SST022019_2019-04-29",0,126,19,70
"2081","SST","SST03",2019,2019-04-29,2019-05-13,0,14,"SST032019","spring","SST032019_2019-04-29",3,126,22,186
"2082","SST","SST04",2019,2019-04-29,2019-05-13,0,14,"SST042019","spring","SST042019_2019-04-29",0,126,29,213
"2083","SST","SST05",2019,2019-04-29,2019-05-13,0,14,"SST052019","spring","SST052019_2019-04-29",0,126,15,65
"2084","SST","SST06",2019,2019-04-29,2019-05-13,0,14,"SST062019","spring","SST062019_2019-04-29",0,126,8,41
"2085","SST","SST07",2019,2019-04-29,2019-05-13,0,14,"SST072019","spring","SST072019_2019-04-29",0,126,13,29
"2086","SST","SST08",2019,2019-04-29,2019-05-13,0,14,"SST082019","spring","SST082019_2019-04-29",2,126,22,112
"2087","SST","SST09",2019,2019-04-29,2019-05-13,0,14,"SST092019","spring","SST092019_2019-04-29",4,126,31,83
"2088","SST","SST10",2019,2019-04-29,2019-05-13,0,14,"SST102019","spring","SST102019_2019-04-29",0,126,16,87
"2089","SST","SST11",2019,2019-04-29,2019-05-13,0,14,"SST112019","spring","SST112019_2019-04-29",0,126,25,67
"2090","SST","SST12",2019,2019-04-29,2019-05-13,0,14,"SST122019","spring","SST122019_2019-04-29",3,126,13,91
"2091","SST","SST13",2019,2019-04-29,2019-05-13,0,14,"SST132019","spring","SST132019_2019-04-29",0,126,28,178
"2092","SST","SST14",2019,2019-04-29,2019-05-13,0,14,"SST142019","spring","SST142019_2019-04-29",0,126,24,350
"2093","SST","SST15",2019,2019-04-29,2019-05-13,0,14,"SST152019","spring","SST152019_2019-04-29",0,126,20,268
"2094","SST","SST16",2019,2019-04-29,2019-05-13,0,14,"SST162019","spring","SST162019_2019-04-29",1,126,23,121
"2095","GFH","GFH01",2019,2019-04-30,2019-05-14,0,14,"GFH012019","spring","GFH012019_2019-04-30",0,127,2,15
"2096","GFH","GFH02",2019,2019-04-30,2019-05-14,0,14,"GFH022019","spring","GFH022019_2019-04-30",0,127,10,34
"2097","GFH","GFH03",2019,2019-04-30,2019-05-14,0,14,"GFH032019","spring","GFH032019_2019-04-30",0,127,16,101
"2098","GFH","GFH04",2019,2019-04-30,2019-05-14,0,14,"GFH042019","spring","GFH042019_2019-04-30",1,127,12,40
"2099","GFH","GFH05",2019,2019-04-30,2019-05-14,0,14,"GFH052019","spring","GFH052019_2019-04-30",2,127,16,51
"2100","GFH","GFH06",2019,2019-04-30,2019-05-14,0,14,"GFH062019","spring","GFH062019_2019-04-30",0,127,4,11
"2101","GFH","GFH07",2019,2019-04-30,2019-05-14,0,14,"GFH072019","spring","GFH072019_2019-04-30",1,127,9,33
"2102","GFH","GFH08",2019,2019-04-30,2019-05-14,0,14,"GFH082019","spring","GFH082019_2019-04-30",0,127,12,34
"2103","GFH","GFH09",2019,2019-04-30,2019-05-14,0,14,"GFH092019","spring","GFH092019_2019-04-30",0,127,10,14
"2104","GFH","GFH10",2019,2019-04-30,2019-05-14,0,14,"GFH102019","spring","GFH102019_2019-04-30",0,127,13,18
"2105","GFH","GFH11",2019,2019-04-30,2019-05-14,0,14,"GFH112019","spring","GFH112019_2019-04-30",0,127,14,34
"2106","GFH","GFH12",2019,2019-04-30,2019-05-14,0,14,"GFH122019","spring","GFH122019_2019-04-30",0,127,16,43
"2107","GFH","GFH13",2019,2019-04-30,2019-05-14,0,14,"GFH132019","spring","GFH132019_2019-04-30",0,127,9,18
"2108","GFH","GFH14",2019,2019-04-30,2019-05-14,0,14,"GFH142019","spring","GFH142019_2019-04-30",0,127,18,49
"2109","GFH","GFH15",2019,2019-04-30,2019-05-14,0,14,"GFH152019","spring","GFH152019_2019-04-30",4,127,14,49
"2110","GFH","GFH16",2019,2019-04-30,2019-05-14,0,14,"GFH162019","spring","GFH162019_2019-04-30",5,127,28,82
"2111","SIP","SIP01",2019,2019-04-30,2019-05-14,0,14,"SIP012019","spring","SIP012019_2019-04-30",0,127,11,22
"2112","SIP","SIP02",2019,2019-04-30,2019-05-14,0,14,"SIP022019","spring","SIP022019_2019-04-30",0,127,9,13
"2113","SIP","SIP03",2019,2019-04-30,2019-05-14,0,14,"SIP032019","spring","SIP032019_2019-04-30",0,127,11,15
"2114","SIP","SIP05",2019,2019-04-30,2019-05-14,0,14,"SIP052019","spring","SIP052019_2019-04-30",0,127,6,11
"2115","SIP","SIP06",2019,2019-04-30,2019-05-14,0,14,"SIP062019","spring","SIP062019_2019-04-30",0,127,20,65
"2116","SIP","SIP07",2019,2019-04-30,2019-05-14,0,14,"SIP072019","spring","SIP072019_2019-04-30",0,127,5,6
"2117","SIP","SIP08",2019,2019-04-30,2019-05-14,0,14,"SIP082019","spring","SIP082019_2019-04-30",0,127,13,27
"2118","SIP","SIP09",2019,2019-04-30,2019-05-14,0,14,"SIP092019","spring","SIP092019_2019-04-30",1,127,8,24
"2119","SIP","SIP10",2019,2019-04-30,2019-05-14,0,14,"SIP102019","spring","SIP102019_2019-04-30",0,127,7,25
"2120","SIP","SIP11",2019,2019-04-30,2019-05-14,0,14,"SIP112019","spring","SIP112019_2019-04-30",0,127,8,45
"2121","SIP","SIP12",2019,2019-04-30,2019-05-14,0,14,"SIP122019","spring","SIP122019_2019-04-30",0,127,8,11
"2122","SIP","SIP13",2019,2019-04-30,2019-05-14,0,14,"SIP132019","spring","SIP132019_2019-04-30",0,127,12,20
"2123","SIP","SIP14",2019,2019-04-30,2019-05-14,0,14,"SIP142019","spring","SIP142019_2019-04-30",0,127,14,51
"2124","SIP","SIP15",2019,2019-04-30,2019-05-14,0,14,"SIP152019","spring","SIP152019_2019-04-30",0,127,8,28
"2125","SIP","SIP16",2019,2019-04-30,2019-05-14,0,14,"SIP162019","spring","SIP162019_2019-04-30",0,127,8,27
"2126","HAR","HAR02",2019,2019-05-02,2019-05-15,0,13,"HAR022019","spring","HAR022019_2019-05-02",1,128.5,7,10
"2127","HAR","HAR03",2019,2019-05-02,2019-05-15,0,13,"HAR032019","spring","HAR032019_2019-05-02",0,128.5,6,26
"2128","HAR","HAR04",2019,2019-05-02,2019-05-15,0,13,"HAR042019","spring","HAR042019_2019-05-02",0,128.5,6,12
"2129","HAR","HAR05",2019,2019-05-02,2019-05-15,0,13,"HAR052019","spring","HAR052019_2019-05-02",3,128.5,14,50
"2130","HAR","HAR06",2019,2019-05-02,2019-05-15,0,13,"HAR062019","spring","HAR062019_2019-05-02",0,128.5,16,37
"2131","HAR","HAR07",2019,2019-05-02,2019-05-15,0,13,"HAR072019","spring","HAR072019_2019-05-02",0,128.5,4,20
"2132","HAR","HAR08",2019,2019-05-02,2019-05-15,0,13,"HAR082019","spring","HAR082019_2019-05-02",0,128.5,10,37
"2133","HAR","HAR10",2019,2019-05-02,2019-05-15,0,13,"HAR102019","spring","HAR102019_2019-05-02",0,128.5,16,31
"2134","HAR","HAR11",2019,2019-05-02,2019-05-15,0,13,"HAR112019","spring","HAR112019_2019-05-02",0,128.5,20,30
"2135","HAR","HAR12",2019,2019-05-02,2019-05-15,0,13,"HAR122019","spring","HAR122019_2019-05-02",1,128.5,12,35
"2136","HAR","HAR15",2019,2019-05-02,2019-05-15,0,13,"HAR152019","spring","HAR152019_2019-05-02",3,128.5,15,99
"2137","HAR","HAR16",2019,2019-05-02,2019-05-15,0,13,"HAR162019","spring","HAR162019_2019-05-02",1,128.5,16,29
"2138","WAN","WAN01",2019,2019-05-02,2019-05-15,0,13,"WAN012019","spring","WAN012019_2019-05-02",3,128.5,20,70
"2139","WAN","WAN02",2019,2019-05-02,2019-05-15,0,13,"WAN022019","spring","WAN022019_2019-05-02",0,128.5,21,73
"2140","WAN","WAN03",2019,2019-05-02,2019-05-15,0,13,"WAN032019","spring","WAN032019_2019-05-02",2,128.5,9,26
"2141","WAN","WAN04",2019,2019-05-02,2019-05-15,0,13,"WAN042019","spring","WAN042019_2019-05-02",0,128.5,15,46
"2142","WAN","WAN05",2019,2019-05-02,2019-05-15,0,13,"WAN052019","spring","WAN052019_2019-05-02",0,128.5,12,43
"2143","WAN","WAN06",2019,2019-05-02,2019-05-15,0,13,"WAN062019","spring","WAN062019_2019-05-02",0,128.5,22,93
"2144","WAN","WAN07",2019,2019-05-02,2019-05-15,0,13,"WAN072019","spring","WAN072019_2019-05-02",0,128.5,7,8
"2145","WAN","WAN08",2019,2019-05-02,2019-05-15,0,13,"WAN082019","spring","WAN082019_2019-05-02",0,128.5,7,17
"2146","WAN","WAN09",2019,2019-05-02,2019-05-15,0,13,"WAN092019","spring","WAN092019_2019-05-02",1,128.5,32,257
"2147","WAN","WAN10",2019,2019-05-02,2019-05-15,0,13,"WAN102019","spring","WAN102019_2019-05-02",0,128.5,16,30
"2148","WAN","WAN11",2019,2019-05-02,2019-05-15,0,13,"WAN112019","spring","WAN112019_2019-05-02",0,128.5,3,5
"2149","WAN","WAN12",2019,2019-05-02,2019-05-15,0,13,"WAN122019","spring","WAN122019_2019-05-02",1,128.5,21,85
"2150","WAN","WAN13",2019,2019-05-02,2019-05-15,0,13,"WAN132019","spring","WAN132019_2019-05-02",0,128.5,12,22
"2151","WAN","WAN14",2019,2019-05-02,2019-05-15,0,13,"WAN142019","spring","WAN142019_2019-05-02",0,128.5,13,22
"2152","WAN","WAN15",2019,2019-05-02,2019-05-15,0,13,"WAN152019","spring","WAN152019_2019-05-02",1,128.5,6,8
"2153","WAN","WAN16",2019,2019-05-02,2019-05-15,0,13,"WAN162019","spring","WAN162019_2019-05-02",1,128.5,8,9
"2154","FBG","FBG01",2019,2019-05-13,2019-05-27,0,14,"FBG012019","spring","FBG012019_2019-05-13",0,140,38,139
"2155","FBG","FBG02",2019,2019-05-13,2019-05-27,0,14,"FBG022019","spring","FBG022019_2019-05-13",4,140,24,114
"2156","FBG","FBG03",2019,2019-05-13,2019-05-27,0,14,"FBG032019","spring","FBG032019_2019-05-13",1,140,6,20
"2157","FBG","FBG04",2019,2019-05-13,2019-05-27,0,14,"FBG042019","spring","FBG042019_2019-05-13",0,140,24,69
"2158","FBG","FBG05",2019,2019-05-13,2019-05-27,0,14,"FBG052019","spring","FBG052019_2019-05-13",1,140,20,55
"2159","FBG","FBG06",2019,2019-05-13,2019-05-27,0,14,"FBG062019","spring","FBG062019_2019-05-13",3,140,26,125
"2160","FBG","FBG07",2019,2019-05-13,2019-05-27,0,14,"FBG072019","spring","FBG072019_2019-05-13",0,140,25,70
"2161","FBG","FBG08",2019,2019-05-13,2019-05-27,0,14,"FBG082019","spring","FBG082019_2019-05-13",0,140,12,38
"2162","FBG","FBG09",2019,2019-05-13,2019-05-27,0,14,"FBG092019","spring","FBG092019_2019-05-13",2,140,28,120
"2163","FBG","FBG10",2019,2019-05-13,2019-05-27,0,14,"FBG102019","spring","FBG102019_2019-05-13",0,140,15,31
"2164","FBG","FBG11",2019,2019-05-13,2019-05-27,0,14,"FBG112019","spring","FBG112019_2019-05-13",0,140,20,41
"2165","FBG","FBG12",2019,2019-05-13,2019-05-27,0,14,"FBG122019","spring","FBG122019_2019-05-13",7,140,24,50
"2166","FBG","FBG14",2019,2019-05-13,2019-05-27,0,14,"FBG142019","spring","FBG142019_2019-05-13",1,140,27,91
"2167","FBG","FBG15",2019,2019-05-13,2019-05-27,0,14,"FBG152019","spring","FBG152019_2019-05-13",0,140,17,98
"2168","FBG","FBG16",2019,2019-05-13,2019-05-27,0,14,"FBG162019","spring","FBG162019_2019-05-13",0,140,23,41
"2169","SST","SST01",2019,2019-05-13,2019-05-27,0,14,"SST012019","spring","SST012019_2019-05-13",0,140,16,50
"2170","SST","SST02",2019,2019-05-13,2019-05-27,0,14,"SST022019","spring","SST022019_2019-05-13",0,140,22,52
"2171","SST","SST03",2019,2019-05-13,2019-05-27,0,14,"SST032019","spring","SST032019_2019-05-13",0,140,11,38
"2172","SST","SST04",2019,2019-05-13,2019-05-27,0,14,"SST042019","spring","SST042019_2019-05-13",3,140,21,73
"2173","SST","SST05",2019,2019-05-13,2019-05-27,0,14,"SST052019","spring","SST052019_2019-05-13",3,140,21,37
"2174","SST","SST07",2019,2019-05-13,2019-05-27,0,14,"SST072019","spring","SST072019_2019-05-13",0,140,10,16
"2175","SST","SST08",2019,2019-05-13,2019-05-27,0,14,"SST082019","spring","SST082019_2019-05-13",9,140,19,89
"2176","SST","SST09",2019,2019-05-13,2019-05-27,0,14,"SST092019","spring","SST092019_2019-05-13",4,140,23,113
"2177","SST","SST10",2019,2019-05-13,2019-05-27,0,14,"SST102019","spring","SST102019_2019-05-13",0,140,26,92
"2178","SST","SST11",2019,2019-05-13,2019-05-27,0,14,"SST112019","spring","SST112019_2019-05-13",2,140,16,46
"2179","SST","SST12",2019,2019-05-13,2019-05-27,0,14,"SST122019","spring","SST122019_2019-05-13",7,140,12,57
"2180","SST","SST13",2019,2019-05-13,2019-05-27,0,14,"SST132019","spring","SST132019_2019-05-13",8,140,20,49
"2181","SST","SST14",2019,2019-05-13,2019-05-27,0,14,"SST142019","spring","SST142019_2019-05-13",2,140,16,101
"2182","SST","SST15",2019,2019-05-13,2019-05-27,0,14,"SST152019","spring","SST152019_2019-05-13",1,140,27,120
"2183","SST","SST16",2019,2019-05-13,2019-05-27,0,14,"SST162019","spring","SST162019_2019-05-13",1,140,17,46
"2184","GFH","GFH01",2019,2019-05-14,2019-05-29,0,15,"GFH012019","spring","GFH012019_2019-05-14",0,141.5,3,13
"2185","GFH","GFH03",2019,2019-05-14,2019-05-29,0,15,"GFH032019","spring","GFH032019_2019-05-14",2,141.5,20,48
"2186","GFH","GFH04",2019,2019-05-14,2019-05-29,0,15,"GFH042019","spring","GFH042019_2019-05-14",1,141.5,11,33
"2187","GFH","GFH05",2019,2019-05-14,2019-05-29,0,15,"GFH052019","spring","GFH052019_2019-05-14",2,141.5,14,24
"2188","GFH","GFH07",2019,2019-05-14,2019-05-29,0,15,"GFH072019","spring","GFH072019_2019-05-14",3,141.5,9,20
"2189","GFH","GFH08",2019,2019-05-14,2019-05-29,0,15,"GFH082019","spring","GFH082019_2019-05-14",2,141.5,8,16
"2190","GFH","GFH09",2019,2019-05-14,2019-05-29,0,15,"GFH092019","spring","GFH092019_2019-05-14",0,141.5,7,10
"2191","GFH","GFH10",2019,2019-05-14,2019-05-29,0,15,"GFH102019","spring","GFH102019_2019-05-14",0,141.5,15,33
"2192","GFH","GFH11",2019,2019-05-14,2019-05-29,0,15,"GFH112019","spring","GFH112019_2019-05-14",0,141.5,16,23
"2193","GFH","GFH12",2019,2019-05-14,2019-05-29,0,15,"GFH122019","spring","GFH122019_2019-05-14",0,141.5,12,17
"2194","GFH","GFH13",2019,2019-05-14,2019-05-29,0,15,"GFH132019","spring","GFH132019_2019-05-14",2,141.5,5,14
"2195","GFH","GFH14",2019,2019-05-14,2019-05-29,0,15,"GFH142019","spring","GFH142019_2019-05-14",0,141.5,17,26
"2196","GFH","GFH15",2019,2019-05-14,2019-05-29,0,15,"GFH152019","spring","GFH152019_2019-05-14",2,141.5,18,33
"2197","GFH","GFH16",2019,2019-05-14,2019-05-29,0,15,"GFH162019","spring","GFH162019_2019-05-14",1,141.5,21,76
"2198","SIP","SIP01",2019,2019-05-14,2019-05-29,0,15,"SIP012019","spring","SIP012019_2019-05-14",0,141.5,9,20
"2199","SIP","SIP02",2019,2019-05-14,2019-05-29,0,15,"SIP022019","spring","SIP022019_2019-05-14",0,141.5,5,5
"2200","SIP","SIP03",2019,2019-05-14,2019-05-29,0,15,"SIP032019","spring","SIP032019_2019-05-14",0,141.5,12,19
"2201","SIP","SIP05",2019,2019-05-14,2019-05-29,0,15,"SIP052019","spring","SIP052019_2019-05-14",1,141.5,5,14
"2202","SIP","SIP06",2019,2019-05-14,2019-05-29,0,15,"SIP062019","spring","SIP062019_2019-05-14",0,141.5,10,10
"2203","SIP","SIP07",2019,2019-05-14,2019-05-29,0,15,"SIP072019","spring","SIP072019_2019-05-14",2,141.5,6,9
"2204","SIP","SIP08",2019,2019-05-14,2019-05-29,0,15,"SIP082019","spring","SIP082019_2019-05-14",0,141.5,14,19
"2205","SIP","SIP09",2019,2019-05-14,2019-05-29,0,15,"SIP092019","spring","SIP092019_2019-05-14",0,141.5,10,13
"2206","SIP","SIP10",2019,2019-05-14,2019-05-29,0,15,"SIP102019","spring","SIP102019_2019-05-14",0,141.5,9,21
"2207","SIP","SIP11",2019,2019-05-14,2019-05-29,0,15,"SIP112019","spring","SIP112019_2019-05-14",0,141.5,7,18
"2208","SIP","SIP12",2019,2019-05-14,2019-05-29,0,15,"SIP122019","spring","SIP122019_2019-05-14",0,141.5,5,10
"2209","SIP","SIP13",2019,2019-05-14,2019-05-29,0,15,"SIP132019","spring","SIP132019_2019-05-14",0,141.5,8,10
"2210","SIP","SIP14",2019,2019-05-14,2019-05-29,0,15,"SIP142019","spring","SIP142019_2019-05-14",0,141.5,7,15
"2211","SIP","SIP15",2019,2019-05-14,2019-05-29,0,15,"SIP152019","spring","SIP152019_2019-05-14",0,141.5,12,30
"2212","SIP","SIP16",2019,2019-05-14,2019-05-29,0,15,"SIP162019","spring","SIP162019_2019-05-14",0,141.5,5,15
"2213","HAR","HAR01",2019,2019-05-15,2019-05-29,0,14,"HAR012019","spring","HAR012019_2019-05-15",1,142,17,34
"2214","HAR","HAR04",2019,2019-05-15,2019-05-29,0,14,"HAR042019","spring","HAR042019_2019-05-15",3,142,7,9
"2215","HAR","HAR05",2019,2019-05-15,2019-05-29,0,14,"HAR052019","spring","HAR052019_2019-05-15",2,142,31,62
"2216","HAR","HAR06",2019,2019-05-15,2019-05-29,0,14,"HAR062019","spring","HAR062019_2019-05-15",2,142,26,51
"2217","HAR","HAR07",2019,2019-05-15,2019-05-29,0,14,"HAR072019","spring","HAR072019_2019-05-15",2,142,4,11
"2218","HAR","HAR08",2019,2019-05-15,2019-05-29,0,14,"HAR082019","spring","HAR082019_2019-05-15",0,142,9,13
"2219","HAR","HAR09",2019,2019-05-15,2019-05-29,0,14,"HAR092019","spring","HAR092019_2019-05-15",3,142,16,35
"2220","HAR","HAR10",2019,2019-05-15,2019-05-29,0,14,"HAR102019","spring","HAR102019_2019-05-15",2,142,14,35
"2221","HAR","HAR11",2019,2019-05-15,2019-05-29,0,14,"HAR112019","spring","HAR112019_2019-05-15",3,142,12,15
"2222","HAR","HAR12",2019,2019-05-15,2019-05-29,0,14,"HAR122019","spring","HAR122019_2019-05-15",2,142,8,15
"2223","HAR","HAR13",2019,2019-05-15,2019-05-29,0,14,"HAR132019","spring","HAR132019_2019-05-15",11,142,11,15
"2224","HAR","HAR14",2019,2019-05-15,2019-05-29,0,14,"HAR142019","spring","HAR142019_2019-05-15",9,142,9,23
"2225","HAR","HAR15",2019,2019-05-15,2019-05-29,0,14,"HAR152019","spring","HAR152019_2019-05-15",10,142,21,146
"2226","HAR","HAR16",2019,2019-05-15,2019-05-29,0,14,"HAR162019","spring","HAR162019_2019-05-15",6,142,23,38
"2227","WAN","WAN01",2019,2019-05-15,2019-05-29,0,14,"WAN012019","spring","WAN012019_2019-05-15",5,142,16,45
"2228","WAN","WAN02",2019,2019-05-15,2019-05-29,0,14,"WAN022019","spring","WAN022019_2019-05-15",1,142,20,42
"2229","WAN","WAN03",2019,2019-05-15,2019-05-29,0,14,"WAN032019","spring","WAN032019_2019-05-15",1,142,12,18
"2230","WAN","WAN04",2019,2019-05-15,2019-05-29,0,14,"WAN042019","spring","WAN042019_2019-05-15",0,142,22,41
"2231","WAN","WAN05",2019,2019-05-15,2019-05-29,0,14,"WAN052019","spring","WAN052019_2019-05-15",1,142,24,58
"2232","WAN","WAN06",2019,2019-05-15,2019-05-29,0,14,"WAN062019","spring","WAN062019_2019-05-15",0,142,11,24
"2233","WAN","WAN07",2019,2019-05-15,2019-05-29,0,14,"WAN072019","spring","WAN072019_2019-05-15",0,142,4,6
"2234","WAN","WAN08",2019,2019-05-15,2019-05-29,0,14,"WAN082019","spring","WAN082019_2019-05-15",0,142,10,27
"2235","WAN","WAN09",2019,2019-05-15,2019-05-29,0,14,"WAN092019","spring","WAN092019_2019-05-15",2,142,26,124
"2236","WAN","WAN10",2019,2019-05-15,2019-05-29,0,14,"WAN102019","spring","WAN102019_2019-05-15",0,142,14,34
"2237","WAN","WAN12",2019,2019-05-15,2019-05-29,0,14,"WAN122019","spring","WAN122019_2019-05-15",5,142,15,49
"2238","WAN","WAN13",2019,2019-05-15,2019-05-29,0,14,"WAN132019","spring","WAN132019_2019-05-15",1,142,14,20
"2239","WAN","WAN14",2019,2019-05-15,2019-05-29,0,14,"WAN142019","spring","WAN142019_2019-05-15",0,142,7,7
"2240","WAN","WAN15",2019,2019-05-15,2019-05-29,0,14,"WAN152019","spring","WAN152019_2019-05-15",1,142,13,18
"2241","HAR","HAR01",2020,2020-04-14,2020-04-28,0,14,"HAR012020","spring","HAR012020_2020-04-14",0,112,12,24
"2242","HAR","HAR02",2020,2020-04-14,2020-04-28,0,14,"HAR022020","spring","HAR022020_2020-04-14",4,112,18,82
"2243","HAR","HAR03",2020,2020-04-14,2020-04-28,0,14,"HAR032020","spring","HAR032020_2020-04-14",0,112,9,83
"2244","HAR","HAR04",2020,2020-04-14,2020-04-28,0,14,"HAR042020","spring","HAR042020_2020-04-14",1,112,6,46
"2245","HAR","HAR05",2020,2020-04-14,2020-04-28,0,14,"HAR052020","spring","HAR052020_2020-04-14",26,112,14,21
"2246","HAR","HAR06",2020,2020-04-14,2020-04-28,0,14,"HAR062020","spring","HAR062020_2020-04-14",1,112,12,34
"2247","HAR","HAR08",2020,2020-04-14,2020-04-28,0,14,"HAR082020","spring","HAR082020_2020-04-14",0,112,8,18
"2248","HAR","HAR09",2020,2020-04-14,2020-04-28,0,14,"HAR092020","spring","HAR092020_2020-04-14",1,112,16,30
"2249","HAR","HAR10",2020,2020-04-14,2020-04-28,0,14,"HAR102020","spring","HAR102020_2020-04-14",1,112,16,35
"2250","HAR","HAR12",2020,2020-04-14,2020-04-28,0,14,"HAR122020","spring","HAR122020_2020-04-14",0,112,6,11
"2251","HAR","HAR13",2020,2020-04-14,2020-04-28,0,14,"HAR132020","spring","HAR132020_2020-04-14",1,112,4,4
"2252","HAR","HAR14",2020,2020-04-14,2020-04-28,0,14,"HAR142020","spring","HAR142020_2020-04-14",0,112,8,10
"2253","HAR","HAR15",2020,2020-04-14,2020-04-28,0,14,"HAR152020","spring","HAR152020_2020-04-14",1,112,13,31
"2254","HAR","HAR16",2020,2020-04-14,2020-04-28,0,14,"HAR162020","spring","HAR162020_2020-04-14",2,112,13,36
"2255","FBG","FBG01",2020,2020-04-15,2020-04-29,0,14,"FBG012020","spring","FBG012020_2020-04-15",0,113,8,31
"2256","FBG","FBG02",2020,2020-04-15,2020-04-29,0,14,"FBG022020","spring","FBG022020_2020-04-15",6,113,10,23
"2257","FBG","FBG04",2020,2020-04-15,2020-04-29,0,14,"FBG042020","spring","FBG042020_2020-04-15",3,113,27,47
"2258","FBG","FBG05",2020,2020-04-15,2020-04-29,0,14,"FBG052020","spring","FBG052020_2020-04-15",2,113,18,32
"2259","FBG","FBG09",2020,2020-04-15,2020-04-29,0,14,"FBG092020","spring","FBG092020_2020-04-15",1,113,17,508
"2260","FBG","FBG11",2020,2020-04-15,2020-04-29,0,14,"FBG112020","spring","FBG112020_2020-04-15",3,113,7,25
"2261","FBG","FBG12",2020,2020-04-15,2020-04-29,0,14,"FBG122020","spring","FBG122020_2020-04-15",0,113,8,25
"2262","FBG","FBG13",2020,2020-04-15,2020-04-29,0,14,"FBG132020","spring","FBG132020_2020-04-15",1,113,21,60
"2263","FBG","FBG14",2020,2020-04-15,2020-04-29,0,14,"FBG142020","spring","FBG142020_2020-04-15",0,113,10,15
"2264","FBG","FBG15",2020,2020-04-15,2020-04-29,0,14,"FBG152020","spring","FBG152020_2020-04-15",0,113,7,8
"2265","FBG","FBG16",2020,2020-04-15,2020-04-29,0,14,"FBG162020","spring","FBG162020_2020-04-15",4,113,7,16
"2266","SST","SST01",2020,2020-04-15,2020-04-29,0,14,"SST012020","spring","SST012020_2020-04-15",1,113,20,82
"2267","SST","SST03",2020,2020-04-15,2020-04-29,0,14,"SST032020","spring","SST032020_2020-04-15",1,113,15,145
"2268","SST","SST04",2020,2020-04-15,2020-04-29,0,14,"SST042020","spring","SST042020_2020-04-15",1,113,16,85
"2269","SST","SST05",2020,2020-04-15,2020-04-29,0,14,"SST052020","spring","SST052020_2020-04-15",0,113,5,8
"2270","SST","SST07",2020,2020-04-15,2020-04-29,0,14,"SST072020","spring","SST072020_2020-04-15",0,113,13,50
"2271","SST","SST08",2020,2020-04-15,2020-04-29,0,14,"SST082020","spring","SST082020_2020-04-15",4,113,24,468
"2272","SST","SST09",2020,2020-04-15,2020-04-29,0,14,"SST092020","spring","SST092020_2020-04-15",1,113,10,18
"2273","SST","SST11",2020,2020-04-15,2020-04-29,0,14,"SST112020","spring","SST112020_2020-04-15",1,113,14,27
"2274","SST","SST12",2020,2020-04-15,2020-04-29,0,14,"SST122020","spring","SST122020_2020-04-15",3,113,16,142
"2275","SST","SST13",2020,2020-04-15,2020-04-29,0,14,"SST132020","spring","SST132020_2020-04-15",0,113,15,92
"2276","SST","SST14",2020,2020-04-15,2020-04-29,0,14,"SST142020","spring","SST142020_2020-04-15",0,113,18,82
"2277","SST","SST15",2020,2020-04-15,2020-04-29,0,14,"SST152020","spring","SST152020_2020-04-15",0,113,14,74
"2278","SST","SST16",2020,2020-04-15,2020-04-29,0,14,"SST162020","spring","SST162020_2020-04-15",0,113,4,11
"2279","GFH","GFH02",2020,2020-04-16,2020-04-30,0,14,"GFH022020","spring","GFH022020_2020-04-16",1,114,9,32
"2280","GFH","GFH03",2020,2020-04-16,2020-04-30,0,14,"GFH032020","spring","GFH032020_2020-04-16",2,114,13,52
"2281","GFH","GFH05",2020,2020-04-16,2020-04-30,0,14,"GFH052020","spring","GFH052020_2020-04-16",4,114,5,16
"2282","GFH","GFH06",2020,2020-04-16,2020-04-30,0,14,"GFH062020","spring","GFH062020_2020-04-16",0,114,5,9
"2283","GFH","GFH07",2020,2020-04-16,2020-04-30,0,14,"GFH072020","spring","GFH072020_2020-04-16",0,114,5,10
"2284","GFH","GFH08",2020,2020-04-16,2020-04-30,0,14,"GFH082020","spring","GFH082020_2020-04-16",2,114,6,12
"2285","GFH","GFH09",2020,2020-04-16,2020-04-30,0,14,"GFH092020","spring","GFH092020_2020-04-16",0,114,4,5
"2286","GFH","GFH10",2020,2020-04-16,2020-04-30,0,14,"GFH102020","spring","GFH102020_2020-04-16",1,114,7,11
"2287","GFH","GFH11",2020,2020-04-16,2020-04-30,0,14,"GFH112020","spring","GFH112020_2020-04-16",0,114,15,37
"2288","GFH","GFH13",2020,2020-04-16,2020-04-30,0,14,"GFH132020","spring","GFH132020_2020-04-16",0,114,10,18
"2289","GFH","GFH14",2020,2020-04-16,2020-04-30,0,14,"GFH142020","spring","GFH142020_2020-04-16",0,114,2,10
"2290","GFH","GFH15",2020,2020-04-16,2020-04-30,0,14,"GFH152020","spring","GFH152020_2020-04-16",0,114,8,10
"2291","GFH","GFH16",2020,2020-04-16,2020-04-30,0,14,"GFH162020","spring","GFH162020_2020-04-16",22,114,11,28
"2292","SIP","SIP01",2020,2020-04-16,2020-04-30,0,14,"SIP012020","spring","SIP012020_2020-04-16",0,114,13,34
"2293","SIP","SIP02",2020,2020-04-16,2020-04-30,0,14,"SIP022020","spring","SIP022020_2020-04-16",1,114,5,5
"2294","SIP","SIP05",2020,2020-04-16,2020-04-30,0,14,"SIP052020","spring","SIP052020_2020-04-16",0,114,6,11
"2295","SIP","SIP08",2020,2020-04-16,2020-04-30,0,14,"SIP082020","spring","SIP082020_2020-04-16",0,114,15,29
"2296","SIP","SIP09",2020,2020-04-16,2020-04-30,0,14,"SIP092020","spring","SIP092020_2020-04-16",0,114,9,25
"2297","SIP","SIP12",2020,2020-04-16,2020-04-30,0,14,"SIP122020","spring","SIP122020_2020-04-16",2,114,4,17
"2298","SIP","SIP13",2020,2020-04-16,2020-04-30,0,14,"SIP132020","spring","SIP132020_2020-04-16",0,114,6,10
"2299","SIP","SIP14",2020,2020-04-16,2020-04-30,0,14,"SIP142020","spring","SIP142020_2020-04-16",0,114,8,15
"2300","SIP","SIP15",2020,2020-04-16,2020-04-30,0,14,"SIP152020","spring","SIP152020_2020-04-16",1,114,9,26
"2301","SIP","SIP16",2020,2020-04-16,2020-04-30,0,14,"SIP162020","spring","SIP162020_2020-04-16",0,114,8,16
"2302","HAR","HAR01",2020,2020-04-28,2020-05-12,0,14,"HAR012020","spring","HAR012020_2020-04-28",1,126,7,15
"2303","HAR","HAR02",2020,2020-04-28,2020-05-12,0,14,"HAR022020","spring","HAR022020_2020-04-28",6,126,10,20
"2304","HAR","HAR03",2020,2020-04-28,2020-05-12,0,14,"HAR032020","spring","HAR032020_2020-04-28",0,126,2,3
"2305","HAR","HAR04",2020,2020-04-28,2020-05-12,0,14,"HAR042020","spring","HAR042020_2020-04-28",1,126,5,5
"2306","HAR","HAR05",2020,2020-04-28,2020-05-12,0,14,"HAR052020","spring","HAR052020_2020-04-28",3,126,12,14
"2307","HAR","HAR06",2020,2020-04-28,2020-05-12,0,14,"HAR062020","spring","HAR062020_2020-04-28",0,126,6,7
"2308","HAR","HAR07",2020,2020-04-28,2020-05-12,0,14,"HAR072020","spring","HAR072020_2020-04-28",0,126,9,13
"2309","HAR","HAR08",2020,2020-04-28,2020-05-12,0,14,"HAR082020","spring","HAR082020_2020-04-28",2,126,9,25
"2310","HAR","HAR09",2020,2020-04-28,2020-05-12,0,14,"HAR092020","spring","HAR092020_2020-04-28",0,126,10,16
"2311","HAR","HAR10",2020,2020-04-28,2020-05-12,0,14,"HAR102020","spring","HAR102020_2020-04-28",0,126,9,14
"2312","HAR","HAR11",2020,2020-04-28,2020-05-12,0,14,"HAR112020","spring","HAR112020_2020-04-28",1,126,6,7
"2313","HAR","HAR12",2020,2020-04-28,2020-05-12,0,14,"HAR122020","spring","HAR122020_2020-04-28",0,126,7,14
"2314","HAR","HAR13",2020,2020-04-28,2020-05-12,0,14,"HAR132020","spring","HAR132020_2020-04-28",4,126,4,5
"2315","HAR","HAR14",2020,2020-04-28,2020-05-12,0,14,"HAR142020","spring","HAR142020_2020-04-28",3,126,4,4
"2316","HAR","HAR15",2020,2020-04-28,2020-05-12,0,14,"HAR152020","spring","HAR152020_2020-04-28",1,126,3,4
"2317","HAR","HAR16",2020,2020-04-28,2020-05-12,0,14,"HAR162020","spring","HAR162020_2020-04-28",2,126,5,11
"2318","WAN","WAN01",2020,2020-04-28,2020-05-12,0,14,"WAN012020","spring","WAN012020_2020-04-28",8,126,8,23
"2319","WAN","WAN02",2020,2020-04-28,2020-05-12,0,14,"WAN022020","spring","WAN022020_2020-04-28",0,126,7,12
"2320","WAN","WAN03",2020,2020-04-28,2020-05-12,0,14,"WAN032020","spring","WAN032020_2020-04-28",0,126,5,8
"2321","WAN","WAN04",2020,2020-04-28,2020-05-12,0,14,"WAN042020","spring","WAN042020_2020-04-28",4,126,13,16
"2322","WAN","WAN05",2020,2020-04-28,2020-05-12,0,14,"WAN052020","spring","WAN052020_2020-04-28",4,126,5,36
"2323","WAN","WAN06",2020,2020-04-28,2020-05-12,0,14,"WAN062020","spring","WAN062020_2020-04-28",1,126,16,37
"2324","WAN","WAN07",2020,2020-04-28,2020-05-12,0,14,"WAN072020","spring","WAN072020_2020-04-28",1,126,3,4
"2325","WAN","WAN08",2020,2020-04-28,2020-05-12,0,14,"WAN082020","spring","WAN082020_2020-04-28",0,126,7,23
"2326","WAN","WAN09",2020,2020-04-28,2020-05-12,0,14,"WAN092020","spring","WAN092020_2020-04-28",3,126,33,126
"2327","WAN","WAN10",2020,2020-04-28,2020-05-12,0,14,"WAN102020","spring","WAN102020_2020-04-28",0,126,10,21
"2328","WAN","WAN11",2020,2020-04-28,2020-05-12,0,14,"WAN112020","spring","WAN112020_2020-04-28",0,126,5,11
"2329","WAN","WAN12",2020,2020-04-28,2020-05-12,0,14,"WAN122020","spring","WAN122020_2020-04-28",0,126,15,92
"2330","WAN","WAN14",2020,2020-04-28,2020-05-12,0,14,"WAN142020","spring","WAN142020_2020-04-28",0,126,7,10
"2331","WAN","WAN15",2020,2020-04-28,2020-05-12,0,14,"WAN152020","spring","WAN152020_2020-04-28",1,126,14,21
"2332","WAN","WAN16",2020,2020-04-28,2020-05-12,0,14,"WAN162020","spring","WAN162020_2020-04-28",0,126,18,40
"2333","FBG","FBG01",2020,2020-04-29,2020-05-13,0,14,"FBG012020","spring","FBG012020_2020-04-29",5,127,15,65
"2334","FBG","FBG02",2020,2020-04-29,2020-05-13,0,14,"FBG022020","spring","FBG022020_2020-04-29",5,127,15,23
"2335","FBG","FBG04",2020,2020-04-29,2020-05-13,0,14,"FBG042020","spring","FBG042020_2020-04-29",0,127,12,19
"2336","FBG","FBG05",2020,2020-04-29,2020-05-13,0,14,"FBG052020","spring","FBG052020_2020-04-29",2,127,19,50
"2337","FBG","FBG06",2020,2020-04-29,2020-05-13,0,14,"FBG062020","spring","FBG062020_2020-04-29",0,127,4,6
"2338","FBG","FBG07",2020,2020-04-29,2020-05-13,0,14,"FBG072020","spring","FBG072020_2020-04-29",0,127,6,8
"2339","FBG","FBG08",2020,2020-04-29,2020-05-13,0,14,"FBG082020","spring","FBG082020_2020-04-29",0,127,4,23
"2340","FBG","FBG09",2020,2020-04-29,2020-05-13,0,14,"FBG092020","spring","FBG092020_2020-04-29",2,127,25,144
"2341","FBG","FBG10",2020,2020-04-29,2020-05-13,0,14,"FBG102020","spring","FBG102020_2020-04-29",5,127,9,29
"2342","FBG","FBG11",2020,2020-04-29,2020-05-13,0,14,"FBG112020","spring","FBG112020_2020-04-29",1,127,12,32
"2343","FBG","FBG12",2020,2020-04-29,2020-05-13,0,14,"FBG122020","spring","FBG122020_2020-04-29",0,127,8,30
"2344","FBG","FBG13",2020,2020-04-29,2020-05-13,0,14,"FBG132020","spring","FBG132020_2020-04-29",12,127,17,26
"2345","FBG","FBG14",2020,2020-04-29,2020-05-13,0,14,"FBG142020","spring","FBG142020_2020-04-29",4,127,9,52
"2346","FBG","FBG15",2020,2020-04-29,2020-05-13,0,14,"FBG152020","spring","FBG152020_2020-04-29",3,127,11,19
"2347","FBG","FBG16",2020,2020-04-29,2020-05-13,0,14,"FBG162020","spring","FBG162020_2020-04-29",8,127,14,20
"2348","SST","SST01",2020,2020-04-29,2020-05-13,0,14,"SST012020","spring","SST012020_2020-04-29",2,127,14,48
"2349","SST","SST02",2020,2020-04-29,2020-05-13,0,14,"SST022020","spring","SST022020_2020-04-29",2,127,15,106
"2350","SST","SST03",2020,2020-04-29,2020-05-13,0,14,"SST032020","spring","SST032020_2020-04-29",0,127,11,166
"2351","SST","SST04",2020,2020-04-29,2020-05-13,0,14,"SST042020","spring","SST042020_2020-04-29",0,127,17,80
"2352","SST","SST05",2020,2020-04-29,2020-05-13,0,14,"SST052020","spring","SST052020_2020-04-29",0,127,19,40
"2353","SST","SST06",2020,2020-04-29,2020-05-13,0,14,"SST062020","spring","SST062020_2020-04-29",0,127,14,71
"2354","SST","SST07",2020,2020-04-29,2020-05-13,0,14,"SST072020","spring","SST072020_2020-04-29",0,127,8,15
"2355","SST","SST08",2020,2020-04-29,2020-05-13,0,14,"SST082020","spring","SST082020_2020-04-29",8,127,12,78
"2356","SST","SST09",2020,2020-04-29,2020-05-13,0,14,"SST092020","spring","SST092020_2020-04-29",0,127,13,33
"2357","SST","SST10",2020,2020-04-29,2020-05-13,0,14,"SST102020","spring","SST102020_2020-04-29",2,127,12,50
"2358","SST","SST11",2020,2020-04-29,2020-05-13,0,14,"SST112020","spring","SST112020_2020-04-29",1,127,7,35
"2359","SST","SST12",2020,2020-04-29,2020-05-13,0,14,"SST122020","spring","SST122020_2020-04-29",1,127,11,62
"2360","SST","SST13",2020,2020-04-29,2020-05-13,0,14,"SST132020","spring","SST132020_2020-04-29",0,127,13,42
"2361","SST","SST14",2020,2020-04-29,2020-05-13,0,14,"SST142020","spring","SST142020_2020-04-29",0,127,17,46
"2362","SST","SST15",2020,2020-04-29,2020-05-13,0,14,"SST152020","spring","SST152020_2020-04-29",0,127,10,32
"2363","GFH","GFH01",2020,2020-04-30,2020-05-14,0,14,"GFH012020","spring","GFH012020_2020-04-30",0,128,6,10
"2364","GFH","GFH02",2020,2020-04-30,2020-05-14,0,14,"GFH022020","spring","GFH022020_2020-04-30",0,128,18,57
"2365","GFH","GFH03",2020,2020-04-30,2020-05-14,0,14,"GFH032020","spring","GFH032020_2020-04-30",1,128,20,69
"2366","GFH","GFH04",2020,2020-04-30,2020-05-14,0,14,"GFH042020","spring","GFH042020_2020-04-30",12,128,14,43
"2367","GFH","GFH05",2020,2020-04-30,2020-05-14,0,14,"GFH052020","spring","GFH052020_2020-04-30",11,128,14,47
"2368","GFH","GFH06",2020,2020-04-30,2020-05-14,0,14,"GFH062020","spring","GFH062020_2020-04-30",0,128,8,12
"2369","GFH","GFH07",2020,2020-04-30,2020-05-14,0,14,"GFH072020","spring","GFH072020_2020-04-30",3,128,11,26
"2370","GFH","GFH08",2020,2020-04-30,2020-05-14,0,14,"GFH082020","spring","GFH082020_2020-04-30",1,128,11,20
"2371","GFH","GFH09",2020,2020-04-30,2020-05-14,0,14,"GFH092020","spring","GFH092020_2020-04-30",0,128,10,11
"2372","GFH","GFH10",2020,2020-04-30,2020-05-14,0,14,"GFH102020","spring","GFH102020_2020-04-30",0,128,17,28
"2373","GFH","GFH11",2020,2020-04-30,2020-05-14,0,14,"GFH112020","spring","GFH112020_2020-04-30",0,128,14,46
"2374","GFH","GFH12",2020,2020-04-30,2020-05-14,0,14,"GFH122020","spring","GFH122020_2020-04-30",0,128,16,40
"2375","GFH","GFH13",2020,2020-04-30,2020-05-14,0,14,"GFH132020","spring","GFH132020_2020-04-30",1,128,12,17
"2376","GFH","GFH14",2020,2020-04-30,2020-05-14,0,14,"GFH142020","spring","GFH142020_2020-04-30",0,128,12,68
"2377","GFH","GFH15",2020,2020-04-30,2020-05-14,0,14,"GFH152020","spring","GFH152020_2020-04-30",1,128,9,43
"2378","GFH","GFH16",2020,2020-04-30,2020-05-14,0,14,"GFH162020","spring","GFH162020_2020-04-30",9,128,10,21
"2379","HAR","HAR01",2020,2020-05-12,2020-05-26,0,14,"HAR012020","spring","HAR012020_2020-05-12",1,140,7,9
"2380","HAR","HAR02",2020,2020-05-12,2020-05-26,0,14,"HAR022020","spring","HAR022020_2020-05-12",2,140,9,10
"2381","HAR","HAR03",2020,2020-05-12,2020-05-26,0,14,"HAR032020","spring","HAR032020_2020-05-12",0,140,4,4
"2382","HAR","HAR04",2020,2020-05-12,2020-05-26,0,14,"HAR042020","spring","HAR042020_2020-05-12",0,140,9,15
"2383","HAR","HAR05",2020,2020-05-12,2020-05-26,0,14,"HAR052020","spring","HAR052020_2020-05-12",3,140,9,17
"2384","HAR","HAR06",2020,2020-05-12,2020-05-26,0,14,"HAR062020","spring","HAR062020_2020-05-12",1,140,9,12
"2385","HAR","HAR07",2020,2020-05-12,2020-05-26,0,14,"HAR072020","spring","HAR072020_2020-05-12",1,140,7,13
"2386","HAR","HAR08",2020,2020-05-12,2020-05-26,0,14,"HAR082020","spring","HAR082020_2020-05-12",0,140,5,7
"2387","HAR","HAR09",2020,2020-05-12,2020-05-26,0,14,"HAR092020","spring","HAR092020_2020-05-12",0,140,7,9
"2388","HAR","HAR10",2020,2020-05-12,2020-05-26,0,14,"HAR102020","spring","HAR102020_2020-05-12",1,140,6,12
"2389","HAR","HAR11",2020,2020-05-12,2020-05-26,0,14,"HAR112020","spring","HAR112020_2020-05-12",5,140,11,14
"2390","HAR","HAR12",2020,2020-05-12,2020-05-26,0,14,"HAR122020","spring","HAR122020_2020-05-12",0,140,8,8
"2391","HAR","HAR13",2020,2020-05-12,2020-05-26,0,14,"HAR132020","spring","HAR132020_2020-05-12",7,140,5,7
"2392","HAR","HAR14",2020,2020-05-12,2020-05-26,0,14,"HAR142020","spring","HAR142020_2020-05-12",2,140,5,5
"2393","HAR","HAR15",2020,2020-05-12,2020-05-26,0,14,"HAR152020","spring","HAR152020_2020-05-12",6,140,16,127
"2394","HAR","HAR16",2020,2020-05-12,2020-05-26,0,14,"HAR162020","spring","HAR162020_2020-05-12",4,140,14,23
"2395","WAN","WAN01",2020,2020-05-12,2020-05-26,0,14,"WAN012020","spring","WAN012020_2020-05-12",2,140,5,12
"2396","WAN","WAN02",2020,2020-05-12,2020-05-26,0,14,"WAN022020","spring","WAN022020_2020-05-12",6,140,10,21
"2397","WAN","WAN03",2020,2020-05-12,2020-05-26,0,14,"WAN032020","spring","WAN032020_2020-05-12",2,140,8,10
"2398","WAN","WAN07",2020,2020-05-12,2020-05-26,0,14,"WAN072020","spring","WAN072020_2020-05-12",0,140,4,5
"2399","WAN","WAN08",2020,2020-05-12,2020-05-26,0,14,"WAN082020","spring","WAN082020_2020-05-12",8,140,7,12
"2400","WAN","WAN09",2020,2020-05-12,2020-05-26,0,14,"WAN092020","spring","WAN092020_2020-05-12",8,140,10,36
"2401","WAN","WAN11",2020,2020-05-12,2020-05-26,0,14,"WAN112020","spring","WAN112020_2020-05-12",0,140,2,2
"2402","FBG","FBG01",2020,2020-05-13,2020-05-27,0,14,"FBG012020","spring","FBG012020_2020-05-13",6,141,20,153
"2403","FBG","FBG02",2020,2020-05-13,2020-05-27,0,14,"FBG022020","spring","FBG022020_2020-05-13",7,141,12,22
"2404","FBG","FBG03",2020,2020-05-13,2020-05-27,0,14,"FBG032020","spring","FBG032020_2020-05-13",2,141,8,12
"2405","FBG","FBG04",2020,2020-05-13,2020-05-27,0,14,"FBG042020","spring","FBG042020_2020-05-13",6,141,9,21
"2406","FBG","FBG06",2020,2020-05-13,2020-05-27,0,14,"FBG062020","spring","FBG062020_2020-05-13",0,141,8,10
"2407","FBG","FBG07",2020,2020-05-13,2020-05-27,0,14,"FBG072020","spring","FBG072020_2020-05-13",0,141,8,13
"2408","FBG","FBG08",2020,2020-05-13,2020-05-27,0,14,"FBG082020","spring","FBG082020_2020-05-13",0,141,6,11
"2409","FBG","FBG09",2020,2020-05-13,2020-05-27,0,14,"FBG092020","spring","FBG092020_2020-05-13",1,141,13,43
"2410","FBG","FBG10",2020,2020-05-13,2020-05-27,0,14,"FBG102020","spring","FBG102020_2020-05-13",8,141,15,43
"2411","FBG","FBG11",2020,2020-05-13,2020-05-27,0,14,"FBG112020","spring","FBG112020_2020-05-13",2,141,11,37
"2412","FBG","FBG12",2020,2020-05-13,2020-05-27,0,14,"FBG122020","spring","FBG122020_2020-05-13",0,141,9,14
"2413","FBG","FBG13",2020,2020-05-13,2020-05-27,0,14,"FBG132020","spring","FBG132020_2020-05-13",6,141,11,13
"2414","FBG","FBG14",2020,2020-05-13,2020-05-27,0,14,"FBG142020","spring","FBG142020_2020-05-13",7,141,14,25
"2415","FBG","FBG15",2020,2020-05-13,2020-05-27,0,14,"FBG152020","spring","FBG152020_2020-05-13",1,141,8,9
"2416","FBG","FBG16",2020,2020-05-13,2020-05-27,0,14,"FBG162020","spring","FBG162020_2020-05-13",6,141,9,17
"2417","SST","SST02",2020,2020-05-13,2020-05-27,0,14,"SST022020","spring","SST022020_2020-05-13",2,141,17,39
"2418","SST","SST03",2020,2020-05-13,2020-05-27,0,14,"SST032020","spring","SST032020_2020-05-13",1,141,11,34
"2419","SST","SST04",2020,2020-05-13,2020-05-27,0,14,"SST042020","spring","SST042020_2020-05-13",9,141,14,32
"2420","SST","SST05",2020,2020-05-13,2020-05-27,0,14,"SST052020","spring","SST052020_2020-05-13",2,141,14,32
"2421","SST","SST06",2020,2020-05-13,2020-05-27,0,14,"SST062020","spring","SST062020_2020-05-13",1,141,9,27
"2422","SST","SST07",2020,2020-05-13,2020-05-27,0,14,"SST072020","spring","SST072020_2020-05-13",0,141,4,7
"2423","SST","SST08",2020,2020-05-13,2020-05-27,0,14,"SST082020","spring","SST082020_2020-05-13",24,141,5,26
"2424","SST","SST09",2020,2020-05-13,2020-05-27,0,14,"SST092020","spring","SST092020_2020-05-13",4,141,18,44
"2425","SST","SST10",2020,2020-05-13,2020-05-27,0,14,"SST102020","spring","SST102020_2020-05-13",7,141,10,45
"2426","SST","SST11",2020,2020-05-13,2020-05-27,0,14,"SST112020","spring","SST112020_2020-05-13",5,141,7,26
"2427","SST","SST13",2020,2020-05-13,2020-05-27,0,14,"SST132020","spring","SST132020_2020-05-13",13,141,25,73
"2428","SST","SST14",2020,2020-05-13,2020-05-27,0,14,"SST142020","spring","SST142020_2020-05-13",2,141,7,13
"2429","SST","SST15",2020,2020-05-13,2020-05-27,0,14,"SST152020","spring","SST152020_2020-05-13",1,141,7,12
"2430","SST","SST16",2020,2020-05-13,2020-05-27,0,14,"SST162020","spring","SST162020_2020-05-13",5,141,6,11
"2431","GFH","GFH01",2020,2020-05-14,2020-05-29,0,15,"GFH012020","spring","GFH012020_2020-05-14",3,142.5,8,19
"2432","GFH","GFH02",2020,2020-05-14,2020-05-29,0,15,"GFH022020","spring","GFH022020_2020-05-14",1,142.5,11,19
"2433","GFH","GFH03",2020,2020-05-14,2020-05-29,0,15,"GFH032020","spring","GFH032020_2020-05-14",2,142.5,24,42
"2434","GFH","GFH04",2020,2020-05-14,2020-05-29,0,15,"GFH042020","spring","GFH042020_2020-05-14",8,142.5,19,43
"2435","GFH","GFH05",2020,2020-05-14,2020-05-29,0,15,"GFH052020","spring","GFH052020_2020-05-14",8,142.5,18,49
"2436","GFH","GFH06",2020,2020-05-14,2020-05-29,0,15,"GFH062020","spring","GFH062020_2020-05-14",0,142.5,6,10
"2437","GFH","GFH08",2020,2020-05-14,2020-05-29,0,15,"GFH082020","spring","GFH082020_2020-05-14",0,142.5,4,4
"2438","GFH","GFH09",2020,2020-05-14,2020-05-29,0,15,"GFH092020","spring","GFH092020_2020-05-14",2,142.5,4,4
"2439","GFH","GFH10",2020,2020-05-14,2020-05-29,0,15,"GFH102020","spring","GFH102020_2020-05-14",6,142.5,12,20
"2440","GFH","GFH11",2020,2020-05-14,2020-05-29,0,15,"GFH112020","spring","GFH112020_2020-05-14",1,142.5,19,37
"2441","GFH","GFH12",2020,2020-05-14,2020-05-29,0,15,"GFH122020","spring","GFH122020_2020-05-14",0,142.5,7,15
"2442","GFH","GFH13",2020,2020-05-14,2020-05-29,0,15,"GFH132020","spring","GFH132020_2020-05-14",5,142.5,11,22
"2443","GFH","GFH14",2020,2020-05-14,2020-05-29,0,15,"GFH142020","spring","GFH142020_2020-05-14",1,142.5,13,31
"2444","GFH","GFH15",2020,2020-05-14,2020-05-29,0,15,"GFH152020","spring","GFH152020_2020-05-14",3,142.5,11,23
"2445","GFH","GFH16",2020,2020-05-14,2020-05-29,0,15,"GFH162020","spring","GFH162020_2020-05-14",50,142.5,11,18
"2446","SIP","SIP01",2020,2020-05-14,2020-05-29,0,15,"SIP012020","spring","SIP012020_2020-05-14",0,142.5,13,25
"2447","SIP","SIP02",2020,2020-05-14,2020-05-29,0,15,"SIP022020","spring","SIP022020_2020-05-14",1,142.5,12,19
"2448","SIP","SIP05",2020,2020-05-14,2020-05-29,0,15,"SIP052020","spring","SIP052020_2020-05-14",0,142.5,9,17
"2449","SIP","SIP06",2020,2020-05-14,2020-05-29,0,15,"SIP062020","spring","SIP062020_2020-05-14",0,142.5,12,30
"2450","SIP","SIP07",2020,2020-05-14,2020-05-29,0,15,"SIP072020","spring","SIP072020_2020-05-14",4,142.5,18,49
"2451","SIP","SIP08",2020,2020-05-14,2020-05-29,0,15,"SIP082020","spring","SIP082020_2020-05-14",0,142.5,5,8
"2452","SIP","SIP09",2020,2020-05-14,2020-05-29,0,15,"SIP092020","spring","SIP092020_2020-05-14",0,142.5,10,17
"2453","SIP","SIP10",2020,2020-05-14,2020-05-29,0,15,"SIP102020","spring","SIP102020_2020-05-14",1,142.5,11,27
"2454","SIP","SIP12",2020,2020-05-14,2020-05-29,0,15,"SIP122020","spring","SIP122020_2020-05-14",0,142.5,8,9
"2455","SIP","SIP13",2020,2020-05-14,2020-05-29,0,15,"SIP132020","spring","SIP132020_2020-05-14",1,142.5,8,19
"2456","SIP","SIP14",2020,2020-05-14,2020-05-29,0,15,"SIP142020","spring","SIP142020_2020-05-14",0,142.5,12,21
"2457","SIP","SIP15",2020,2020-05-14,2020-05-29,0,15,"SIP152020","spring","SIP152020_2020-05-14",0,142.5,12,20
"2458","SIP","SIP16",2020,2020-05-14,2020-05-29,0,15,"SIP162020","spring","SIP162020_2020-05-14",0,142.5,6,10
"2459","HAR","HAR01",2021,2021-04-13,2021-04-27,0,14,"HAR012021","spring","HAR012021_2021-04-13",1,110,25,212
"2460","HAR","HAR02",2021,2021-04-13,2021-04-27,0,14,"HAR022021","spring","HAR022021_2021-04-13",0,110,19,92
"2461","HAR","HAR03",2021,2021-04-13,2021-04-27,0,14,"HAR032021","spring","HAR032021_2021-04-13",0,110,14,132
"2462","HAR","HAR04",2021,2021-04-13,2021-04-27,0,14,"HAR042021","spring","HAR042021_2021-04-13",0,110,17,66
"2463","HAR","HAR05",2021,2021-04-13,2021-04-27,0,14,"HAR052021","spring","HAR052021_2021-04-13",2,110,23,70
"2464","HAR","HAR06",2021,2021-04-13,2021-04-27,0,14,"HAR062021","spring","HAR062021_2021-04-13",1,110,11,43
"2465","HAR","HAR07",2021,2021-04-13,2021-04-27,0,14,"HAR072021","spring","HAR072021_2021-04-13",0,110,8,24
"2466","HAR","HAR08",2021,2021-04-13,2021-04-27,0,14,"HAR082021","spring","HAR082021_2021-04-13",4,110,11,21
"2467","HAR","HAR09",2021,2021-04-13,2021-04-27,0,14,"HAR092021","spring","HAR092021_2021-04-13",3,110,19,74
"2468","HAR","HAR10",2021,2021-04-13,2021-04-27,0,14,"HAR102021","spring","HAR102021_2021-04-13",0,110,10,21
"2469","HAR","HAR11",2021,2021-04-13,2021-04-27,0,14,"HAR112021","spring","HAR112021_2021-04-13",25,110,16,45
"2470","HAR","HAR12",2021,2021-04-13,2021-04-27,0,14,"HAR122021","spring","HAR122021_2021-04-13",0,110,6,9
"2471","HAR","HAR14",2021,2021-04-13,2021-04-27,0,14,"HAR142021","spring","HAR142021_2021-04-13",7,110,12,18
"2472","HAR","HAR15",2021,2021-04-13,2021-04-27,0,14,"HAR152021","spring","HAR152021_2021-04-13",4,110,11,40
"2473","HAR","HAR16",2021,2021-04-13,2021-04-27,0,14,"HAR162021","spring","HAR162021_2021-04-13",3,110,13,23
"2474","WAN","WAN01",2021,2021-04-13,2021-04-27,0,14,"WAN012021","spring","WAN012021_2021-04-13",15,110,7,18
"2475","WAN","WAN02",2021,2021-04-13,2021-04-27,0,14,"WAN022021","spring","WAN022021_2021-04-13",14,110,10,20
"2476","WAN","WAN03",2021,2021-04-13,2021-04-27,0,14,"WAN032021","spring","WAN032021_2021-04-13",0,110,12,58
"2477","WAN","WAN04",2021,2021-04-13,2021-04-27,0,14,"WAN042021","spring","WAN042021_2021-04-13",0,110,8,21
"2478","WAN","WAN05",2021,2021-04-13,2021-04-27,0,14,"WAN052021","spring","WAN052021_2021-04-13",5,110,7,13
"2479","WAN","WAN06",2021,2021-04-13,2021-04-27,0,14,"WAN062021","spring","WAN062021_2021-04-13",1,110,18,94
"2480","WAN","WAN07",2021,2021-04-13,2021-04-27,0,14,"WAN072021","spring","WAN072021_2021-04-13",0,110,3,7
"2481","WAN","WAN08",2021,2021-04-13,2021-04-27,0,14,"WAN082021","spring","WAN082021_2021-04-13",0,110,12,50
"2482","WAN","WAN09",2021,2021-04-13,2021-04-27,0,14,"WAN092021","spring","WAN092021_2021-04-13",2,110,9,18
"2483","WAN","WAN10",2021,2021-04-13,2021-04-27,0,14,"WAN102021","spring","WAN102021_2021-04-13",0,110,20,104
"2484","WAN","WAN11",2021,2021-04-13,2021-04-27,0,14,"WAN112021","spring","WAN112021_2021-04-13",1,110,2,2
"2485","WAN","WAN13",2021,2021-04-13,2021-04-27,0,14,"WAN132021","spring","WAN132021_2021-04-13",0,110,4,6
"2486","WAN","WAN14",2021,2021-04-13,2021-04-27,0,14,"WAN142021","spring","WAN142021_2021-04-13",1,110,7,9
"2487","WAN","WAN15",2021,2021-04-13,2021-04-27,0,14,"WAN152021","spring","WAN152021_2021-04-13",1,110,8,10
"2488","WAN","WAN16",2021,2021-04-13,2021-04-27,0,14,"WAN162021","spring","WAN162021_2021-04-13",3,110,4,4
"2489","GFH","GFH01",2021,2021-04-14,2021-04-28,0,14,"GFH012021","spring","GFH012021_2021-04-14",0,111,4,17
"2490","GFH","GFH02",2021,2021-04-14,2021-04-28,0,14,"GFH022021","spring","GFH022021_2021-04-14",1,111,8,94
"2491","GFH","GFH03",2021,2021-04-14,2021-04-28,0,14,"GFH032021","spring","GFH032021_2021-04-14",0,111,10,17
"2492","GFH","GFH04",2021,2021-04-14,2021-04-28,0,14,"GFH042021","spring","GFH042021_2021-04-14",2,111,6,10
"2493","GFH","GFH05",2021,2021-04-14,2021-04-28,0,14,"GFH052021","spring","GFH052021_2021-04-14",37,111,15,57
"2494","GFH","GFH06",2021,2021-04-14,2021-04-28,0,14,"GFH062021","spring","GFH062021_2021-04-14",0,111,5,7
"2495","GFH","GFH07",2021,2021-04-14,2021-04-28,0,14,"GFH072021","spring","GFH072021_2021-04-14",6,111,6,18
"2496","GFH","GFH08",2021,2021-04-14,2021-04-28,0,14,"GFH082021","spring","GFH082021_2021-04-14",0,111,11,29
"2497","GFH","GFH09",2021,2021-04-14,2021-04-28,0,14,"GFH092021","spring","GFH092021_2021-04-14",2,111,4,13
"2498","GFH","GFH10",2021,2021-04-14,2021-04-28,0,14,"GFH102021","spring","GFH102021_2021-04-14",0,111,13,94
"2499","GFH","GFH11",2021,2021-04-14,2021-04-28,0,14,"GFH112021","spring","GFH112021_2021-04-14",0,111,8,8
"2500","GFH","GFH12",2021,2021-04-14,2021-04-28,0,14,"GFH122021","spring","GFH122021_2021-04-14",0,111,16,36
"2501","GFH","GFH13",2021,2021-04-14,2021-04-28,0,14,"GFH132021","spring","GFH132021_2021-04-14",2,111,10,21
"2502","GFH","GFH14",2021,2021-04-14,2021-04-28,0,14,"GFH142021","spring","GFH142021_2021-04-14",1,111,11,32
"2503","GFH","GFH15",2021,2021-04-14,2021-04-28,0,14,"GFH152021","spring","GFH152021_2021-04-14",1,111,9,15
"2504","GFH","GFH16",2021,2021-04-14,2021-04-28,0,14,"GFH162021","spring","GFH162021_2021-04-14",6,111,17,87
"2505","SIP","SIP01",2021,2021-04-14,2021-04-28,0,14,"SIP012021","spring","SIP012021_2021-04-14",1,111,7,14
"2506","SIP","SIP02",2021,2021-04-14,2021-04-28,0,14,"SIP022021","spring","SIP022021_2021-04-14",1,111,10,23
"2507","SIP","SIP05",2021,2021-04-14,2021-04-28,0,14,"SIP052021","spring","SIP052021_2021-04-14",1,111,8,13
"2508","SIP","SIP06",2021,2021-04-14,2021-04-28,0,14,"SIP062021","spring","SIP062021_2021-04-14",0,111,14,64
"2509","SIP","SIP07",2021,2021-04-14,2021-04-28,0,14,"SIP072021","spring","SIP072021_2021-04-14",0,111,14,93
"2510","SIP","SIP08",2021,2021-04-14,2021-04-28,0,14,"SIP082021","spring","SIP082021_2021-04-14",1,111,9,14
"2511","SIP","SIP09",2021,2021-04-14,2021-04-28,0,14,"SIP092021","spring","SIP092021_2021-04-14",0,111,8,21
"2512","SIP","SIP10",2021,2021-04-14,2021-04-28,0,14,"SIP102021","spring","SIP102021_2021-04-14",0,111,9,15
"2513","SIP","SIP11",2021,2021-04-14,2021-04-28,0,14,"SIP112021","spring","SIP112021_2021-04-14",0,111,6,9
"2514","SIP","SIP12",2021,2021-04-14,2021-04-28,0,14,"SIP122021","spring","SIP122021_2021-04-14",0,111,11,25
"2515","SIP","SIP13",2021,2021-04-14,2021-04-28,0,14,"SIP132021","spring","SIP132021_2021-04-14",0,111,15,36
"2516","SIP","SIP14",2021,2021-04-14,2021-04-28,0,14,"SIP142021","spring","SIP142021_2021-04-14",1,111,11,23
"2517","SIP","SIP15",2021,2021-04-14,2021-04-28,0,14,"SIP152021","spring","SIP152021_2021-04-14",0,111,17,103
"2518","SIP","SIP16",2021,2021-04-14,2021-04-28,0,14,"SIP162021","spring","SIP162021_2021-04-14",0,111,5,6
"2519","FBG","FBG01",2021,2021-04-15,2021-04-29,0,14,"FBG012021","spring","FBG012021_2021-04-15",9,112,26,63
"2520","FBG","FBG02",2021,2021-04-15,2021-04-29,0,14,"FBG022021","spring","FBG022021_2021-04-15",12,112,10,16
"2521","FBG","FBG03",2021,2021-04-15,2021-04-29,0,14,"FBG032021","spring","FBG032021_2021-04-15",0,112,13,38
"2522","FBG","FBG04",2021,2021-04-15,2021-04-29,0,14,"FBG042021","spring","FBG042021_2021-04-15",0,112,16,56
"2523","FBG","FBG06",2021,2021-04-15,2021-04-29,0,14,"FBG062021","spring","FBG062021_2021-04-15",3,112,20,93
"2524","FBG","FBG07",2021,2021-04-15,2021-04-29,0,14,"FBG072021","spring","FBG072021_2021-04-15",1,112,40,191
"2525","FBG","FBG09",2021,2021-04-15,2021-04-29,0,14,"FBG092021","spring","FBG092021_2021-04-15",1,112,28,192
"2526","FBG","FBG10",2021,2021-04-15,2021-04-29,0,14,"FBG102021","spring","FBG102021_2021-04-15",9,112,20,130
"2527","FBG","FBG11",2021,2021-04-15,2021-04-29,0,14,"FBG112021","spring","FBG112021_2021-04-15",1,112,9,18
"2528","FBG","FBG12",2021,2021-04-15,2021-04-29,0,14,"FBG122021","spring","FBG122021_2021-04-15",3,112,6,28
"2529","FBG","FBG13",2021,2021-04-15,2021-04-29,0,14,"FBG132021","spring","FBG132021_2021-04-15",0,112,22,354
"2530","FBG","FBG14",2021,2021-04-15,2021-04-29,0,14,"FBG142021","spring","FBG142021_2021-04-15",0,112,23,111
"2531","FBG","FBG15",2021,2021-04-15,2021-04-29,0,14,"FBG152021","spring","FBG152021_2021-04-15",1,112,14,33
"2532","FBG","FBG16",2021,2021-04-15,2021-04-29,0,14,"FBG162021","spring","FBG162021_2021-04-15",53,112,22,51
"2533","SST","SST01",2021,2021-04-15,2021-04-29,0,14,"SST012021","spring","SST012021_2021-04-15",31,112,30,101
"2534","SST","SST02",2021,2021-04-15,2021-04-29,0,14,"SST022021","spring","SST022021_2021-04-15",1,112,13,105
"2535","SST","SST03",2021,2021-04-15,2021-04-29,0,14,"SST032021","spring","SST032021_2021-04-15",13,112,15,116
"2536","SST","SST04",2021,2021-04-15,2021-04-29,0,14,"SST042021","spring","SST042021_2021-04-15",181,112,12,153
"2537","SST","SST05",2021,2021-04-15,2021-04-29,0,14,"SST052021","spring","SST052021_2021-04-15",1,112,11,33
"2538","SST","SST06",2021,2021-04-15,2021-04-29,0,14,"SST062021","spring","SST062021_2021-04-15",8,112,16,80
"2539","SST","SST07",2021,2021-04-15,2021-04-29,0,14,"SST072021","spring","SST072021_2021-04-15",11,112,13,48
"2540","SST","SST08",2021,2021-04-15,2021-04-29,0,14,"SST082021","spring","SST082021_2021-04-15",8,112,9,36
"2541","SST","SST09",2021,2021-04-15,2021-04-29,0,14,"SST092021","spring","SST092021_2021-04-15",0,112,14,64
"2542","SST","SST10",2021,2021-04-15,2021-04-29,0,14,"SST102021","spring","SST102021_2021-04-15",2,112,6,28
"2543","SST","SST11",2021,2021-04-15,2021-04-29,0,14,"SST112021","spring","SST112021_2021-04-15",16,112,5,10
"2544","SST","SST12",2021,2021-04-15,2021-04-29,0,14,"SST122021","spring","SST122021_2021-04-15",5,112,9,30
"2545","SST","SST13",2021,2021-04-15,2021-04-29,0,14,"SST132021","spring","SST132021_2021-04-15",2,112,14,51
"2546","SST","SST14",2021,2021-04-15,2021-04-29,0,14,"SST142021","spring","SST142021_2021-04-15",0,112,7,16
"2547","SST","SST15",2021,2021-04-15,2021-04-29,0,14,"SST152021","spring","SST152021_2021-04-15",2,112,13,37
"2548","SST","SST16",2021,2021-04-15,2021-04-29,0,14,"SST162021","spring","SST162021_2021-04-15",3,112,12,43
"2549","HAR","HAR01",2021,2021-04-27,2021-05-11,0,14,"HAR012021","spring","HAR012021_2021-04-27",0,124,26,119
"2550","HAR","HAR03",2021,2021-04-27,2021-05-11,0,14,"HAR032021","spring","HAR032021_2021-04-27",0,124,7,62
"2551","HAR","HAR04",2021,2021-04-27,2021-05-11,0,14,"HAR042021","spring","HAR042021_2021-04-27",0,124,8,14
"2552","HAR","HAR05",2021,2021-04-27,2021-05-11,0,14,"HAR052021","spring","HAR052021_2021-04-27",2,124,26,57
"2553","HAR","HAR06",2021,2021-04-27,2021-05-11,0,14,"HAR062021","spring","HAR062021_2021-04-27",13,124,14,28
"2554","HAR","HAR07",2021,2021-04-27,2021-05-11,0,14,"HAR072021","spring","HAR072021_2021-04-27",0,124,6,7
"2555","HAR","HAR08",2021,2021-04-27,2021-05-11,0,14,"HAR082021","spring","HAR082021_2021-04-27",0,124,11,28
"2556","HAR","HAR09",2021,2021-04-27,2021-05-11,0,14,"HAR092021","spring","HAR092021_2021-04-27",1,124,15,50
"2557","HAR","HAR10",2021,2021-04-27,2021-05-11,0,14,"HAR102021","spring","HAR102021_2021-04-27",1,124,15,21
"2558","HAR","HAR11",2021,2021-04-27,2021-05-11,0,14,"HAR112021","spring","HAR112021_2021-04-27",0,124,15,21
"2559","HAR","HAR12",2021,2021-04-27,2021-05-11,0,14,"HAR122021","spring","HAR122021_2021-04-27",0,124,16,24
"2560","HAR","HAR13",2021,2021-04-27,2021-05-11,0,14,"HAR132021","spring","HAR132021_2021-04-27",10,124,16,33
"2561","HAR","HAR14",2021,2021-04-27,2021-05-11,0,14,"HAR142021","spring","HAR142021_2021-04-27",2,124,10,18
"2562","HAR","HAR15",2021,2021-04-27,2021-05-11,0,14,"HAR152021","spring","HAR152021_2021-04-27",10,124,11,37
"2563","HAR","HAR16",2021,2021-04-27,2021-05-11,0,14,"HAR162021","spring","HAR162021_2021-04-27",2,124,11,24
"2564","WAN","WAN01",2021,2021-04-27,2021-05-11,0,14,"WAN012021","spring","WAN012021_2021-04-27",10,124,15,28
"2565","WAN","WAN02",2021,2021-04-27,2021-05-11,0,14,"WAN022021","spring","WAN022021_2021-04-27",13,124,11,28
"2566","WAN","WAN04",2021,2021-04-27,2021-05-11,0,14,"WAN042021","spring","WAN042021_2021-04-27",0,124,13,47
"2567","WAN","WAN06",2021,2021-04-27,2021-05-11,0,14,"WAN062021","spring","WAN062021_2021-04-27",0,124,17,50
"2568","WAN","WAN08",2021,2021-04-27,2021-05-11,0,14,"WAN082021","spring","WAN082021_2021-04-27",0,124,6,23
"2569","WAN","WAN09",2021,2021-04-27,2021-05-11,0,14,"WAN092021","spring","WAN092021_2021-04-27",0,124,2,2
"2570","WAN","WAN10",2021,2021-04-27,2021-05-11,0,14,"WAN102021","spring","WAN102021_2021-04-27",0,124,14,42
"2571","WAN","WAN11",2021,2021-04-27,2021-05-11,0,14,"WAN112021","spring","WAN112021_2021-04-27",1,124,7,17
"2572","WAN","WAN14",2021,2021-04-27,2021-05-11,0,14,"WAN142021","spring","WAN142021_2021-04-27",6,124,10,19
"2573","WAN","WAN15",2021,2021-04-27,2021-05-11,0,14,"WAN152021","spring","WAN152021_2021-04-27",0,124,15,19
"2574","WAN","WAN16",2021,2021-04-27,2021-05-11,0,14,"WAN162021","spring","WAN162021_2021-04-27",0,124,15,33
"2575","GFH","GFH01",2021,2021-04-28,2021-05-12,0,14,"GFH012021","spring","GFH012021_2021-04-28",0,125,4,16
"2576","GFH","GFH02",2021,2021-04-28,2021-05-12,0,14,"GFH022021","spring","GFH022021_2021-04-28",1,125,16,68
"2577","GFH","GFH03",2021,2021-04-28,2021-05-12,0,14,"GFH032021","spring","GFH032021_2021-04-28",1,125,15,53
"2578","GFH","GFH05",2021,2021-04-28,2021-05-12,0,14,"GFH052021","spring","GFH052021_2021-04-28",17,125,6,20
"2579","GFH","GFH06",2021,2021-04-28,2021-05-12,0,14,"GFH062021","spring","GFH062021_2021-04-28",0,125,9,17
"2580","GFH","GFH08",2021,2021-04-28,2021-05-12,0,14,"GFH082021","spring","GFH082021_2021-04-28",0,125,3,19
"2581","GFH","GFH09",2021,2021-04-28,2021-05-12,0,14,"GFH092021","spring","GFH092021_2021-04-28",0,125,3,4
"2582","GFH","GFH10",2021,2021-04-28,2021-05-12,0,14,"GFH102021","spring","GFH102021_2021-04-28",0,125,9,19
"2583","GFH","GFH11",2021,2021-04-28,2021-05-12,0,14,"GFH112021","spring","GFH112021_2021-04-28",1,125,13,16
"2584","GFH","GFH12",2021,2021-04-28,2021-05-12,0,14,"GFH122021","spring","GFH122021_2021-04-28",0,125,12,28
"2585","GFH","GFH13",2021,2021-04-28,2021-05-12,0,14,"GFH132021","spring","GFH132021_2021-04-28",1,125,1,1
"2586","GFH","GFH14",2021,2021-04-28,2021-05-12,0,14,"GFH142021","spring","GFH142021_2021-04-28",2,125,4,13
"2587","GFH","GFH15",2021,2021-04-28,2021-05-12,0,14,"GFH152021","spring","GFH152021_2021-04-28",27,125,14,24
"2588","SIP","SIP01",2021,2021-04-28,2021-05-12,0,14,"SIP012021","spring","SIP012021_2021-04-28",1,125,12,46
"2589","SIP","SIP02",2021,2021-04-28,2021-05-12,0,14,"SIP022021","spring","SIP022021_2021-04-28",0,125,9,21
"2590","SIP","SIP03",2021,2021-04-28,2021-05-12,0,14,"SIP032021","spring","SIP032021_2021-04-28",0,125,14,38
"2591","SIP","SIP05",2021,2021-04-28,2021-05-12,0,14,"SIP052021","spring","SIP052021_2021-04-28",0,125,7,14
"2592","SIP","SIP08",2021,2021-04-28,2021-05-12,0,14,"SIP082021","spring","SIP082021_2021-04-28",0,125,7,11
"2593","SIP","SIP09",2021,2021-04-28,2021-05-12,0,14,"SIP092021","spring","SIP092021_2021-04-28",0,125,7,27
"2594","SIP","SIP10",2021,2021-04-28,2021-05-12,0,14,"SIP102021","spring","SIP102021_2021-04-28",0,125,7,9
"2595","SIP","SIP11",2021,2021-04-28,2021-05-12,0,14,"SIP112021","spring","SIP112021_2021-04-28",0,125,8,13
"2596","SIP","SIP12",2021,2021-04-28,2021-05-12,0,14,"SIP122021","spring","SIP122021_2021-04-28",1,125,5,19
"2597","SIP","SIP13",2021,2021-04-28,2021-05-12,0,14,"SIP132021","spring","SIP132021_2021-04-28",1,125,5,6
"2598","SIP","SIP14",2021,2021-04-28,2021-05-12,0,14,"SIP142021","spring","SIP142021_2021-04-28",1,125,8,12
"2599","SIP","SIP16",2021,2021-04-28,2021-05-12,0,14,"SIP162021","spring","SIP162021_2021-04-28",0,125,9,14
"2600","FBG","FBG01",2021,2021-04-29,2021-05-13,0,14,"FBG012021","spring","FBG012021_2021-04-29",5,126,11,22
"2601","FBG","FBG02",2021,2021-04-29,2021-05-13,0,14,"FBG022021","spring","FBG022021_2021-04-29",26,126,7,18
"2602","FBG","FBG03",2021,2021-04-29,2021-05-13,0,14,"FBG032021","spring","FBG032021_2021-04-29",0,126,1,4
"2603","FBG","FBG04",2021,2021-04-29,2021-05-13,0,14,"FBG042021","spring","FBG042021_2021-04-29",0,126,6,10
"2604","FBG","FBG05",2021,2021-04-29,2021-05-13,0,14,"FBG052021","spring","FBG052021_2021-04-29",2,126,5,7
"2605","FBG","FBG06",2021,2021-04-29,2021-05-13,0,14,"FBG062021","spring","FBG062021_2021-04-29",1,126,1,1
"2606","FBG","FBG07",2021,2021-04-29,2021-05-13,0,14,"FBG072021","spring","FBG072021_2021-04-29",1,126,14,46
"2607","FBG","FBG10",2021,2021-04-29,2021-05-13,0,14,"FBG102021","spring","FBG102021_2021-04-29",1,126,11,18
"2608","FBG","FBG11",2021,2021-04-29,2021-05-13,0,14,"FBG112021","spring","FBG112021_2021-04-29",0,126,11,12
"2609","FBG","FBG12",2021,2021-04-29,2021-05-13,0,14,"FBG122021","spring","FBG122021_2021-04-29",0,126,7,20
"2610","FBG","FBG13",2021,2021-04-29,2021-05-13,0,14,"FBG132021","spring","FBG132021_2021-04-29",0,126,5,27
"2611","FBG","FBG14",2021,2021-04-29,2021-05-13,0,14,"FBG142021","spring","FBG142021_2021-04-29",0,126,17,42
"2612","FBG","FBG16",2021,2021-04-29,2021-05-13,0,14,"FBG162021","spring","FBG162021_2021-04-29",3,126,5,11
"2613","SST","SST01",2021,2021-04-29,2021-05-13,0,14,"SST012021","spring","SST012021_2021-04-29",0,126,1,1
"2614","SST","SST04",2021,2021-04-29,2021-05-13,0,14,"SST042021","spring","SST042021_2021-04-29",81,126,8,18
"2615","SST","SST05",2021,2021-04-29,2021-05-13,0,14,"SST052021","spring","SST052021_2021-04-29",107,126,14,22
"2616","SST","SST07",2021,2021-04-29,2021-05-13,0,14,"SST072021","spring","SST072021_2021-04-29",2,126,7,12
"2617","SST","SST08",2021,2021-04-29,2021-05-13,0,14,"SST082021","spring","SST082021_2021-04-29",13,126,8,15
"2618","SST","SST09",2021,2021-04-29,2021-05-13,0,14,"SST092021","spring","SST092021_2021-04-29",0,126,8,18
"2619","SST","SST10",2021,2021-04-29,2021-05-13,0,14,"SST102021","spring","SST102021_2021-04-29",12,126,4,15
"2620","SST","SST11",2021,2021-04-29,2021-05-13,0,14,"SST112021","spring","SST112021_2021-04-29",205,126,10,26
"2621","SST","SST13",2021,2021-04-29,2021-05-13,0,14,"SST132021","spring","SST132021_2021-04-29",7,126,11,50
"2622","SST","SST14",2021,2021-04-29,2021-05-13,0,14,"SST142021","spring","SST142021_2021-04-29",0,126,3,3
"2623","SST","SST15",2021,2021-04-29,2021-05-13,0,14,"SST152021","spring","SST152021_2021-04-29",1,126,2,3
"2624","SST","SST16",2021,2021-04-29,2021-05-13,0,14,"SST162021","spring","SST162021_2021-04-29",2,126,5,7
"2625","HAR","HAR01",2021,2021-05-11,2021-05-25,0,14,"HAR012021","spring","HAR012021_2021-05-11",0,138,17,48
"2626","HAR","HAR02",2021,2021-05-11,2021-05-25,0,14,"HAR022021","spring","HAR022021_2021-05-11",0,138,18,29
"2627","HAR","HAR04",2021,2021-05-11,2021-05-25,0,14,"HAR042021","spring","HAR042021_2021-05-11",0,138,7,12
"2628","HAR","HAR05",2021,2021-05-11,2021-05-25,0,14,"HAR052021","spring","HAR052021_2021-05-11",5,138,21,34
"2629","HAR","HAR06",2021,2021-05-11,2021-05-25,0,14,"HAR062021","spring","HAR062021_2021-05-11",20,138,12,17
"2630","HAR","HAR07",2021,2021-05-11,2021-05-25,0,14,"HAR072021","spring","HAR072021_2021-05-11",0,138,8,22
"2631","HAR","HAR08",2021,2021-05-11,2021-05-25,0,14,"HAR082021","spring","HAR082021_2021-05-11",0,138,7,10
"2632","HAR","HAR10",2021,2021-05-11,2021-05-25,0,14,"HAR102021","spring","HAR102021_2021-05-11",0,138,9,20
"2633","HAR","HAR11",2021,2021-05-11,2021-05-25,0,14,"HAR112021","spring","HAR112021_2021-05-11",0,138,12,12
"2634","HAR","HAR12",2021,2021-05-11,2021-05-25,0,14,"HAR122021","spring","HAR122021_2021-05-11",0,138,8,18
"2635","HAR","HAR13",2021,2021-05-11,2021-05-25,0,14,"HAR132021","spring","HAR132021_2021-05-11",0,138,10,42
"2636","HAR","HAR14",2021,2021-05-11,2021-05-25,0,14,"HAR142021","spring","HAR142021_2021-05-11",0,138,11,19
"2637","HAR","HAR15",2021,2021-05-11,2021-05-25,0,14,"HAR152021","spring","HAR152021_2021-05-11",4,138,19,58
"2638","HAR","HAR16",2021,2021-05-11,2021-05-25,0,14,"HAR162021","spring","HAR162021_2021-05-11",0,138,11,20
"2639","WAN","WAN01",2021,2021-05-11,2021-05-25,0,14,"WAN012021","spring","WAN012021_2021-05-11",5,138,10,23
"2640","WAN","WAN02",2021,2021-05-11,2021-05-25,0,14,"WAN022021","spring","WAN022021_2021-05-11",0,138,6,25
"2641","WAN","WAN03",2021,2021-05-11,2021-05-25,0,14,"WAN032021","spring","WAN032021_2021-05-11",1,138,6,7
"2642","WAN","WAN04",2021,2021-05-11,2021-05-25,0,14,"WAN042021","spring","WAN042021_2021-05-11",2,138,10,22
"2643","WAN","WAN05",2021,2021-05-11,2021-05-25,0,14,"WAN052021","spring","WAN052021_2021-05-11",0,138,7,28
"2644","WAN","WAN06",2021,2021-05-11,2021-05-25,0,14,"WAN062021","spring","WAN062021_2021-05-11",4,138,9,14
"2645","WAN","WAN07",2021,2021-05-11,2021-05-25,0,14,"WAN072021","spring","WAN072021_2021-05-11",1,138,5,5
"2646","WAN","WAN08",2021,2021-05-11,2021-05-25,0,14,"WAN082021","spring","WAN082021_2021-05-11",0,138,12,44
"2647","WAN","WAN09",2021,2021-05-11,2021-05-25,0,14,"WAN092021","spring","WAN092021_2021-05-11",0,138,2,4
"2648","WAN","WAN10",2021,2021-05-11,2021-05-25,0,14,"WAN102021","spring","WAN102021_2021-05-11",1,138,16,43
"2649","WAN","WAN11",2021,2021-05-11,2021-05-25,0,14,"WAN112021","spring","WAN112021_2021-05-11",0,138,2,2
"2650","WAN","WAN12",2021,2021-05-11,2021-05-25,0,14,"WAN122021","spring","WAN122021_2021-05-11",4,138,31,178
"2651","WAN","WAN13",2021,2021-05-11,2021-05-25,0,14,"WAN132021","spring","WAN132021_2021-05-11",6,138,9,12
"2652","WAN","WAN14",2021,2021-05-11,2021-05-25,0,14,"WAN142021","spring","WAN142021_2021-05-11",5,138,7,12
"2653","WAN","WAN15",2021,2021-05-11,2021-05-25,0,14,"WAN152021","spring","WAN152021_2021-05-11",4,138,12,16
"2654","WAN","WAN16",2021,2021-05-11,2021-05-25,0,14,"WAN162021","spring","WAN162021_2021-05-11",0,138,6,9
"2655","GFH","GFH01",2021,2021-05-12,2021-05-26,0,14,"GFH012021","spring","GFH012021_2021-05-12",0,139,7,36
"2656","GFH","GFH03",2021,2021-05-12,2021-05-26,0,14,"GFH032021","spring","GFH032021_2021-05-12",1,139,19,118
"2657","GFH","GFH04",2021,2021-05-12,2021-05-26,0,14,"GFH042021","spring","GFH042021_2021-05-12",1,139,16,43
"2658","GFH","GFH06",2021,2021-05-12,2021-05-26,0,14,"GFH062021","spring","GFH062021_2021-05-12",1,139,6,12
"2659","GFH","GFH07",2021,2021-05-12,2021-05-26,0,14,"GFH072021","spring","GFH072021_2021-05-12",3,139,7,12
"2660","GFH","GFH08",2021,2021-05-12,2021-05-26,0,14,"GFH082021","spring","GFH082021_2021-05-12",0,139,9,14
"2661","GFH","GFH09",2021,2021-05-12,2021-05-26,0,14,"GFH092021","spring","GFH092021_2021-05-12",1,139,4,10
"2662","GFH","GFH10",2021,2021-05-12,2021-05-26,0,14,"GFH102021","spring","GFH102021_2021-05-12",0,139,15,44
"2663","GFH","GFH11",2021,2021-05-12,2021-05-26,0,14,"GFH112021","spring","GFH112021_2021-05-12",2,139,11,27
"2664","GFH","GFH12",2021,2021-05-12,2021-05-26,0,14,"GFH122021","spring","GFH122021_2021-05-12",0,139,17,33
"2665","GFH","GFH13",2021,2021-05-12,2021-05-26,0,14,"GFH132021","spring","GFH132021_2021-05-12",0,139,6,9
"2666","GFH","GFH14",2021,2021-05-12,2021-05-26,0,14,"GFH142021","spring","GFH142021_2021-05-12",2,139,14,59
"2667","GFH","GFH15",2021,2021-05-12,2021-05-26,0,14,"GFH152021","spring","GFH152021_2021-05-12",37,139,16,35
"2668","GFH","GFH16",2021,2021-05-12,2021-05-26,0,14,"GFH162021","spring","GFH162021_2021-05-12",2,139,23,73
"2669","SIP","SIP01",2021,2021-05-12,2021-05-26,0,14,"SIP012021","spring","SIP012021_2021-05-12",0,139,13,70
"2670","SIP","SIP02",2021,2021-05-12,2021-05-26,0,14,"SIP022021","spring","SIP022021_2021-05-12",0,139,8,24
"2671","SIP","SIP03",2021,2021-05-12,2021-05-26,0,14,"SIP032021","spring","SIP032021_2021-05-12",0,139,11,21
"2672","SIP","SIP05",2021,2021-05-12,2021-05-26,0,14,"SIP052021","spring","SIP052021_2021-05-12",0,139,11,91
"2673","SIP","SIP06",2021,2021-05-12,2021-05-26,0,14,"SIP062021","spring","SIP062021_2021-05-12",1,139,11,58
"2674","SIP","SIP07",2021,2021-05-12,2021-05-26,0,14,"SIP072021","spring","SIP072021_2021-05-12",0,139,8,12
"2675","SIP","SIP08",2021,2021-05-12,2021-05-26,0,14,"SIP082021","spring","SIP082021_2021-05-12",0,139,9,24
"2676","SIP","SIP09",2021,2021-05-12,2021-05-26,0,14,"SIP092021","spring","SIP092021_2021-05-12",0,139,6,18
"2677","SIP","SIP10",2021,2021-05-12,2021-05-26,0,14,"SIP102021","spring","SIP102021_2021-05-12",0,139,6,13
"2678","SIP","SIP11",2021,2021-05-12,2021-05-26,0,14,"SIP112021","spring","SIP112021_2021-05-12",0,139,4,11
"2679","SIP","SIP12",2021,2021-05-12,2021-05-26,0,14,"SIP122021","spring","SIP122021_2021-05-12",0,139,11,48
"2680","SIP","SIP13",2021,2021-05-12,2021-05-26,0,14,"SIP132021","spring","SIP132021_2021-05-12",0,139,8,19
"2681","SIP","SIP14",2021,2021-05-12,2021-05-26,0,14,"SIP142021","spring","SIP142021_2021-05-12",0,139,9,22
"2682","SIP","SIP15",2021,2021-05-12,2021-05-26,0,14,"SIP152021","spring","SIP152021_2021-05-12",1,139,7,56
"2683","SIP","SIP16",2021,2021-05-12,2021-05-26,0,14,"SIP162021","spring","SIP162021_2021-05-12",0,139,10,58
"2684","FBG","FBG01",2021,2021-05-13,2021-05-27,0,14,"FBG012021","spring","FBG012021_2021-05-13",6,140,19,181
"2685","FBG","FBG02",2021,2021-05-13,2021-05-27,0,14,"FBG022021","spring","FBG022021_2021-05-13",9,140,19,64
"2686","FBG","FBG03",2021,2021-05-13,2021-05-27,0,14,"FBG032021","spring","FBG032021_2021-05-13",0,140,9,25
"2687","FBG","FBG04",2021,2021-05-13,2021-05-27,0,14,"FBG042021","spring","FBG042021_2021-05-13",2,140,12,36
"2688","FBG","FBG05",2021,2021-05-13,2021-05-27,0,14,"FBG052021","spring","FBG052021_2021-05-13",1,140,27,94
"2689","FBG","FBG06",2021,2021-05-13,2021-05-27,0,14,"FBG062021","spring","FBG062021_2021-05-13",2,140,10,33
"2690","FBG","FBG07",2021,2021-05-13,2021-05-27,0,14,"FBG072021","spring","FBG072021_2021-05-13",2,140,21,112
"2691","FBG","FBG08",2021,2021-05-13,2021-05-27,0,14,"FBG082021","spring","FBG082021_2021-05-13",0,140,5,8
"2692","FBG","FBG09",2021,2021-05-13,2021-05-27,0,14,"FBG092021","spring","FBG092021_2021-05-13",0,140,14,30
"2693","FBG","FBG10",2021,2021-05-13,2021-05-27,0,14,"FBG102021","spring","FBG102021_2021-05-13",0,140,20,37
"2694","FBG","FBG11",2021,2021-05-13,2021-05-27,0,14,"FBG112021","spring","FBG112021_2021-05-13",0,140,20,94
"2695","FBG","FBG12",2021,2021-05-13,2021-05-27,0,14,"FBG122021","spring","FBG122021_2021-05-13",1,140,22,96
"2696","FBG","FBG13",2021,2021-05-13,2021-05-27,0,14,"FBG132021","spring","FBG132021_2021-05-13",4,140,17,56
"2697","FBG","FBG14",2021,2021-05-13,2021-05-27,0,14,"FBG142021","spring","FBG142021_2021-05-13",0,140,22,71
"2698","FBG","FBG15",2021,2021-05-13,2021-05-27,0,14,"FBG152021","spring","FBG152021_2021-05-13",0,140,16,24
"2699","FBG","FBG16",2021,2021-05-13,2021-05-27,0,14,"FBG162021","spring","FBG162021_2021-05-13",2,140,16,30
"2700","SST","SST01",2021,2021-05-13,2021-05-27,0,14,"SST012021","spring","SST012021_2021-05-13",0,140,3,4
"2701","SST","SST02",2021,2021-05-13,2021-05-27,0,14,"SST022021","spring","SST022021_2021-05-13",4,140,11,52
"2702","SST","SST03",2021,2021-05-13,2021-05-27,0,14,"SST032021","spring","SST032021_2021-05-13",3,140,15,146
"2703","SST","SST04",2021,2021-05-13,2021-05-27,0,14,"SST042021","spring","SST042021_2021-05-13",112,140,18,65
"2704","SST","SST05",2021,2021-05-13,2021-05-27,0,14,"SST052021","spring","SST052021_2021-05-13",4,140,14,83
"2705","SST","SST06",2021,2021-05-13,2021-05-27,0,14,"SST062021","spring","SST062021_2021-05-13",9,140,24,184
"2706","SST","SST07",2021,2021-05-13,2021-05-27,0,14,"SST072021","spring","SST072021_2021-05-13",10,140,11,22
"2707","SST","SST08",2021,2021-05-13,2021-05-27,0,14,"SST082021","spring","SST082021_2021-05-13",7,140,15,47
"2708","SST","SST09",2021,2021-05-13,2021-05-27,0,14,"SST092021","spring","SST092021_2021-05-13",4,140,26,194
"2709","SST","SST10",2021,2021-05-13,2021-05-27,0,14,"SST102021","spring","SST102021_2021-05-13",2,140,9,41
"2710","SST","SST11",2021,2021-05-13,2021-05-27,0,14,"SST112021","spring","SST112021_2021-05-13",78,140,13,27
"2711","SST","SST12",2021,2021-05-13,2021-05-27,0,14,"SST122021","spring","SST122021_2021-05-13",10,140,10,30
"2712","SST","SST13",2021,2021-05-13,2021-05-27,0,14,"SST132021","spring","SST132021_2021-05-13",1,140,15,48
"2713","SST","SST15",2021,2021-05-13,2021-05-27,0,14,"SST152021","spring","SST152021_2021-05-13",3,140,14,38
"2714","SST","SST16",2021,2021-05-13,2021-05-27,0,14,"SST162021","spring","SST162021_2021-05-13",6,140,14,51
"2715","SST","SST02",2015,2015-05-18,2015-06-01,1,14,"SST022015","spring","SST022015_2015-05-18",0,145,7,13
"2716","SST","SST12",2015,2015-05-18,2015-06-01,1,14,"SST122015","spring","SST122015_2015-05-18",0,145,3,6
"2717","SST","SST15",2015,2015-05-18,2015-06-01,1,14,"SST152015","spring","SST152015_2015-05-18",0,145,4,7
"2718","SST","SST12",2016,2016-05-04,2016-05-18,1,14,"SST122016","spring","SST122016_2016-05-04",0,132,5,22
"2719","GFH","GFH05",2018,2018-05-15,2018-05-29,1,14,"GFH052018","spring","GFH052018_2018-05-15",1,142,18,30
"2720","SIP","SIP01",2019,2019-04-16,2019-04-30,1,14,"SIP012019","spring","SIP012019_2019-04-16",1,113,8,48
"2721","HAR","HAR01",2019,2019-05-02,2019-05-15,1,13,"HAR012019","spring","HAR012019_2019-05-02",0,128.5,10,17
"2722","HAR","HAR09",2019,2019-05-02,2019-05-15,1,13,"HAR092019","spring","HAR092019_2019-05-02",0,128.5,15,55
"2723","HAR","HAR14",2019,2019-05-02,2019-05-15,1,13,"HAR142019","spring","HAR142019_2019-05-02",4,128.5,6,23
"2724","SIP","SIP10",2020,2020-04-16,2020-04-30,1,14,"SIP102020","spring","SIP102020_2020-04-16",0,114,5,10
"2725","WAN","WAN14",2020,2020-05-12,2020-05-26,1,14,"WAN142020","spring","WAN142020_2020-05-12",10,140,4,4
"2726","SST","SST01",2011,2011-05-02,2011-05-16,2,14,"SST012011","spring","SST012011_2011-05-02",0,129,15,53
"2727","SST","SST04",2011,2011-05-02,2011-05-16,2,14,"SST042011","spring","SST042011_2011-05-02",0,129,10,34
"2728","FBG","FBG01",2011,2011-05-16,2011-05-30,2,14,"FBG012011","spring","FBG012011_2011-05-16",0,143,19,29
"2729","SST","SST01",2011,2011-05-16,2011-05-30,2,14,"SST012011","spring","SST012011_2011-05-16",0,143,9,12
"2730","SST","SST10",2011,2011-05-16,2011-05-30,2,14,"SST102011","spring","SST102011_2011-05-16",0,143,19,47
"2731","HAR","HAR04",2011,2011-05-17,2011-05-31,2,14,"HAR042011","spring","HAR042011_2011-05-17",0,144,6,12
"2732","HAR","HAR05",2011,2011-05-17,2011-05-31,2,14,"HAR052011","spring","HAR052011_2011-05-17",17,144,18,51
"2733","HAR","HAR07",2011,2011-05-17,2011-05-31,2,14,"HAR072011","spring","HAR072011_2011-05-17",1,144,6,15
"2734","HAR","HAR10",2011,2011-05-17,2011-05-31,2,14,"HAR102011","spring","HAR102011_2011-05-17",1,144,11,19
"2735","WAN","WAN13",2011,2011-05-17,2011-05-31,2,14,"WAN132011","spring","WAN132011_2011-05-17",1,144,5,6
"2736","GFH","GFH16",2011,2011-05-18,2011-06-01,2,14,"GFH162011","spring","GFH162011_2011-05-18",2,145,6,8
"2737","SIP","SIP07",2011,2011-05-18,2011-06-01,2,14,"SIP072011","spring","SIP072011_2011-05-18",0,145,7,19
"2738","SIP","SIP07",2014,2014-05-02,2014-05-14,2,12,"SIP072014","spring","SIP072014_2014-05-02",0,128,4,6
"2739","SIP","SIP11",2014,2014-05-02,2014-05-14,2,12,"SIP112014","spring","SIP112014_2014-05-02",0,128,2,2
"2740","SIP","SIP15",2014,2014-05-02,2014-05-14,2,12,"SIP152014","spring","SIP152014_2014-05-02",0,128,9,15
"2741","SIP","SIP10",2016,2016-04-19,2016-05-03,2,14,"SIP102016","spring","SIP102016_2016-04-19",0,117,8,13
"2742","HAR","HAR04",2016,2016-05-02,2016-05-17,2,15,"HAR042016","spring","HAR042016_2016-05-02",0,130.5,4,7
"2743","HAR","HAR11",2016,2016-05-02,2016-05-17,2,15,"HAR112016","spring","HAR112016_2016-05-02",1,130.5,6,8
"2744","SST","SST02",2016,2016-05-04,2016-05-18,2,14,"SST022016","spring","SST022016_2016-05-04",0,132,12,31
"2745","SST","SST03",2016,2016-05-04,2016-05-18,2,14,"SST032016","spring","SST032016_2016-05-04",0,132,8,22
"2746","SIP","SIP08",2016,2016-05-03,2016-05-19,2,16,"SIP082016","spring","SIP082016_2016-05-03",0,132,5,15
"2747","SIP","SIP10",2016,2016-05-03,2016-05-19,2,16,"SIP102016","spring","SIP102016_2016-05-03",0,132,5,5
"2748","GFH","GFH06",2017,2017-04-19,2017-05-03,2,14,"GFH062017","spring","GFH062017_2017-04-19",0,116,1,1
"2749","GFH","GFH04",2017,2017-05-03,2017-05-16,2,13,"GFH042017","spring","GFH042017_2017-05-03",1,129.5,12,21
"2750","SIP","SIP03",2018,2018-04-17,2018-05-01,2,14,"SIP032018","spring","SIP032018_2018-04-17",0,114,11,21
"2751","SIP","SIP06",2018,2018-04-17,2018-05-01,2,14,"SIP062018","spring","SIP062018_2018-04-17",0,114,20,72
"2752","HAR","HAR07",2018,2018-04-30,2018-05-14,2,14,"HAR072018","spring","HAR072018_2018-04-30",0,127,3,3
"2753","SIP","SIP16",2018,2018-05-01,2018-05-15,2,14,"SIP162018","spring","SIP162018_2018-05-01",0,128,10,16
"2754","FBG","FBG01",2018,2018-05-02,2018-05-16,2,14,"FBG012018","spring","FBG012018_2018-05-02",0,129,21,74
"2755","FBG","FBG02",2018,2018-05-02,2018-05-16,2,14,"FBG022018","spring","FBG022018_2018-05-02",9,129,24,104
"2756","FBG","FBG13",2018,2018-05-02,2018-05-16,2,14,"FBG132018","spring","FBG132018_2018-05-02",11,129,17,40
"2757","GFH","GFH10",2018,2018-05-15,2018-05-29,2,14,"GFH102018","spring","GFH102018_2018-05-15",0,142,4,4
"2758","FBG","FBG09",2019,2019-04-15,2019-04-29,2,14,"FBG092019","spring","FBG092019_2019-04-15",1,112,28,236
"2759","FBG","FBG11",2019,2019-04-15,2019-04-29,2,14,"FBG112019","spring","FBG112019_2019-04-15",1,112,25,132
"2760","FBG","FBG13",2019,2019-04-15,2019-04-29,2,14,"FBG132019","spring","FBG132019_2019-04-15",3,112,33,311
"2761","SST","SST10",2019,2019-04-15,2019-04-29,2,14,"SST102019","spring","SST102019_2019-04-15",2,112,25,1346
"2762","SST","SST12",2019,2019-04-15,2019-04-29,2,14,"SST122019","spring","SST122019_2019-04-15",3,112,15,499
"2763","SIP","SIP06",2019,2019-04-16,2019-04-30,2,14,"SIP062019","spring","SIP062019_2019-04-16",0,113,25,107
"2764","SIP","SIP10",2019,2019-04-16,2019-04-30,2,14,"SIP102019","spring","SIP102019_2019-04-16",0,113,11,29
"2765","WAN","WAN06",2019,2019-04-17,2019-05-02,2,15,"WAN062019","spring","WAN062019_2019-04-17",2,114.5,20,73
"2766","WAN","WAN07",2019,2019-04-17,2019-05-02,2,15,"WAN072019","spring","WAN072019_2019-04-17",0,114.5,10,22
"2767","FBG","FBG11",2019,2019-04-29,2019-05-13,2,14,"FBG112019","spring","FBG112019_2019-04-29",1,126,21,103
"2768","FBG","FBG13",2019,2019-04-29,2019-05-13,2,14,"FBG132019","spring","FBG132019_2019-04-29",24,126,56,1142
"2769","FBG","FBG13",2019,2019-05-13,2019-05-27,2,14,"FBG132019","spring","FBG132019_2019-05-13",11,140,38,421
"2770","HAR","HAR07",2020,2020-04-14,2020-04-28,2,14,"HAR072020","spring","HAR072020_2020-04-14",0,112,9,18
"2771","FBG","FBG07",2020,2020-04-15,2020-04-29,2,14,"FBG072020","spring","FBG072020_2020-04-15",0,113,4,6
"2772","FBG","FBG08",2020,2020-04-15,2020-04-29,2,14,"FBG082020","spring","FBG082020_2020-04-15",0,113,9,28
"2773","GFH","GFH01",2020,2020-04-16,2020-04-30,2,14,"GFH012020","spring","GFH012020_2020-04-16",1,114,2,7
"2774","GFH","GFH04",2020,2020-04-16,2020-04-30,2,14,"GFH042020","spring","GFH042020_2020-04-16",3,114,7,8
"2775","GFH","GFH12",2020,2020-04-16,2020-04-30,2,14,"GFH122020","spring","GFH122020_2020-04-16",8,114,6,10
"2776","WAN","WAN13",2020,2020-04-28,2020-05-12,2,14,"WAN132020","spring","WAN132020_2020-04-28",0,126,5,7
"2777","SST","SST16",2020,2020-04-29,2020-05-13,2,14,"SST162020","spring","SST162020_2020-04-29",0,127,12,27
"2778","SST","SST01",2020,2020-05-13,2020-05-27,2,14,"SST012020","spring","SST012020_2020-05-13",1,141,16,59
"2779","SIP","SIP03",2020,2020-05-14,2020-05-29,2,15,"SIP032020","spring","SIP032020_2020-05-14",1,142.5,12,18
"2780","HAR","HAR02",2021,2021-04-27,2021-05-11,2,14,"HAR022021","spring","HAR022021_2021-04-27",0,124,11,25
"2781","WAN","WAN07",2021,2021-04-27,2021-05-11,2,14,"WAN072021","spring","WAN072021_2021-04-27",0,124,13,26
"2782","FBG","FBG15",2021,2021-04-29,2021-05-13,2,14,"FBG152021","spring","FBG152021_2021-04-29",1,126,3,6
"2783","SST","SST02",2021,2021-04-29,2021-05-13,2,14,"SST022021","spring","SST022021_2021-04-29",0,126,10,36
"2784","FBG","FBG03",2010,2010-05-17,2010-05-24,3,7,"FBG032010","spring","FBG032010_2010-05-17",0,140.5,6,12
"2785","FBG","FBG05",2010,2010-05-17,2010-05-24,3,7,"FBG052010","spring","FBG052010_2010-05-17",0,140.5,6,14
"2786","FBG","FBG06",2010,2010-05-17,2010-05-24,3,7,"FBG062010","spring","FBG062010_2010-05-17",0,140.5,5,28
"2787","WAN","WAN08",2010,2010-05-03,2010-05-25,3,22,"WAN082010","spring","WAN082010_2010-05-03",0,134,4,10
"2788","WAN","WAN11",2010,2010-05-03,2010-05-25,3,22,"WAN112010","spring","WAN112010_2010-05-03",0,134,2,5
"2789","WAN","WAN13",2010,2010-05-03,2010-05-25,3,22,"WAN132010","spring","WAN132010_2010-05-03",0,134,4,16
"2790","HAR","HAR03",2010,2010-05-11,2010-05-25,3,14,"HAR032010","spring","HAR032010_2010-05-11",0,138,5,15
"2791","HAR","HAR07",2010,2010-05-11,2010-05-25,3,14,"HAR072010","spring","HAR072010_2010-05-11",0,138,6,16
"2792","HAR","HAR09",2010,2010-05-11,2010-05-25,3,14,"HAR092010","spring","HAR092010_2010-05-11",0,138,12,39
"2793","HAR","HAR13",2010,2010-05-11,2010-05-25,3,14,"HAR132010","spring","HAR132010_2010-05-11",0,138,4,7
"2794","HAR","HAR14",2010,2010-05-11,2010-05-25,3,14,"HAR142010","spring","HAR142010_2010-05-11",0,138,3,7
"2795","GFH","GFH06",2010,2010-05-04,2010-05-26,3,22,"GFH062010","spring","GFH062010_2010-05-04",0,135,2,3
"2796","GFH","GFH10",2010,2010-05-04,2010-05-26,3,22,"GFH102010","spring","GFH102010_2010-05-04",0,135,12,17
"2797","SIP","SIP05",2010,2010-05-04,2010-05-26,3,22,"SIP052010","spring","SIP052010_2010-05-04",0,135,3,3
"2798","SIP","SIP14",2010,2010-05-04,2010-05-26,3,22,"SIP142010","spring","SIP142010_2010-05-04",0,135,7,14
"2799","FBG","FBG03",2010,2010-05-24,2010-06-07,3,14,"FBG032010","spring","FBG032010_2010-05-24",0,151,2,6
"2800","FBG","FBG06",2010,2010-05-24,2010-06-07,3,14,"FBG062010","spring","FBG062010_2010-05-24",1,151,16,69
"2801","GFH","GFH02",2011,2011-05-18,2011-06-01,3,14,"GFH022011","spring","GFH022011_2011-05-18",1,145,4,11
"2802","FBG","FBG06",2011,2011-05-30,2011-06-14,3,15,"FBG062011","spring","FBG062011_2011-05-30",1,157.5,16,63
"2803","SST","SST16",2011,2011-05-30,2011-06-14,3,15,"SST162011","spring","SST162011_2011-05-30",0,157.5,5,23
"2804","GFH","GFH02",2011,2011-06-01,2011-06-16,3,15,"GFH022011","spring","GFH022011_2011-06-01",2,159.5,8,13
"2805","SIP","SIP07",2011,2011-06-01,2011-06-16,3,15,"SIP072011","spring","SIP072011_2011-06-01",0,159.5,8,15
"2806","SST","SST14",2012,2012-05-02,2012-05-15,3,13,"SST142012","spring","SST142012_2012-05-02",0,129.5,5,8
"2807","FBG","FBG15",2012,2012-05-15,2012-05-29,3,14,"FBG152012","spring","FBG152012_2012-05-15",0,143,12,38
"2808","SST","SST01",2012,2012-05-15,2012-05-29,3,14,"SST012012","spring","SST012012_2012-05-15",1,143,12,34
"2809","SST","SST14",2012,2012-05-15,2012-05-29,3,14,"SST142012","spring","SST142012_2012-05-15",1,143,13,69
"2810","SST","SST15",2012,2012-05-15,2012-05-29,3,14,"SST152012","spring","SST152012_2012-05-15",0,143,10,39
"2811","FBG","FBG15",2012,2012-05-29,2012-06-12,3,14,"FBG152012","spring","FBG152012_2012-05-29",1,157,10,37
"2812","WAN","WAN02",2013,2013-04-30,2013-05-14,3,14,"WAN022013","spring","WAN022013_2013-04-30",0,127,14,92
"2813","HAR","HAR13",2013,2013-05-14,2013-05-28,3,14,"HAR132013","spring","HAR132013_2013-05-14",0,141,6,7
"2814","SST","SST03",2013,2013-05-13,2013-05-29,3,16,"SST032013","spring","SST032013_2013-05-13",1,141,6,26
"2815","FBG","FBG04",2013,2013-05-27,2013-06-10,3,14,"FBG042013","spring","FBG042013_2013-05-27",0,154,9,13
"2816","HAR","HAR04",2013,2013-05-28,2013-06-11,3,14,"HAR042013","spring","HAR042013_2013-05-28",0,155,8,15
"2817","HAR","HAR14",2013,2013-05-28,2013-06-11,3,14,"HAR142013","spring","HAR142013_2013-05-28",1,155,4,5
"2818","SIP","SIP01",2014,2014-05-02,2014-05-14,3,12,"SIP012014","spring","SIP012014_2014-05-02",0,128,5,8
"2819","FBG","FBG10",2014,2014-05-12,2014-05-26,3,14,"FBG102014","spring","FBG102014_2014-05-12",1,139,14,30
"2820","SST","SST10",2014,2014-05-12,2014-05-26,3,14,"SST102014","spring","SST102014_2014-05-12",0,139,9,46
"2821","SST","SST13",2014,2014-05-12,2014-05-26,3,14,"SST132014","spring","SST132014_2014-05-12",0,139,8,12
"2822","SST","SST14",2014,2014-05-12,2014-05-26,3,14,"SST142014","spring","SST142014_2014-05-12",0,139,7,31
"2823","SST","SST16",2014,2014-05-12,2014-05-26,3,14,"SST162014","spring","SST162014_2014-05-12",0,139,1,3
"2824","FBG","FBG08",2015,2015-04-20,2015-05-04,3,14,"FBG082015","spring","FBG082015_2015-04-20",0,117,1,2
"2825","GFH","GFH12",2015,2015-04-21,2015-05-05,3,14,"GFH122015","spring","GFH122015_2015-04-21",0,118,1,1
"2826","GFH","GFH16",2015,2015-04-21,2015-05-05,3,14,"GFH162015","spring","GFH162015_2015-04-21",0,118,2,2
"2827","SST","SST02",2015,2015-05-04,2015-05-18,3,14,"SST022015","spring","SST022015_2015-05-04",0,131,12,38
"2828","GFH","GFH16",2015,2015-05-05,2015-05-19,3,14,"GFH162015","spring","GFH162015_2015-05-05",0,132,4,4
"2829","SIP","SIP07",2015,2015-05-05,2015-05-19,3,14,"SIP072015","spring","SIP072015_2015-05-05",0,132,10,20
"2830","SIP","SIP15",2015,2015-05-05,2015-05-19,3,14,"SIP152015","spring","SIP152015_2015-05-05",0,132,3,5
"2831","HAR","HAR07",2015,2015-05-06,2015-05-20,3,14,"HAR072015","spring","HAR072015_2015-05-06",1,133,7,17
"2832","SST","SST01",2015,2015-05-18,2015-06-01,3,14,"SST012015","spring","SST012015_2015-05-18",0,145,11,14
"2833","SST","SST06",2015,2015-05-18,2015-06-01,3,14,"SST062015","spring","SST062015_2015-05-18",0,145,4,5
"2834","HAR","HAR09",2015,2015-05-20,2015-06-02,3,13,"HAR092015","spring","HAR092015_2015-05-20",2,146.5,9,14
"2835","HAR","HAR13",2015,2015-05-20,2015-06-02,3,13,"HAR132015","spring","HAR132015_2015-05-20",2,146.5,3,5
"2836","WAN","WAN08",2015,2015-05-20,2015-06-02,3,13,"WAN082015","spring","WAN082015_2015-05-20",0,146.5,3,7
"2837","GFH","GFH16",2015,2015-05-19,2015-06-03,3,15,"GFH162015","spring","GFH162015_2015-05-19",1,146.5,9,17
"2838","SIP","SIP07",2015,2015-05-19,2015-06-03,3,15,"SIP072015","spring","SIP072015_2015-05-19",5,146.5,14,37
"2839","SIP","SIP15",2015,2015-05-19,2015-06-03,3,15,"SIP152015","spring","SIP152015_2015-05-19",0,146.5,6,13
"2840","HAR","HAR02",2016,2016-04-18,2016-05-02,3,14,"HAR022016","spring","HAR022016_2016-04-18",0,116,10,42
"2841","HAR","HAR03",2016,2016-04-18,2016-05-02,3,14,"HAR032016","spring","HAR032016_2016-04-18",0,116,7,17
"2842","HAR","HAR16",2016,2016-04-18,2016-05-02,3,14,"HAR162016","spring","HAR162016_2016-04-18",1,116,12,50
"2843","WAN","WAN10",2016,2016-04-18,2016-05-02,3,14,"WAN102016","spring","WAN102016_2016-04-18",1,116,9,14
"2844","FBG","FBG16",2016,2016-04-20,2016-05-04,3,14,"FBG162016","spring","FBG162016_2016-04-20",0,118,6,7
"2845","FBG","FBG09",2016,2016-05-04,2016-05-18,3,14,"FBG092016","spring","FBG092016_2016-05-04",0,132,13,33
"2846","SST","SST06",2016,2016-05-18,2016-06-01,3,14,"SST062016","spring","SST062016_2016-05-18",0,146,2,2
"2847","FBG","FBG04",2017,2017-04-20,2017-05-04,3,14,"FBG042017","spring","FBG042017_2017-04-20",0,117,12,30
"2848","HAR","HAR05",2018,2018-04-16,2018-04-30,3,14,"HAR052018","spring","HAR052018_2018-04-16",0,113,18,78
"2849","HAR","HAR12",2018,2018-04-16,2018-04-30,3,14,"HAR122018","spring","HAR122018_2018-04-16",0,113,6,18
"2850","GFH","GFH16",2018,2018-04-17,2018-05-01,3,14,"GFH162018","spring","GFH162018_2018-04-17",0,114,16,188
"2851","SIP","SIP02",2018,2018-04-17,2018-05-01,3,14,"SIP022018","spring","SIP022018_2018-04-17",0,114,12,22
"2852","FBG","FBG13",2018,2018-04-18,2018-05-02,3,14,"FBG132018","spring","FBG132018_2018-04-18",0,115,33,161
"2853","HAR","HAR03",2018,2018-04-30,2018-05-14,3,14,"HAR032018","spring","HAR032018_2018-04-30",2,127,8,21
"2854","HAR","HAR04",2018,2018-04-30,2018-05-14,3,14,"HAR042018","spring","HAR042018_2018-04-30",0,127,4,5
"2855","HAR","HAR06",2018,2018-04-30,2018-05-14,3,14,"HAR062018","spring","HAR062018_2018-04-30",1,127,13,22
"2856","HAR","HAR14",2018,2018-04-30,2018-05-14,3,14,"HAR142018","spring","HAR142018_2018-04-30",0,127,4,5
"2857","HAR","HAR15",2018,2018-04-30,2018-05-14,3,14,"HAR152018","spring","HAR152018_2018-04-30",2,127,15,95
"2858","SST","SST06",2018,2018-05-02,2018-05-16,3,14,"SST062018","spring","SST062018_2018-05-02",0,129,8,16
"2859","SST","SST15",2018,2018-05-02,2018-05-16,3,14,"SST152018","spring","SST152018_2018-05-02",0,129,13,67
"2860","SST","SST08",2018,2018-05-16,2018-05-30,3,14,"SST082018","spring","SST082018_2018-05-16",9,143,13,64
"2861","SST","SST11",2019,2019-04-15,2019-04-29,3,14,"SST112019","spring","SST112019_2019-04-15",0,112,6,2977
"2862","SST","SST15",2019,2019-04-15,2019-04-29,3,14,"SST152019","spring","SST152019_2019-04-15",0,112,16,1314
"2863","GFH","GFH04",2019,2019-04-16,2019-04-30,3,14,"GFH042019","spring","GFH042019_2019-04-16",1,113,14,43
"2864","SIP","SIP05",2019,2019-04-16,2019-04-30,3,14,"SIP052019","spring","SIP052019_2019-04-16",2,113,10,37
"2865","HAR","HAR02",2019,2019-04-17,2019-05-02,3,15,"HAR022019","spring","HAR022019_2019-04-17",2,114.5,16,114
"2866","HAR","HAR09",2019,2019-04-17,2019-05-02,3,15,"HAR092019","spring","HAR092019_2019-04-17",1,114.5,27,220
"2867","HAR","HAR16",2019,2019-04-17,2019-05-02,3,15,"HAR162019","spring","HAR162019_2019-04-17",3,114.5,18,76
"2868","HAR","HAR13",2019,2019-05-02,2019-05-15,3,13,"HAR132019","spring","HAR132019_2019-05-02",0,128.5,4,6
"2869","HAR","HAR02",2019,2019-05-15,2019-05-29,3,14,"HAR022019","spring","HAR022019_2019-05-15",0,142,17,38
"2870","WAN","WAN16",2019,2019-05-15,2019-05-29,3,14,"WAN162019","spring","WAN162019_2019-05-15",0,142,10,11
"2871","SST","SST02",2020,2020-04-15,2020-04-29,3,14,"SST022020","spring","SST022020_2020-04-15",0,113,8,32
"2872","SST","SST06",2020,2020-04-15,2020-04-29,3,14,"SST062020","spring","SST062020_2020-04-15",0,113,12,93
"2873","WAN","WAN05",2020,2020-05-12,2020-05-26,3,14,"WAN052020","spring","WAN052020_2020-05-12",7,140,11,37
"2874","SST","SST12",2020,2020-05-13,2020-05-27,3,14,"SST122020","spring","SST122020_2020-05-13",4,141,3,16
"2875","WAN","WAN03",2021,2021-04-27,2021-05-11,3,14,"WAN032021","spring","WAN032021_2021-04-27",0,124,10,30
"2876","WAN","WAN05",2021,2021-04-27,2021-05-11,3,14,"WAN052021","spring","WAN052021_2021-04-27",1,124,7,15
"2877","GFH","GFH04",2021,2021-04-28,2021-05-12,3,14,"GFH042021","spring","GFH042021_2021-04-28",1,125,9,22
"2878","GFH","GFH07",2021,2021-04-28,2021-05-12,3,14,"GFH072021","spring","GFH072021_2021-04-28",1,125,5,13
"2879","GFH","GFH16",2021,2021-04-28,2021-05-12,3,14,"GFH162021","spring","GFH162021_2021-04-28",0,125,15,43
"2880","SIP","SIP06",2021,2021-04-28,2021-05-12,3,14,"SIP062021","spring","SIP062021_2021-04-28",1,125,6,33
"2881","SIP","SIP07",2021,2021-04-28,2021-05-12,3,14,"SIP072021","spring","SIP072021_2021-04-28",0,125,4,15
"2882","FBG","FBG08",2021,2021-04-29,2021-05-13,3,14,"FBG082021","spring","FBG082021_2021-04-29",0,126,2,4
"2883","FBG","FBG09",2021,2021-04-29,2021-05-13,3,14,"FBG092021","spring","FBG092021_2021-04-29",0,126,4,4
"2884","SST","SST03",2021,2021-04-29,2021-05-13,3,14,"SST032021","spring","SST032021_2021-04-29",4,126,13,106
"2885","HAR","HAR03",2021,2021-05-11,2021-05-25,3,14,"HAR032021","spring","HAR032021_2021-05-11",0,138,5,30
"2886","GFH","GFH02",2021,2021-05-12,2021-05-26,3,14,"GFH022021","spring","GFH022021_2021-05-12",0,139,9,53
"2887","SST","SST14",2021,2021-05-13,2021-05-27,3,14,"SST142021","spring","SST142021_2021-05-13",0,140,9,11
"2888","GFH","GFH01",2010,2010-05-04,2010-05-26,4,22,"GFH012010","spring","GFH012010_2010-05-04",0,135,1,1
"2889","GFH","GFH04",2011,2011-05-04,2011-05-18,4,14,"GFH042011","spring","GFH042011_2011-05-04",1,131,6,12
"2890","GFH","GFH09",2011,2011-05-04,2011-05-18,4,14,"GFH092011","spring","GFH092011_2011-05-04",0,131,3,4
"2891","WAN","WAN07",2011,2011-05-31,2011-06-15,4,15,"WAN072011","spring","WAN072011_2011-05-31",1,158.5,3,4
"2892","GFH","GFH03",2011,2011-06-01,2011-06-16,4,15,"GFH032011","spring","GFH032011_2011-06-01",7,159.5,15,42
"2893","GFH","GFH04",2011,2011-06-01,2011-06-16,4,15,"GFH042011","spring","GFH042011_2011-06-01",4,159.5,16,40
"2894","GFH","GFH05",2011,2011-06-01,2011-06-16,4,15,"GFH052011","spring","GFH052011_2011-06-01",3,159.5,17,25
"2895","GFH","GFH06",2011,2011-06-01,2011-06-16,4,15,"GFH062011","spring","GFH062011_2011-06-01",2,159.5,5,5
"2896","GFH","GFH07",2011,2011-06-01,2011-06-16,4,15,"GFH072011","spring","GFH072011_2011-06-01",4,159.5,7,8
"2897","GFH","GFH08",2011,2011-06-01,2011-06-16,4,15,"GFH082011","spring","GFH082011_2011-06-01",6,159.5,9,13
"2898","GFH","GFH09",2011,2011-06-01,2011-06-16,4,15,"GFH092011","spring","GFH092011_2011-06-01",6,159.5,7,11
"2899","SIP","SIP01",2011,2011-06-01,2011-06-16,4,15,"SIP012011","spring","SIP012011_2011-06-01",0,159.5,5,15
"2900","SIP","SIP02",2011,2011-06-01,2011-06-16,4,15,"SIP022011","spring","SIP022011_2011-06-01",0,159.5,14,23
"2901","SIP","SIP03",2011,2011-06-01,2011-06-16,4,15,"SIP032011","spring","SIP032011_2011-06-01",0,159.5,18,20
"2902","SIP","SIP05",2011,2011-06-01,2011-06-16,4,15,"SIP052011","spring","SIP052011_2011-06-01",0,159.5,11,17
"2903","SIP","SIP06",2011,2011-06-01,2011-06-16,4,15,"SIP062011","spring","SIP062011_2011-06-01",0,159.5,5,6
"2904","SIP","SIP10",2011,2011-06-01,2011-06-16,4,15,"SIP102011","spring","SIP102011_2011-06-01",3,159.5,6,15
"2905","SIP","SIP11",2011,2011-06-01,2011-06-16,4,15,"SIP112011","spring","SIP112011_2011-06-01",1,159.5,8,19
"2906","SIP","SIP12",2011,2011-06-01,2011-06-16,4,15,"SIP122011","spring","SIP122011_2011-06-01",0,159.5,7,12
"2907","SIP","SIP13",2011,2011-06-01,2011-06-16,4,15,"SIP132011","spring","SIP132011_2011-06-01",0,159.5,9,12
"2908","SIP","SIP14",2011,2011-06-01,2011-06-16,4,15,"SIP142011","spring","SIP142011_2011-06-01",0,159.5,11,17
"2909","SIP","SIP15",2011,2011-06-01,2011-06-16,4,15,"SIP152011","spring","SIP152011_2011-06-01",0,159.5,7,9
"2910","SIP","SIP16",2011,2011-06-01,2011-06-16,4,15,"SIP162011","spring","SIP162011_2011-06-01",0,159.5,10,15
"2911","SST","SST12",2012,2012-05-29,2012-06-12,4,14,"SST122012","spring","SST122012_2012-05-29",0,157,13,24
"2912","GFH","GFH06",2013,2013-05-16,2013-06-03,4,18,"GFH062013","spring","GFH062013_2013-05-16",0,145,13,32
"2913","FBG","FBG08",2014,2014-05-12,2014-05-26,4,14,"FBG082014","spring","FBG082014_2014-05-12",0,139,7,11
"2914","FBG","FBG08",2015,2015-05-04,2015-05-18,4,14,"FBG082015","spring","FBG082015_2015-05-04",0,131,3,3
"2915","HAR","HAR05",2016,2016-05-02,2016-05-17,4,15,"HAR052016","spring","HAR052016_2016-05-02",0,130.5,1,2
"2916","HAR","HAR03",2016,2016-05-17,2016-05-30,4,13,"HAR032016","spring","HAR032016_2016-05-17",0,144.5,3,3
"2917","SST","SST10",2018,2018-05-02,2018-05-16,4,14,"SST102018","spring","SST102018_2018-05-02",0,129,11,26
"2918","HAR","HAR01",2018,2018-05-14,2018-05-28,4,14,"HAR012018","spring","HAR012018_2018-05-14",0,141,3,4
"2919","SIP","SIP03",2021,2021-04-14,2021-04-28,4,14,"SIP032021","spring","SIP032021_2021-04-14",0,111,7,12
"2920","HAR","HAR01",2010,2010-05-25,2010-06-08,6,14,"HAR012010","spring","HAR012010_2010-05-25",4,152,6,8
"2921","HAR","HAR02",2010,2010-05-25,2010-06-08,6,14,"HAR022010","spring","HAR022010_2010-05-25",2,152,14,34
"2922","HAR","HAR03",2010,2010-05-25,2010-06-08,6,14,"HAR032010","spring","HAR032010_2010-05-25",0,152,11,16
"2923","HAR","HAR04",2010,2010-05-25,2010-06-08,6,14,"HAR042010","spring","HAR042010_2010-05-25",2,152,11,13
"2924","HAR","HAR05",2010,2010-05-25,2010-06-08,6,14,"HAR052010","spring","HAR052010_2010-05-25",3,152,19,53
"2925","HAR","HAR06",2010,2010-05-25,2010-06-08,6,14,"HAR062010","spring","HAR062010_2010-05-25",24,152,14,25
"2926","HAR","HAR07",2010,2010-05-25,2010-06-08,6,14,"HAR072010","spring","HAR072010_2010-05-25",3,152,15,47
"2927","HAR","HAR08",2010,2010-05-25,2010-06-08,6,14,"HAR082010","spring","HAR082010_2010-05-25",1,152,4,8
"2928","HAR","HAR09",2010,2010-05-25,2010-06-08,6,14,"HAR092010","spring","HAR092010_2010-05-25",3,152,19,35
"2929","HAR","HAR10",2010,2010-05-25,2010-06-08,6,14,"HAR102010","spring","HAR102010_2010-05-25",5,152,17,61
"2930","HAR","HAR11",2010,2010-05-25,2010-06-08,6,14,"HAR112010","spring","HAR112010_2010-05-25",0,152,16,25
"2931","HAR","HAR12",2010,2010-05-25,2010-06-08,6,14,"HAR122010","spring","HAR122010_2010-05-25",1,152,6,13
"2932","HAR","HAR13",2010,2010-05-25,2010-06-08,6,14,"HAR132010","spring","HAR132010_2010-05-25",2,152,10,10
"2933","HAR","HAR14",2010,2010-05-25,2010-06-08,6,14,"HAR142010","spring","HAR142010_2010-05-25",5,152,15,34
"2934","HAR","HAR15",2010,2010-05-25,2010-06-08,6,14,"HAR152010","spring","HAR152010_2010-05-25",1,152,15,38
"2935","HAR","HAR16",2010,2010-05-25,2010-06-08,6,14,"HAR162010","spring","HAR162010_2010-05-25",10,152,16,29
"2936","WAN","WAN01",2010,2010-05-25,2010-06-08,6,14,"WAN012010","spring","WAN012010_2010-05-25",0,152,11,16
"2937","WAN","WAN02",2010,2010-05-25,2010-06-08,6,14,"WAN022010","spring","WAN022010_2010-05-25",0,152,6,23
"2938","WAN","WAN03",2010,2010-05-25,2010-06-08,6,14,"WAN032010","spring","WAN032010_2010-05-25",0,152,5,8
"2939","WAN","WAN04",2010,2010-05-25,2010-06-08,6,14,"WAN042010","spring","WAN042010_2010-05-25",0,152,12,32
"2940","WAN","WAN05",2010,2010-05-25,2010-06-08,6,14,"WAN052010","spring","WAN052010_2010-05-25",0,152,6,14
"2941","WAN","WAN06",2010,2010-05-25,2010-06-08,6,14,"WAN062010","spring","WAN062010_2010-05-25",0,152,10,17
"2942","WAN","WAN07",2010,2010-05-25,2010-06-08,6,14,"WAN072010","spring","WAN072010_2010-05-25",0,152,11,12
"2943","WAN","WAN08",2010,2010-05-25,2010-06-08,6,14,"WAN082010","spring","WAN082010_2010-05-25",0,152,9,23
"2944","WAN","WAN09",2010,2010-05-25,2010-06-08,6,14,"WAN092010","spring","WAN092010_2010-05-25",1,152,15,51
"2945","WAN","WAN10",2010,2010-05-25,2010-06-08,6,14,"WAN102010","spring","WAN102010_2010-05-25",0,152,4,10
"2946","WAN","WAN11",2010,2010-05-25,2010-06-08,6,14,"WAN112010","spring","WAN112010_2010-05-25",0,152,2,2
"2947","WAN","WAN12",2010,2010-05-25,2010-06-08,6,14,"WAN122010","spring","WAN122010_2010-05-25",1,152,15,25
"2948","WAN","WAN13",2010,2010-05-25,2010-06-08,6,14,"WAN132010","spring","WAN132010_2010-05-25",0,152,2,11
"2949","WAN","WAN14",2010,2010-05-25,2010-06-08,6,14,"WAN142010","spring","WAN142010_2010-05-25",0,152,5,7
"2950","WAN","WAN15",2010,2010-05-25,2010-06-08,6,14,"WAN152010","spring","WAN152010_2010-05-25",0,152,12,17
"2951","WAN","WAN16",2010,2010-05-25,2010-06-08,6,14,"WAN162010","spring","WAN162010_2010-05-25",1,152,17,32
"2952","GFH","GFH01",2010,2010-05-26,2010-06-09,6,14,"GFH012010","spring","GFH012010_2010-05-26",0,153,6,9
"2953","GFH","GFH02",2010,2010-05-26,2010-06-09,6,14,"GFH022010","spring","GFH022010_2010-05-26",0,153,6,10
"2954","GFH","GFH03",2010,2010-05-26,2010-06-09,6,14,"GFH032010","spring","GFH032010_2010-05-26",0,153,6,7
"2955","GFH","GFH05",2010,2010-05-26,2010-06-09,6,14,"GFH052010","spring","GFH052010_2010-05-26",1,153,7,12
"2956","GFH","GFH06",2010,2010-05-26,2010-06-09,6,14,"GFH062010","spring","GFH062010_2010-05-26",0,153,2,3
"2957","GFH","GFH07",2010,2010-05-26,2010-06-09,6,14,"GFH072010","spring","GFH072010_2010-05-26",5,153,4,8
"2958","GFH","GFH08",2010,2010-05-26,2010-06-09,6,14,"GFH082010","spring","GFH082010_2010-05-26",0,153,5,6
"2959","GFH","GFH09",2010,2010-05-26,2010-06-09,6,14,"GFH092010","spring","GFH092010_2010-05-26",0,153,4,5
"2960","GFH","GFH10",2010,2010-05-26,2010-06-09,6,14,"GFH102010","spring","GFH102010_2010-05-26",1,153,10,15
"2961","GFH","GFH11",2010,2010-05-26,2010-06-09,6,14,"GFH112010","spring","GFH112010_2010-05-26",0,153,10,19
"2962","GFH","GFH12",2010,2010-05-26,2010-06-09,6,14,"GFH122010","spring","GFH122010_2010-05-26",4,153,8,8
"2963","GFH","GFH13",2010,2010-05-26,2010-06-09,6,14,"GFH132010","spring","GFH132010_2010-05-26",8,153,4,4
"2964","GFH","GFH14",2010,2010-05-26,2010-06-09,6,14,"GFH142010","spring","GFH142010_2010-05-26",1,153,12,17
"2965","GFH","GFH15",2010,2010-05-26,2010-06-09,6,14,"GFH152010","spring","GFH152010_2010-05-26",3,153,4,7
"2966","GFH","GFH16",2010,2010-05-26,2010-06-09,6,14,"GFH162010","spring","GFH162010_2010-05-26",1,153,5,8
"2967","SIP","SIP01",2010,2010-05-26,2010-06-09,6,14,"SIP012010","spring","SIP012010_2010-05-26",11,153,7,11
"2968","SIP","SIP02",2010,2010-05-26,2010-06-09,6,14,"SIP022010","spring","SIP022010_2010-05-26",0,153,10,19
"2969","SIP","SIP03",2010,2010-05-26,2010-06-09,6,14,"SIP032010","spring","SIP032010_2010-05-26",0,153,6,6
"2970","SIP","SIP05",2010,2010-05-26,2010-06-09,6,14,"SIP052010","spring","SIP052010_2010-05-26",6,153,9,17
"2971","SIP","SIP06",2010,2010-05-26,2010-06-09,6,14,"SIP062010","spring","SIP062010_2010-05-26",1,153,5,6
"2972","SIP","SIP07",2010,2010-05-26,2010-06-09,6,14,"SIP072010","spring","SIP072010_2010-05-26",1,153,10,21
"2973","SIP","SIP08",2010,2010-05-26,2010-06-09,6,14,"SIP082010","spring","SIP082010_2010-05-26",0,153,6,11
"2974","SIP","SIP09",2010,2010-05-26,2010-06-09,6,14,"SIP092010","spring","SIP092010_2010-05-26",0,153,6,7
"2975","SIP","SIP10",2010,2010-05-26,2010-06-09,6,14,"SIP102010","spring","SIP102010_2010-05-26",2,153,3,9
"2976","SIP","SIP11",2010,2010-05-26,2010-06-09,6,14,"SIP112010","spring","SIP112010_2010-05-26",2,153,3,7
"2977","SIP","SIP12",2010,2010-05-26,2010-06-09,6,14,"SIP122010","spring","SIP122010_2010-05-26",2,153,5,5
"2978","SIP","SIP13",2010,2010-05-26,2010-06-09,6,14,"SIP132010","spring","SIP132010_2010-05-26",0,153,6,8
"2979","SIP","SIP14",2010,2010-05-26,2010-06-09,6,14,"SIP142010","spring","SIP142010_2010-05-26",0,153,9,17
"2980","SIP","SIP15",2010,2010-05-26,2010-06-09,6,14,"SIP152010","spring","SIP152010_2010-05-26",1,153,7,13
"2981","SIP","SIP16",2010,2010-05-26,2010-06-09,6,14,"SIP162010","spring","SIP162010_2010-05-26",0,153,1,1
"2982","HAR","HAR01",2012,2012-05-03,2012-05-16,6,13,"HAR012012","spring","HAR012012_2012-05-03",0,130.5,7,8
"2983","HAR","HAR02",2012,2012-05-03,2012-05-16,6,13,"HAR022012","spring","HAR022012_2012-05-03",0,130.5,12,32
"2984","HAR","HAR03",2012,2012-05-03,2012-05-16,6,13,"HAR032012","spring","HAR032012_2012-05-03",0,130.5,8,11
"2985","HAR","HAR04",2012,2012-05-03,2012-05-16,6,13,"HAR042012","spring","HAR042012_2012-05-03",0,130.5,9,12
"2986","HAR","HAR05",2012,2012-05-03,2012-05-16,6,13,"HAR052012","spring","HAR052012_2012-05-03",0,130.5,19,31
"2987","HAR","HAR06",2012,2012-05-03,2012-05-16,6,13,"HAR062012","spring","HAR062012_2012-05-03",3,130.5,10,13
"2988","HAR","HAR07",2012,2012-05-03,2012-05-16,6,13,"HAR072012","spring","HAR072012_2012-05-03",1,130.5,3,6
"2989","HAR","HAR08",2012,2012-05-03,2012-05-16,6,13,"HAR082012","spring","HAR082012_2012-05-03",0,130.5,1,1
"2990","HAR","HAR09",2012,2012-05-03,2012-05-16,6,13,"HAR092012","spring","HAR092012_2012-05-03",0,130.5,18,36
"2991","HAR","HAR10",2012,2012-05-03,2012-05-16,6,13,"HAR102012","spring","HAR102012_2012-05-03",12,130.5,9,10
"2992","HAR","HAR11",2012,2012-05-03,2012-05-16,6,13,"HAR112012","spring","HAR112012_2012-05-03",34,130.5,4,5
"2993","HAR","HAR12",2012,2012-05-03,2012-05-16,6,13,"HAR122012","spring","HAR122012_2012-05-03",9,130.5,8,13
"2994","HAR","HAR13",2012,2012-05-03,2012-05-16,6,13,"HAR132012","spring","HAR132012_2012-05-03",3,130.5,1,1
"2995","HAR","HAR14",2012,2012-05-03,2012-05-16,6,13,"HAR142012","spring","HAR142012_2012-05-03",1,130.5,11,32
"2996","HAR","HAR15",2012,2012-05-03,2012-05-16,6,13,"HAR152012","spring","HAR152012_2012-05-03",4,130.5,10,29
"2997","HAR","HAR16",2012,2012-05-03,2012-05-16,6,13,"HAR162012","spring","HAR162012_2012-05-03",4,130.5,11,21
"2998","WAN","WAN01",2012,2012-05-03,2012-05-16,6,13,"WAN012012","spring","WAN012012_2012-05-03",5,130.5,18,70
"2999","WAN","WAN02",2012,2012-05-03,2012-05-16,6,13,"WAN022012","spring","WAN022012_2012-05-03",1,130.5,6,11
"3000","WAN","WAN03",2012,2012-05-03,2012-05-16,6,13,"WAN032012","spring","WAN032012_2012-05-03",1,130.5,10,19
"3001","WAN","WAN04",2012,2012-05-03,2012-05-16,6,13,"WAN042012","spring","WAN042012_2012-05-03",1,130.5,13,61
"3002","WAN","WAN05",2012,2012-05-03,2012-05-16,6,13,"WAN052012","spring","WAN052012_2012-05-03",1,130.5,19,59
"3003","WAN","WAN06",2012,2012-05-03,2012-05-16,6,13,"WAN062012","spring","WAN062012_2012-05-03",9,130.5,11,14
"3004","WAN","WAN07",2012,2012-05-03,2012-05-16,6,13,"WAN072012","spring","WAN072012_2012-05-03",1,130.5,10,11
"3005","WAN","WAN08",2012,2012-05-03,2012-05-16,6,13,"WAN082012","spring","WAN082012_2012-05-03",0,130.5,7,17
"3006","WAN","WAN09",2012,2012-05-03,2012-05-16,6,13,"WAN092012","spring","WAN092012_2012-05-03",13,130.5,15,27
"3007","WAN","WAN10",2012,2012-05-03,2012-05-16,6,13,"WAN102012","spring","WAN102012_2012-05-03",4,130.5,9,13
"3008","WAN","WAN11",2012,2012-05-03,2012-05-16,6,13,"WAN112012","spring","WAN112012_2012-05-03",0,130.5,4,5
"3009","WAN","WAN12",2012,2012-05-03,2012-05-16,6,13,"WAN122012","spring","WAN122012_2012-05-03",3,130.5,21,62
"3010","WAN","WAN13",2012,2012-05-03,2012-05-16,6,13,"WAN132012","spring","WAN132012_2012-05-03",193,130.5,2,2
"3011","WAN","WAN14",2012,2012-05-03,2012-05-16,6,13,"WAN142012","spring","WAN142012_2012-05-03",30,130.5,3,5
"3012","WAN","WAN15",2012,2012-05-03,2012-05-16,6,13,"WAN152012","spring","WAN152012_2012-05-03",8,130.5,8,8
"3013","WAN","WAN16",2012,2012-05-03,2012-05-16,6,13,"WAN162012","spring","WAN162012_2012-05-03",0,130.5,5,5
"3014","HAR","HAR01",2012,2012-05-16,2012-05-30,6,14,"HAR012012","spring","HAR012012_2012-05-16",1,144,20,39
"3015","HAR","HAR02",2012,2012-05-16,2012-05-30,6,14,"HAR022012","spring","HAR022012_2012-05-16",2,144,16,97
"3016","HAR","HAR03",2012,2012-05-16,2012-05-30,6,14,"HAR032012","spring","HAR032012_2012-05-16",0,144,14,31
"3017","HAR","HAR04",2012,2012-05-16,2012-05-30,6,14,"HAR042012","spring","HAR042012_2012-05-16",4,144,11,38
"3018","HAR","HAR05",2012,2012-05-16,2012-05-30,6,14,"HAR052012","spring","HAR052012_2012-05-16",9,144,30,83
"3019","HAR","HAR06",2012,2012-05-16,2012-05-30,6,14,"HAR062012","spring","HAR062012_2012-05-16",8,144,23,44
"3020","HAR","HAR07",2012,2012-05-16,2012-05-30,6,14,"HAR072012","spring","HAR072012_2012-05-16",3,144,17,50
"3021","HAR","HAR08",2012,2012-05-16,2012-05-30,6,14,"HAR082012","spring","HAR082012_2012-05-16",5,144,5,12
"3022","HAR","HAR09",2012,2012-05-16,2012-05-30,6,14,"HAR092012","spring","HAR092012_2012-05-16",0,144,20,53
"3023","HAR","HAR10",2012,2012-05-16,2012-05-30,6,14,"HAR102012","spring","HAR102012_2012-05-16",14,144,21,70
"3024","HAR","HAR11",2012,2012-05-16,2012-05-30,6,14,"HAR112012","spring","HAR112012_2012-05-16",63,144,17,31
"3025","HAR","HAR12",2012,2012-05-16,2012-05-30,6,14,"HAR122012","spring","HAR122012_2012-05-16",3,144,20,36
"3026","HAR","HAR13",2012,2012-05-16,2012-05-30,6,14,"HAR132012","spring","HAR132012_2012-05-16",0,144,6,12
"3027","HAR","HAR14",2012,2012-05-16,2012-05-30,6,14,"HAR142012","spring","HAR142012_2012-05-16",3,144,18,39
"3028","HAR","HAR15",2012,2012-05-16,2012-05-30,6,14,"HAR152012","spring","HAR152012_2012-05-16",2,144,17,90
"3029","HAR","HAR16",2012,2012-05-16,2012-05-30,6,14,"HAR162012","spring","HAR162012_2012-05-16",25,144,27,54
"3030","WAN","WAN01",2012,2012-05-16,2012-05-30,6,14,"WAN012012","spring","WAN012012_2012-05-16",1,144,33,97
"3031","WAN","WAN02",2012,2012-05-16,2012-05-30,6,14,"WAN022012","spring","WAN022012_2012-05-16",1,144,12,25
"3032","WAN","WAN03",2012,2012-05-16,2012-05-30,6,14,"WAN032012","spring","WAN032012_2012-05-16",0,144,6,13
"3033","WAN","WAN04",2012,2012-05-16,2012-05-30,6,14,"WAN042012","spring","WAN042012_2012-05-16",0,144,18,40
"3034","WAN","WAN05",2012,2012-05-16,2012-05-30,6,14,"WAN052012","spring","WAN052012_2012-05-16",1,144,12,21
"3035","WAN","WAN06",2012,2012-05-16,2012-05-30,6,14,"WAN062012","spring","WAN062012_2012-05-16",0,144,8,11
"3036","WAN","WAN07",2012,2012-05-16,2012-05-30,6,14,"WAN072012","spring","WAN072012_2012-05-16",0,144,7,25
"3037","WAN","WAN08",2012,2012-05-16,2012-05-30,6,14,"WAN082012","spring","WAN082012_2012-05-16",1,144,4,8
"3038","WAN","WAN09",2012,2012-05-16,2012-05-30,6,14,"WAN092012","spring","WAN092012_2012-05-16",2,144,8,12
"3039","WAN","WAN10",2012,2012-05-16,2012-05-30,6,14,"WAN102012","spring","WAN102012_2012-05-16",7,144,15,47
"3040","WAN","WAN11",2012,2012-05-16,2012-05-30,6,14,"WAN112012","spring","WAN112012_2012-05-16",0,144,3,6
"3041","WAN","WAN12",2012,2012-05-16,2012-05-30,6,14,"WAN122012","spring","WAN122012_2012-05-16",1,144,7,15
"3042","WAN","WAN13",2012,2012-05-16,2012-05-30,6,14,"WAN132012","spring","WAN132012_2012-05-16",48,144,4,4
"3043","WAN","WAN14",2012,2012-05-16,2012-05-30,6,14,"WAN142012","spring","WAN142012_2012-05-16",29,144,10,15
"3044","WAN","WAN15",2012,2012-05-16,2012-05-30,6,14,"WAN152012","spring","WAN152012_2012-05-16",0,144,7,11
"3045","WAN","WAN16",2012,2012-05-16,2012-05-30,6,14,"WAN162012","spring","WAN162012_2012-05-16",5,144,15,21
"3046","HAR","HAR01",2012,2012-05-30,2012-06-13,6,14,"HAR012012","spring","HAR012012_2012-05-30",2,158,6,11
"3047","HAR","HAR02",2012,2012-05-30,2012-06-13,6,14,"HAR022012","spring","HAR022012_2012-05-30",2,158,9,32
"3048","HAR","HAR03",2012,2012-05-30,2012-06-13,6,14,"HAR032012","spring","HAR032012_2012-05-30",1,158,16,24
"3049","HAR","HAR04",2012,2012-05-30,2012-06-13,6,14,"HAR042012","spring","HAR042012_2012-05-30",1,158,20,43
"3050","HAR","HAR05",2012,2012-05-30,2012-06-13,6,14,"HAR052012","spring","HAR052012_2012-05-30",19,158,28,86
"3051","HAR","HAR06",2012,2012-05-30,2012-06-13,6,14,"HAR062012","spring","HAR062012_2012-05-30",6,158,15,22
"3052","HAR","HAR07",2012,2012-05-30,2012-06-13,6,14,"HAR072012","spring","HAR072012_2012-05-30",22,158,18,34
"3053","HAR","HAR08",2012,2012-05-30,2012-06-13,6,14,"HAR082012","spring","HAR082012_2012-05-30",1,158,7,8
"3054","HAR","HAR09",2012,2012-05-30,2012-06-13,6,14,"HAR092012","spring","HAR092012_2012-05-30",2,158,12,37
"3055","HAR","HAR10",2012,2012-05-30,2012-06-13,6,14,"HAR102012","spring","HAR102012_2012-05-30",54,158,15,44
"3056","HAR","HAR11",2012,2012-05-30,2012-06-13,6,14,"HAR112012","spring","HAR112012_2012-05-30",146,158,8,14
"3057","HAR","HAR12",2012,2012-05-30,2012-06-13,6,14,"HAR122012","spring","HAR122012_2012-05-30",16,158,17,33
"3058","HAR","HAR13",2012,2012-05-30,2012-06-13,6,14,"HAR132012","spring","HAR132012_2012-05-30",10,158,12,15
"3059","HAR","HAR14",2012,2012-05-30,2012-06-13,6,14,"HAR142012","spring","HAR142012_2012-05-30",10,158,6,7
"3060","HAR","HAR15",2012,2012-05-30,2012-06-13,6,14,"HAR152012","spring","HAR152012_2012-05-30",16,158,21,50
"3061","HAR","HAR16",2012,2012-05-30,2012-06-13,6,14,"HAR162012","spring","HAR162012_2012-05-30",58,158,17,26
"3062","WAN","WAN01",2012,2012-05-30,2012-06-13,6,14,"WAN012012","spring","WAN012012_2012-05-30",0,158,17,59
"3063","WAN","WAN02",2012,2012-05-30,2012-06-13,6,14,"WAN022012","spring","WAN022012_2012-05-30",0,158,8,10
"3064","WAN","WAN03",2012,2012-05-30,2012-06-13,6,14,"WAN032012","spring","WAN032012_2012-05-30",0,158,8,16
"3065","WAN","WAN04",2012,2012-05-30,2012-06-13,6,14,"WAN042012","spring","WAN042012_2012-05-30",1,158,13,27
"3066","WAN","WAN05",2012,2012-05-30,2012-06-13,6,14,"WAN052012","spring","WAN052012_2012-05-30",0,158,6,7
"3067","WAN","WAN06",2012,2012-05-30,2012-06-13,6,14,"WAN062012","spring","WAN062012_2012-05-30",0,158,11,18
"3068","WAN","WAN07",2012,2012-05-30,2012-06-13,6,14,"WAN072012","spring","WAN072012_2012-05-30",1,158,4,5
"3069","WAN","WAN08",2012,2012-05-30,2012-06-13,6,14,"WAN082012","spring","WAN082012_2012-05-30",1,158,5,7
"3070","WAN","WAN09",2012,2012-05-30,2012-06-13,6,14,"WAN092012","spring","WAN092012_2012-05-30",0,158,7,13
"3071","WAN","WAN10",2012,2012-05-30,2012-06-13,6,14,"WAN102012","spring","WAN102012_2012-05-30",0,158,13,29
"3072","WAN","WAN11",2012,2012-05-30,2012-06-13,6,14,"WAN112012","spring","WAN112012_2012-05-30",0,158,2,3
"3073","WAN","WAN12",2012,2012-05-30,2012-06-13,6,14,"WAN122012","spring","WAN122012_2012-05-30",5,158,14,17
"3074","WAN","WAN13",2012,2012-05-30,2012-06-13,6,14,"WAN132012","spring","WAN132012_2012-05-30",1,158,4,4
"3075","WAN","WAN14",2012,2012-05-30,2012-06-13,6,14,"WAN142012","spring","WAN142012_2012-05-30",2,158,7,22
"3076","WAN","WAN15",2012,2012-05-30,2012-06-13,6,14,"WAN152012","spring","WAN152012_2012-05-30",0,158,9,11
"3077","WAN","WAN16",2012,2012-05-30,2012-06-13,6,14,"WAN162012","spring","WAN162012_2012-05-30",0,158,5,8
"3078","HAR","HAR01",2014,2014-05-13,2014-05-27,6,14,"HAR012014","spring","HAR012014_2014-05-13",0,140,16,84
"3079","HAR","HAR02",2014,2014-05-13,2014-05-27,6,14,"HAR022014","spring","HAR022014_2014-05-13",1,140,13,16
"3080","HAR","HAR03",2014,2014-05-13,2014-05-27,6,14,"HAR032014","spring","HAR032014_2014-05-13",1,140,5,6
"3081","HAR","HAR04",2014,2014-05-13,2014-05-27,6,14,"HAR042014","spring","HAR042014_2014-05-13",0,140,5,5
"3082","HAR","HAR05",2014,2014-05-13,2014-05-27,6,14,"HAR052014","spring","HAR052014_2014-05-13",5,140,13,14
"3083","HAR","HAR06",2014,2014-05-13,2014-05-27,6,14,"HAR062014","spring","HAR062014_2014-05-13",4,140,11,16
"3084","HAR","HAR07",2014,2014-05-13,2014-05-27,6,14,"HAR072014","spring","HAR072014_2014-05-13",2,140,9,31
"3085","HAR","HAR08",2014,2014-05-13,2014-05-27,6,14,"HAR082014","spring","HAR082014_2014-05-13",0,140,3,3
"3086","HAR","HAR09",2014,2014-05-13,2014-05-27,6,14,"HAR092014","spring","HAR092014_2014-05-13",1,140,11,17
"3087","HAR","HAR10",2014,2014-05-13,2014-05-27,6,14,"HAR102014","spring","HAR102014_2014-05-13",4,140,14,25
"3088","HAR","HAR11",2014,2014-05-13,2014-05-27,6,14,"HAR112014","spring","HAR112014_2014-05-13",2,140,7,8
"3089","HAR","HAR12",2014,2014-05-13,2014-05-27,6,14,"HAR122014","spring","HAR122014_2014-05-13",0,140,8,8
"3090","HAR","HAR13",2014,2014-05-13,2014-05-27,6,14,"HAR132014","spring","HAR132014_2014-05-13",7,140,10,19
"3091","HAR","HAR14",2014,2014-05-13,2014-05-27,6,14,"HAR142014","spring","HAR142014_2014-05-13",7,140,6,12
"3092","HAR","HAR15",2014,2014-05-13,2014-05-27,6,14,"HAR152014","spring","HAR152014_2014-05-13",2,140,10,22
"3093","HAR","HAR16",2014,2014-05-13,2014-05-27,6,14,"HAR162014","spring","HAR162014_2014-05-13",166,140,10,15
"3094","WAN","WAN01",2014,2014-05-13,2014-05-27,6,14,"WAN012014","spring","WAN012014_2014-05-13",1,140,16,37
"3095","WAN","WAN02",2014,2014-05-13,2014-05-27,6,14,"WAN022014","spring","WAN022014_2014-05-13",0,140,10,11
"3096","WAN","WAN03",2014,2014-05-13,2014-05-27,6,14,"WAN032014","spring","WAN032014_2014-05-13",1,140,4,5
"3097","WAN","WAN04",2014,2014-05-13,2014-05-27,6,14,"WAN042014","spring","WAN042014_2014-05-13",1,140,8,8
"3098","WAN","WAN05",2014,2014-05-13,2014-05-27,6,14,"WAN052014","spring","WAN052014_2014-05-13",1,140,10,14
"3099","WAN","WAN06",2014,2014-05-13,2014-05-27,6,14,"WAN062014","spring","WAN062014_2014-05-13",1,140,7,8
"3100","WAN","WAN07",2014,2014-05-13,2014-05-27,6,14,"WAN072014","spring","WAN072014_2014-05-13",0,140,5,6
"3101","WAN","WAN08",2014,2014-05-13,2014-05-27,6,14,"WAN082014","spring","WAN082014_2014-05-13",0,140,4,8
"3102","WAN","WAN09",2014,2014-05-13,2014-05-27,6,14,"WAN092014","spring","WAN092014_2014-05-13",0,140,11,20
"3103","WAN","WAN10",2014,2014-05-13,2014-05-27,6,14,"WAN102014","spring","WAN102014_2014-05-13",1,140,15,16
"3104","WAN","WAN12",2014,2014-05-13,2014-05-27,6,14,"WAN122014","spring","WAN122014_2014-05-13",6,140,10,27
"3105","WAN","WAN13",2014,2014-05-13,2014-05-27,6,14,"WAN132014","spring","WAN132014_2014-05-13",1,140,5,12
"3106","WAN","WAN14",2014,2014-05-13,2014-05-27,6,14,"WAN142014","spring","WAN142014_2014-05-13",1,140,8,10
"3107","WAN","WAN15",2014,2014-05-13,2014-05-27,6,14,"WAN152014","spring","WAN152014_2014-05-13",0,140,7,8
"3108","WAN","WAN16",2014,2014-05-13,2014-05-27,6,14,"WAN162014","spring","WAN162014_2014-05-13",0,140,5,10
"3109","GFH","GFH01",2014,2014-05-14,2014-05-28,6,14,"GFH012014","spring","GFH012014_2014-05-14",1,141,4,6
"3110","GFH","GFH02",2014,2014-05-14,2014-05-28,6,14,"GFH022014","spring","GFH022014_2014-05-14",0,141,6,7
"3111","GFH","GFH03",2014,2014-05-14,2014-05-28,6,14,"GFH032014","spring","GFH032014_2014-05-14",0,141,10,16
"3112","GFH","GFH04",2014,2014-05-14,2014-05-28,6,14,"GFH042014","spring","GFH042014_2014-05-14",1,141,6,8
"3113","GFH","GFH05",2014,2014-05-14,2014-05-28,6,14,"GFH052014","spring","GFH052014_2014-05-14",1,141,5,5
"3114","GFH","GFH06",2014,2014-05-14,2014-05-28,6,14,"GFH062014","spring","GFH062014_2014-05-14",0,141,5,8
"3115","GFH","GFH07",2014,2014-05-14,2014-05-28,6,14,"GFH072014","spring","GFH072014_2014-05-14",0,141,9,12
"3116","GFH","GFH08",2014,2014-05-14,2014-05-28,6,14,"GFH082014","spring","GFH082014_2014-05-14",0,141,4,6
"3117","GFH","GFH09",2014,2014-05-14,2014-05-28,6,14,"GFH092014","spring","GFH092014_2014-05-14",1,141,4,4
"3118","GFH","GFH10",2014,2014-05-14,2014-05-28,6,14,"GFH102014","spring","GFH102014_2014-05-14",0,141,10,15
"3119","GFH","GFH11",2014,2014-05-14,2014-05-28,6,14,"GFH112014","spring","GFH112014_2014-05-14",1,141,7,8
"3120","GFH","GFH12",2014,2014-05-14,2014-05-28,6,14,"GFH122014","spring","GFH122014_2014-05-14",2,141,5,5
"3121","GFH","GFH13",2014,2014-05-14,2014-05-28,6,14,"GFH132014","spring","GFH132014_2014-05-14",1,141,8,13
"3122","GFH","GFH14",2014,2014-05-14,2014-05-28,6,14,"GFH142014","spring","GFH142014_2014-05-14",0,141,8,8
"3123","GFH","GFH15",2014,2014-05-14,2014-05-28,6,14,"GFH152014","spring","GFH152014_2014-05-14",0,141,10,17
"3124","GFH","GFH16",2014,2014-05-14,2014-05-28,6,14,"GFH162014","spring","GFH162014_2014-05-14",3,141,15,18
"3125","SIP","SIP01",2014,2014-05-14,2014-05-28,6,14,"SIP012014","spring","SIP012014_2014-05-14",0,141,7,9
"3126","SIP","SIP02",2014,2014-05-14,2014-05-28,6,14,"SIP022014","spring","SIP022014_2014-05-14",5,141,15,21
"3127","SIP","SIP03",2014,2014-05-14,2014-05-28,6,14,"SIP032014","spring","SIP032014_2014-05-14",0,141,5,8
"3128","SIP","SIP05",2014,2014-05-14,2014-05-28,6,14,"SIP052014","spring","SIP052014_2014-05-14",0,141,8,13
"3129","SIP","SIP06",2014,2014-05-14,2014-05-28,6,14,"SIP062014","spring","SIP062014_2014-05-14",0,141,6,8
"3130","SIP","SIP07",2014,2014-05-14,2014-05-28,6,14,"SIP072014","spring","SIP072014_2014-05-14",1,141,4,5
"3131","SIP","SIP08",2014,2014-05-14,2014-05-28,6,14,"SIP082014","spring","SIP082014_2014-05-14",0,141,5,6
"3132","SIP","SIP09",2014,2014-05-14,2014-05-28,6,14,"SIP092014","spring","SIP092014_2014-05-14",0,141,6,7
"3133","SIP","SIP10",2014,2014-05-14,2014-05-28,6,14,"SIP102014","spring","SIP102014_2014-05-14",0,141,5,11
"3134","SIP","SIP11",2014,2014-05-14,2014-05-28,6,14,"SIP112014","spring","SIP112014_2014-05-14",0,141,3,4
"3135","SIP","SIP12",2014,2014-05-14,2014-05-28,6,14,"SIP122014","spring","SIP122014_2014-05-14",0,141,3,4
"3136","SIP","SIP13",2014,2014-05-14,2014-05-28,6,14,"SIP132014","spring","SIP132014_2014-05-14",0,141,6,8
"3137","SIP","SIP14",2014,2014-05-14,2014-05-28,6,14,"SIP142014","spring","SIP142014_2014-05-14",1,141,7,12
"3138","SIP","SIP15",2014,2014-05-14,2014-05-28,6,14,"SIP152014","spring","SIP152014_2014-05-14",0,141,6,7
"3139","SIP","SIP16",2014,2014-05-14,2014-05-28,6,14,"SIP162014","spring","SIP162014_2014-05-14",0,141,4,6
"3140","FBG","FBG01",2017,2017-05-17,2017-05-31,6,14,"FBG012017","spring","FBG012017_2017-05-17",5,144,16,59
"3141","FBG","FBG02",2017,2017-05-17,2017-05-31,6,14,"FBG022017","spring","FBG022017_2017-05-17",0,144,1,1
"3142","FBG","FBG03",2017,2017-05-17,2017-05-31,6,14,"FBG032017","spring","FBG032017_2017-05-17",0,144,10,21
"3143","FBG","FBG04",2017,2017-05-17,2017-05-31,6,14,"FBG042017","spring","FBG042017_2017-05-17",2,144,15,18
"3144","FBG","FBG05",2017,2017-05-17,2017-05-31,6,14,"FBG052017","spring","FBG052017_2017-05-17",1,144,14,26
"3145","FBG","FBG06",2017,2017-05-17,2017-05-31,6,14,"FBG062017","spring","FBG062017_2017-05-17",5,144,14,31
"3146","FBG","FBG09",2017,2017-05-17,2017-05-31,6,14,"FBG092017","spring","FBG092017_2017-05-17",0,144,17,24
"3147","FBG","FBG10",2017,2017-05-17,2017-05-31,6,14,"FBG102017","spring","FBG102017_2017-05-17",0,144,16,45
"3148","FBG","FBG11",2017,2017-05-17,2017-05-31,6,14,"FBG112017","spring","FBG112017_2017-05-17",3,144,18,44
"3149","FBG","FBG12",2017,2017-05-17,2017-05-31,6,14,"FBG122017","spring","FBG122017_2017-05-17",9,144,17,24
"3150","FBG","FBG13",2017,2017-05-17,2017-05-31,6,14,"FBG132017","spring","FBG132017_2017-05-17",16,144,20,47
"3151","FBG","FBG14",2017,2017-05-17,2017-05-31,6,14,"FBG142017","spring","FBG142017_2017-05-17",0,144,9,17
"3152","FBG","FBG15",2017,2017-05-17,2017-05-31,6,14,"FBG152017","spring","FBG152017_2017-05-17",2,144,12,42
"3153","FBG","FBG16",2017,2017-05-17,2017-05-31,6,14,"FBG162017","spring","FBG162017_2017-05-17",1,144,11,14
"3154","SST","SST01",2017,2017-05-17,2017-05-31,6,14,"SST012017","spring","SST012017_2017-05-17",2,144,18,26
"3155","SST","SST03",2017,2017-05-17,2017-05-31,6,14,"SST032017","spring","SST032017_2017-05-17",2,144,15,24
"3156","SST","SST04",2017,2017-05-17,2017-05-31,6,14,"SST042017","spring","SST042017_2017-05-17",2,144,18,38
"3157","SST","SST05",2017,2017-05-17,2017-05-31,6,14,"SST052017","spring","SST052017_2017-05-17",0,144,12,24
"3158","SST","SST07",2017,2017-05-17,2017-05-31,6,14,"SST072017","spring","SST072017_2017-05-17",0,144,15,24
"3159","SST","SST08",2017,2017-05-17,2017-05-31,6,14,"SST082017","spring","SST082017_2017-05-17",2,144,12,30
"3160","SST","SST09",2017,2017-05-17,2017-05-31,6,14,"SST092017","spring","SST092017_2017-05-17",0,144,14,21
"3161","SST","SST11",2017,2017-05-17,2017-05-31,6,14,"SST112017","spring","SST112017_2017-05-17",0,144,12,18
"3162","SST","SST12",2017,2017-05-17,2017-05-31,6,14,"SST122017","spring","SST122017_2017-05-17",2,144,15,54
"3163","SST","SST13",2017,2017-05-17,2017-05-31,6,14,"SST132017","spring","SST132017_2017-05-17",0,144,3,5
"3164","SST","SST14",2017,2017-05-17,2017-05-31,6,14,"SST142017","spring","SST142017_2017-05-17",2,144,12,64
"3165","SST","SST16",2017,2017-05-17,2017-05-31,6,14,"SST162017","spring","SST162017_2017-05-17",1,144,23,61
"3166","FBG","FBG01",2010,2010-08-02,2010-08-16,0,14,"FBG012010","summer","FBG012010_2010-08-02",0,221,16,23
"3167","FBG","FBG02",2010,2010-08-02,2010-08-16,0,14,"FBG022010","summer","FBG022010_2010-08-02",2,221,5,5
"3168","FBG","FBG03",2010,2010-08-02,2010-08-16,0,14,"FBG032010","summer","FBG032010_2010-08-02",1,221,1,1
"3169","FBG","FBG04",2010,2010-08-02,2010-08-16,0,14,"FBG042010","summer","FBG042010_2010-08-02",0,221,3,3
"3170","FBG","FBG05",2010,2010-08-02,2010-08-16,0,14,"FBG052010","summer","FBG052010_2010-08-02",0,221,3,3
"3171","FBG","FBG06",2010,2010-08-02,2010-08-16,0,14,"FBG062010","summer","FBG062010_2010-08-02",0,221,7,9
"3172","FBG","FBG07",2010,2010-08-02,2010-08-16,0,14,"FBG072010","summer","FBG072010_2010-08-02",1,221,9,14
"3173","FBG","FBG08",2010,2010-08-02,2010-08-16,0,14,"FBG082010","summer","FBG082010_2010-08-02",2,221,6,8
"3174","FBG","FBG09",2010,2010-08-02,2010-08-16,0,14,"FBG092010","summer","FBG092010_2010-08-02",0,221,4,4
"3175","FBG","FBG10",2010,2010-08-02,2010-08-16,0,14,"FBG102010","summer","FBG102010_2010-08-02",1,221,6,10
"3176","FBG","FBG11",2010,2010-08-02,2010-08-16,0,14,"FBG112010","summer","FBG112010_2010-08-02",0,221,3,3
"3177","FBG","FBG12",2010,2010-08-02,2010-08-16,0,14,"FBG122010","summer","FBG122010_2010-08-02",0,221,1,1
"3178","FBG","FBG13",2010,2010-08-02,2010-08-16,0,14,"FBG132010","summer","FBG132010_2010-08-02",1,221,3,3
"3179","FBG","FBG14",2010,2010-08-02,2010-08-16,0,14,"FBG142010","summer","FBG142010_2010-08-02",0,221,3,3
"3180","FBG","FBG15",2010,2010-08-02,2010-08-16,0,14,"FBG152010","summer","FBG152010_2010-08-02",2,221,5,7
"3181","FBG","FBG16",2010,2010-08-02,2010-08-16,0,14,"FBG162010","summer","FBG162010_2010-08-02",4,221,3,3
"3182","SST","SST02",2010,2010-08-02,2010-08-16,0,14,"SST022010","summer","SST022010_2010-08-02",1,221,5,5
"3183","SST","SST03",2010,2010-08-02,2010-08-16,0,14,"SST032010","summer","SST032010_2010-08-02",5,221,3,3
"3184","SST","SST04",2010,2010-08-02,2010-08-16,0,14,"SST042010","summer","SST042010_2010-08-02",1,221,4,4
"3185","SST","SST05",2010,2010-08-02,2010-08-16,0,14,"SST052010","summer","SST052010_2010-08-02",0,221,1,1
"3186","SST","SST06",2010,2010-08-02,2010-08-16,0,14,"SST062010","summer","SST062010_2010-08-02",0,221,2,3
"3187","SST","SST07",2010,2010-08-02,2010-08-16,0,14,"SST072010","summer","SST072010_2010-08-02",0,221,2,2
"3188","SST","SST08",2010,2010-08-02,2010-08-16,0,14,"SST082010","summer","SST082010_2010-08-02",0,221,1,1
"3189","SST","SST09",2010,2010-08-02,2010-08-16,0,14,"SST092010","summer","SST092010_2010-08-02",2,221,4,4
"3190","SST","SST10",2010,2010-08-02,2010-08-16,0,14,"SST102010","summer","SST102010_2010-08-02",0,221,5,5
"3191","SST","SST11",2010,2010-08-02,2010-08-16,0,14,"SST112010","summer","SST112010_2010-08-02",1,221,5,5
"3192","SST","SST12",2010,2010-08-02,2010-08-16,0,14,"SST122010","summer","SST122010_2010-08-02",0,221,2,2
"3193","SST","SST13",2010,2010-08-02,2010-08-16,0,14,"SST132010","summer","SST132010_2010-08-02",2,221,0,0
"3194","SST","SST14",2010,2010-08-02,2010-08-16,0,14,"SST142010","summer","SST142010_2010-08-02",0,221,2,2
"3195","SST","SST15",2010,2010-08-02,2010-08-16,0,14,"SST152010","summer","SST152010_2010-08-02",0,221,2,3
"3196","SST","SST16",2010,2010-08-02,2010-08-16,0,14,"SST162010","summer","SST162010_2010-08-02",0,221,3,3
"3197","HAR","HAR01",2010,2010-08-03,2010-08-17,0,14,"HAR012010","summer","HAR012010_2010-08-03",0,222,3,3
"3198","HAR","HAR02",2010,2010-08-03,2010-08-17,0,14,"HAR022010","summer","HAR022010_2010-08-03",1,222,4,5
"3199","HAR","HAR03",2010,2010-08-03,2010-08-17,0,14,"HAR032010","summer","HAR032010_2010-08-03",2,222,1,1
"3200","HAR","HAR04",2010,2010-08-03,2010-08-17,0,14,"HAR042010","summer","HAR042010_2010-08-03",0,222,1,1
"3201","HAR","HAR05",2010,2010-08-03,2010-08-17,0,14,"HAR052010","summer","HAR052010_2010-08-03",0,222,2,3
"3202","HAR","HAR06",2010,2010-08-03,2010-08-17,0,14,"HAR062010","summer","HAR062010_2010-08-03",0,222,4,4
"3203","HAR","HAR07",2010,2010-08-03,2010-08-17,0,14,"HAR072010","summer","HAR072010_2010-08-03",6,222,3,3
"3204","HAR","HAR09",2010,2010-08-03,2010-08-17,0,14,"HAR092010","summer","HAR092010_2010-08-03",6,222,3,3
"3205","HAR","HAR10",2010,2010-08-03,2010-08-17,0,14,"HAR102010","summer","HAR102010_2010-08-03",2,222,3,3
"3206","HAR","HAR11",2010,2010-08-03,2010-08-17,0,14,"HAR112010","summer","HAR112010_2010-08-03",28,222,2,2
"3207","HAR","HAR13",2010,2010-08-03,2010-08-17,0,14,"HAR132010","summer","HAR132010_2010-08-03",5,222,4,4
"3208","HAR","HAR14",2010,2010-08-03,2010-08-17,0,14,"HAR142010","summer","HAR142010_2010-08-03",1,222,4,4
"3209","HAR","HAR15",2010,2010-08-03,2010-08-17,0,14,"HAR152010","summer","HAR152010_2010-08-03",5,222,10,11
"3210","HAR","HAR16",2010,2010-08-03,2010-08-17,0,14,"HAR162010","summer","HAR162010_2010-08-03",1,222,9,10
"3211","WAN","WAN01",2010,2010-08-03,2010-08-17,0,14,"WAN012010","summer","WAN012010_2010-08-03",0,222,6,14
"3212","WAN","WAN02",2010,2010-08-03,2010-08-17,0,14,"WAN022010","summer","WAN022010_2010-08-03",0,222,1,1
"3213","WAN","WAN03",2010,2010-08-03,2010-08-17,0,14,"WAN032010","summer","WAN032010_2010-08-03",1,222,1,1
"3214","WAN","WAN04",2010,2010-08-03,2010-08-17,0,14,"WAN042010","summer","WAN042010_2010-08-03",0,222,3,4
"3215","WAN","WAN05",2010,2010-08-03,2010-08-17,0,14,"WAN052010","summer","WAN052010_2010-08-03",0,222,5,6
"3216","WAN","WAN06",2010,2010-08-03,2010-08-17,0,14,"WAN062010","summer","WAN062010_2010-08-03",0,222,2,2
"3217","WAN","WAN07",2010,2010-08-03,2010-08-17,0,14,"WAN072010","summer","WAN072010_2010-08-03",0,222,2,3
"3218","WAN","WAN08",2010,2010-08-03,2010-08-17,0,14,"WAN082010","summer","WAN082010_2010-08-03",0,222,1,1
"3219","WAN","WAN10",2010,2010-08-03,2010-08-17,0,14,"WAN102010","summer","WAN102010_2010-08-03",0,222,3,5
"3220","WAN","WAN11",2010,2010-08-03,2010-08-17,0,14,"WAN112010","summer","WAN112010_2010-08-03",0,222,4,6
"3221","WAN","WAN12",2010,2010-08-03,2010-08-17,0,14,"WAN122010","summer","WAN122010_2010-08-03",0,222,4,7
"3222","WAN","WAN14",2010,2010-08-03,2010-08-17,0,14,"WAN142010","summer","WAN142010_2010-08-03",0,222,1,1
"3223","WAN","WAN15",2010,2010-08-03,2010-08-17,0,14,"WAN152010","summer","WAN152010_2010-08-03",1,222,9,11
"3224","WAN","WAN16",2010,2010-08-03,2010-08-17,0,14,"WAN162010","summer","WAN162010_2010-08-03",4,222,4,5
"3225","GFH","GFH01",2010,2010-08-04,2010-08-18,0,14,"GFH012010","summer","GFH012010_2010-08-04",0,223,2,2
"3226","GFH","GFH02",2010,2010-08-04,2010-08-18,0,14,"GFH022010","summer","GFH022010_2010-08-04",0,223,6,11
"3227","GFH","GFH03",2010,2010-08-04,2010-08-18,0,14,"GFH032010","summer","GFH032010_2010-08-04",0,223,8,12
"3228","GFH","GFH04",2010,2010-08-04,2010-08-18,0,14,"GFH042010","summer","GFH042010_2010-08-04",0,223,14,33
"3229","GFH","GFH05",2010,2010-08-04,2010-08-18,0,14,"GFH052010","summer","GFH052010_2010-08-04",2,223,5,6
"3230","GFH","GFH06",2010,2010-08-04,2010-08-18,0,14,"GFH062010","summer","GFH062010_2010-08-04",0,223,5,6
"3231","GFH","GFH07",2010,2010-08-04,2010-08-18,0,14,"GFH072010","summer","GFH072010_2010-08-04",0,223,1,1
"3232","GFH","GFH08",2010,2010-08-04,2010-08-18,0,14,"GFH082010","summer","GFH082010_2010-08-04",0,223,1,1
"3233","GFH","GFH09",2010,2010-08-04,2010-08-18,0,14,"GFH092010","summer","GFH092010_2010-08-04",2,223,5,8
"3234","GFH","GFH10",2010,2010-08-04,2010-08-18,0,14,"GFH102010","summer","GFH102010_2010-08-04",0,223,5,11
"3235","GFH","GFH11",2010,2010-08-04,2010-08-18,0,14,"GFH112010","summer","GFH112010_2010-08-04",1,223,8,10
"3236","GFH","GFH12",2010,2010-08-04,2010-08-18,0,14,"GFH122010","summer","GFH122010_2010-08-04",1,223,5,6
"3237","GFH","GFH13",2010,2010-08-04,2010-08-18,0,14,"GFH132010","summer","GFH132010_2010-08-04",2,223,6,7
"3238","GFH","GFH14",2010,2010-08-04,2010-08-18,0,14,"GFH142010","summer","GFH142010_2010-08-04",1,223,13,16
"3239","GFH","GFH15",2010,2010-08-04,2010-08-18,0,14,"GFH152010","summer","GFH152010_2010-08-04",5,223,11,12
"3240","GFH","GFH16",2010,2010-08-04,2010-08-18,0,14,"GFH162010","summer","GFH162010_2010-08-04",0,223,11,25
"3241","SIP","SIP01",2010,2010-08-04,2010-08-18,0,14,"SIP012010","summer","SIP012010_2010-08-04",0,223,3,3
"3242","SIP","SIP02",2010,2010-08-04,2010-08-18,0,14,"SIP022010","summer","SIP022010_2010-08-04",1,223,6,9
"3243","SIP","SIP03",2010,2010-08-04,2010-08-18,0,14,"SIP032010","summer","SIP032010_2010-08-04",0,223,6,7
"3244","SIP","SIP05",2010,2010-08-04,2010-08-18,0,14,"SIP052010","summer","SIP052010_2010-08-04",1,223,1,1
"3245","SIP","SIP06",2010,2010-08-04,2010-08-18,0,14,"SIP062010","summer","SIP062010_2010-08-04",2,223,3,7
"3246","SIP","SIP07",2010,2010-08-04,2010-08-18,0,14,"SIP072010","summer","SIP072010_2010-08-04",1,223,3,4
"3247","SIP","SIP08",2010,2010-08-04,2010-08-18,0,14,"SIP082010","summer","SIP082010_2010-08-04",0,223,5,6
"3248","SIP","SIP09",2010,2010-08-04,2010-08-18,0,14,"SIP092010","summer","SIP092010_2010-08-04",0,223,5,15
"3249","SIP","SIP10",2010,2010-08-04,2010-08-18,0,14,"SIP102010","summer","SIP102010_2010-08-04",1,223,5,5
"3250","SIP","SIP11",2010,2010-08-04,2010-08-18,0,14,"SIP112010","summer","SIP112010_2010-08-04",1,223,1,2
"3251","SIP","SIP12",2010,2010-08-04,2010-08-18,0,14,"SIP122010","summer","SIP122010_2010-08-04",1,223,6,9
"3252","SIP","SIP13",2010,2010-08-04,2010-08-18,0,14,"SIP132010","summer","SIP132010_2010-08-04",0,223,4,5
"3253","SIP","SIP14",2010,2010-08-04,2010-08-18,0,14,"SIP142010","summer","SIP142010_2010-08-04",1,223,9,24
"3254","SIP","SIP16",2010,2010-08-04,2010-08-18,0,14,"SIP162010","summer","SIP162010_2010-08-04",2,223,6,12
"3255","FBG","FBG01",2010,2010-08-16,2010-08-30,0,14,"FBG012010","summer","FBG012010_2010-08-16",4,235,18,52
"3256","FBG","FBG02",2010,2010-08-16,2010-08-30,0,14,"FBG022010","summer","FBG022010_2010-08-16",3,235,5,6
"3257","FBG","FBG04",2010,2010-08-16,2010-08-30,0,14,"FBG042010","summer","FBG042010_2010-08-16",1,235,5,6
"3258","FBG","FBG06",2010,2010-08-16,2010-08-30,0,14,"FBG062010","summer","FBG062010_2010-08-16",5,235,9,23
"3259","FBG","FBG07",2010,2010-08-16,2010-08-30,0,14,"FBG072010","summer","FBG072010_2010-08-16",4,235,11,25
"3260","FBG","FBG08",2010,2010-08-16,2010-08-30,0,14,"FBG082010","summer","FBG082010_2010-08-16",1,235,5,15
"3261","FBG","FBG09",2010,2010-08-16,2010-08-30,0,14,"FBG092010","summer","FBG092010_2010-08-16",2,235,2,2
"3262","FBG","FBG10",2010,2010-08-16,2010-08-30,0,14,"FBG102010","summer","FBG102010_2010-08-16",1,235,7,24
"3263","FBG","FBG11",2010,2010-08-16,2010-08-30,0,14,"FBG112010","summer","FBG112010_2010-08-16",2,235,5,6
"3264","FBG","FBG13",2010,2010-08-16,2010-08-30,0,14,"FBG132010","summer","FBG132010_2010-08-16",3,235,7,14
"3265","FBG","FBG14",2010,2010-08-16,2010-08-30,0,14,"FBG142010","summer","FBG142010_2010-08-16",1,235,2,2
"3266","FBG","FBG15",2010,2010-08-16,2010-08-30,0,14,"FBG152010","summer","FBG152010_2010-08-16",3,235,7,14
"3267","FBG","FBG16",2010,2010-08-16,2010-08-30,0,14,"FBG162010","summer","FBG162010_2010-08-16",2,235,5,5
"3268","SST","SST02",2010,2010-08-16,2010-08-30,0,14,"SST022010","summer","SST022010_2010-08-16",2,235,6,6
"3269","SST","SST03",2010,2010-08-16,2010-08-30,0,14,"SST032010","summer","SST032010_2010-08-16",0,235,2,2
"3270","SST","SST04",2010,2010-08-16,2010-08-30,0,14,"SST042010","summer","SST042010_2010-08-16",2,235,2,2
"3271","SST","SST05",2010,2010-08-16,2010-08-30,0,14,"SST052010","summer","SST052010_2010-08-16",1,235,2,3
"3272","SST","SST06",2010,2010-08-16,2010-08-30,0,14,"SST062010","summer","SST062010_2010-08-16",0,235,5,6
"3273","SST","SST08",2010,2010-08-16,2010-08-30,0,14,"SST082010","summer","SST082010_2010-08-16",1,235,3,3
"3274","SST","SST09",2010,2010-08-16,2010-08-30,0,14,"SST092010","summer","SST092010_2010-08-16",2,235,3,3
"3275","SST","SST10",2010,2010-08-16,2010-08-30,0,14,"SST102010","summer","SST102010_2010-08-16",0,235,3,4
"3276","SST","SST11",2010,2010-08-16,2010-08-30,0,14,"SST112010","summer","SST112010_2010-08-16",1,235,1,2
"3277","SST","SST12",2010,2010-08-16,2010-08-30,0,14,"SST122010","summer","SST122010_2010-08-16",0,235,1,1
"3278","SST","SST13",2010,2010-08-16,2010-08-30,0,14,"SST132010","summer","SST132010_2010-08-16",5,235,1,2
"3279","SST","SST14",2010,2010-08-16,2010-08-30,0,14,"SST142010","summer","SST142010_2010-08-16",0,235,3,5
"3280","SST","SST15",2010,2010-08-16,2010-08-30,0,14,"SST152010","summer","SST152010_2010-08-16",1,235,3,6
"3281","SST","SST16",2010,2010-08-16,2010-08-30,0,14,"SST162010","summer","SST162010_2010-08-16",0,235,2,2
"3282","HAR","HAR01",2010,2010-08-17,2010-08-31,0,14,"HAR012010","summer","HAR012010_2010-08-17",1,236,1,1
"3283","HAR","HAR02",2010,2010-08-17,2010-08-31,0,14,"HAR022010","summer","HAR022010_2010-08-17",1,236,0,0
"3284","HAR","HAR03",2010,2010-08-17,2010-08-31,0,14,"HAR032010","summer","HAR032010_2010-08-17",3,236,3,4
"3285","HAR","HAR04",2010,2010-08-17,2010-08-31,0,14,"HAR042010","summer","HAR042010_2010-08-17",3,236,1,1
"3286","HAR","HAR05",2010,2010-08-17,2010-08-31,0,14,"HAR052010","summer","HAR052010_2010-08-17",1,236,10,11
"3287","HAR","HAR06",2010,2010-08-17,2010-08-31,0,14,"HAR062010","summer","HAR062010_2010-08-17",3,236,2,2
"3288","HAR","HAR07",2010,2010-08-17,2010-08-31,0,14,"HAR072010","summer","HAR072010_2010-08-17",6,236,1,1
"3289","HAR","HAR08",2010,2010-08-17,2010-08-31,0,14,"HAR082010","summer","HAR082010_2010-08-17",7,236,6,7
"3290","HAR","HAR09",2010,2010-08-17,2010-08-31,0,14,"HAR092010","summer","HAR092010_2010-08-17",3,236,6,9
"3291","HAR","HAR10",2010,2010-08-17,2010-08-31,0,14,"HAR102010","summer","HAR102010_2010-08-17",5,236,5,7
"3292","HAR","HAR11",2010,2010-08-17,2010-08-31,0,14,"HAR112010","summer","HAR112010_2010-08-17",19,236,0,0
"3293","HAR","HAR12",2010,2010-08-17,2010-08-31,0,14,"HAR122010","summer","HAR122010_2010-08-17",6,236,0,0
"3294","HAR","HAR13",2010,2010-08-17,2010-08-31,0,14,"HAR132010","summer","HAR132010_2010-08-17",10,236,6,7
"3295","HAR","HAR14",2010,2010-08-17,2010-08-31,0,14,"HAR142010","summer","HAR142010_2010-08-17",7,236,6,8
"3296","HAR","HAR15",2010,2010-08-17,2010-08-31,0,14,"HAR152010","summer","HAR152010_2010-08-17",9,236,5,5
"3297","HAR","HAR16",2010,2010-08-17,2010-08-31,0,14,"HAR162010","summer","HAR162010_2010-08-17",4,236,2,2
"3298","WAN","WAN01",2010,2010-08-17,2010-08-31,0,14,"WAN012010","summer","WAN012010_2010-08-17",1,236,7,12
"3299","WAN","WAN02",2010,2010-08-17,2010-08-31,0,14,"WAN022010","summer","WAN022010_2010-08-17",0,236,2,3
"3300","WAN","WAN04",2010,2010-08-17,2010-08-31,0,14,"WAN042010","summer","WAN042010_2010-08-17",0,236,1,3
"3301","WAN","WAN06",2010,2010-08-17,2010-08-31,0,14,"WAN062010","summer","WAN062010_2010-08-17",0,236,4,4
"3302","WAN","WAN07",2010,2010-08-17,2010-08-31,0,14,"WAN072010","summer","WAN072010_2010-08-17",0,236,2,2
"3303","WAN","WAN08",2010,2010-08-17,2010-08-31,0,14,"WAN082010","summer","WAN082010_2010-08-17",0,236,1,1
"3304","WAN","WAN09",2010,2010-08-17,2010-08-31,0,14,"WAN092010","summer","WAN092010_2010-08-17",0,236,2,6
"3305","WAN","WAN10",2010,2010-08-17,2010-08-31,0,14,"WAN102010","summer","WAN102010_2010-08-17",4,236,9,11
"3306","WAN","WAN11",2010,2010-08-17,2010-08-31,0,14,"WAN112010","summer","WAN112010_2010-08-17",0,236,1,1
"3307","WAN","WAN12",2010,2010-08-17,2010-08-31,0,14,"WAN122010","summer","WAN122010_2010-08-17",0,236,3,3
"3308","WAN","WAN13",2010,2010-08-17,2010-08-31,0,14,"WAN132010","summer","WAN132010_2010-08-17",0,236,1,1
"3309","WAN","WAN14",2010,2010-08-17,2010-08-31,0,14,"WAN142010","summer","WAN142010_2010-08-17",1,236,3,3
"3310","WAN","WAN15",2010,2010-08-17,2010-08-31,0,14,"WAN152010","summer","WAN152010_2010-08-17",0,236,4,4
"3311","GFH","GFH01",2010,2010-08-18,2010-09-01,0,14,"GFH012010","summer","GFH012010_2010-08-18",2,237,2,2
"3312","GFH","GFH02",2010,2010-08-18,2010-09-01,0,14,"GFH022010","summer","GFH022010_2010-08-18",0,237,1,1
"3313","GFH","GFH03",2010,2010-08-18,2010-09-01,0,14,"GFH032010","summer","GFH032010_2010-08-18",1,237,5,6
"3314","GFH","GFH04",2010,2010-08-18,2010-09-01,0,14,"GFH042010","summer","GFH042010_2010-08-18",0,237,7,11
"3315","GFH","GFH05",2010,2010-08-18,2010-09-01,0,14,"GFH052010","summer","GFH052010_2010-08-18",1,237,1,1
"3316","GFH","GFH06",2010,2010-08-18,2010-09-01,0,14,"GFH062010","summer","GFH062010_2010-08-18",0,237,2,4
"3317","GFH","GFH07",2010,2010-08-18,2010-09-01,0,14,"GFH072010","summer","GFH072010_2010-08-18",0,237,1,1
"3318","GFH","GFH08",2010,2010-08-18,2010-09-01,0,14,"GFH082010","summer","GFH082010_2010-08-18",2,237,1,1
"3319","GFH","GFH09",2010,2010-08-18,2010-09-01,0,14,"GFH092010","summer","GFH092010_2010-08-18",2,237,2,2
"3320","GFH","GFH10",2010,2010-08-18,2010-09-01,0,14,"GFH102010","summer","GFH102010_2010-08-18",1,237,1,1
"3321","GFH","GFH11",2010,2010-08-18,2010-09-01,0,14,"GFH112010","summer","GFH112010_2010-08-18",1,237,3,5
"3322","GFH","GFH12",2010,2010-08-18,2010-09-01,0,14,"GFH122010","summer","GFH122010_2010-08-18",0,237,1,1
"3323","GFH","GFH13",2010,2010-08-18,2010-09-01,0,14,"GFH132010","summer","GFH132010_2010-08-18",3,237,5,5
"3324","GFH","GFH14",2010,2010-08-18,2010-09-01,0,14,"GFH142010","summer","GFH142010_2010-08-18",1,237,11,32
"3325","GFH","GFH15",2010,2010-08-18,2010-09-01,0,14,"GFH152010","summer","GFH152010_2010-08-18",3,237,10,13
"3326","GFH","GFH16",2010,2010-08-18,2010-09-01,0,14,"GFH162010","summer","GFH162010_2010-08-18",3,237,11,18
"3327","SIP","SIP01",2010,2010-08-18,2010-09-01,0,14,"SIP012010","summer","SIP012010_2010-08-18",0,237,4,5
"3328","SIP","SIP02",2010,2010-08-18,2010-09-01,0,14,"SIP022010","summer","SIP022010_2010-08-18",0,237,8,12
"3329","SIP","SIP03",2010,2010-08-18,2010-09-01,0,14,"SIP032010","summer","SIP032010_2010-08-18",0,237,5,7
"3330","SIP","SIP05",2010,2010-08-18,2010-09-01,0,14,"SIP052010","summer","SIP052010_2010-08-18",0,237,3,4
"3331","SIP","SIP06",2010,2010-08-18,2010-09-01,0,14,"SIP062010","summer","SIP062010_2010-08-18",0,237,3,3
"3332","SIP","SIP07",2010,2010-08-18,2010-09-01,0,14,"SIP072010","summer","SIP072010_2010-08-18",0,237,3,9
"3333","SIP","SIP08",2010,2010-08-18,2010-09-01,0,14,"SIP082010","summer","SIP082010_2010-08-18",0,237,4,6
"3334","SIP","SIP09",2010,2010-08-18,2010-09-01,0,14,"SIP092010","summer","SIP092010_2010-08-18",1,237,5,11
"3335","SIP","SIP10",2010,2010-08-18,2010-09-01,0,14,"SIP102010","summer","SIP102010_2010-08-18",0,237,4,10
"3336","SIP","SIP11",2010,2010-08-18,2010-09-01,0,14,"SIP112010","summer","SIP112010_2010-08-18",0,237,2,2
"3337","SIP","SIP12",2010,2010-08-18,2010-09-01,0,14,"SIP122010","summer","SIP122010_2010-08-18",0,237,5,7
"3338","SIP","SIP13",2010,2010-08-18,2010-09-01,0,14,"SIP132010","summer","SIP132010_2010-08-18",0,237,4,7
"3339","SIP","SIP14",2010,2010-08-18,2010-09-01,0,14,"SIP142010","summer","SIP142010_2010-08-18",0,237,6,14
"3340","SIP","SIP15",2010,2010-08-18,2010-09-01,0,14,"SIP152010","summer","SIP152010_2010-08-18",0,237,3,8
"3341","SIP","SIP16",2010,2010-08-18,2010-09-01,0,14,"SIP162010","summer","SIP162010_2010-08-18",0,237,4,9
"3342","FBG","FBG01",2010,2010-08-30,2010-09-13,0,14,"FBG012010","summer","FBG012010_2010-08-30",5,249,16,33
"3343","FBG","FBG02",2010,2010-08-30,2010-09-13,0,14,"FBG022010","summer","FBG022010_2010-08-30",11,249,9,12
"3344","FBG","FBG03",2010,2010-08-30,2010-09-13,0,14,"FBG032010","summer","FBG032010_2010-08-30",2,249,3,5
"3345","FBG","FBG04",2010,2010-08-30,2010-09-13,0,14,"FBG042010","summer","FBG042010_2010-08-30",1,249,5,8
"3346","FBG","FBG05",2010,2010-08-30,2010-09-13,0,14,"FBG052010","summer","FBG052010_2010-08-30",8,249,7,18
"3347","FBG","FBG06",2010,2010-08-30,2010-09-13,0,14,"FBG062010","summer","FBG062010_2010-08-30",1,249,9,18
"3348","FBG","FBG07",2010,2010-08-30,2010-09-13,0,14,"FBG072010","summer","FBG072010_2010-08-30",13,249,16,82
"3349","FBG","FBG08",2010,2010-08-30,2010-09-13,0,14,"FBG082010","summer","FBG082010_2010-08-30",1,249,7,56
"3350","FBG","FBG09",2010,2010-08-30,2010-09-13,0,14,"FBG092010","summer","FBG092010_2010-08-30",4,249,8,46
"3351","FBG","FBG10",2010,2010-08-30,2010-09-13,0,14,"FBG102010","summer","FBG102010_2010-08-30",6,249,10,18
"3352","FBG","FBG11",2010,2010-08-30,2010-09-13,0,14,"FBG112010","summer","FBG112010_2010-08-30",0,249,8,22
"3353","FBG","FBG13",2010,2010-08-30,2010-09-13,0,14,"FBG132010","summer","FBG132010_2010-08-30",7,249,4,9
"3354","FBG","FBG14",2010,2010-08-30,2010-09-13,0,14,"FBG142010","summer","FBG142010_2010-08-30",0,249,2,3
"3355","FBG","FBG15",2010,2010-08-30,2010-09-13,0,14,"FBG152010","summer","FBG152010_2010-08-30",4,249,6,9
"3356","FBG","FBG16",2010,2010-08-30,2010-09-13,0,14,"FBG162010","summer","FBG162010_2010-08-30",3,249,7,17
"3357","SST","SST01",2010,2010-08-30,2010-09-13,0,14,"SST012010","summer","SST012010_2010-08-30",0,249,5,7
"3358","SST","SST02",2010,2010-08-30,2010-09-13,0,14,"SST022010","summer","SST022010_2010-08-30",0,249,5,8
"3359","SST","SST03",2010,2010-08-30,2010-09-13,0,14,"SST032010","summer","SST032010_2010-08-30",3,249,1,2
"3360","SST","SST04",2010,2010-08-30,2010-09-13,0,14,"SST042010","summer","SST042010_2010-08-30",0,249,2,3
"3361","SST","SST05",2010,2010-08-30,2010-09-13,0,14,"SST052010","summer","SST052010_2010-08-30",11,249,4,6
"3362","SST","SST06",2010,2010-08-30,2010-09-13,0,14,"SST062010","summer","SST062010_2010-08-30",2,249,5,5
"3363","SST","SST07",2010,2010-08-30,2010-09-13,0,14,"SST072010","summer","SST072010_2010-08-30",0,249,2,2
"3364","SST","SST08",2010,2010-08-30,2010-09-13,0,14,"SST082010","summer","SST082010_2010-08-30",0,249,4,4
"3365","SST","SST09",2010,2010-08-30,2010-09-13,0,14,"SST092010","summer","SST092010_2010-08-30",1,249,1,3
"3366","SST","SST10",2010,2010-08-30,2010-09-13,0,14,"SST102010","summer","SST102010_2010-08-30",0,249,2,2
"3367","SST","SST11",2010,2010-08-30,2010-09-13,0,14,"SST112010","summer","SST112010_2010-08-30",0,249,4,4
"3368","SST","SST12",2010,2010-08-30,2010-09-13,0,14,"SST122010","summer","SST122010_2010-08-30",8,249,8,17
"3369","SST","SST13",2010,2010-08-30,2010-09-13,0,14,"SST132010","summer","SST132010_2010-08-30",13,249,5,6
"3370","SST","SST14",2010,2010-08-30,2010-09-13,0,14,"SST142010","summer","SST142010_2010-08-30",1,249,5,5
"3371","SST","SST15",2010,2010-08-30,2010-09-13,0,14,"SST152010","summer","SST152010_2010-08-30",1,249,5,6
"3372","SST","SST16",2010,2010-08-30,2010-09-13,0,14,"SST162010","summer","SST162010_2010-08-30",0,249,2,3
"3373","HAR","HAR01",2010,2010-08-31,2010-09-14,0,14,"HAR012010","summer","HAR012010_2010-08-31",0,250,4,5
"3374","HAR","HAR02",2010,2010-08-31,2010-09-14,0,14,"HAR022010","summer","HAR022010_2010-08-31",3,250,4,6
"3375","HAR","HAR03",2010,2010-08-31,2010-09-14,0,14,"HAR032010","summer","HAR032010_2010-08-31",6,250,3,3
"3376","HAR","HAR04",2010,2010-08-31,2010-09-14,0,14,"HAR042010","summer","HAR042010_2010-08-31",1,250,2,2
"3377","HAR","HAR05",2010,2010-08-31,2010-09-14,0,14,"HAR052010","summer","HAR052010_2010-08-31",3,250,8,17
"3378","HAR","HAR06",2010,2010-08-31,2010-09-14,0,14,"HAR062010","summer","HAR062010_2010-08-31",1,250,3,3
"3379","HAR","HAR07",2010,2010-08-31,2010-09-14,0,14,"HAR072010","summer","HAR072010_2010-08-31",27,250,1,1
"3380","HAR","HAR08",2010,2010-08-31,2010-09-14,0,14,"HAR082010","summer","HAR082010_2010-08-31",1,250,0,0
"3381","HAR","HAR09",2010,2010-08-31,2010-09-14,0,14,"HAR092010","summer","HAR092010_2010-08-31",14,250,7,9
"3382","HAR","HAR10",2010,2010-08-31,2010-09-14,0,14,"HAR102010","summer","HAR102010_2010-08-31",9,250,5,7
"3383","HAR","HAR11",2010,2010-08-31,2010-09-14,0,14,"HAR112010","summer","HAR112010_2010-08-31",5,250,0,0
"3384","HAR","HAR12",2010,2010-08-31,2010-09-14,0,14,"HAR122010","summer","HAR122010_2010-08-31",17,250,2,2
"3385","HAR","HAR13",2010,2010-08-31,2010-09-14,0,14,"HAR132010","summer","HAR132010_2010-08-31",6,250,7,10
"3386","HAR","HAR14",2010,2010-08-31,2010-09-14,0,14,"HAR142010","summer","HAR142010_2010-08-31",12,250,7,11
"3387","HAR","HAR15",2010,2010-08-31,2010-09-14,0,14,"HAR152010","summer","HAR152010_2010-08-31",16,250,4,4
"3388","HAR","HAR16",2010,2010-08-31,2010-09-14,0,14,"HAR162010","summer","HAR162010_2010-08-31",4,250,3,5
"3389","WAN","WAN03",2010,2010-08-31,2010-09-14,0,14,"WAN032010","summer","WAN032010_2010-08-31",3,250,2,2
"3390","WAN","WAN06",2010,2010-08-31,2010-09-14,0,14,"WAN062010","summer","WAN062010_2010-08-31",0,250,4,4
"3391","WAN","WAN07",2010,2010-08-31,2010-09-14,0,14,"WAN072010","summer","WAN072010_2010-08-31",0,250,3,4
"3392","WAN","WAN09",2010,2010-08-31,2010-09-14,0,14,"WAN092010","summer","WAN092010_2010-08-31",0,250,3,8
"3393","WAN","WAN10",2010,2010-08-31,2010-09-14,0,14,"WAN102010","summer","WAN102010_2010-08-31",8,250,8,13
"3394","WAN","WAN11",2010,2010-08-31,2010-09-14,0,14,"WAN112010","summer","WAN112010_2010-08-31",0,250,1,1
"3395","WAN","WAN12",2010,2010-08-31,2010-09-14,0,14,"WAN122010","summer","WAN122010_2010-08-31",1,250,6,7
"3396","WAN","WAN13",2010,2010-08-31,2010-09-14,0,14,"WAN132010","summer","WAN132010_2010-08-31",1,250,0,0
"3397","WAN","WAN14",2010,2010-08-31,2010-09-14,0,14,"WAN142010","summer","WAN142010_2010-08-31",2,250,1,1
"3398","WAN","WAN15",2010,2010-08-31,2010-09-14,0,14,"WAN152010","summer","WAN152010_2010-08-31",1,250,6,8
"3399","WAN","WAN16",2010,2010-08-31,2010-09-14,0,14,"WAN162010","summer","WAN162010_2010-08-31",4,250,2,3
"3400","GFH","GFH01",2010,2010-09-01,2010-09-15,0,14,"GFH012010","summer","GFH012010_2010-09-01",3,251,0,0
"3401","GFH","GFH02",2010,2010-09-01,2010-09-15,0,14,"GFH022010","summer","GFH022010_2010-09-01",1,251,3,4
"3402","GFH","GFH03",2010,2010-09-01,2010-09-15,0,14,"GFH032010","summer","GFH032010_2010-09-01",0,251,1,2
"3403","GFH","GFH04",2010,2010-09-01,2010-09-15,0,14,"GFH042010","summer","GFH042010_2010-09-01",2,251,2,2
"3404","GFH","GFH05",2010,2010-09-01,2010-09-15,0,14,"GFH052010","summer","GFH052010_2010-09-01",1,251,5,8
"3405","GFH","GFH06",2010,2010-09-01,2010-09-15,0,14,"GFH062010","summer","GFH062010_2010-09-01",0,251,2,3
"3406","GFH","GFH07",2010,2010-09-01,2010-09-15,0,14,"GFH072010","summer","GFH072010_2010-09-01",1,251,1,1
"3407","GFH","GFH08",2010,2010-09-01,2010-09-15,0,14,"GFH082010","summer","GFH082010_2010-09-01",4,251,0,0
"3408","GFH","GFH09",2010,2010-09-01,2010-09-15,0,14,"GFH092010","summer","GFH092010_2010-09-01",3,251,1,1
"3409","GFH","GFH10",2010,2010-09-01,2010-09-15,0,14,"GFH102010","summer","GFH102010_2010-09-01",2,251,4,5
"3410","GFH","GFH11",2010,2010-09-01,2010-09-15,0,14,"GFH112010","summer","GFH112010_2010-09-01",3,251,1,1
"3411","GFH","GFH12",2010,2010-09-01,2010-09-15,0,14,"GFH122010","summer","GFH122010_2010-09-01",3,251,3,3
"3412","GFH","GFH13",2010,2010-09-01,2010-09-15,0,14,"GFH132010","summer","GFH132010_2010-09-01",6,251,3,3
"3413","GFH","GFH14",2010,2010-09-01,2010-09-15,0,14,"GFH142010","summer","GFH142010_2010-09-01",7,251,8,12
"3414","GFH","GFH15",2010,2010-09-01,2010-09-15,0,14,"GFH152010","summer","GFH152010_2010-09-01",3,251,2,2
"3415","GFH","GFH16",2010,2010-09-01,2010-09-15,0,14,"GFH162010","summer","GFH162010_2010-09-01",5,251,4,7
"3416","SIP","SIP02",2010,2010-09-01,2010-09-15,0,14,"SIP022010","summer","SIP022010_2010-09-01",0,251,2,4
"3417","SIP","SIP03",2010,2010-09-01,2010-09-15,0,14,"SIP032010","summer","SIP032010_2010-09-01",0,251,3,3
"3418","SIP","SIP05",2010,2010-09-01,2010-09-15,0,14,"SIP052010","summer","SIP052010_2010-09-01",0,251,1,1
"3419","SIP","SIP06",2010,2010-09-01,2010-09-15,0,14,"SIP062010","summer","SIP062010_2010-09-01",0,251,4,4
"3420","SIP","SIP07",2010,2010-09-01,2010-09-15,0,14,"SIP072010","summer","SIP072010_2010-09-01",0,251,6,10
"3421","SIP","SIP08",2010,2010-09-01,2010-09-15,0,14,"SIP082010","summer","SIP082010_2010-09-01",0,251,8,15
"3422","SIP","SIP09",2010,2010-09-01,2010-09-15,0,14,"SIP092010","summer","SIP092010_2010-09-01",0,251,4,13
"3423","SIP","SIP10",2010,2010-09-01,2010-09-15,0,14,"SIP102010","summer","SIP102010_2010-09-01",1,251,5,6
"3424","SIP","SIP11",2010,2010-09-01,2010-09-15,0,14,"SIP112010","summer","SIP112010_2010-09-01",0,251,1,1
"3425","SIP","SIP12",2010,2010-09-01,2010-09-15,0,14,"SIP122010","summer","SIP122010_2010-09-01",1,251,2,2
"3426","SIP","SIP13",2010,2010-09-01,2010-09-15,0,14,"SIP132010","summer","SIP132010_2010-09-01",0,251,1,1
"3427","SIP","SIP14",2010,2010-09-01,2010-09-15,0,14,"SIP142010","summer","SIP142010_2010-09-01",0,251,3,9
"3428","SIP","SIP15",2010,2010-09-01,2010-09-15,0,14,"SIP152010","summer","SIP152010_2010-09-01",0,251,1,3
"3429","FBG","FBG01",2011,2011-08-01,2011-08-15,0,14,"FBG012011","summer","FBG012011_2011-08-01",5,220,12,46
"3430","FBG","FBG02",2011,2011-08-01,2011-08-15,0,14,"FBG022011","summer","FBG022011_2011-08-01",1,220,7,7
"3431","FBG","FBG03",2011,2011-08-01,2011-08-15,0,14,"FBG032011","summer","FBG032011_2011-08-01",0,220,3,3
"3432","FBG","FBG04",2011,2011-08-01,2011-08-15,0,14,"FBG042011","summer","FBG042011_2011-08-01",1,220,5,13
"3433","FBG","FBG05",2011,2011-08-01,2011-08-15,0,14,"FBG052011","summer","FBG052011_2011-08-01",4,220,16,37
"3434","FBG","FBG09",2011,2011-08-01,2011-08-15,0,14,"FBG092011","summer","FBG092011_2011-08-01",1,220,12,23
"3435","FBG","FBG10",2011,2011-08-01,2011-08-15,0,14,"FBG102011","summer","FBG102011_2011-08-01",5,220,16,38
"3436","FBG","FBG11",2011,2011-08-01,2011-08-15,0,14,"FBG112011","summer","FBG112011_2011-08-01",3,220,9,10
"3437","FBG","FBG13",2011,2011-08-01,2011-08-15,0,14,"FBG132011","summer","FBG132011_2011-08-01",1,220,13,38
"3438","FBG","FBG14",2011,2011-08-01,2011-08-15,0,14,"FBG142011","summer","FBG142011_2011-08-01",1,220,18,110
"3439","FBG","FBG15",2011,2011-08-01,2011-08-15,0,14,"FBG152011","summer","FBG152011_2011-08-01",3,220,6,8
"3440","FBG","FBG16",2011,2011-08-01,2011-08-15,0,14,"FBG162011","summer","FBG162011_2011-08-01",1,220,4,4
"3441","SST","SST02",2011,2011-08-01,2011-08-15,0,14,"SST022011","summer","SST022011_2011-08-01",0,220,5,6
"3442","SST","SST03",2011,2011-08-01,2011-08-15,0,14,"SST032011","summer","SST032011_2011-08-01",2,220,6,7
"3443","SST","SST04",2011,2011-08-01,2011-08-15,0,14,"SST042011","summer","SST042011_2011-08-01",2,220,3,3
"3444","SST","SST06",2011,2011-08-01,2011-08-15,0,14,"SST062011","summer","SST062011_2011-08-01",1,220,4,6
"3445","SST","SST07",2011,2011-08-01,2011-08-15,0,14,"SST072011","summer","SST072011_2011-08-01",0,220,2,2
"3446","SST","SST08",2011,2011-08-01,2011-08-15,0,14,"SST082011","summer","SST082011_2011-08-01",0,220,2,2
"3447","SST","SST09",2011,2011-08-01,2011-08-15,0,14,"SST092011","summer","SST092011_2011-08-01",0,220,1,1
"3448","SST","SST10",2011,2011-08-01,2011-08-15,0,14,"SST102011","summer","SST102011_2011-08-01",1,220,9,13
"3449","SST","SST11",2011,2011-08-01,2011-08-15,0,14,"SST112011","summer","SST112011_2011-08-01",0,220,8,11
"3450","SST","SST12",2011,2011-08-01,2011-08-15,0,14,"SST122011","summer","SST122011_2011-08-01",1,220,5,14
"3451","SST","SST13",2011,2011-08-01,2011-08-15,0,14,"SST132011","summer","SST132011_2011-08-01",3,220,12,84
"3452","SST","SST14",2011,2011-08-01,2011-08-15,0,14,"SST142011","summer","SST142011_2011-08-01",1,220,2,3
"3453","SST","SST15",2011,2011-08-01,2011-08-15,0,14,"SST152011","summer","SST152011_2011-08-01",0,220,3,3
"3454","SST","SST16",2011,2011-08-01,2011-08-15,0,14,"SST162011","summer","SST162011_2011-08-01",0,220,5,11
"3455","HAR","HAR01",2011,2011-08-02,2011-08-16,0,14,"HAR012011","summer","HAR012011_2011-08-02",0,221,4,4
"3456","HAR","HAR02",2011,2011-08-02,2011-08-16,0,14,"HAR022011","summer","HAR022011_2011-08-02",1,221,3,3
"3457","HAR","HAR03",2011,2011-08-02,2011-08-16,0,14,"HAR032011","summer","HAR032011_2011-08-02",5,221,2,2
"3458","HAR","HAR04",2011,2011-08-02,2011-08-16,0,14,"HAR042011","summer","HAR042011_2011-08-02",0,221,1,2
"3459","HAR","HAR05",2011,2011-08-02,2011-08-16,0,14,"HAR052011","summer","HAR052011_2011-08-02",1,221,12,25
"3460","HAR","HAR06",2011,2011-08-02,2011-08-16,0,14,"HAR062011","summer","HAR062011_2011-08-02",1,221,4,4
"3461","HAR","HAR07",2011,2011-08-02,2011-08-16,0,14,"HAR072011","summer","HAR072011_2011-08-02",0,221,2,2
"3462","HAR","HAR08",2011,2011-08-02,2011-08-16,0,14,"HAR082011","summer","HAR082011_2011-08-02",1,221,1,1
"3463","HAR","HAR09",2011,2011-08-02,2011-08-16,0,14,"HAR092011","summer","HAR092011_2011-08-02",2,221,7,22
"3464","HAR","HAR10",2011,2011-08-02,2011-08-16,0,14,"HAR102011","summer","HAR102011_2011-08-02",1,221,11,31
"3465","HAR","HAR11",2011,2011-08-02,2011-08-16,0,14,"HAR112011","summer","HAR112011_2011-08-02",0,221,5,7
"3466","HAR","HAR12",2011,2011-08-02,2011-08-16,0,14,"HAR122011","summer","HAR122011_2011-08-02",13,221,5,9
"3467","HAR","HAR14",2011,2011-08-02,2011-08-16,0,14,"HAR142011","summer","HAR142011_2011-08-02",4,221,5,5
"3468","HAR","HAR15",2011,2011-08-02,2011-08-16,0,14,"HAR152011","summer","HAR152011_2011-08-02",2,221,9,12
"3469","HAR","HAR16",2011,2011-08-02,2011-08-16,0,14,"HAR162011","summer","HAR162011_2011-08-02",2,221,15,29
"3470","WAN","WAN01",2011,2011-08-02,2011-08-16,0,14,"WAN012011","summer","WAN012011_2011-08-02",0,221,17,57
"3471","WAN","WAN02",2011,2011-08-02,2011-08-16,0,14,"WAN022011","summer","WAN022011_2011-08-02",1,221,4,6
"3472","WAN","WAN03",2011,2011-08-02,2011-08-16,0,14,"WAN032011","summer","WAN032011_2011-08-02",0,221,5,5
"3473","WAN","WAN04",2011,2011-08-02,2011-08-16,0,14,"WAN042011","summer","WAN042011_2011-08-02",0,221,12,23
"3474","WAN","WAN05",2011,2011-08-02,2011-08-16,0,14,"WAN052011","summer","WAN052011_2011-08-02",0,221,5,6
"3475","WAN","WAN06",2011,2011-08-02,2011-08-16,0,14,"WAN062011","summer","WAN062011_2011-08-02",2,221,16,47
"3476","WAN","WAN07",2011,2011-08-02,2011-08-16,0,14,"WAN072011","summer","WAN072011_2011-08-02",3,221,5,9
"3477","WAN","WAN08",2011,2011-08-02,2011-08-16,0,14,"WAN082011","summer","WAN082011_2011-08-02",0,221,2,2
"3478","WAN","WAN09",2011,2011-08-02,2011-08-16,0,14,"WAN092011","summer","WAN092011_2011-08-02",1,221,3,3
"3479","WAN","WAN10",2011,2011-08-02,2011-08-16,0,14,"WAN102011","summer","WAN102011_2011-08-02",4,221,8,18
"3480","WAN","WAN11",2011,2011-08-02,2011-08-16,0,14,"WAN112011","summer","WAN112011_2011-08-02",2,221,0,0
"3481","WAN","WAN12",2011,2011-08-02,2011-08-16,0,14,"WAN122011","summer","WAN122011_2011-08-02",1,221,15,30
"3482","WAN","WAN13",2011,2011-08-02,2011-08-16,0,14,"WAN132011","summer","WAN132011_2011-08-02",0,221,3,3
"3483","WAN","WAN14",2011,2011-08-02,2011-08-16,0,14,"WAN142011","summer","WAN142011_2011-08-02",2,221,5,9
"3484","WAN","WAN16",2011,2011-08-02,2011-08-16,0,14,"WAN162011","summer","WAN162011_2011-08-02",4,221,4,4
"3485","GFH","GFH03",2011,2011-08-03,2011-08-17,0,14,"GFH032011","summer","GFH032011_2011-08-03",0,222,4,6
"3486","GFH","GFH05",2011,2011-08-03,2011-08-17,0,14,"GFH052011","summer","GFH052011_2011-08-03",4,222,9,14
"3487","GFH","GFH06",2011,2011-08-03,2011-08-17,0,14,"GFH062011","summer","GFH062011_2011-08-03",1,222,1,1
"3488","GFH","GFH07",2011,2011-08-03,2011-08-17,0,14,"GFH072011","summer","GFH072011_2011-08-03",2,222,0,0
"3489","GFH","GFH08",2011,2011-08-03,2011-08-17,0,14,"GFH082011","summer","GFH082011_2011-08-03",4,222,4,5
"3490","GFH","GFH09",2011,2011-08-03,2011-08-17,0,14,"GFH092011","summer","GFH092011_2011-08-03",3,222,3,4
"3491","GFH","GFH10",2011,2011-08-03,2011-08-17,0,14,"GFH102011","summer","GFH102011_2011-08-03",1,222,9,17
"3492","GFH","GFH11",2011,2011-08-03,2011-08-17,0,14,"GFH112011","summer","GFH112011_2011-08-03",6,222,5,9
"3493","GFH","GFH12",2011,2011-08-03,2011-08-17,0,14,"GFH122011","summer","GFH122011_2011-08-03",0,222,9,18
"3494","GFH","GFH13",2011,2011-08-03,2011-08-17,0,14,"GFH132011","summer","GFH132011_2011-08-03",5,222,3,3
"3495","GFH","GFH15",2011,2011-08-03,2011-08-17,0,14,"GFH152011","summer","GFH152011_2011-08-03",9,222,9,12
"3496","GFH","GFH16",2011,2011-08-03,2011-08-17,0,14,"GFH162011","summer","GFH162011_2011-08-03",6,222,4,4
"3497","SIP","SIP01",2011,2011-08-03,2011-08-17,0,14,"SIP012011","summer","SIP012011_2011-08-03",0,222,3,3
"3498","SIP","SIP02",2011,2011-08-03,2011-08-17,0,14,"SIP022011","summer","SIP022011_2011-08-03",0,222,4,5
"3499","SIP","SIP03",2011,2011-08-03,2011-08-17,0,14,"SIP032011","summer","SIP032011_2011-08-03",1,222,7,10
"3500","SIP","SIP05",2011,2011-08-03,2011-08-17,0,14,"SIP052011","summer","SIP052011_2011-08-03",0,222,2,2
"3501","SIP","SIP06",2011,2011-08-03,2011-08-17,0,14,"SIP062011","summer","SIP062011_2011-08-03",3,222,2,2
"3502","SIP","SIP08",2011,2011-08-03,2011-08-17,0,14,"SIP082011","summer","SIP082011_2011-08-03",0,222,1,1
"3503","SIP","SIP11",2011,2011-08-03,2011-08-17,0,14,"SIP112011","summer","SIP112011_2011-08-03",0,222,4,4
"3504","SIP","SIP12",2011,2011-08-03,2011-08-17,0,14,"SIP122011","summer","SIP122011_2011-08-03",0,222,2,3
"3505","SIP","SIP13",2011,2011-08-03,2011-08-17,0,14,"SIP132011","summer","SIP132011_2011-08-03",0,222,6,10
"3506","SIP","SIP14",2011,2011-08-03,2011-08-17,0,14,"SIP142011","summer","SIP142011_2011-08-03",0,222,2,2
"3507","SIP","SIP15",2011,2011-08-03,2011-08-17,0,14,"SIP152011","summer","SIP152011_2011-08-03",1,222,5,5
"3508","SIP","SIP16",2011,2011-08-03,2011-08-17,0,14,"SIP162011","summer","SIP162011_2011-08-03",0,222,8,27
"3509","FBG","FBG01",2011,2011-08-15,2011-08-29,0,14,"FBG012011","summer","FBG012011_2011-08-15",3,234,16,24
"3510","FBG","FBG02",2011,2011-08-15,2011-08-29,0,14,"FBG022011","summer","FBG022011_2011-08-15",12,234,5,7
"3511","FBG","FBG04",2011,2011-08-15,2011-08-29,0,14,"FBG042011","summer","FBG042011_2011-08-15",3,234,8,12
"3512","FBG","FBG05",2011,2011-08-15,2011-08-29,0,14,"FBG052011","summer","FBG052011_2011-08-15",4,234,11,25
"3513","FBG","FBG06",2011,2011-08-15,2011-08-29,0,14,"FBG062011","summer","FBG062011_2011-08-15",8,234,8,17
"3514","FBG","FBG07",2011,2011-08-15,2011-08-29,0,14,"FBG072011","summer","FBG072011_2011-08-15",13,234,11,20
"3515","FBG","FBG08",2011,2011-08-15,2011-08-29,0,14,"FBG082011","summer","FBG082011_2011-08-15",7,234,3,6
"3516","FBG","FBG11",2011,2011-08-15,2011-08-29,0,14,"FBG112011","summer","FBG112011_2011-08-15",3,234,9,13
"3517","FBG","FBG12",2011,2011-08-15,2011-08-29,0,14,"FBG122011","summer","FBG122011_2011-08-15",0,234,3,3
"3518","FBG","FBG13",2011,2011-08-15,2011-08-29,0,14,"FBG132011","summer","FBG132011_2011-08-15",2,234,8,28
"3519","FBG","FBG14",2011,2011-08-15,2011-08-29,0,14,"FBG142011","summer","FBG142011_2011-08-15",5,234,9,42
"3520","FBG","FBG15",2011,2011-08-15,2011-08-29,0,14,"FBG152011","summer","FBG152011_2011-08-15",3,234,4,4
"3521","FBG","FBG16",2011,2011-08-15,2011-08-29,0,14,"FBG162011","summer","FBG162011_2011-08-15",1,234,8,15
"3522","SST","SST01",2011,2011-08-15,2011-08-29,0,14,"SST012011","summer","SST012011_2011-08-15",0,234,1,1
"3523","SST","SST03",2011,2011-08-15,2011-08-29,0,14,"SST032011","summer","SST032011_2011-08-15",4,234,3,3
"3524","SST","SST04",2011,2011-08-15,2011-08-29,0,14,"SST042011","summer","SST042011_2011-08-15",0,234,4,6
"3525","SST","SST05",2011,2011-08-15,2011-08-29,0,14,"SST052011","summer","SST052011_2011-08-15",1,234,8,16
"3526","SST","SST06",2011,2011-08-15,2011-08-29,0,14,"SST062011","summer","SST062011_2011-08-15",0,234,3,4
"3527","SST","SST07",2011,2011-08-15,2011-08-29,0,14,"SST072011","summer","SST072011_2011-08-15",0,234,4,4
"3528","SST","SST08",2011,2011-08-15,2011-08-29,0,14,"SST082011","summer","SST082011_2011-08-15",3,234,2,2
"3529","SST","SST09",2011,2011-08-15,2011-08-29,0,14,"SST092011","summer","SST092011_2011-08-15",0,234,2,3
"3530","SST","SST10",2011,2011-08-15,2011-08-29,0,14,"SST102011","summer","SST102011_2011-08-15",0,234,1,1
"3531","SST","SST11",2011,2011-08-15,2011-08-29,0,14,"SST112011","summer","SST112011_2011-08-15",1,234,2,2
"3532","SST","SST12",2011,2011-08-15,2011-08-29,0,14,"SST122011","summer","SST122011_2011-08-15",2,234,6,9
"3533","SST","SST13",2011,2011-08-15,2011-08-29,0,14,"SST132011","summer","SST132011_2011-08-15",4,234,3,5
"3534","SST","SST14",2011,2011-08-15,2011-08-29,0,14,"SST142011","summer","SST142011_2011-08-15",0,234,2,3
"3535","SST","SST15",2011,2011-08-15,2011-08-29,0,14,"SST152011","summer","SST152011_2011-08-15",0,234,1,1
"3536","SST","SST16",2011,2011-08-15,2011-08-29,0,14,"SST162011","summer","SST162011_2011-08-15",1,234,9,16
"3537","HAR","HAR01",2011,2011-08-16,2011-08-30,0,14,"HAR012011","summer","HAR012011_2011-08-16",3,235,3,4
"3538","HAR","HAR02",2011,2011-08-16,2011-08-30,0,14,"HAR022011","summer","HAR022011_2011-08-16",2,235,1,1
"3539","HAR","HAR03",2011,2011-08-16,2011-08-30,0,14,"HAR032011","summer","HAR032011_2011-08-16",4,235,0,0
"3540","HAR","HAR05",2011,2011-08-16,2011-08-30,0,14,"HAR052011","summer","HAR052011_2011-08-16",0,235,8,10
"3541","HAR","HAR06",2011,2011-08-16,2011-08-30,0,14,"HAR062011","summer","HAR062011_2011-08-16",0,235,7,7
"3542","HAR","HAR07",2011,2011-08-16,2011-08-30,0,14,"HAR072011","summer","HAR072011_2011-08-16",0,235,4,5
"3543","HAR","HAR09",2011,2011-08-16,2011-08-30,0,14,"HAR092011","summer","HAR092011_2011-08-16",1,235,8,8
"3544","HAR","HAR10",2011,2011-08-16,2011-08-30,0,14,"HAR102011","summer","HAR102011_2011-08-16",3,235,6,6
"3545","HAR","HAR11",2011,2011-08-16,2011-08-30,0,14,"HAR112011","summer","HAR112011_2011-08-16",1,235,2,2
"3546","HAR","HAR12",2011,2011-08-16,2011-08-30,0,14,"HAR122011","summer","HAR122011_2011-08-16",9,235,6,10
"3547","HAR","HAR13",2011,2011-08-16,2011-08-30,0,14,"HAR132011","summer","HAR132011_2011-08-16",7,235,8,9
"3548","HAR","HAR14",2011,2011-08-16,2011-08-30,0,14,"HAR142011","summer","HAR142011_2011-08-16",5,235,5,9
"3549","HAR","HAR15",2011,2011-08-16,2011-08-30,0,14,"HAR152011","summer","HAR152011_2011-08-16",17,235,8,11
"3550","HAR","HAR16",2011,2011-08-16,2011-08-30,0,14,"HAR162011","summer","HAR162011_2011-08-16",4,235,10,11
"3551","WAN","WAN01",2011,2011-08-16,2011-08-30,0,14,"WAN012011","summer","WAN012011_2011-08-16",4,235,11,22
"3552","WAN","WAN04",2011,2011-08-16,2011-08-30,0,14,"WAN042011","summer","WAN042011_2011-08-16",0,235,7,9
"3553","WAN","WAN05",2011,2011-08-16,2011-08-30,0,14,"WAN052011","summer","WAN052011_2011-08-16",0,235,2,5
"3554","WAN","WAN06",2011,2011-08-16,2011-08-30,0,14,"WAN062011","summer","WAN062011_2011-08-16",1,235,6,23
"3555","WAN","WAN07",2011,2011-08-16,2011-08-30,0,14,"WAN072011","summer","WAN072011_2011-08-16",0,235,1,1
"3556","WAN","WAN08",2011,2011-08-16,2011-08-30,0,14,"WAN082011","summer","WAN082011_2011-08-16",0,235,2,2
"3557","WAN","WAN09",2011,2011-08-16,2011-08-30,0,14,"WAN092011","summer","WAN092011_2011-08-16",1,235,3,4
"3558","WAN","WAN10",2011,2011-08-16,2011-08-30,0,14,"WAN102011","summer","WAN102011_2011-08-16",1,235,10,70
"3559","WAN","WAN11",2011,2011-08-16,2011-08-30,0,14,"WAN112011","summer","WAN112011_2011-08-16",0,235,4,4
"3560","WAN","WAN12",2011,2011-08-16,2011-08-30,0,14,"WAN122011","summer","WAN122011_2011-08-16",0,235,2,2
"3561","WAN","WAN13",2011,2011-08-16,2011-08-30,0,14,"WAN132011","summer","WAN132011_2011-08-16",0,235,1,1
"3562","WAN","WAN14",2011,2011-08-16,2011-08-30,0,14,"WAN142011","summer","WAN142011_2011-08-16",1,235,8,22
"3563","WAN","WAN15",2011,2011-08-16,2011-08-30,0,14,"WAN152011","summer","WAN152011_2011-08-16",1,235,2,2
"3564","WAN","WAN16",2011,2011-08-16,2011-08-30,0,14,"WAN162011","summer","WAN162011_2011-08-16",5,235,1,1
"3565","GFH","GFH01",2011,2011-08-17,2011-08-31,0,14,"GFH012011","summer","GFH012011_2011-08-17",1,236,0,0
"3566","GFH","GFH02",2011,2011-08-17,2011-08-31,0,14,"GFH022011","summer","GFH022011_2011-08-17",1,236,1,1
"3567","GFH","GFH03",2011,2011-08-17,2011-08-31,0,14,"GFH032011","summer","GFH032011_2011-08-17",1,236,2,2
"3568","GFH","GFH04",2011,2011-08-17,2011-08-31,0,14,"GFH042011","summer","GFH042011_2011-08-17",4,236,8,11
"3569","GFH","GFH05",2011,2011-08-17,2011-08-31,0,14,"GFH052011","summer","GFH052011_2011-08-17",3,236,8,12
"3570","GFH","GFH07",2011,2011-08-17,2011-08-31,0,14,"GFH072011","summer","GFH072011_2011-08-17",2,236,3,6
"3571","GFH","GFH08",2011,2011-08-17,2011-08-31,0,14,"GFH082011","summer","GFH082011_2011-08-17",2,236,1,1
"3572","GFH","GFH09",2011,2011-08-17,2011-08-31,0,14,"GFH092011","summer","GFH092011_2011-08-17",1,236,2,2
"3573","GFH","GFH10",2011,2011-08-17,2011-08-31,0,14,"GFH102011","summer","GFH102011_2011-08-17",0,236,5,10
"3574","GFH","GFH11",2011,2011-08-17,2011-08-31,0,14,"GFH112011","summer","GFH112011_2011-08-17",5,236,3,3
"3575","GFH","GFH12",2011,2011-08-17,2011-08-31,0,14,"GFH122011","summer","GFH122011_2011-08-17",0,236,4,4
"3576","GFH","GFH13",2011,2011-08-17,2011-08-31,0,14,"GFH132011","summer","GFH132011_2011-08-17",3,236,3,3
"3577","GFH","GFH14",2011,2011-08-17,2011-08-31,0,14,"GFH142011","summer","GFH142011_2011-08-17",4,236,4,6
"3578","GFH","GFH15",2011,2011-08-17,2011-08-31,0,14,"GFH152011","summer","GFH152011_2011-08-17",3,236,2,2
"3579","GFH","GFH16",2011,2011-08-17,2011-08-31,0,14,"GFH162011","summer","GFH162011_2011-08-17",7,236,2,2
"3580","SIP","SIP01",2011,2011-08-17,2011-08-31,0,14,"SIP012011","summer","SIP012011_2011-08-17",0,236,3,5
"3581","SIP","SIP02",2011,2011-08-17,2011-08-31,0,14,"SIP022011","summer","SIP022011_2011-08-17",0,236,5,6
"3582","SIP","SIP03",2011,2011-08-17,2011-08-31,0,14,"SIP032011","summer","SIP032011_2011-08-17",0,236,11,13
"3583","SIP","SIP05",2011,2011-08-17,2011-08-31,0,14,"SIP052011","summer","SIP052011_2011-08-17",0,236,2,2
"3584","SIP","SIP06",2011,2011-08-17,2011-08-31,0,14,"SIP062011","summer","SIP062011_2011-08-17",0,236,1,1
"3585","SIP","SIP07",2011,2011-08-17,2011-08-31,0,14,"SIP072011","summer","SIP072011_2011-08-17",1,236,4,4
"3586","SIP","SIP08",2011,2011-08-17,2011-08-31,0,14,"SIP082011","summer","SIP082011_2011-08-17",0,236,6,10
"3587","SIP","SIP09",2011,2011-08-17,2011-08-31,0,14,"SIP092011","summer","SIP092011_2011-08-17",0,236,4,9
"3588","SIP","SIP10",2011,2011-08-17,2011-08-31,0,14,"SIP102011","summer","SIP102011_2011-08-17",0,236,1,1
"3589","SIP","SIP12",2011,2011-08-17,2011-08-31,0,14,"SIP122011","summer","SIP122011_2011-08-17",6,236,5,10
"3590","SIP","SIP13",2011,2011-08-17,2011-08-31,0,14,"SIP132011","summer","SIP132011_2011-08-17",0,236,3,12
"3591","SIP","SIP14",2011,2011-08-17,2011-08-31,0,14,"SIP142011","summer","SIP142011_2011-08-17",0,236,4,4
"3592","SIP","SIP15",2011,2011-08-17,2011-08-31,0,14,"SIP152011","summer","SIP152011_2011-08-17",0,236,1,1
"3593","SIP","SIP16",2011,2011-08-17,2011-08-31,0,14,"SIP162011","summer","SIP162011_2011-08-17",0,236,6,23
"3594","FBG","FBG02",2011,2011-08-29,2011-09-12,0,14,"FBG022011","summer","FBG022011_2011-08-29",8,248,5,7
"3595","FBG","FBG05",2011,2011-08-29,2011-09-12,0,14,"FBG052011","summer","FBG052011_2011-08-29",22,248,9,18
"3596","FBG","FBG09",2011,2011-08-29,2011-09-12,0,14,"FBG092011","summer","FBG092011_2011-08-29",0,248,4,5
"3597","FBG","FBG12",2011,2011-08-29,2011-09-12,0,14,"FBG122011","summer","FBG122011_2011-08-29",1,248,2,2
"3598","FBG","FBG13",2011,2011-08-29,2011-09-12,0,14,"FBG132011","summer","FBG132011_2011-08-29",2,248,8,10
"3599","FBG","FBG14",2011,2011-08-29,2011-09-12,0,14,"FBG142011","summer","FBG142011_2011-08-29",4,248,8,34
"3600","FBG","FBG15",2011,2011-08-29,2011-09-12,0,14,"FBG152011","summer","FBG152011_2011-08-29",0,248,6,9
"3601","FBG","FBG16",2011,2011-08-29,2011-09-12,0,14,"FBG162011","summer","FBG162011_2011-08-29",2,248,3,3
"3602","SST","SST01",2011,2011-08-29,2011-09-12,0,14,"SST012011","summer","SST012011_2011-08-29",0,248,8,11
"3603","SST","SST02",2011,2011-08-29,2011-09-12,0,14,"SST022011","summer","SST022011_2011-08-29",0,248,3,17
"3604","SST","SST03",2011,2011-08-29,2011-09-12,0,14,"SST032011","summer","SST032011_2011-08-29",4,248,2,2
"3605","SST","SST05",2011,2011-08-29,2011-09-12,0,14,"SST052011","summer","SST052011_2011-08-29",5,248,7,18
"3606","SST","SST06",2011,2011-08-29,2011-09-12,0,14,"SST062011","summer","SST062011_2011-08-29",0,248,1,1
"3607","SST","SST07",2011,2011-08-29,2011-09-12,0,14,"SST072011","summer","SST072011_2011-08-29",1,248,2,2
"3608","SST","SST08",2011,2011-08-29,2011-09-12,0,14,"SST082011","summer","SST082011_2011-08-29",5,248,1,1
"3609","SST","SST09",2011,2011-08-29,2011-09-12,0,14,"SST092011","summer","SST092011_2011-08-29",0,248,3,3
"3610","SST","SST12",2011,2011-08-29,2011-09-12,0,14,"SST122011","summer","SST122011_2011-08-29",0,248,2,3
"3611","SST","SST13",2011,2011-08-29,2011-09-12,0,14,"SST132011","summer","SST132011_2011-08-29",0,248,5,9
"3612","SST","SST14",2011,2011-08-29,2011-09-12,0,14,"SST142011","summer","SST142011_2011-08-29",0,248,2,2
"3613","SST","SST16",2011,2011-08-29,2011-09-12,0,14,"SST162011","summer","SST162011_2011-08-29",1,248,5,6
"3614","HAR","HAR01",2011,2011-08-30,2011-09-13,0,14,"HAR012011","summer","HAR012011_2011-08-30",3,249,1,1
"3615","HAR","HAR03",2011,2011-08-30,2011-09-13,0,14,"HAR032011","summer","HAR032011_2011-08-30",1,249,3,3
"3616","HAR","HAR04",2011,2011-08-30,2011-09-13,0,14,"HAR042011","summer","HAR042011_2011-08-30",2,249,1,1
"3617","HAR","HAR05",2011,2011-08-30,2011-09-13,0,14,"HAR052011","summer","HAR052011_2011-08-30",1,249,10,19
"3618","HAR","HAR06",2011,2011-08-30,2011-09-13,0,14,"HAR062011","summer","HAR062011_2011-08-30",2,249,4,4
"3619","HAR","HAR07",2011,2011-08-30,2011-09-13,0,14,"HAR072011","summer","HAR072011_2011-08-30",0,249,4,4
"3620","HAR","HAR08",2011,2011-08-30,2011-09-13,0,14,"HAR082011","summer","HAR082011_2011-08-30",2,249,0,0
"3621","HAR","HAR09",2011,2011-08-30,2011-09-13,0,14,"HAR092011","summer","HAR092011_2011-08-30",5,249,7,10
"3622","HAR","HAR10",2011,2011-08-30,2011-09-13,0,14,"HAR102011","summer","HAR102011_2011-08-30",2,249,3,3
"3623","HAR","HAR11",2011,2011-08-30,2011-09-13,0,14,"HAR112011","summer","HAR112011_2011-08-30",5,249,0,0
"3624","HAR","HAR12",2011,2011-08-30,2011-09-13,0,14,"HAR122011","summer","HAR122011_2011-08-30",19,249,6,11
"3625","HAR","HAR13",2011,2011-08-30,2011-09-13,0,14,"HAR132011","summer","HAR132011_2011-08-30",9,249,2,5
"3626","HAR","HAR14",2011,2011-08-30,2011-09-13,0,14,"HAR142011","summer","HAR142011_2011-08-30",6,249,4,4
"3627","HAR","HAR15",2011,2011-08-30,2011-09-13,0,14,"HAR152011","summer","HAR152011_2011-08-30",16,249,9,10
"3628","HAR","HAR16",2011,2011-08-30,2011-09-13,0,14,"HAR162011","summer","HAR162011_2011-08-30",9,249,5,8
"3629","WAN","WAN01",2011,2011-08-30,2011-09-13,0,14,"WAN012011","summer","WAN012011_2011-08-30",2,249,12,20
"3630","WAN","WAN02",2011,2011-08-30,2011-09-13,0,14,"WAN022011","summer","WAN022011_2011-08-30",0,249,1,1
"3631","WAN","WAN03",2011,2011-08-30,2011-09-13,0,14,"WAN032011","summer","WAN032011_2011-08-30",1,249,1,1
"3632","WAN","WAN04",2011,2011-08-30,2011-09-13,0,14,"WAN042011","summer","WAN042011_2011-08-30",0,249,4,7
"3633","WAN","WAN06",2011,2011-08-30,2011-09-13,0,14,"WAN062011","summer","WAN062011_2011-08-30",0,249,5,24
"3634","WAN","WAN07",2011,2011-08-30,2011-09-13,0,14,"WAN072011","summer","WAN072011_2011-08-30",1,249,1,1
"3635","WAN","WAN08",2011,2011-08-30,2011-09-13,0,14,"WAN082011","summer","WAN082011_2011-08-30",2,249,4,4
"3636","WAN","WAN09",2011,2011-08-30,2011-09-13,0,14,"WAN092011","summer","WAN092011_2011-08-30",0,249,4,6
"3637","WAN","WAN10",2011,2011-08-30,2011-09-13,0,14,"WAN102011","summer","WAN102011_2011-08-30",13,249,11,55
"3638","WAN","WAN12",2011,2011-08-30,2011-09-13,0,14,"WAN122011","summer","WAN122011_2011-08-30",5,249,6,8
"3639","WAN","WAN13",2011,2011-08-30,2011-09-13,0,14,"WAN132011","summer","WAN132011_2011-08-30",5,249,0,0
"3640","WAN","WAN14",2011,2011-08-30,2011-09-13,0,14,"WAN142011","summer","WAN142011_2011-08-30",3,249,5,7
"3641","WAN","WAN15",2011,2011-08-30,2011-09-13,0,14,"WAN152011","summer","WAN152011_2011-08-30",0,249,6,6
"3642","WAN","WAN16",2011,2011-08-30,2011-09-13,0,14,"WAN162011","summer","WAN162011_2011-08-30",5,249,3,3
"3643","GFH","GFH03",2011,2011-08-31,2011-09-14,0,14,"GFH032011","summer","GFH032011_2011-08-31",0,250,1,1
"3644","GFH","GFH04",2011,2011-08-31,2011-09-14,0,14,"GFH042011","summer","GFH042011_2011-08-31",0,250,1,1
"3645","GFH","GFH05",2011,2011-08-31,2011-09-14,0,14,"GFH052011","summer","GFH052011_2011-08-31",6,250,4,9
"3646","GFH","GFH06",2011,2011-08-31,2011-09-14,0,14,"GFH062011","summer","GFH062011_2011-08-31",0,250,4,8
"3647","GFH","GFH07",2011,2011-08-31,2011-09-14,0,14,"GFH072011","summer","GFH072011_2011-08-31",1,250,0,0
"3648","GFH","GFH08",2011,2011-08-31,2011-09-14,0,14,"GFH082011","summer","GFH082011_2011-08-31",3,250,0,0
"3649","GFH","GFH09",2011,2011-08-31,2011-09-14,0,14,"GFH092011","summer","GFH092011_2011-08-31",3,250,0,0
"3650","GFH","GFH10",2011,2011-08-31,2011-09-14,0,14,"GFH102011","summer","GFH102011_2011-08-31",5,250,3,3
"3651","GFH","GFH11",2011,2011-08-31,2011-09-14,0,14,"GFH112011","summer","GFH112011_2011-08-31",16,250,2,2
"3652","GFH","GFH12",2011,2011-08-31,2011-09-14,0,14,"GFH122011","summer","GFH122011_2011-08-31",3,250,2,2
"3653","GFH","GFH13",2011,2011-08-31,2011-09-14,0,14,"GFH132011","summer","GFH132011_2011-08-31",7,250,3,3
"3654","GFH","GFH14",2011,2011-08-31,2011-09-14,0,14,"GFH142011","summer","GFH142011_2011-08-31",3,250,6,9
"3655","GFH","GFH15",2011,2011-08-31,2011-09-14,0,14,"GFH152011","summer","GFH152011_2011-08-31",14,250,1,1
"3656","GFH","GFH16",2011,2011-08-31,2011-09-14,0,14,"GFH162011","summer","GFH162011_2011-08-31",9,250,4,4
"3657","SIP","SIP01",2011,2011-08-31,2011-09-14,0,14,"SIP012011","summer","SIP012011_2011-08-31",0,250,2,2
"3658","SIP","SIP02",2011,2011-08-31,2011-09-14,0,14,"SIP022011","summer","SIP022011_2011-08-31",0,250,3,8
"3659","SIP","SIP03",2011,2011-08-31,2011-09-14,0,14,"SIP032011","summer","SIP032011_2011-08-31",0,250,2,5
"3660","SIP","SIP06",2011,2011-08-31,2011-09-14,0,14,"SIP062011","summer","SIP062011_2011-08-31",1,250,2,2
"3661","SIP","SIP08",2011,2011-08-31,2011-09-14,0,14,"SIP082011","summer","SIP082011_2011-08-31",0,250,3,4
"3662","SIP","SIP09",2011,2011-08-31,2011-09-14,0,14,"SIP092011","summer","SIP092011_2011-08-31",0,250,3,6
"3663","SIP","SIP12",2011,2011-08-31,2011-09-14,0,14,"SIP122011","summer","SIP122011_2011-08-31",2,250,3,4
"3664","SIP","SIP13",2011,2011-08-31,2011-09-14,0,14,"SIP132011","summer","SIP132011_2011-08-31",0,250,1,2
"3665","SIP","SIP14",2011,2011-08-31,2011-09-14,0,14,"SIP142011","summer","SIP142011_2011-08-31",0,250,2,2
"3666","SIP","SIP15",2011,2011-08-31,2011-09-14,0,14,"SIP152011","summer","SIP152011_2011-08-31",1,250,0,0
"3667","SIP","SIP16",2011,2011-08-31,2011-09-14,0,14,"SIP162011","summer","SIP162011_2011-08-31",0,250,4,8
"3668","FBG","FBG01",2012,2012-07-31,2012-08-14,0,14,"FBG012012","summer","FBG012012_2012-07-31",3,220,13,35
"3669","FBG","FBG02",2012,2012-07-31,2012-08-14,0,14,"FBG022012","summer","FBG022012_2012-07-31",3,220,8,17
"3670","FBG","FBG03",2012,2012-07-31,2012-08-14,0,14,"FBG032012","summer","FBG032012_2012-07-31",7,220,10,30
"3671","FBG","FBG04",2012,2012-07-31,2012-08-14,0,14,"FBG042012","summer","FBG042012_2012-07-31",3,220,7,25
"3672","FBG","FBG05",2012,2012-07-31,2012-08-14,0,14,"FBG052012","summer","FBG052012_2012-07-31",3,220,8,41
"3673","FBG","FBG06",2012,2012-07-31,2012-08-14,0,14,"FBG062012","summer","FBG062012_2012-07-31",1,220,20,65
"3674","FBG","FBG07",2012,2012-07-31,2012-08-14,0,14,"FBG072012","summer","FBG072012_2012-07-31",4,220,21,122
"3675","FBG","FBG08",2012,2012-07-31,2012-08-14,0,14,"FBG082012","summer","FBG082012_2012-07-31",0,220,10,59
"3676","FBG","FBG09",2012,2012-07-31,2012-08-14,0,14,"FBG092012","summer","FBG092012_2012-07-31",3,220,7,19
"3677","FBG","FBG10",2012,2012-07-31,2012-08-14,0,14,"FBG102012","summer","FBG102012_2012-07-31",7,220,10,19
"3678","FBG","FBG11",2012,2012-07-31,2012-08-14,0,14,"FBG112012","summer","FBG112012_2012-07-31",8,220,13,31
"3679","FBG","FBG12",2012,2012-07-31,2012-08-14,0,14,"FBG122012","summer","FBG122012_2012-07-31",3,220,1,1
"3680","FBG","FBG13",2012,2012-07-31,2012-08-14,0,14,"FBG132012","summer","FBG132012_2012-07-31",7,220,10,34
"3681","FBG","FBG14",2012,2012-07-31,2012-08-14,0,14,"FBG142012","summer","FBG142012_2012-07-31",4,220,12,31
"3682","FBG","FBG15",2012,2012-07-31,2012-08-14,0,14,"FBG152012","summer","FBG152012_2012-07-31",0,220,6,16
"3683","FBG","FBG16",2012,2012-07-31,2012-08-14,0,14,"FBG162012","summer","FBG162012_2012-07-31",1,220,7,17
"3684","SST","SST01",2012,2012-07-31,2012-08-14,0,14,"SST012012","summer","SST012012_2012-07-31",3,220,9,15
"3685","SST","SST02",2012,2012-07-31,2012-08-14,0,14,"SST022012","summer","SST022012_2012-07-31",0,220,2,4
"3686","SST","SST03",2012,2012-07-31,2012-08-14,0,14,"SST032012","summer","SST032012_2012-07-31",3,220,5,7
"3687","SST","SST04",2012,2012-07-31,2012-08-14,0,14,"SST042012","summer","SST042012_2012-07-31",8,220,12,76
"3688","SST","SST05",2012,2012-07-31,2012-08-14,0,14,"SST052012","summer","SST052012_2012-07-31",0,220,8,10
"3689","SST","SST06",2012,2012-07-31,2012-08-14,0,14,"SST062012","summer","SST062012_2012-07-31",1,220,4,5
"3690","SST","SST07",2012,2012-07-31,2012-08-14,0,14,"SST072012","summer","SST072012_2012-07-31",0,220,2,2
"3691","SST","SST08",2012,2012-07-31,2012-08-14,0,14,"SST082012","summer","SST082012_2012-07-31",2,220,5,6
"3692","SST","SST09",2012,2012-07-31,2012-08-14,0,14,"SST092012","summer","SST092012_2012-07-31",1,220,6,9
"3693","SST","SST10",2012,2012-07-31,2012-08-14,0,14,"SST102012","summer","SST102012_2012-07-31",1,220,5,6
"3694","SST","SST11",2012,2012-07-31,2012-08-14,0,14,"SST112012","summer","SST112012_2012-07-31",1,220,8,13
"3695","SST","SST12",2012,2012-07-31,2012-08-14,0,14,"SST122012","summer","SST122012_2012-07-31",4,220,8,12
"3696","SST","SST13",2012,2012-07-31,2012-08-14,0,14,"SST132012","summer","SST132012_2012-07-31",0,220,7,13
"3697","SST","SST14",2012,2012-07-31,2012-08-14,0,14,"SST142012","summer","SST142012_2012-07-31",0,220,8,16
"3698","SST","SST15",2012,2012-07-31,2012-08-14,0,14,"SST152012","summer","SST152012_2012-07-31",0,220,2,3
"3699","SST","SST16",2012,2012-07-31,2012-08-14,0,14,"SST162012","summer","SST162012_2012-07-31",1,220,6,11
"3700","GFH","GFH01",2012,2012-08-02,2012-08-16,0,14,"GFH012012","summer","GFH012012_2012-08-02",1,222,1,1
"3701","GFH","GFH02",2012,2012-08-02,2012-08-16,0,14,"GFH022012","summer","GFH022012_2012-08-02",0,222,2,2
"3702","GFH","GFH04",2012,2012-08-02,2012-08-16,0,14,"GFH042012","summer","GFH042012_2012-08-02",4,222,7,10
"3703","GFH","GFH05",2012,2012-08-02,2012-08-16,0,14,"GFH052012","summer","GFH052012_2012-08-02",0,222,8,9
"3704","GFH","GFH06",2012,2012-08-02,2012-08-16,0,14,"GFH062012","summer","GFH062012_2012-08-02",1,222,5,7
"3705","GFH","GFH07",2012,2012-08-02,2012-08-16,0,14,"GFH072012","summer","GFH072012_2012-08-02",0,222,2,2
"3706","GFH","GFH08",2012,2012-08-02,2012-08-16,0,14,"GFH082012","summer","GFH082012_2012-08-02",4,222,1,1
"3707","GFH","GFH09",2012,2012-08-02,2012-08-16,0,14,"GFH092012","summer","GFH092012_2012-08-02",1,222,1,1
"3708","GFH","GFH10",2012,2012-08-02,2012-08-16,0,14,"GFH102012","summer","GFH102012_2012-08-02",1,222,2,3
"3709","GFH","GFH11",2012,2012-08-02,2012-08-16,0,14,"GFH112012","summer","GFH112012_2012-08-02",3,222,4,4
"3710","GFH","GFH12",2012,2012-08-02,2012-08-16,0,14,"GFH122012","summer","GFH122012_2012-08-02",1,222,3,3
"3711","GFH","GFH14",2012,2012-08-02,2012-08-16,0,14,"GFH142012","summer","GFH142012_2012-08-02",5,222,7,7
"3712","GFH","GFH15",2012,2012-08-02,2012-08-16,0,14,"GFH152012","summer","GFH152012_2012-08-02",13,222,1,1
"3713","GFH","GFH16",2012,2012-08-02,2012-08-16,0,14,"GFH162012","summer","GFH162012_2012-08-02",2,222,5,5
"3714","SIP","SIP02",2012,2012-08-02,2012-08-16,0,14,"SIP022012","summer","SIP022012_2012-08-02",0,222,6,10
"3715","SIP","SIP03",2012,2012-08-02,2012-08-16,0,14,"SIP032012","summer","SIP032012_2012-08-02",0,222,1,1
"3716","SIP","SIP05",2012,2012-08-02,2012-08-16,0,14,"SIP052012","summer","SIP052012_2012-08-02",0,222,1,1
"3717","SIP","SIP07",2012,2012-08-02,2012-08-16,0,14,"SIP072012","summer","SIP072012_2012-08-02",2,222,1,1
"3718","SIP","SIP08",2012,2012-08-02,2012-08-16,0,14,"SIP082012","summer","SIP082012_2012-08-02",0,222,3,4
"3719","SIP","SIP09",2012,2012-08-02,2012-08-16,0,14,"SIP092012","summer","SIP092012_2012-08-02",0,222,2,4
"3720","SIP","SIP10",2012,2012-08-02,2012-08-16,0,14,"SIP102012","summer","SIP102012_2012-08-02",6,222,5,7
"3721","SIP","SIP11",2012,2012-08-02,2012-08-16,0,14,"SIP112012","summer","SIP112012_2012-08-02",2,222,0,0
"3722","SIP","SIP12",2012,2012-08-02,2012-08-16,0,14,"SIP122012","summer","SIP122012_2012-08-02",11,222,5,9
"3723","SIP","SIP13",2012,2012-08-02,2012-08-16,0,14,"SIP132012","summer","SIP132012_2012-08-02",1,222,2,8
"3724","SIP","SIP14",2012,2012-08-02,2012-08-16,0,14,"SIP142012","summer","SIP142012_2012-08-02",0,222,1,7
"3725","SIP","SIP16",2012,2012-08-02,2012-08-16,0,14,"SIP162012","summer","SIP162012_2012-08-02",2,222,2,5
"3726","FBG","FBG01",2012,2012-08-14,2012-08-28,0,14,"FBG012012","summer","FBG012012_2012-08-14",6,234,10,14
"3727","FBG","FBG02",2012,2012-08-14,2012-08-28,0,14,"FBG022012","summer","FBG022012_2012-08-14",2,234,6,8
"3728","FBG","FBG03",2012,2012-08-14,2012-08-28,0,14,"FBG032012","summer","FBG032012_2012-08-14",1,234,6,12
"3729","FBG","FBG04",2012,2012-08-14,2012-08-28,0,14,"FBG042012","summer","FBG042012_2012-08-14",1,234,8,13
"3730","FBG","FBG06",2012,2012-08-14,2012-08-28,0,14,"FBG062012","summer","FBG062012_2012-08-14",1,234,7,25
"3731","FBG","FBG07",2012,2012-08-14,2012-08-28,0,14,"FBG072012","summer","FBG072012_2012-08-14",10,234,14,46
"3732","FBG","FBG08",2012,2012-08-14,2012-08-28,0,14,"FBG082012","summer","FBG082012_2012-08-14",0,234,10,20
"3733","FBG","FBG09",2012,2012-08-14,2012-08-28,0,14,"FBG092012","summer","FBG092012_2012-08-14",3,234,3,3
"3734","FBG","FBG10",2012,2012-08-14,2012-08-28,0,14,"FBG102012","summer","FBG102012_2012-08-14",1,234,10,25
"3735","FBG","FBG11",2012,2012-08-14,2012-08-28,0,14,"FBG112012","summer","FBG112012_2012-08-14",2,234,4,6
"3736","FBG","FBG12",2012,2012-08-14,2012-08-28,0,14,"FBG122012","summer","FBG122012_2012-08-14",2,234,4,4
"3737","FBG","FBG13",2012,2012-08-14,2012-08-28,0,14,"FBG132012","summer","FBG132012_2012-08-14",7,234,7,12
"3738","FBG","FBG14",2012,2012-08-14,2012-08-28,0,14,"FBG142012","summer","FBG142012_2012-08-14",7,234,4,10
"3739","FBG","FBG15",2012,2012-08-14,2012-08-28,0,14,"FBG152012","summer","FBG152012_2012-08-14",6,234,6,12
"3740","FBG","FBG16",2012,2012-08-14,2012-08-28,0,14,"FBG162012","summer","FBG162012_2012-08-14",4,234,4,7
"3741","SST","SST01",2012,2012-08-14,2012-08-28,0,14,"SST012012","summer","SST012012_2012-08-14",0,234,7,7
"3742","SST","SST02",2012,2012-08-14,2012-08-28,0,14,"SST022012","summer","SST022012_2012-08-14",0,234,3,5
"3743","SST","SST03",2012,2012-08-14,2012-08-28,0,14,"SST032012","summer","SST032012_2012-08-14",3,234,4,5
"3744","SST","SST04",2012,2012-08-14,2012-08-28,0,14,"SST042012","summer","SST042012_2012-08-14",3,234,5,15
"3745","SST","SST05",2012,2012-08-14,2012-08-28,0,14,"SST052012","summer","SST052012_2012-08-14",3,234,3,4
"3746","SST","SST06",2012,2012-08-14,2012-08-28,0,14,"SST062012","summer","SST062012_2012-08-14",0,234,2,2
"3747","SST","SST07",2012,2012-08-14,2012-08-28,0,14,"SST072012","summer","SST072012_2012-08-14",0,234,5,5
"3748","SST","SST08",2012,2012-08-14,2012-08-28,0,14,"SST082012","summer","SST082012_2012-08-14",4,234,2,3
"3749","SST","SST09",2012,2012-08-14,2012-08-28,0,14,"SST092012","summer","SST092012_2012-08-14",0,234,4,5
"3750","SST","SST11",2012,2012-08-14,2012-08-28,0,14,"SST112012","summer","SST112012_2012-08-14",0,234,5,5
"3751","SST","SST12",2012,2012-08-14,2012-08-28,0,14,"SST122012","summer","SST122012_2012-08-14",4,234,3,5
"3752","SST","SST13",2012,2012-08-14,2012-08-28,0,14,"SST132012","summer","SST132012_2012-08-14",0,234,3,4
"3753","SST","SST16",2012,2012-08-14,2012-08-28,0,14,"SST162012","summer","SST162012_2012-08-14",1,234,6,8
"3754","GFH","GFH01",2012,2012-08-16,2012-08-30,0,14,"GFH012012","summer","GFH012012_2012-08-16",0,236,1,1
"3755","GFH","GFH02",2012,2012-08-16,2012-08-30,0,14,"GFH022012","summer","GFH022012_2012-08-16",2,236,0,0
"3756","GFH","GFH03",2012,2012-08-16,2012-08-30,0,14,"GFH032012","summer","GFH032012_2012-08-16",3,236,3,4
"3757","GFH","GFH04",2012,2012-08-16,2012-08-30,0,14,"GFH042012","summer","GFH042012_2012-08-16",6,236,4,5
"3758","GFH","GFH05",2012,2012-08-16,2012-08-30,0,14,"GFH052012","summer","GFH052012_2012-08-16",1,236,3,3
"3759","GFH","GFH06",2012,2012-08-16,2012-08-30,0,14,"GFH062012","summer","GFH062012_2012-08-16",1,236,2,2
"3760","GFH","GFH07",2012,2012-08-16,2012-08-30,0,14,"GFH072012","summer","GFH072012_2012-08-16",9,236,0,0
"3761","GFH","GFH08",2012,2012-08-16,2012-08-30,0,14,"GFH082012","summer","GFH082012_2012-08-16",27,236,2,2
"3762","GFH","GFH09",2012,2012-08-16,2012-08-30,0,14,"GFH092012","summer","GFH092012_2012-08-16",3,236,1,1
"3763","GFH","GFH10",2012,2012-08-16,2012-08-30,0,14,"GFH102012","summer","GFH102012_2012-08-16",1,236,2,2
"3764","GFH","GFH11",2012,2012-08-16,2012-08-30,0,14,"GFH112012","summer","GFH112012_2012-08-16",6,236,5,7
"3765","GFH","GFH12",2012,2012-08-16,2012-08-30,0,14,"GFH122012","summer","GFH122012_2012-08-16",15,236,4,5
"3766","GFH","GFH13",2012,2012-08-16,2012-08-30,0,14,"GFH132012","summer","GFH132012_2012-08-16",4,236,2,2
"3767","GFH","GFH14",2012,2012-08-16,2012-08-30,0,14,"GFH142012","summer","GFH142012_2012-08-16",8,236,1,1
"3768","GFH","GFH15",2012,2012-08-16,2012-08-30,0,14,"GFH152012","summer","GFH152012_2012-08-16",30,236,2,2
"3769","GFH","GFH16",2012,2012-08-16,2012-08-30,0,14,"GFH162012","summer","GFH162012_2012-08-16",10,236,2,2
"3770","SIP","SIP01",2012,2012-08-16,2012-08-30,0,14,"SIP012012","summer","SIP012012_2012-08-16",0,236,1,1
"3771","SIP","SIP02",2012,2012-08-16,2012-08-30,0,14,"SIP022012","summer","SIP022012_2012-08-16",0,236,2,2
"3772","SIP","SIP03",2012,2012-08-16,2012-08-30,0,14,"SIP032012","summer","SIP032012_2012-08-16",0,236,2,2
"3773","SIP","SIP05",2012,2012-08-16,2012-08-30,0,14,"SIP052012","summer","SIP052012_2012-08-16",1,236,0,0
"3774","SIP","SIP06",2012,2012-08-16,2012-08-30,0,14,"SIP062012","summer","SIP062012_2012-08-16",0,236,2,2
"3775","SIP","SIP07",2012,2012-08-16,2012-08-30,0,14,"SIP072012","summer","SIP072012_2012-08-16",0,236,1,1
"3776","SIP","SIP09",2012,2012-08-16,2012-08-30,0,14,"SIP092012","summer","SIP092012_2012-08-16",0,236,2,2
"3777","SIP","SIP11",2012,2012-08-16,2012-08-30,0,14,"SIP112012","summer","SIP112012_2012-08-16",0,236,2,2
"3778","SIP","SIP12",2012,2012-08-16,2012-08-30,0,14,"SIP122012","summer","SIP122012_2012-08-16",2,236,2,3
"3779","SIP","SIP13",2012,2012-08-16,2012-08-30,0,14,"SIP132012","summer","SIP132012_2012-08-16",0,236,2,2
"3780","SIP","SIP14",2012,2012-08-16,2012-08-30,0,14,"SIP142012","summer","SIP142012_2012-08-16",0,236,3,5
"3781","SIP","SIP15",2012,2012-08-16,2012-08-30,0,14,"SIP152012","summer","SIP152012_2012-08-16",0,236,2,3
"3782","SIP","SIP16",2012,2012-08-16,2012-08-30,0,14,"SIP162012","summer","SIP162012_2012-08-16",1,236,7,12
"3783","FBG","FBG01",2012,2012-08-28,2012-09-11,0,14,"FBG012012","summer","FBG012012_2012-08-28",4,248,8,10
"3784","FBG","FBG02",2012,2012-08-28,2012-09-11,0,14,"FBG022012","summer","FBG022012_2012-08-28",11,248,5,8
"3785","FBG","FBG03",2012,2012-08-28,2012-09-11,0,14,"FBG032012","summer","FBG032012_2012-08-28",0,248,6,53
"3786","FBG","FBG04",2012,2012-08-28,2012-09-11,0,14,"FBG042012","summer","FBG042012_2012-08-28",2,248,6,16
"3787","FBG","FBG05",2012,2012-08-28,2012-09-11,0,14,"FBG052012","summer","FBG052012_2012-08-28",22,248,7,12
"3788","FBG","FBG06",2012,2012-08-28,2012-09-11,0,14,"FBG062012","summer","FBG062012_2012-08-28",2,248,4,12
"3789","FBG","FBG07",2012,2012-08-28,2012-09-11,0,14,"FBG072012","summer","FBG072012_2012-08-28",2,248,12,45
"3790","FBG","FBG08",2012,2012-08-28,2012-09-11,0,14,"FBG082012","summer","FBG082012_2012-08-28",0,248,7,15
"3791","FBG","FBG09",2012,2012-08-28,2012-09-11,0,14,"FBG092012","summer","FBG092012_2012-08-28",0,248,6,10
"3792","FBG","FBG10",2012,2012-08-28,2012-09-11,0,14,"FBG102012","summer","FBG102012_2012-08-28",4,248,7,17
"3793","FBG","FBG11",2012,2012-08-28,2012-09-11,0,14,"FBG112012","summer","FBG112012_2012-08-28",1,248,4,12
"3794","FBG","FBG13",2012,2012-08-28,2012-09-11,0,14,"FBG132012","summer","FBG132012_2012-08-28",11,248,10,32
"3795","FBG","FBG14",2012,2012-08-28,2012-09-11,0,14,"FBG142012","summer","FBG142012_2012-08-28",17,248,3,12
"3796","FBG","FBG15",2012,2012-08-28,2012-09-11,0,14,"FBG152012","summer","FBG152012_2012-08-28",3,248,3,3
"3797","FBG","FBG16",2012,2012-08-28,2012-09-11,0,14,"FBG162012","summer","FBG162012_2012-08-28",2,248,3,13
"3798","SST","SST01",2012,2012-08-28,2012-09-11,0,14,"SST012012","summer","SST012012_2012-08-28",0,248,5,10
"3799","SST","SST02",2012,2012-08-28,2012-09-11,0,14,"SST022012","summer","SST022012_2012-08-28",0,248,5,14
"3800","SST","SST03",2012,2012-08-28,2012-09-11,0,14,"SST032012","summer","SST032012_2012-08-28",0,248,3,4
"3801","SST","SST04",2012,2012-08-28,2012-09-11,0,14,"SST042012","summer","SST042012_2012-08-28",2,248,5,15
"3802","SST","SST05",2012,2012-08-28,2012-09-11,0,14,"SST052012","summer","SST052012_2012-08-28",1,248,3,3
"3803","SST","SST06",2012,2012-08-28,2012-09-11,0,14,"SST062012","summer","SST062012_2012-08-28",0,248,5,5
"3804","SST","SST07",2012,2012-08-28,2012-09-11,0,14,"SST072012","summer","SST072012_2012-08-28",1,248,0,0
"3805","SST","SST08",2012,2012-08-28,2012-09-11,0,14,"SST082012","summer","SST082012_2012-08-28",2,248,2,2
"3806","SST","SST09",2012,2012-08-28,2012-09-11,0,14,"SST092012","summer","SST092012_2012-08-28",1,248,2,5
"3807","SST","SST10",2012,2012-08-28,2012-09-11,0,14,"SST102012","summer","SST102012_2012-08-28",1,248,6,14
"3808","SST","SST11",2012,2012-08-28,2012-09-11,0,14,"SST112012","summer","SST112012_2012-08-28",0,248,4,4
"3809","SST","SST12",2012,2012-08-28,2012-09-11,0,14,"SST122012","summer","SST122012_2012-08-28",1,248,1,1
"3810","SST","SST13",2012,2012-08-28,2012-09-11,0,14,"SST132012","summer","SST132012_2012-08-28",4,248,6,9
"3811","SST","SST14",2012,2012-08-28,2012-09-11,0,14,"SST142012","summer","SST142012_2012-08-28",0,248,4,5
"3812","SST","SST15",2012,2012-08-28,2012-09-11,0,14,"SST152012","summer","SST152012_2012-08-28",0,248,2,3
"3813","SST","SST16",2012,2012-08-28,2012-09-11,0,14,"SST162012","summer","SST162012_2012-08-28",0,248,4,4
"3814","GFH","GFH01",2012,2012-08-30,2012-09-13,0,14,"GFH012012","summer","GFH012012_2012-08-30",4,250,1,1
"3815","GFH","GFH02",2012,2012-08-30,2012-09-13,0,14,"GFH022012","summer","GFH022012_2012-08-30",5,250,0,0
"3816","GFH","GFH03",2012,2012-08-30,2012-09-13,0,14,"GFH032012","summer","GFH032012_2012-08-30",23,250,3,3
"3817","GFH","GFH04",2012,2012-08-30,2012-09-13,0,14,"GFH042012","summer","GFH042012_2012-08-30",4,250,3,3
"3818","GFH","GFH05",2012,2012-08-30,2012-09-13,0,14,"GFH052012","summer","GFH052012_2012-08-30",3,250,3,3
"3819","GFH","GFH06",2012,2012-08-30,2012-09-13,0,14,"GFH062012","summer","GFH062012_2012-08-30",2,250,1,1
"3820","GFH","GFH07",2012,2012-08-30,2012-09-13,0,14,"GFH072012","summer","GFH072012_2012-08-30",9,250,2,3
"3821","GFH","GFH08",2012,2012-08-30,2012-09-13,0,14,"GFH082012","summer","GFH082012_2012-08-30",25,250,2,2
"3822","GFH","GFH09",2012,2012-08-30,2012-09-13,0,14,"GFH092012","summer","GFH092012_2012-08-30",8,250,0,0
"3823","GFH","GFH10",2012,2012-08-30,2012-09-13,0,14,"GFH102012","summer","GFH102012_2012-08-30",1,250,1,1
"3824","GFH","GFH11",2012,2012-08-30,2012-09-13,0,14,"GFH112012","summer","GFH112012_2012-08-30",34,250,5,8
"3825","GFH","GFH12",2012,2012-08-30,2012-09-13,0,14,"GFH122012","summer","GFH122012_2012-08-30",9,250,2,6
"3826","GFH","GFH14",2012,2012-08-30,2012-09-13,0,14,"GFH142012","summer","GFH142012_2012-08-30",4,250,4,4
"3827","GFH","GFH16",2012,2012-08-30,2012-09-13,0,14,"GFH162012","summer","GFH162012_2012-08-30",16,250,1,1
"3828","SIP","SIP02",2012,2012-08-30,2012-09-13,0,14,"SIP022012","summer","SIP022012_2012-08-30",0,250,1,1
"3829","SIP","SIP03",2012,2012-08-30,2012-09-13,0,14,"SIP032012","summer","SIP032012_2012-08-30",0,250,1,1
"3830","SIP","SIP05",2012,2012-08-30,2012-09-13,0,14,"SIP052012","summer","SIP052012_2012-08-30",0,250,1,1
"3831","SIP","SIP06",2012,2012-08-30,2012-09-13,0,14,"SIP062012","summer","SIP062012_2012-08-30",0,250,1,1
"3832","SIP","SIP07",2012,2012-08-30,2012-09-13,0,14,"SIP072012","summer","SIP072012_2012-08-30",0,250,2,2
"3833","SIP","SIP08",2012,2012-08-30,2012-09-13,0,14,"SIP082012","summer","SIP082012_2012-08-30",0,250,3,4
"3834","SIP","SIP09",2012,2012-08-30,2012-09-13,0,14,"SIP092012","summer","SIP092012_2012-08-30",0,250,1,2
"3835","SIP","SIP11",2012,2012-08-30,2012-09-13,0,14,"SIP112012","summer","SIP112012_2012-08-30",0,250,2,3
"3836","SIP","SIP14",2012,2012-08-30,2012-09-13,0,14,"SIP142012","summer","SIP142012_2012-08-30",0,250,4,6
"3837","SIP","SIP15",2012,2012-08-30,2012-09-13,0,14,"SIP152012","summer","SIP152012_2012-08-30",0,250,2,5
"3838","SIP","SIP16",2012,2012-08-30,2012-09-13,0,14,"SIP162012","summer","SIP162012_2012-08-30",2,250,2,11
"3839","FBG","FBG01",2013,2013-08-05,2013-08-19,0,14,"FBG012013","summer","FBG012013_2013-08-05",2,224,10,32
"3840","FBG","FBG03",2013,2013-08-05,2013-08-19,0,14,"FBG032013","summer","FBG032013_2013-08-05",0,224,7,20
"3841","FBG","FBG04",2013,2013-08-05,2013-08-19,0,14,"FBG042013","summer","FBG042013_2013-08-05",0,224,4,6
"3842","FBG","FBG07",2013,2013-08-05,2013-08-19,0,14,"FBG072013","summer","FBG072013_2013-08-05",1,224,15,38
"3843","FBG","FBG09",2013,2013-08-05,2013-08-19,0,14,"FBG092013","summer","FBG092013_2013-08-05",0,224,7,10
"3844","FBG","FBG10",2013,2013-08-05,2013-08-19,0,14,"FBG102013","summer","FBG102013_2013-08-05",2,224,7,9
"3845","FBG","FBG11",2013,2013-08-05,2013-08-19,0,14,"FBG112013","summer","FBG112013_2013-08-05",4,224,5,7
"3846","FBG","FBG12",2013,2013-08-05,2013-08-19,0,14,"FBG122013","summer","FBG122013_2013-08-05",5,224,2,2
"3847","FBG","FBG13",2013,2013-08-05,2013-08-19,0,14,"FBG132013","summer","FBG132013_2013-08-05",4,224,7,10
"3848","FBG","FBG14",2013,2013-08-05,2013-08-19,0,14,"FBG142013","summer","FBG142013_2013-08-05",4,224,11,15
"3849","FBG","FBG15",2013,2013-08-05,2013-08-19,0,14,"FBG152013","summer","FBG152013_2013-08-05",0,224,8,9
"3850","FBG","FBG16",2013,2013-08-05,2013-08-19,0,14,"FBG162013","summer","FBG162013_2013-08-05",3,224,3,5
"3851","SST","SST01",2013,2013-08-05,2013-08-19,0,14,"SST012013","summer","SST012013_2013-08-05",0,224,3,3
"3852","SST","SST02",2013,2013-08-05,2013-08-19,0,14,"SST022013","summer","SST022013_2013-08-05",0,224,2,4
"3853","SST","SST03",2013,2013-08-05,2013-08-19,0,14,"SST032013","summer","SST032013_2013-08-05",3,224,7,9
"3854","SST","SST04",2013,2013-08-05,2013-08-19,0,14,"SST042013","summer","SST042013_2013-08-05",21,224,8,14
"3855","SST","SST05",2013,2013-08-05,2013-08-19,0,14,"SST052013","summer","SST052013_2013-08-05",0,224,5,6
"3856","SST","SST07",2013,2013-08-05,2013-08-19,0,14,"SST072013","summer","SST072013_2013-08-05",0,224,2,3
"3857","SST","SST08",2013,2013-08-05,2013-08-19,0,14,"SST082013","summer","SST082013_2013-08-05",1,224,2,2
"3858","SST","SST09",2013,2013-08-05,2013-08-19,0,14,"SST092013","summer","SST092013_2013-08-05",0,224,6,8
"3859","SST","SST12",2013,2013-08-05,2013-08-19,0,14,"SST122013","summer","SST122013_2013-08-05",0,224,1,3
"3860","SST","SST13",2013,2013-08-05,2013-08-19,0,14,"SST132013","summer","SST132013_2013-08-05",1,224,7,13
"3861","SST","SST14",2013,2013-08-05,2013-08-19,0,14,"SST142013","summer","SST142013_2013-08-05",0,224,4,8
"3862","SST","SST15",2013,2013-08-05,2013-08-19,0,14,"SST152013","summer","SST152013_2013-08-05",0,224,1,1
"3863","HAR","HAR01",2013,2013-08-06,2013-08-20,0,14,"HAR012013","summer","HAR012013_2013-08-06",0,225,3,8
"3864","HAR","HAR02",2013,2013-08-06,2013-08-20,0,14,"HAR022013","summer","HAR022013_2013-08-06",0,225,1,1
"3865","HAR","HAR03",2013,2013-08-06,2013-08-20,0,14,"HAR032013","summer","HAR032013_2013-08-06",0,225,4,5
"3866","HAR","HAR05",2013,2013-08-06,2013-08-20,0,14,"HAR052013","summer","HAR052013_2013-08-06",0,225,11,14
"3867","HAR","HAR06",2013,2013-08-06,2013-08-20,0,14,"HAR062013","summer","HAR062013_2013-08-06",0,225,3,4
"3868","HAR","HAR07",2013,2013-08-06,2013-08-20,0,14,"HAR072013","summer","HAR072013_2013-08-06",0,225,2,2
"3869","HAR","HAR09",2013,2013-08-06,2013-08-20,0,14,"HAR092013","summer","HAR092013_2013-08-06",1,225,6,11
"3870","HAR","HAR10",2013,2013-08-06,2013-08-20,0,14,"HAR102013","summer","HAR102013_2013-08-06",1,225,8,14
"3871","HAR","HAR11",2013,2013-08-06,2013-08-20,0,14,"HAR112013","summer","HAR112013_2013-08-06",0,225,4,5
"3872","HAR","HAR12",2013,2013-08-06,2013-08-20,0,14,"HAR122013","summer","HAR122013_2013-08-06",1,225,8,20
"3873","HAR","HAR13",2013,2013-08-06,2013-08-20,0,14,"HAR132013","summer","HAR132013_2013-08-06",0,225,10,15
"3874","HAR","HAR14",2013,2013-08-06,2013-08-20,0,14,"HAR142013","summer","HAR142013_2013-08-06",0,225,6,7
"3875","HAR","HAR15",2013,2013-08-06,2013-08-20,0,14,"HAR152013","summer","HAR152013_2013-08-06",5,225,4,5
"3876","HAR","HAR16",2013,2013-08-06,2013-08-20,0,14,"HAR162013","summer","HAR162013_2013-08-06",0,225,2,2
"3877","WAN","WAN01",2013,2013-08-06,2013-08-20,0,14,"WAN012013","summer","WAN012013_2013-08-06",0,225,10,31
"3878","WAN","WAN02",2013,2013-08-06,2013-08-20,0,14,"WAN022013","summer","WAN022013_2013-08-06",3,225,7,10
"3879","WAN","WAN03",2013,2013-08-06,2013-08-20,0,14,"WAN032013","summer","WAN032013_2013-08-06",0,225,3,5
"3880","WAN","WAN04",2013,2013-08-06,2013-08-20,0,14,"WAN042013","summer","WAN042013_2013-08-06",0,225,4,4
"3881","WAN","WAN05",2013,2013-08-06,2013-08-20,0,14,"WAN052013","summer","WAN052013_2013-08-06",1,225,6,6
"3882","WAN","WAN06",2013,2013-08-06,2013-08-20,0,14,"WAN062013","summer","WAN062013_2013-08-06",0,225,8,21
"3883","WAN","WAN07",2013,2013-08-06,2013-08-20,0,14,"WAN072013","summer","WAN072013_2013-08-06",4,225,4,4
"3884","WAN","WAN09",2013,2013-08-06,2013-08-20,0,14,"WAN092013","summer","WAN092013_2013-08-06",35,225,8,25
"3885","WAN","WAN10",2013,2013-08-06,2013-08-20,0,14,"WAN102013","summer","WAN102013_2013-08-06",8,225,5,5
"3886","WAN","WAN12",2013,2013-08-06,2013-08-20,0,14,"WAN122013","summer","WAN122013_2013-08-06",2,225,9,19
"3887","WAN","WAN13",2013,2013-08-06,2013-08-20,0,14,"WAN132013","summer","WAN132013_2013-08-06",35,225,2,2
"3888","WAN","WAN14",2013,2013-08-06,2013-08-20,0,14,"WAN142013","summer","WAN142013_2013-08-06",8,225,2,2
"3889","WAN","WAN15",2013,2013-08-06,2013-08-20,0,14,"WAN152013","summer","WAN152013_2013-08-06",0,225,3,3
"3890","GFH","GFH01",2013,2013-08-07,2013-08-21,0,14,"GFH012013","summer","GFH012013_2013-08-07",2,226,1,1
"3891","GFH","GFH02",2013,2013-08-07,2013-08-21,0,14,"GFH022013","summer","GFH022013_2013-08-07",1,226,0,0
"3892","GFH","GFH03",2013,2013-08-07,2013-08-21,0,14,"GFH032013","summer","GFH032013_2013-08-07",5,226,9,18
"3893","GFH","GFH04",2013,2013-08-07,2013-08-21,0,14,"GFH042013","summer","GFH042013_2013-08-07",1,226,8,15
"3894","GFH","GFH05",2013,2013-08-07,2013-08-21,0,14,"GFH052013","summer","GFH052013_2013-08-07",4,226,5,10
"3895","GFH","GFH06",2013,2013-08-07,2013-08-21,0,14,"GFH062013","summer","GFH062013_2013-08-07",0,226,2,2
"3896","GFH","GFH07",2013,2013-08-07,2013-08-21,0,14,"GFH072013","summer","GFH072013_2013-08-07",3,226,2,2
"3897","GFH","GFH08",2013,2013-08-07,2013-08-21,0,14,"GFH082013","summer","GFH082013_2013-08-07",18,226,1,1
"3898","GFH","GFH09",2013,2013-08-07,2013-08-21,0,14,"GFH092013","summer","GFH092013_2013-08-07",8,226,4,7
"3899","GFH","GFH10",2013,2013-08-07,2013-08-21,0,14,"GFH102013","summer","GFH102013_2013-08-07",0,226,6,7
"3900","GFH","GFH11",2013,2013-08-07,2013-08-21,0,14,"GFH112013","summer","GFH112013_2013-08-07",1,226,9,20
"3901","GFH","GFH12",2013,2013-08-07,2013-08-21,0,14,"GFH122013","summer","GFH122013_2013-08-07",40,226,0,0
"3902","GFH","GFH13",2013,2013-08-07,2013-08-21,0,14,"GFH132013","summer","GFH132013_2013-08-07",24,226,4,5
"3903","GFH","GFH14",2013,2013-08-07,2013-08-21,0,14,"GFH142013","summer","GFH142013_2013-08-07",1,226,3,5
"3904","GFH","GFH15",2013,2013-08-07,2013-08-21,0,14,"GFH152013","summer","GFH152013_2013-08-07",50,226,9,13
"3905","GFH","GFH16",2013,2013-08-07,2013-08-21,0,14,"GFH162013","summer","GFH162013_2013-08-07",13,226,9,18
"3906","SIP","SIP01",2013,2013-08-07,2013-08-21,0,14,"SIP012013","summer","SIP012013_2013-08-07",0,226,3,3
"3907","SIP","SIP02",2013,2013-08-07,2013-08-21,0,14,"SIP022013","summer","SIP022013_2013-08-07",0,226,5,12
"3908","SIP","SIP03",2013,2013-08-07,2013-08-21,0,14,"SIP032013","summer","SIP032013_2013-08-07",0,226,5,15
"3909","SIP","SIP05",2013,2013-08-07,2013-08-21,0,14,"SIP052013","summer","SIP052013_2013-08-07",0,226,2,2
"3910","SIP","SIP06",2013,2013-08-07,2013-08-21,0,14,"SIP062013","summer","SIP062013_2013-08-07",0,226,4,5
"3911","SIP","SIP07",2013,2013-08-07,2013-08-21,0,14,"SIP072013","summer","SIP072013_2013-08-07",0,226,1,1
"3912","SIP","SIP08",2013,2013-08-07,2013-08-21,0,14,"SIP082013","summer","SIP082013_2013-08-07",0,226,4,7
"3913","SIP","SIP09",2013,2013-08-07,2013-08-21,0,14,"SIP092013","summer","SIP092013_2013-08-07",0,226,4,11
"3914","SIP","SIP10",2013,2013-08-07,2013-08-21,0,14,"SIP102013","summer","SIP102013_2013-08-07",0,226,8,35
"3915","SIP","SIP11",2013,2013-08-07,2013-08-21,0,14,"SIP112013","summer","SIP112013_2013-08-07",0,226,4,7
"3916","SIP","SIP12",2013,2013-08-07,2013-08-21,0,14,"SIP122013","summer","SIP122013_2013-08-07",0,226,8,34
"3917","SIP","SIP13",2013,2013-08-07,2013-08-21,0,14,"SIP132013","summer","SIP132013_2013-08-07",0,226,5,19
"3918","SIP","SIP14",2013,2013-08-07,2013-08-21,0,14,"SIP142013","summer","SIP142013_2013-08-07",0,226,1,1
"3919","SIP","SIP15",2013,2013-08-07,2013-08-21,0,14,"SIP152013","summer","SIP152013_2013-08-07",1,226,8,33
"3920","SIP","SIP16",2013,2013-08-07,2013-08-21,0,14,"SIP162013","summer","SIP162013_2013-08-07",0,226,9,26
"3921","GFH","GFH01",2014,2014-07-30,2014-08-12,0,13,"GFH012014","summer","GFH012014_2014-07-30",1,217.5,1,1
"3922","GFH","GFH03",2014,2014-07-30,2014-08-12,0,13,"GFH032014","summer","GFH032014_2014-07-30",7,217.5,5,8
"3923","GFH","GFH04",2014,2014-07-30,2014-08-12,0,13,"GFH042014","summer","GFH042014_2014-07-30",9,217.5,5,5
"3924","GFH","GFH05",2014,2014-07-30,2014-08-12,0,13,"GFH052014","summer","GFH052014_2014-07-30",4,217.5,3,4
"3925","GFH","GFH06",2014,2014-07-30,2014-08-12,0,13,"GFH062014","summer","GFH062014_2014-07-30",0,217.5,2,2
"3926","GFH","GFH07",2014,2014-07-30,2014-08-12,0,13,"GFH072014","summer","GFH072014_2014-07-30",0,217.5,1,1
"3927","GFH","GFH08",2014,2014-07-30,2014-08-12,0,13,"GFH082014","summer","GFH082014_2014-07-30",2,217.5,1,1
"3928","GFH","GFH09",2014,2014-07-30,2014-08-12,0,13,"GFH092014","summer","GFH092014_2014-07-30",1,217.5,0,0
"3929","GFH","GFH11",2014,2014-07-30,2014-08-12,0,13,"GFH112014","summer","GFH112014_2014-07-30",1,217.5,7,10
"3930","GFH","GFH12",2014,2014-07-30,2014-08-12,0,13,"GFH122014","summer","GFH122014_2014-07-30",0,217.5,1,2
"3931","GFH","GFH13",2014,2014-07-30,2014-08-12,0,13,"GFH132014","summer","GFH132014_2014-07-30",0,217.5,3,4
"3932","GFH","GFH14",2014,2014-07-30,2014-08-12,0,13,"GFH142014","summer","GFH142014_2014-07-30",0,217.5,2,2
"3933","GFH","GFH15",2014,2014-07-30,2014-08-12,0,13,"GFH152014","summer","GFH152014_2014-07-30",1,217.5,1,1
"3934","GFH","GFH16",2014,2014-07-30,2014-08-12,0,13,"GFH162014","summer","GFH162014_2014-07-30",0,217.5,4,4
"3935","SIP","SIP01",2014,2014-07-30,2014-08-12,0,13,"SIP012014","summer","SIP012014_2014-07-30",0,217.5,3,3
"3936","SIP","SIP02",2014,2014-07-30,2014-08-12,0,13,"SIP022014","summer","SIP022014_2014-07-30",1,217.5,3,3
"3937","SIP","SIP03",2014,2014-07-30,2014-08-12,0,13,"SIP032014","summer","SIP032014_2014-07-30",0,217.5,4,4
"3938","SIP","SIP05",2014,2014-07-30,2014-08-12,0,13,"SIP052014","summer","SIP052014_2014-07-30",0,217.5,1,1
"3939","SIP","SIP08",2014,2014-07-30,2014-08-12,0,13,"SIP082014","summer","SIP082014_2014-07-30",0,217.5,3,6
"3940","SIP","SIP10",2014,2014-07-30,2014-08-12,0,13,"SIP102014","summer","SIP102014_2014-07-30",0,217.5,1,1
"3941","SIP","SIP11",2014,2014-07-30,2014-08-12,0,13,"SIP112014","summer","SIP112014_2014-07-30",1,217.5,1,1
"3942","SIP","SIP12",2014,2014-07-30,2014-08-12,0,13,"SIP122014","summer","SIP122014_2014-07-30",1,217.5,3,3
"3943","SIP","SIP14",2014,2014-07-30,2014-08-12,0,13,"SIP142014","summer","SIP142014_2014-07-30",0,217.5,3,4
"3944","SIP","SIP15",2014,2014-07-30,2014-08-12,0,13,"SIP152014","summer","SIP152014_2014-07-30",2,217.5,3,3
"3945","SIP","SIP16",2014,2014-07-30,2014-08-12,0,13,"SIP162014","summer","SIP162014_2014-07-30",1,217.5,3,4
"3946","FBG","FBG01",2014,2014-07-28,2014-08-13,0,16,"FBG012014","summer","FBG012014_2014-07-28",2,217,10,14
"3947","FBG","FBG02",2014,2014-07-28,2014-08-13,0,16,"FBG022014","summer","FBG022014_2014-07-28",1,217,5,5
"3948","FBG","FBG04",2014,2014-07-28,2014-08-13,0,16,"FBG042014","summer","FBG042014_2014-07-28",1,217,4,11
"3949","FBG","FBG05",2014,2014-07-28,2014-08-13,0,16,"FBG052014","summer","FBG052014_2014-07-28",4,217,0,0
"3950","FBG","FBG06",2014,2014-07-28,2014-08-13,0,16,"FBG062014","summer","FBG062014_2014-07-28",4,217,5,8
"3951","FBG","FBG07",2014,2014-07-28,2014-08-13,0,16,"FBG072014","summer","FBG072014_2014-07-28",3,217,8,17
"3952","FBG","FBG08",2014,2014-07-28,2014-08-13,0,16,"FBG082014","summer","FBG082014_2014-07-28",0,217,4,11
"3953","FBG","FBG09",2014,2014-07-28,2014-08-13,0,16,"FBG092014","summer","FBG092014_2014-07-28",0,217,1,1
"3954","FBG","FBG10",2014,2014-07-28,2014-08-13,0,16,"FBG102014","summer","FBG102014_2014-07-28",3,217,6,6
"3955","FBG","FBG11",2014,2014-07-28,2014-08-13,0,16,"FBG112014","summer","FBG112014_2014-07-28",1,217,2,2
"3956","FBG","FBG12",2014,2014-07-28,2014-08-13,0,16,"FBG122014","summer","FBG122014_2014-07-28",0,217,1,1
"3957","FBG","FBG13",2014,2014-07-28,2014-08-13,0,16,"FBG132014","summer","FBG132014_2014-07-28",2,217,6,6
"3958","FBG","FBG14",2014,2014-07-28,2014-08-13,0,16,"FBG142014","summer","FBG142014_2014-07-28",0,217,3,5
"3959","FBG","FBG15",2014,2014-07-28,2014-08-13,0,16,"FBG152014","summer","FBG152014_2014-07-28",2,217,5,5
"3960","FBG","FBG16",2014,2014-07-28,2014-08-13,0,16,"FBG162014","summer","FBG162014_2014-07-28",1,217,6,6
"3961","SST","SST01",2014,2014-07-28,2014-08-13,0,16,"SST012014","summer","SST012014_2014-07-28",1,217,7,7
"3962","SST","SST03",2014,2014-07-28,2014-08-13,0,16,"SST032014","summer","SST032014_2014-07-28",4,217,2,2
"3963","SST","SST04",2014,2014-07-28,2014-08-13,0,16,"SST042014","summer","SST042014_2014-07-28",6,217,6,8
"3964","SST","SST05",2014,2014-07-28,2014-08-13,0,16,"SST052014","summer","SST052014_2014-07-28",1,217,6,7
"3965","SST","SST06",2014,2014-07-28,2014-08-13,0,16,"SST062014","summer","SST062014_2014-07-28",1,217,1,1
"3966","SST","SST07",2014,2014-07-28,2014-08-13,0,16,"SST072014","summer","SST072014_2014-07-28",0,217,1,1
"3967","SST","SST08",2014,2014-07-28,2014-08-13,0,16,"SST082014","summer","SST082014_2014-07-28",0,217,2,2
"3968","SST","SST09",2014,2014-07-28,2014-08-13,0,16,"SST092014","summer","SST092014_2014-07-28",1,217,5,5
"3969","SST","SST10",2014,2014-07-28,2014-08-13,0,16,"SST102014","summer","SST102014_2014-07-28",1,217,5,7
"3970","SST","SST11",2014,2014-07-28,2014-08-13,0,16,"SST112014","summer","SST112014_2014-07-28",0,217,1,1
"3971","SST","SST13",2014,2014-07-28,2014-08-13,0,16,"SST132014","summer","SST132014_2014-07-28",0,217,8,11
"3972","SST","SST14",2014,2014-07-28,2014-08-13,0,16,"SST142014","summer","SST142014_2014-07-28",0,217,1,1
"3973","SST","SST15",2014,2014-07-28,2014-08-13,0,16,"SST152014","summer","SST152014_2014-07-28",2,217,3,3
"3974","HAR","HAR01",2014,2014-07-29,2014-08-14,0,16,"HAR012014","summer","HAR012014_2014-07-29",0,218,4,12
"3975","HAR","HAR02",2014,2014-07-29,2014-08-14,0,16,"HAR022014","summer","HAR022014_2014-07-29",0,218,1,1
"3976","HAR","HAR03",2014,2014-07-29,2014-08-14,0,16,"HAR032014","summer","HAR032014_2014-07-29",3,218,1,1
"3977","HAR","HAR07",2014,2014-07-29,2014-08-14,0,16,"HAR072014","summer","HAR072014_2014-07-29",6,218,0,0
"3978","HAR","HAR08",2014,2014-07-29,2014-08-14,0,16,"HAR082014","summer","HAR082014_2014-07-29",2,218,0,0
"3979","HAR","HAR09",2014,2014-07-29,2014-08-14,0,16,"HAR092014","summer","HAR092014_2014-07-29",1,218,2,2
"3980","HAR","HAR10",2014,2014-07-29,2014-08-14,0,16,"HAR102014","summer","HAR102014_2014-07-29",8,218,1,1
"3981","HAR","HAR11",2014,2014-07-29,2014-08-14,0,16,"HAR112014","summer","HAR112014_2014-07-29",189,218,2,2
"3982","HAR","HAR12",2014,2014-07-29,2014-08-14,0,16,"HAR122014","summer","HAR122014_2014-07-29",11,218,2,3
"3983","HAR","HAR13",2014,2014-07-29,2014-08-14,0,16,"HAR132014","summer","HAR132014_2014-07-29",4,218,4,4
"3984","HAR","HAR15",2014,2014-07-29,2014-08-14,0,16,"HAR152014","summer","HAR152014_2014-07-29",2,218,2,2
"3985","HAR","HAR16",2014,2014-07-29,2014-08-14,0,16,"HAR162014","summer","HAR162014_2014-07-29",16,218,5,6
"3986","WAN","WAN01",2014,2014-07-29,2014-08-14,0,16,"WAN012014","summer","WAN012014_2014-07-29",6,218,4,10
"3987","WAN","WAN02",2014,2014-07-29,2014-08-14,0,16,"WAN022014","summer","WAN022014_2014-07-29",1,218,1,1
"3988","WAN","WAN03",2014,2014-07-29,2014-08-14,0,16,"WAN032014","summer","WAN032014_2014-07-29",0,218,2,2
"3989","WAN","WAN04",2014,2014-07-29,2014-08-14,0,16,"WAN042014","summer","WAN042014_2014-07-29",2,218,2,3
"3990","WAN","WAN05",2014,2014-07-29,2014-08-14,0,16,"WAN052014","summer","WAN052014_2014-07-29",0,218,2,2
"3991","WAN","WAN06",2014,2014-07-29,2014-08-14,0,16,"WAN062014","summer","WAN062014_2014-07-29",5,218,2,3
"3992","WAN","WAN07",2014,2014-07-29,2014-08-14,0,16,"WAN072014","summer","WAN072014_2014-07-29",3,218,1,1
"3993","WAN","WAN09",2014,2014-07-29,2014-08-14,0,16,"WAN092014","summer","WAN092014_2014-07-29",2,218,1,1
"3994","WAN","WAN10",2014,2014-07-29,2014-08-14,0,16,"WAN102014","summer","WAN102014_2014-07-29",1,218,1,1
"3995","WAN","WAN11",2014,2014-07-29,2014-08-14,0,16,"WAN112014","summer","WAN112014_2014-07-29",1,218,0,0
"3996","WAN","WAN12",2014,2014-07-29,2014-08-14,0,16,"WAN122014","summer","WAN122014_2014-07-29",6,218,6,8
"3997","WAN","WAN13",2014,2014-07-29,2014-08-14,0,16,"WAN132014","summer","WAN132014_2014-07-29",2,218,0,0
"3998","WAN","WAN15",2014,2014-07-29,2014-08-14,0,16,"WAN152014","summer","WAN152014_2014-07-29",0,218,2,2
"3999","WAN","WAN16",2014,2014-07-29,2014-08-14,0,16,"WAN162014","summer","WAN162014_2014-07-29",1,218,0,0
"4000","FBG","FBG01",2014,2014-08-13,2014-08-26,0,13,"FBG012014","summer","FBG012014_2014-08-13",0,231.5,6,8
"4001","FBG","FBG02",2014,2014-08-13,2014-08-26,0,13,"FBG022014","summer","FBG022014_2014-08-13",6,231.5,3,3
"4002","FBG","FBG03",2014,2014-08-13,2014-08-26,0,13,"FBG032014","summer","FBG032014_2014-08-13",1,231.5,5,11
"4003","FBG","FBG04",2014,2014-08-13,2014-08-26,0,13,"FBG042014","summer","FBG042014_2014-08-13",0,231.5,6,14
"4004","FBG","FBG05",2014,2014-08-13,2014-08-26,0,13,"FBG052014","summer","FBG052014_2014-08-13",3,231.5,1,1
"4005","FBG","FBG06",2014,2014-08-13,2014-08-26,0,13,"FBG062014","summer","FBG062014_2014-08-13",0,231.5,4,15
"4006","FBG","FBG07",2014,2014-08-13,2014-08-26,0,13,"FBG072014","summer","FBG072014_2014-08-13",5,231.5,4,5
"4007","FBG","FBG08",2014,2014-08-13,2014-08-26,0,13,"FBG082014","summer","FBG082014_2014-08-13",0,231.5,1,1
"4008","FBG","FBG09",2014,2014-08-13,2014-08-26,0,13,"FBG092014","summer","FBG092014_2014-08-13",3,231.5,3,4
"4009","FBG","FBG10",2014,2014-08-13,2014-08-26,0,13,"FBG102014","summer","FBG102014_2014-08-13",0,231.5,4,5
"4010","FBG","FBG11",2014,2014-08-13,2014-08-26,0,13,"FBG112014","summer","FBG112014_2014-08-13",0,231.5,1,2
"4011","FBG","FBG12",2014,2014-08-13,2014-08-26,0,13,"FBG122014","summer","FBG122014_2014-08-13",0,231.5,1,1
"4012","FBG","FBG13",2014,2014-08-13,2014-08-26,0,13,"FBG132014","summer","FBG132014_2014-08-13",1,231.5,4,7
"4013","FBG","FBG14",2014,2014-08-13,2014-08-26,0,13,"FBG142014","summer","FBG142014_2014-08-13",7,231.5,2,4
"4014","FBG","FBG15",2014,2014-08-13,2014-08-26,0,13,"FBG152014","summer","FBG152014_2014-08-13",1,231.5,2,3
"4015","FBG","FBG16",2014,2014-08-13,2014-08-26,0,13,"FBG162014","summer","FBG162014_2014-08-13",1,231.5,0,0
"4016","SST","SST01",2014,2014-08-13,2014-08-26,0,13,"SST012014","summer","SST012014_2014-08-13",2,231.5,4,5
"4017","SST","SST03",2014,2014-08-13,2014-08-26,0,13,"SST032014","summer","SST032014_2014-08-13",8,231.5,1,1
"4018","SST","SST04",2014,2014-08-13,2014-08-26,0,13,"SST042014","summer","SST042014_2014-08-13",22,231.5,3,3
"4019","SST","SST05",2014,2014-08-13,2014-08-26,0,13,"SST052014","summer","SST052014_2014-08-13",6,231.5,1,2
"4020","SST","SST07",2014,2014-08-13,2014-08-26,0,13,"SST072014","summer","SST072014_2014-08-13",2,231.5,0,0
"4021","SST","SST08",2014,2014-08-13,2014-08-26,0,13,"SST082014","summer","SST082014_2014-08-13",6,231.5,2,2
"4022","SST","SST09",2014,2014-08-13,2014-08-26,0,13,"SST092014","summer","SST092014_2014-08-13",0,231.5,1,1
"4023","SST","SST10",2014,2014-08-13,2014-08-26,0,13,"SST102014","summer","SST102014_2014-08-13",26,231.5,2,2
"4024","SST","SST12",2014,2014-08-13,2014-08-26,0,13,"SST122014","summer","SST122014_2014-08-13",1,231.5,0,0
"4025","SST","SST13",2014,2014-08-13,2014-08-26,0,13,"SST132014","summer","SST132014_2014-08-13",7,231.5,4,4
"4026","SST","SST16",2014,2014-08-13,2014-08-26,0,13,"SST162014","summer","SST162014_2014-08-13",1,231.5,1,1
"4027","GFH","GFH03",2014,2014-08-12,2014-08-27,0,15,"GFH032014","summer","GFH032014_2014-08-12",10,231.5,3,3
"4028","GFH","GFH04",2014,2014-08-12,2014-08-27,0,15,"GFH042014","summer","GFH042014_2014-08-12",6,231.5,5,7
"4029","GFH","GFH06",2014,2014-08-12,2014-08-27,0,15,"GFH062014","summer","GFH062014_2014-08-12",0,231.5,3,4
"4030","GFH","GFH07",2014,2014-08-12,2014-08-27,0,15,"GFH072014","summer","GFH072014_2014-08-12",4,231.5,0,0
"4031","GFH","GFH08",2014,2014-08-12,2014-08-27,0,15,"GFH082014","summer","GFH082014_2014-08-12",12,231.5,0,0
"4032","GFH","GFH09",2014,2014-08-12,2014-08-27,0,15,"GFH092014","summer","GFH092014_2014-08-12",3,231.5,0,0
"4033","GFH","GFH11",2014,2014-08-12,2014-08-27,0,15,"GFH112014","summer","GFH112014_2014-08-12",11,231.5,1,1
"4034","GFH","GFH12",2014,2014-08-12,2014-08-27,0,15,"GFH122014","summer","GFH122014_2014-08-12",27,231.5,1,1
"4035","GFH","GFH13",2014,2014-08-12,2014-08-27,0,15,"GFH132014","summer","GFH132014_2014-08-12",5,231.5,1,1
"4036","GFH","GFH14",2014,2014-08-12,2014-08-27,0,15,"GFH142014","summer","GFH142014_2014-08-12",2,231.5,3,5
"4037","GFH","GFH15",2014,2014-08-12,2014-08-27,0,15,"GFH152014","summer","GFH152014_2014-08-12",46,231.5,0,0
"4038","SIP","SIP01",2014,2014-08-12,2014-08-27,0,15,"SIP012014","summer","SIP012014_2014-08-12",0,231.5,1,1
"4039","SIP","SIP02",2014,2014-08-12,2014-08-27,0,15,"SIP022014","summer","SIP022014_2014-08-12",0,231.5,4,10
"4040","SIP","SIP03",2014,2014-08-12,2014-08-27,0,15,"SIP032014","summer","SIP032014_2014-08-12",0,231.5,4,5
"4041","SIP","SIP05",2014,2014-08-12,2014-08-27,0,15,"SIP052014","summer","SIP052014_2014-08-12",0,231.5,1,1
"4042","SIP","SIP06",2014,2014-08-12,2014-08-27,0,15,"SIP062014","summer","SIP062014_2014-08-12",1,231.5,1,1
"4043","SIP","SIP08",2014,2014-08-12,2014-08-27,0,15,"SIP082014","summer","SIP082014_2014-08-12",0,231.5,2,2
"4044","SIP","SIP11",2014,2014-08-12,2014-08-27,0,15,"SIP112014","summer","SIP112014_2014-08-12",1,231.5,0,0
"4045","SIP","SIP12",2014,2014-08-12,2014-08-27,0,15,"SIP122014","summer","SIP122014_2014-08-12",1,231.5,3,7
"4046","SIP","SIP14",2014,2014-08-12,2014-08-27,0,15,"SIP142014","summer","SIP142014_2014-08-12",0,231.5,2,4
"4047","SIP","SIP15",2014,2014-08-12,2014-08-27,0,15,"SIP152014","summer","SIP152014_2014-08-12",0,231.5,2,2
"4048","SIP","SIP16",2014,2014-08-12,2014-08-27,0,15,"SIP162014","summer","SIP162014_2014-08-12",1,231.5,2,5
"4049","FBG","FBG01",2015,2015-07-23,2015-08-03,0,11,"FBG012015","summer","FBG012015_2015-07-23",0,209.5,15,25
"4050","FBG","FBG02",2015,2015-07-23,2015-08-03,0,11,"FBG022015","summer","FBG022015_2015-07-23",3,209.5,5,6
"4051","FBG","FBG05",2015,2015-07-23,2015-08-03,0,11,"FBG052015","summer","FBG052015_2015-07-23",1,209.5,4,5
"4052","FBG","FBG06",2015,2015-07-23,2015-08-03,0,11,"FBG062015","summer","FBG062015_2015-07-23",1,209.5,9,23
"4053","FBG","FBG07",2015,2015-07-23,2015-08-03,0,11,"FBG072015","summer","FBG072015_2015-07-23",0,209.5,3,7
"4054","FBG","FBG08",2015,2015-07-23,2015-08-03,0,11,"FBG082015","summer","FBG082015_2015-07-23",0,209.5,3,6
"4055","FBG","FBG10",2015,2015-07-23,2015-08-03,0,11,"FBG102015","summer","FBG102015_2015-07-23",1,209.5,20,96
"4056","FBG","FBG11",2015,2015-07-23,2015-08-03,0,11,"FBG112015","summer","FBG112015_2015-07-23",0,209.5,3,7
"4057","FBG","FBG12",2015,2015-07-23,2015-08-03,0,11,"FBG122015","summer","FBG122015_2015-07-23",0,209.5,7,13
"4058","FBG","FBG13",2015,2015-07-23,2015-08-03,0,11,"FBG132015","summer","FBG132015_2015-07-23",0,209.5,10,28
"4059","FBG","FBG14",2015,2015-07-23,2015-08-03,0,11,"FBG142015","summer","FBG142015_2015-07-23",1,209.5,3,4
"4060","FBG","FBG15",2015,2015-07-23,2015-08-03,0,11,"FBG152015","summer","FBG152015_2015-07-23",0,209.5,6,10
"4061","FBG","FBG16",2015,2015-07-23,2015-08-03,0,11,"FBG162015","summer","FBG162015_2015-07-23",1,209.5,7,8
"4062","SST","SST01",2015,2015-07-23,2015-08-03,0,11,"SST012015","summer","SST012015_2015-07-23",0,209.5,8,10
"4063","SST","SST02",2015,2015-07-23,2015-08-03,0,11,"SST022015","summer","SST022015_2015-07-23",0,209.5,2,4
"4064","SST","SST03",2015,2015-07-23,2015-08-03,0,11,"SST032015","summer","SST032015_2015-07-23",0,209.5,8,10
"4065","SST","SST04",2015,2015-07-23,2015-08-03,0,11,"SST042015","summer","SST042015_2015-07-23",7,209.5,16,21
"4066","SST","SST05",2015,2015-07-23,2015-08-03,0,11,"SST052015","summer","SST052015_2015-07-23",0,209.5,3,4
"4067","SST","SST06",2015,2015-07-23,2015-08-03,0,11,"SST062015","summer","SST062015_2015-07-23",0,209.5,4,4
"4068","SST","SST07",2015,2015-07-23,2015-08-03,0,11,"SST072015","summer","SST072015_2015-07-23",1,209.5,7,8
"4069","SST","SST08",2015,2015-07-23,2015-08-03,0,11,"SST082015","summer","SST082015_2015-07-23",7,209.5,4,6
"4070","SST","SST09",2015,2015-07-23,2015-08-03,0,11,"SST092015","summer","SST092015_2015-07-23",0,209.5,6,7
"4071","SST","SST11",2015,2015-07-23,2015-08-03,0,11,"SST112015","summer","SST112015_2015-07-23",1,209.5,3,3
"4072","SST","SST12",2015,2015-07-23,2015-08-03,0,11,"SST122015","summer","SST122015_2015-07-23",0,209.5,3,3
"4073","SST","SST13",2015,2015-07-23,2015-08-03,0,11,"SST132015","summer","SST132015_2015-07-23",0,209.5,4,5
"4074","SST","SST16",2015,2015-07-23,2015-08-03,0,11,"SST162015","summer","SST162015_2015-07-23",0,209.5,1,1
"4075","GFH","GFH03",2015,2015-07-21,2015-08-04,0,14,"GFH032015","summer","GFH032015_2015-07-21",0,209,5,7
"4076","GFH","GFH04",2015,2015-07-21,2015-08-04,0,14,"GFH042015","summer","GFH042015_2015-07-21",1,209,12,23
"4077","GFH","GFH05",2015,2015-07-21,2015-08-04,0,14,"GFH052015","summer","GFH052015_2015-07-21",2,209,7,9
"4078","GFH","GFH06",2015,2015-07-21,2015-08-04,0,14,"GFH062015","summer","GFH062015_2015-07-21",0,209,3,3
"4079","GFH","GFH08",2015,2015-07-21,2015-08-04,0,14,"GFH082015","summer","GFH082015_2015-07-21",1,209,4,4
"4080","GFH","GFH09",2015,2015-07-21,2015-08-04,0,14,"GFH092015","summer","GFH092015_2015-07-21",0,209,1,1
"4081","GFH","GFH11",2015,2015-07-21,2015-08-04,0,14,"GFH112015","summer","GFH112015_2015-07-21",4,209,12,25
"4082","GFH","GFH13",2015,2015-07-21,2015-08-04,0,14,"GFH132015","summer","GFH132015_2015-07-21",7,209,3,3
"4083","GFH","GFH14",2015,2015-07-21,2015-08-04,0,14,"GFH142015","summer","GFH142015_2015-07-21",1,209,5,5
"4084","GFH","GFH15",2015,2015-07-21,2015-08-04,0,14,"GFH152015","summer","GFH152015_2015-07-21",3,209,2,2
"4085","SIP","SIP01",2015,2015-07-21,2015-08-04,0,14,"SIP012015","summer","SIP012015_2015-07-21",0,209,1,1
"4086","SIP","SIP03",2015,2015-07-21,2015-08-04,0,14,"SIP032015","summer","SIP032015_2015-07-21",1,209,6,8
"4087","SIP","SIP05",2015,2015-07-21,2015-08-04,0,14,"SIP052015","summer","SIP052015_2015-07-21",0,209,1,1
"4088","SIP","SIP06",2015,2015-07-21,2015-08-04,0,14,"SIP062015","summer","SIP062015_2015-07-21",0,209,3,7
"4089","SIP","SIP07",2015,2015-07-21,2015-08-04,0,14,"SIP072015","summer","SIP072015_2015-07-21",1,209,4,9
"4090","SIP","SIP08",2015,2015-07-21,2015-08-04,0,14,"SIP082015","summer","SIP082015_2015-07-21",0,209,2,2
"4091","SIP","SIP09",2015,2015-07-21,2015-08-04,0,14,"SIP092015","summer","SIP092015_2015-07-21",0,209,3,4
"4092","SIP","SIP10",2015,2015-07-21,2015-08-04,0,14,"SIP102015","summer","SIP102015_2015-07-21",0,209,2,2
"4093","SIP","SIP11",2015,2015-07-21,2015-08-04,0,14,"SIP112015","summer","SIP112015_2015-07-21",0,209,3,3
"4094","SIP","SIP12",2015,2015-07-21,2015-08-04,0,14,"SIP122015","summer","SIP122015_2015-07-21",1,209,3,10
"4095","SIP","SIP13",2015,2015-07-21,2015-08-04,0,14,"SIP132015","summer","SIP132015_2015-07-21",0,209,1,1
"4096","SIP","SIP14",2015,2015-07-21,2015-08-04,0,14,"SIP142015","summer","SIP142015_2015-07-21",0,209,5,8
"4097","SIP","SIP16",2015,2015-07-21,2015-08-04,0,14,"SIP162015","summer","SIP162015_2015-07-21",2,209,5,10
"4098","HAR","HAR01",2015,2015-07-22,2015-08-05,0,14,"HAR012015","summer","HAR012015_2015-07-22",1,210,5,6
"4099","HAR","HAR04",2015,2015-07-22,2015-08-05,0,14,"HAR042015","summer","HAR042015_2015-07-22",1,210,3,3
"4100","HAR","HAR05",2015,2015-07-22,2015-08-05,0,14,"HAR052015","summer","HAR052015_2015-07-22",4,210,16,392
"4101","HAR","HAR06",2015,2015-07-22,2015-08-05,0,14,"HAR062015","summer","HAR062015_2015-07-22",0,210,7,7
"4102","HAR","HAR07",2015,2015-07-22,2015-08-05,0,14,"HAR072015","summer","HAR072015_2015-07-22",1,210,3,3
"4103","HAR","HAR08",2015,2015-07-22,2015-08-05,0,14,"HAR082015","summer","HAR082015_2015-07-22",1,210,2,6
"4104","HAR","HAR10",2015,2015-07-22,2015-08-05,0,14,"HAR102015","summer","HAR102015_2015-07-22",1,210,11,15
"4105","HAR","HAR11",2015,2015-07-22,2015-08-05,0,14,"HAR112015","summer","HAR112015_2015-07-22",0,210,2,2
"4106","HAR","HAR12",2015,2015-07-22,2015-08-05,0,14,"HAR122015","summer","HAR122015_2015-07-22",0,210,2,2
"4107","HAR","HAR13",2015,2015-07-22,2015-08-05,0,14,"HAR132015","summer","HAR132015_2015-07-22",1,210,5,6
"4108","HAR","HAR14",2015,2015-07-22,2015-08-05,0,14,"HAR142015","summer","HAR142015_2015-07-22",6,210,5,13
"4109","HAR","HAR15",2015,2015-07-22,2015-08-05,0,14,"HAR152015","summer","HAR152015_2015-07-22",2,210,10,21
"4110","HAR","HAR16",2015,2015-07-22,2015-08-05,0,14,"HAR162015","summer","HAR162015_2015-07-22",0,210,12,17
"4111","WAN","WAN01",2015,2015-07-22,2015-08-05,0,14,"WAN012015","summer","WAN012015_2015-07-22",10,210,7,49
"4112","WAN","WAN02",2015,2015-07-22,2015-08-05,0,14,"WAN022015","summer","WAN022015_2015-07-22",5,210,3,7
"4113","WAN","WAN04",2015,2015-07-22,2015-08-05,0,14,"WAN042015","summer","WAN042015_2015-07-22",1,210,3,3
"4114","WAN","WAN06",2015,2015-07-22,2015-08-05,0,14,"WAN062015","summer","WAN062015_2015-07-22",2,210,10,18
"4115","WAN","WAN09",2015,2015-07-22,2015-08-05,0,14,"WAN092015","summer","WAN092015_2015-07-22",0,210,3,5
"4116","WAN","WAN11",2015,2015-07-22,2015-08-05,0,14,"WAN112015","summer","WAN112015_2015-07-22",0,210,2,3
"4117","WAN","WAN12",2015,2015-07-22,2015-08-05,0,14,"WAN122015","summer","WAN122015_2015-07-22",0,210,11,22
"4118","WAN","WAN13",2015,2015-07-22,2015-08-05,0,14,"WAN132015","summer","WAN132015_2015-07-22",0,210,1,3
"4119","WAN","WAN15",2015,2015-07-22,2015-08-05,0,14,"WAN152015","summer","WAN152015_2015-07-22",2,210,1,1
"4120","WAN","WAN16",2015,2015-07-22,2015-08-05,0,14,"WAN162015","summer","WAN162015_2015-07-22",0,210,1,1
"4121","FBG","FBG01",2015,2015-08-03,2015-08-17,0,14,"FBG012015","summer","FBG012015_2015-08-03",1,222,14,25
"4122","FBG","FBG02",2015,2015-08-03,2015-08-17,0,14,"FBG022015","summer","FBG022015_2015-08-03",4,222,4,5
"4123","FBG","FBG03",2015,2015-08-03,2015-08-17,0,14,"FBG032015","summer","FBG032015_2015-08-03",1,222,2,4
"4124","FBG","FBG04",2015,2015-08-03,2015-08-17,0,14,"FBG042015","summer","FBG042015_2015-08-03",2,222,8,14
"4125","FBG","FBG05",2015,2015-08-03,2015-08-17,0,14,"FBG052015","summer","FBG052015_2015-08-03",0,222,6,9
"4126","FBG","FBG06",2015,2015-08-03,2015-08-17,0,14,"FBG062015","summer","FBG062015_2015-08-03",0,222,16,23
"4127","FBG","FBG07",2015,2015-08-03,2015-08-17,0,14,"FBG072015","summer","FBG072015_2015-08-03",0,222,5,6
"4128","FBG","FBG08",2015,2015-08-03,2015-08-17,0,14,"FBG082015","summer","FBG082015_2015-08-03",0,222,6,12
"4129","FBG","FBG09",2015,2015-08-03,2015-08-17,0,14,"FBG092015","summer","FBG092015_2015-08-03",1,222,9,24
"4130","FBG","FBG10",2015,2015-08-03,2015-08-17,0,14,"FBG102015","summer","FBG102015_2015-08-03",2,222,11,27
"4131","FBG","FBG11",2015,2015-08-03,2015-08-17,0,14,"FBG112015","summer","FBG112015_2015-08-03",0,222,2,2
"4132","FBG","FBG12",2015,2015-08-03,2015-08-17,0,14,"FBG122015","summer","FBG122015_2015-08-03",0,222,1,2
"4133","FBG","FBG13",2015,2015-08-03,2015-08-17,0,14,"FBG132015","summer","FBG132015_2015-08-03",1,222,8,13
"4134","FBG","FBG14",2015,2015-08-03,2015-08-17,0,14,"FBG142015","summer","FBG142015_2015-08-03",0,222,3,3
"4135","FBG","FBG15",2015,2015-08-03,2015-08-17,0,14,"FBG152015","summer","FBG152015_2015-08-03",0,222,3,3
"4136","FBG","FBG16",2015,2015-08-03,2015-08-17,0,14,"FBG162015","summer","FBG162015_2015-08-03",0,222,6,20
"4137","SST","SST01",2015,2015-08-03,2015-08-17,0,14,"SST012015","summer","SST012015_2015-08-03",0,222,5,6
"4138","SST","SST02",2015,2015-08-03,2015-08-17,0,14,"SST022015","summer","SST022015_2015-08-03",0,222,4,4
"4139","SST","SST04",2015,2015-08-03,2015-08-17,0,14,"SST042015","summer","SST042015_2015-08-03",5,222,7,10
"4140","SST","SST05",2015,2015-08-03,2015-08-17,0,14,"SST052015","summer","SST052015_2015-08-03",0,222,6,7
"4141","SST","SST07",2015,2015-08-03,2015-08-17,0,14,"SST072015","summer","SST072015_2015-08-03",1,222,5,8
"4142","SST","SST08",2015,2015-08-03,2015-08-17,0,14,"SST082015","summer","SST082015_2015-08-03",1,222,4,4
"4143","SST","SST09",2015,2015-08-03,2015-08-17,0,14,"SST092015","summer","SST092015_2015-08-03",0,222,1,2
"4144","SST","SST10",2015,2015-08-03,2015-08-17,0,14,"SST102015","summer","SST102015_2015-08-03",1,222,5,13
"4145","SST","SST11",2015,2015-08-03,2015-08-17,0,14,"SST112015","summer","SST112015_2015-08-03",1,222,4,4
"4146","SST","SST12",2015,2015-08-03,2015-08-17,0,14,"SST122015","summer","SST122015_2015-08-03",0,222,3,3
"4147","SST","SST14",2015,2015-08-03,2015-08-17,0,14,"SST142015","summer","SST142015_2015-08-03",1,222,7,8
"4148","SST","SST15",2015,2015-08-03,2015-08-17,0,14,"SST152015","summer","SST152015_2015-08-03",0,222,2,3
"4149","SST","SST16",2015,2015-08-03,2015-08-17,0,14,"SST162015","summer","SST162015_2015-08-03",0,222,3,3
"4150","HAR","HAR01",2015,2015-08-05,2015-08-18,0,13,"HAR012015","summer","HAR012015_2015-08-05",0,223.5,1,1
"4151","HAR","HAR02",2015,2015-08-05,2015-08-18,0,13,"HAR022015","summer","HAR022015_2015-08-05",0,223.5,3,3
"4152","HAR","HAR03",2015,2015-08-05,2015-08-18,0,13,"HAR032015","summer","HAR032015_2015-08-05",1,223.5,2,2
"4153","HAR","HAR05",2015,2015-08-05,2015-08-18,0,13,"HAR052015","summer","HAR052015_2015-08-05",0,223.5,3,5
"4154","HAR","HAR06",2015,2015-08-05,2015-08-18,0,13,"HAR062015","summer","HAR062015_2015-08-05",0,223.5,4,4
"4155","HAR","HAR07",2015,2015-08-05,2015-08-18,0,13,"HAR072015","summer","HAR072015_2015-08-05",0,223.5,1,1
"4156","HAR","HAR08",2015,2015-08-05,2015-08-18,0,13,"HAR082015","summer","HAR082015_2015-08-05",1,223.5,0,0
"4157","HAR","HAR09",2015,2015-08-05,2015-08-18,0,13,"HAR092015","summer","HAR092015_2015-08-05",0,223.5,8,12
"4158","HAR","HAR10",2015,2015-08-05,2015-08-18,0,13,"HAR102015","summer","HAR102015_2015-08-05",0,223.5,6,8
"4159","HAR","HAR12",2015,2015-08-05,2015-08-18,0,13,"HAR122015","summer","HAR122015_2015-08-05",7,223.5,1,1
"4160","HAR","HAR13",2015,2015-08-05,2015-08-18,0,13,"HAR132015","summer","HAR132015_2015-08-05",1,223.5,1,1
"4161","HAR","HAR14",2015,2015-08-05,2015-08-18,0,13,"HAR142015","summer","HAR142015_2015-08-05",1,223.5,4,10
"4162","HAR","HAR15",2015,2015-08-05,2015-08-18,0,13,"HAR152015","summer","HAR152015_2015-08-05",1,223.5,4,6
"4163","HAR","HAR16",2015,2015-08-05,2015-08-18,0,13,"HAR162015","summer","HAR162015_2015-08-05",1,223.5,3,3
"4164","WAN","WAN01",2015,2015-08-05,2015-08-18,0,13,"WAN012015","summer","WAN012015_2015-08-05",19,223.5,3,3
"4165","WAN","WAN02",2015,2015-08-05,2015-08-18,0,13,"WAN022015","summer","WAN022015_2015-08-05",6,223.5,0,0
"4166","WAN","WAN03",2015,2015-08-05,2015-08-18,0,13,"WAN032015","summer","WAN032015_2015-08-05",2,223.5,0,0
"4167","WAN","WAN04",2015,2015-08-05,2015-08-18,0,13,"WAN042015","summer","WAN042015_2015-08-05",0,223.5,2,3
"4168","WAN","WAN05",2015,2015-08-05,2015-08-18,0,13,"WAN052015","summer","WAN052015_2015-08-05",0,223.5,1,1
"4169","WAN","WAN06",2015,2015-08-05,2015-08-18,0,13,"WAN062015","summer","WAN062015_2015-08-05",9,223.5,5,7
"4170","WAN","WAN07",2015,2015-08-05,2015-08-18,0,13,"WAN072015","summer","WAN072015_2015-08-05",1,223.5,0,0
"4171","WAN","WAN09",2015,2015-08-05,2015-08-18,0,13,"WAN092015","summer","WAN092015_2015-08-05",2,223.5,2,2
"4172","WAN","WAN10",2015,2015-08-05,2015-08-18,0,13,"WAN102015","summer","WAN102015_2015-08-05",4,223.5,3,11
"4173","WAN","WAN12",2015,2015-08-05,2015-08-18,0,13,"WAN122015","summer","WAN122015_2015-08-05",0,223.5,2,2
"4174","WAN","WAN13",2015,2015-08-05,2015-08-18,0,13,"WAN132015","summer","WAN132015_2015-08-05",1,223.5,2,2
"4175","WAN","WAN14",2015,2015-08-05,2015-08-18,0,13,"WAN142015","summer","WAN142015_2015-08-05",5,223.5,3,3
"4176","WAN","WAN16",2015,2015-08-05,2015-08-18,0,13,"WAN162015","summer","WAN162015_2015-08-05",0,223.5,2,2
"4177","GFH","GFH01",2015,2015-08-04,2015-08-20,0,16,"GFH012015","summer","GFH012015_2015-08-04",0,224,2,3
"4178","GFH","GFH02",2015,2015-08-04,2015-08-20,0,16,"GFH022015","summer","GFH022015_2015-08-04",0,224,5,6
"4179","GFH","GFH03",2015,2015-08-04,2015-08-20,0,16,"GFH032015","summer","GFH032015_2015-08-04",3,224,6,11
"4180","GFH","GFH04",2015,2015-08-04,2015-08-20,0,16,"GFH042015","summer","GFH042015_2015-08-04",0,224,3,3
"4181","GFH","GFH05",2015,2015-08-04,2015-08-20,0,16,"GFH052015","summer","GFH052015_2015-08-04",3,224,5,8
"4182","GFH","GFH06",2015,2015-08-04,2015-08-20,0,16,"GFH062015","summer","GFH062015_2015-08-04",0,224,1,1
"4183","GFH","GFH07",2015,2015-08-04,2015-08-20,0,16,"GFH072015","summer","GFH072015_2015-08-04",2,224,1,1
"4184","GFH","GFH08",2015,2015-08-04,2015-08-20,0,16,"GFH082015","summer","GFH082015_2015-08-04",0,224,3,3
"4185","GFH","GFH09",2015,2015-08-04,2015-08-20,0,16,"GFH092015","summer","GFH092015_2015-08-04",1,224,1,1
"4186","GFH","GFH10",2015,2015-08-04,2015-08-20,0,16,"GFH102015","summer","GFH102015_2015-08-04",1,224,6,7
"4187","GFH","GFH11",2015,2015-08-04,2015-08-20,0,16,"GFH112015","summer","GFH112015_2015-08-04",3,224,4,6
"4188","GFH","GFH12",2015,2015-08-04,2015-08-20,0,16,"GFH122015","summer","GFH122015_2015-08-04",6,224,6,7
"4189","GFH","GFH13",2015,2015-08-04,2015-08-20,0,16,"GFH132015","summer","GFH132015_2015-08-04",0,224,4,7
"4190","GFH","GFH14",2015,2015-08-04,2015-08-20,0,16,"GFH142015","summer","GFH142015_2015-08-04",0,224,2,2
"4191","GFH","GFH15",2015,2015-08-04,2015-08-20,0,16,"GFH152015","summer","GFH152015_2015-08-04",8,224,2,2
"4192","GFH","GFH16",2015,2015-08-04,2015-08-20,0,16,"GFH162015","summer","GFH162015_2015-08-04",10,224,7,11
"4193","SIP","SIP01",2015,2015-08-04,2015-08-20,0,16,"SIP012015","summer","SIP012015_2015-08-04",0,224,3,3
"4194","SIP","SIP02",2015,2015-08-04,2015-08-20,0,16,"SIP022015","summer","SIP022015_2015-08-04",0,224,2,3
"4195","SIP","SIP03",2015,2015-08-04,2015-08-20,0,16,"SIP032015","summer","SIP032015_2015-08-04",0,224,2,2
"4196","SIP","SIP06",2015,2015-08-04,2015-08-20,0,16,"SIP062015","summer","SIP062015_2015-08-04",0,224,2,2
"4197","SIP","SIP08",2015,2015-08-04,2015-08-20,0,16,"SIP082015","summer","SIP082015_2015-08-04",0,224,1,1
"4198","SIP","SIP09",2015,2015-08-04,2015-08-20,0,16,"SIP092015","summer","SIP092015_2015-08-04",0,224,2,5
"4199","SIP","SIP11",2015,2015-08-04,2015-08-20,0,16,"SIP112015","summer","SIP112015_2015-08-04",0,224,4,6
"4200","SIP","SIP12",2015,2015-08-04,2015-08-20,0,16,"SIP122015","summer","SIP122015_2015-08-04",0,224,2,2
"4201","SIP","SIP13",2015,2015-08-04,2015-08-20,0,16,"SIP132015","summer","SIP132015_2015-08-04",0,224,2,2
"4202","SIP","SIP14",2015,2015-08-04,2015-08-20,0,16,"SIP142015","summer","SIP142015_2015-08-04",0,224,4,6
"4203","SIP","SIP15",2015,2015-08-04,2015-08-20,0,16,"SIP152015","summer","SIP152015_2015-08-04",0,224,3,4
"4204","SIP","SIP16",2015,2015-08-04,2015-08-20,0,16,"SIP162015","summer","SIP162015_2015-08-04",2,224,6,11
"4205","GFH","GFH02",2015,2015-08-20,2015-09-01,0,12,"GFH022015","summer","GFH022015_2015-08-20",2,238,1,1
"4206","GFH","GFH03",2015,2015-08-20,2015-09-01,0,12,"GFH032015","summer","GFH032015_2015-08-20",3,238,9,22
"4207","GFH","GFH04",2015,2015-08-20,2015-09-01,0,12,"GFH042015","summer","GFH042015_2015-08-20",2,238,6,9
"4208","GFH","GFH05",2015,2015-08-20,2015-09-01,0,12,"GFH052015","summer","GFH052015_2015-08-20",1,238,6,6
"4209","GFH","GFH06",2015,2015-08-20,2015-09-01,0,12,"GFH062015","summer","GFH062015_2015-08-20",1,238,1,1
"4210","GFH","GFH07",2015,2015-08-20,2015-09-01,0,12,"GFH072015","summer","GFH072015_2015-08-20",3,238,5,5
"4211","GFH","GFH08",2015,2015-08-20,2015-09-01,0,12,"GFH082015","summer","GFH082015_2015-08-20",5,238,3,3
"4212","GFH","GFH09",2015,2015-08-20,2015-09-01,0,12,"GFH092015","summer","GFH092015_2015-08-20",2,238,0,0
"4213","GFH","GFH10",2015,2015-08-20,2015-09-01,0,12,"GFH102015","summer","GFH102015_2015-08-20",2,238,6,10
"4214","GFH","GFH11",2015,2015-08-20,2015-09-01,0,12,"GFH112015","summer","GFH112015_2015-08-20",4,238,1,1
"4215","GFH","GFH12",2015,2015-08-20,2015-09-01,0,12,"GFH122015","summer","GFH122015_2015-08-20",3,238,1,1
"4216","GFH","GFH13",2015,2015-08-20,2015-09-01,0,12,"GFH132015","summer","GFH132015_2015-08-20",13,238,2,2
"4217","GFH","GFH14",2015,2015-08-20,2015-09-01,0,12,"GFH142015","summer","GFH142015_2015-08-20",3,238,3,3
"4218","GFH","GFH15",2015,2015-08-20,2015-09-01,0,12,"GFH152015","summer","GFH152015_2015-08-20",11,238,2,2
"4219","GFH","GFH16",2015,2015-08-20,2015-09-01,0,12,"GFH162015","summer","GFH162015_2015-08-20",10,238,6,7
"4220","SIP","SIP02",2015,2015-08-20,2015-09-01,0,12,"SIP022015","summer","SIP022015_2015-08-20",0,238,2,2
"4221","SIP","SIP03",2015,2015-08-20,2015-09-01,0,12,"SIP032015","summer","SIP032015_2015-08-20",0,238,1,1
"4222","SIP","SIP05",2015,2015-08-20,2015-09-01,0,12,"SIP052015","summer","SIP052015_2015-08-20",0,238,1,1
"4223","SIP","SIP06",2015,2015-08-20,2015-09-01,0,12,"SIP062015","summer","SIP062015_2015-08-20",0,238,1,1
"4224","SIP","SIP07",2015,2015-08-20,2015-09-01,0,12,"SIP072015","summer","SIP072015_2015-08-20",0,238,2,2
"4225","SIP","SIP08",2015,2015-08-20,2015-09-01,0,12,"SIP082015","summer","SIP082015_2015-08-20",0,238,1,2
"4226","SIP","SIP09",2015,2015-08-20,2015-09-01,0,12,"SIP092015","summer","SIP092015_2015-08-20",0,238,3,4
"4227","SIP","SIP10",2015,2015-08-20,2015-09-01,0,12,"SIP102015","summer","SIP102015_2015-08-20",0,238,1,1
"4228","SIP","SIP11",2015,2015-08-20,2015-09-01,0,12,"SIP112015","summer","SIP112015_2015-08-20",0,238,1,1
"4229","SIP","SIP12",2015,2015-08-20,2015-09-01,0,12,"SIP122015","summer","SIP122015_2015-08-20",0,238,2,2
"4230","SIP","SIP13",2015,2015-08-20,2015-09-01,0,12,"SIP132015","summer","SIP132015_2015-08-20",0,238,2,2
"4231","SIP","SIP14",2015,2015-08-20,2015-09-01,0,12,"SIP142015","summer","SIP142015_2015-08-20",0,238,4,5
"4232","SIP","SIP16",2015,2015-08-20,2015-09-01,0,12,"SIP162015","summer","SIP162015_2015-08-20",0,238,4,5
"4233","HAR","HAR01",2016,2016-07-11,2016-07-25,0,14,"HAR012016","summer","HAR012016_2016-07-11",0,200,10,20
"4234","HAR","HAR02",2016,2016-07-11,2016-07-25,0,14,"HAR022016","summer","HAR022016_2016-07-11",0,200,4,4
"4235","HAR","HAR03",2016,2016-07-11,2016-07-25,0,14,"HAR032016","summer","HAR032016_2016-07-11",0,200,12,20
"4236","HAR","HAR04",2016,2016-07-11,2016-07-25,0,14,"HAR042016","summer","HAR042016_2016-07-11",0,200,2,2
"4237","HAR","HAR05",2016,2016-07-11,2016-07-25,0,14,"HAR052016","summer","HAR052016_2016-07-11",1,200,10,36
"4238","HAR","HAR06",2016,2016-07-11,2016-07-25,0,14,"HAR062016","summer","HAR062016_2016-07-11",1,200,4,8
"4239","HAR","HAR07",2016,2016-07-11,2016-07-25,0,14,"HAR072016","summer","HAR072016_2016-07-11",0,200,3,5
"4240","HAR","HAR08",2016,2016-07-11,2016-07-25,0,14,"HAR082016","summer","HAR082016_2016-07-11",1,200,1,1
"4241","HAR","HAR09",2016,2016-07-11,2016-07-25,0,14,"HAR092016","summer","HAR092016_2016-07-11",0,200,9,15
"4242","HAR","HAR10",2016,2016-07-11,2016-07-25,0,14,"HAR102016","summer","HAR102016_2016-07-11",1,200,17,54
"4243","HAR","HAR12",2016,2016-07-11,2016-07-25,0,14,"HAR122016","summer","HAR122016_2016-07-11",2,200,1,2
"4244","HAR","HAR13",2016,2016-07-11,2016-07-25,0,14,"HAR132016","summer","HAR132016_2016-07-11",0,200,5,6
"4245","HAR","HAR14",2016,2016-07-11,2016-07-25,0,14,"HAR142016","summer","HAR142016_2016-07-11",4,200,7,14
"4246","HAR","HAR15",2016,2016-07-11,2016-07-25,0,14,"HAR152016","summer","HAR152016_2016-07-11",1,200,8,14
"4247","HAR","HAR16",2016,2016-07-11,2016-07-25,0,14,"HAR162016","summer","HAR162016_2016-07-11",0,200,13,26
"4248","WAN","WAN01",2016,2016-07-11,2016-07-25,0,14,"WAN012016","summer","WAN012016_2016-07-11",1,200,5,5
"4249","WAN","WAN02",2016,2016-07-11,2016-07-25,0,14,"WAN022016","summer","WAN022016_2016-07-11",1,200,3,5
"4250","WAN","WAN03",2016,2016-07-11,2016-07-25,0,14,"WAN032016","summer","WAN032016_2016-07-11",0,200,1,1
"4251","WAN","WAN04",2016,2016-07-11,2016-07-25,0,14,"WAN042016","summer","WAN042016_2016-07-11",0,200,2,3
"4252","WAN","WAN05",2016,2016-07-11,2016-07-25,0,14,"WAN052016","summer","WAN052016_2016-07-11",0,200,1,1
"4253","WAN","WAN06",2016,2016-07-11,2016-07-25,0,14,"WAN062016","summer","WAN062016_2016-07-11",2,200,4,10
"4254","WAN","WAN07",2016,2016-07-11,2016-07-25,0,14,"WAN072016","summer","WAN072016_2016-07-11",0,200,7,8
"4255","WAN","WAN09",2016,2016-07-11,2016-07-25,0,14,"WAN092016","summer","WAN092016_2016-07-11",1,200,5,22
"4256","WAN","WAN10",2016,2016-07-11,2016-07-25,0,14,"WAN102016","summer","WAN102016_2016-07-11",0,200,4,19
"4257","WAN","WAN12",2016,2016-07-11,2016-07-25,0,14,"WAN122016","summer","WAN122016_2016-07-11",0,200,4,4
"4258","WAN","WAN13",2016,2016-07-11,2016-07-25,0,14,"WAN132016","summer","WAN132016_2016-07-11",0,200,2,2
"4259","WAN","WAN14",2016,2016-07-11,2016-07-25,0,14,"WAN142016","summer","WAN142016_2016-07-11",1,200,4,7
"4260","WAN","WAN15",2016,2016-07-11,2016-07-25,0,14,"WAN152016","summer","WAN152016_2016-07-11",0,200,8,16
"4261","WAN","WAN16",2016,2016-07-11,2016-07-25,0,14,"WAN162016","summer","WAN162016_2016-07-11",0,200,2,4
"4262","GFH","GFH01",2016,2016-07-12,2016-07-26,0,14,"GFH012016","summer","GFH012016_2016-07-12",0,201,3,3
"4263","GFH","GFH02",2016,2016-07-12,2016-07-26,0,14,"GFH022016","summer","GFH022016_2016-07-12",0,201,2,2
"4264","GFH","GFH03",2016,2016-07-12,2016-07-26,0,14,"GFH032016","summer","GFH032016_2016-07-12",1,201,8,14
"4265","GFH","GFH04",2016,2016-07-12,2016-07-26,0,14,"GFH042016","summer","GFH042016_2016-07-12",1,201,12,18
"4266","GFH","GFH05",2016,2016-07-12,2016-07-26,0,14,"GFH052016","summer","GFH052016_2016-07-12",3,201,10,13
"4267","GFH","GFH06",2016,2016-07-12,2016-07-26,0,14,"GFH062016","summer","GFH062016_2016-07-12",0,201,1,1
"4268","GFH","GFH07",2016,2016-07-12,2016-07-26,0,14,"GFH072016","summer","GFH072016_2016-07-12",0,201,1,1
"4269","GFH","GFH08",2016,2016-07-12,2016-07-26,0,14,"GFH082016","summer","GFH082016_2016-07-12",0,201,7,9
"4270","GFH","GFH09",2016,2016-07-12,2016-07-26,0,14,"GFH092016","summer","GFH092016_2016-07-12",2,201,4,4
"4271","GFH","GFH10",2016,2016-07-12,2016-07-26,0,14,"GFH102016","summer","GFH102016_2016-07-12",2,201,4,4
"4272","GFH","GFH11",2016,2016-07-12,2016-07-26,0,14,"GFH112016","summer","GFH112016_2016-07-12",0,201,9,20
"4273","GFH","GFH13",2016,2016-07-12,2016-07-26,0,14,"GFH132016","summer","GFH132016_2016-07-12",0,201,5,5
"4274","GFH","GFH14",2016,2016-07-12,2016-07-26,0,14,"GFH142016","summer","GFH142016_2016-07-12",1,201,6,6
"4275","GFH","GFH15",2016,2016-07-12,2016-07-26,0,14,"GFH152016","summer","GFH152016_2016-07-12",2,201,10,15
"4276","GFH","GFH16",2016,2016-07-12,2016-07-26,0,14,"GFH162016","summer","GFH162016_2016-07-12",0,201,9,10
"4277","SIP","SIP01",2016,2016-07-12,2016-07-26,0,14,"SIP012016","summer","SIP012016_2016-07-12",0,201,4,8
"4278","SIP","SIP02",2016,2016-07-12,2016-07-26,0,14,"SIP022016","summer","SIP022016_2016-07-12",0,201,9,17
"4279","SIP","SIP03",2016,2016-07-12,2016-07-26,0,14,"SIP032016","summer","SIP032016_2016-07-12",0,201,6,9
"4280","SIP","SIP05",2016,2016-07-12,2016-07-26,0,14,"SIP052016","summer","SIP052016_2016-07-12",0,201,2,3
"4281","SIP","SIP06",2016,2016-07-12,2016-07-26,0,14,"SIP062016","summer","SIP062016_2016-07-12",1,201,4,9
"4282","SIP","SIP07",2016,2016-07-12,2016-07-26,0,14,"SIP072016","summer","SIP072016_2016-07-12",0,201,6,10
"4283","SIP","SIP08",2016,2016-07-12,2016-07-26,0,14,"SIP082016","summer","SIP082016_2016-07-12",0,201,4,4
"4284","SIP","SIP09",2016,2016-07-12,2016-07-26,0,14,"SIP092016","summer","SIP092016_2016-07-12",0,201,7,12
"4285","SIP","SIP10",2016,2016-07-12,2016-07-26,0,14,"SIP102016","summer","SIP102016_2016-07-12",0,201,3,6
"4286","SIP","SIP11",2016,2016-07-12,2016-07-26,0,14,"SIP112016","summer","SIP112016_2016-07-12",0,201,6,7
"4287","SIP","SIP12",2016,2016-07-12,2016-07-26,0,14,"SIP122016","summer","SIP122016_2016-07-12",0,201,7,12
"4288","SIP","SIP13",2016,2016-07-12,2016-07-26,0,14,"SIP132016","summer","SIP132016_2016-07-12",0,201,3,6
"4289","SIP","SIP14",2016,2016-07-12,2016-07-26,0,14,"SIP142016","summer","SIP142016_2016-07-12",1,201,9,12
"4290","SIP","SIP15",2016,2016-07-12,2016-07-26,0,14,"SIP152016","summer","SIP152016_2016-07-12",2,201,4,6
"4291","SIP","SIP16",2016,2016-07-12,2016-07-26,0,14,"SIP162016","summer","SIP162016_2016-07-12",1,201,3,3
"4292","FBG","FBG01",2016,2016-07-13,2016-07-27,0,14,"FBG012016","summer","FBG012016_2016-07-13",6,202,26,135
"4293","FBG","FBG02",2016,2016-07-13,2016-07-27,0,14,"FBG022016","summer","FBG022016_2016-07-13",2,202,6,8
"4294","FBG","FBG03",2016,2016-07-13,2016-07-27,0,14,"FBG032016","summer","FBG032016_2016-07-13",0,202,5,11
"4295","FBG","FBG04",2016,2016-07-13,2016-07-27,0,14,"FBG042016","summer","FBG042016_2016-07-13",1,202,10,30
"4296","FBG","FBG05",2016,2016-07-13,2016-07-27,0,14,"FBG052016","summer","FBG052016_2016-07-13",2,202,15,39
"4297","FBG","FBG06",2016,2016-07-13,2016-07-27,0,14,"FBG062016","summer","FBG062016_2016-07-13",2,202,13,42
"4298","FBG","FBG07",2016,2016-07-13,2016-07-27,0,14,"FBG072016","summer","FBG072016_2016-07-13",1,202,14,68
"4299","FBG","FBG08",2016,2016-07-13,2016-07-27,0,14,"FBG082016","summer","FBG082016_2016-07-13",0,202,3,9
"4300","FBG","FBG09",2016,2016-07-13,2016-07-27,0,14,"FBG092016","summer","FBG092016_2016-07-13",1,202,13,29
"4301","FBG","FBG10",2016,2016-07-13,2016-07-27,0,14,"FBG102016","summer","FBG102016_2016-07-13",2,202,18,41
"4302","FBG","FBG12",2016,2016-07-13,2016-07-27,0,14,"FBG122016","summer","FBG122016_2016-07-13",0,202,9,13
"4303","FBG","FBG13",2016,2016-07-13,2016-07-27,0,14,"FBG132016","summer","FBG132016_2016-07-13",1,202,13,26
"4304","FBG","FBG14",2016,2016-07-13,2016-07-27,0,14,"FBG142016","summer","FBG142016_2016-07-13",0,202,12,19
"4305","FBG","FBG15",2016,2016-07-13,2016-07-27,0,14,"FBG152016","summer","FBG152016_2016-07-13",1,202,12,28
"4306","FBG","FBG16",2016,2016-07-13,2016-07-27,0,14,"FBG162016","summer","FBG162016_2016-07-13",0,202,12,28
"4307","SST","SST01",2016,2016-07-13,2016-07-27,0,14,"SST012016","summer","SST012016_2016-07-13",0,202,8,9
"4308","SST","SST02",2016,2016-07-13,2016-07-27,0,14,"SST022016","summer","SST022016_2016-07-13",1,202,8,15
"4309","SST","SST03",2016,2016-07-13,2016-07-27,0,14,"SST032016","summer","SST032016_2016-07-13",0,202,8,8
"4310","SST","SST04",2016,2016-07-13,2016-07-27,0,14,"SST042016","summer","SST042016_2016-07-13",1,202,7,11
"4311","SST","SST05",2016,2016-07-13,2016-07-27,0,14,"SST052016","summer","SST052016_2016-07-13",1,202,7,9
"4312","SST","SST06",2016,2016-07-13,2016-07-27,0,14,"SST062016","summer","SST062016_2016-07-13",0,202,5,5
"4313","SST","SST07",2016,2016-07-13,2016-07-27,0,14,"SST072016","summer","SST072016_2016-07-13",0,202,7,15
"4314","SST","SST08",2016,2016-07-13,2016-07-27,0,14,"SST082016","summer","SST082016_2016-07-13",2,202,7,11
"4315","SST","SST09",2016,2016-07-13,2016-07-27,0,14,"SST092016","summer","SST092016_2016-07-13",0,202,2,4
"4316","SST","SST10",2016,2016-07-13,2016-07-27,0,14,"SST102016","summer","SST102016_2016-07-13",3,202,16,36
"4317","SST","SST11",2016,2016-07-13,2016-07-27,0,14,"SST112016","summer","SST112016_2016-07-13",0,202,5,7
"4318","SST","SST12",2016,2016-07-13,2016-07-27,0,14,"SST122016","summer","SST122016_2016-07-13",0,202,10,10
"4319","SST","SST13",2016,2016-07-13,2016-07-27,0,14,"SST132016","summer","SST132016_2016-07-13",2,202,9,16
"4320","SST","SST14",2016,2016-07-13,2016-07-27,0,14,"SST142016","summer","SST142016_2016-07-13",1,202,9,17
"4321","SST","SST15",2016,2016-07-13,2016-07-27,0,14,"SST152016","summer","SST152016_2016-07-13",0,202,2,2
"4322","SST","SST16",2016,2016-07-13,2016-07-27,0,14,"SST162016","summer","SST162016_2016-07-13",1,202,21,83
"4323","HAR","HAR01",2016,2016-07-25,2016-08-08,0,14,"HAR012016","summer","HAR012016_2016-07-25",0,214,3,8
"4324","HAR","HAR02",2016,2016-07-25,2016-08-08,0,14,"HAR022016","summer","HAR022016_2016-07-25",0,214,2,2
"4325","HAR","HAR03",2016,2016-07-25,2016-08-08,0,14,"HAR032016","summer","HAR032016_2016-07-25",0,214,1,1
"4326","HAR","HAR04",2016,2016-07-25,2016-08-08,0,14,"HAR042016","summer","HAR042016_2016-07-25",0,214,3,4
"4327","HAR","HAR05",2016,2016-07-25,2016-08-08,0,14,"HAR052016","summer","HAR052016_2016-07-25",0,214,9,30
"4328","HAR","HAR06",2016,2016-07-25,2016-08-08,0,14,"HAR062016","summer","HAR062016_2016-07-25",1,214,5,7
"4329","HAR","HAR07",2016,2016-07-25,2016-08-08,0,14,"HAR072016","summer","HAR072016_2016-07-25",1,214,4,4
"4330","HAR","HAR09",2016,2016-07-25,2016-08-08,0,14,"HAR092016","summer","HAR092016_2016-07-25",0,214,5,6
"4331","HAR","HAR13",2016,2016-07-25,2016-08-08,0,14,"HAR132016","summer","HAR132016_2016-07-25",2,214,2,2
"4332","HAR","HAR15",2016,2016-07-25,2016-08-08,0,14,"HAR152016","summer","HAR152016_2016-07-25",4,214,6,7
"4333","HAR","HAR16",2016,2016-07-25,2016-08-08,0,14,"HAR162016","summer","HAR162016_2016-07-25",1,214,4,9
"4334","WAN","WAN01",2016,2016-07-25,2016-08-08,0,14,"WAN012016","summer","WAN012016_2016-07-25",3,214,2,2
"4335","WAN","WAN02",2016,2016-07-25,2016-08-08,0,14,"WAN022016","summer","WAN022016_2016-07-25",2,214,2,3
"4336","WAN","WAN03",2016,2016-07-25,2016-08-08,0,14,"WAN032016","summer","WAN032016_2016-07-25",5,214,5,6
"4337","WAN","WAN04",2016,2016-07-25,2016-08-08,0,14,"WAN042016","summer","WAN042016_2016-07-25",2,214,3,3
"4338","WAN","WAN05",2016,2016-07-25,2016-08-08,0,14,"WAN052016","summer","WAN052016_2016-07-25",0,214,1,1
"4339","WAN","WAN06",2016,2016-07-25,2016-08-08,0,14,"WAN062016","summer","WAN062016_2016-07-25",5,214,4,12
"4340","WAN","WAN07",2016,2016-07-25,2016-08-08,0,14,"WAN072016","summer","WAN072016_2016-07-25",4,214,2,2
"4341","WAN","WAN08",2016,2016-07-25,2016-08-08,0,14,"WAN082016","summer","WAN082016_2016-07-25",1,214,1,1
"4342","WAN","WAN09",2016,2016-07-25,2016-08-08,0,14,"WAN092016","summer","WAN092016_2016-07-25",4,214,5,13
"4343","WAN","WAN10",2016,2016-07-25,2016-08-08,0,14,"WAN102016","summer","WAN102016_2016-07-25",8,214,9,24
"4344","WAN","WAN11",2016,2016-07-25,2016-08-08,0,14,"WAN112016","summer","WAN112016_2016-07-25",1,214,0,0
"4345","WAN","WAN12",2016,2016-07-25,2016-08-08,0,14,"WAN122016","summer","WAN122016_2016-07-25",1,214,3,4
"4346","WAN","WAN14",2016,2016-07-25,2016-08-08,0,14,"WAN142016","summer","WAN142016_2016-07-25",0,214,1,1
"4347","WAN","WAN15",2016,2016-07-25,2016-08-08,0,14,"WAN152016","summer","WAN152016_2016-07-25",1,214,2,3
"4348","WAN","WAN16",2016,2016-07-25,2016-08-08,0,14,"WAN162016","summer","WAN162016_2016-07-25",0,214,2,3
"4349","GFH","GFH01",2016,2016-07-26,2016-08-09,0,14,"GFH012016","summer","GFH012016_2016-07-26",1,215,0,0
"4350","GFH","GFH02",2016,2016-07-26,2016-08-09,0,14,"GFH022016","summer","GFH022016_2016-07-26",0,215,1,1
"4351","GFH","GFH03",2016,2016-07-26,2016-08-09,0,14,"GFH032016","summer","GFH032016_2016-07-26",1,215,8,12
"4352","GFH","GFH04",2016,2016-07-26,2016-08-09,0,14,"GFH042016","summer","GFH042016_2016-07-26",1,215,9,15
"4353","GFH","GFH05",2016,2016-07-26,2016-08-09,0,14,"GFH052016","summer","GFH052016_2016-07-26",3,215,4,5
"4354","GFH","GFH06",2016,2016-07-26,2016-08-09,0,14,"GFH062016","summer","GFH062016_2016-07-26",0,215,1,1
"4355","GFH","GFH07",2016,2016-07-26,2016-08-09,0,14,"GFH072016","summer","GFH072016_2016-07-26",3,215,1,1
"4356","GFH","GFH08",2016,2016-07-26,2016-08-09,0,14,"GFH082016","summer","GFH082016_2016-07-26",0,215,2,2
"4357","GFH","GFH09",2016,2016-07-26,2016-08-09,0,14,"GFH092016","summer","GFH092016_2016-07-26",0,215,4,5
"4358","GFH","GFH10",2016,2016-07-26,2016-08-09,0,14,"GFH102016","summer","GFH102016_2016-07-26",0,215,1,1
"4359","GFH","GFH11",2016,2016-07-26,2016-08-09,0,14,"GFH112016","summer","GFH112016_2016-07-26",0,215,2,4
"4360","GFH","GFH13",2016,2016-07-26,2016-08-09,0,14,"GFH132016","summer","GFH132016_2016-07-26",3,215,2,2
"4361","GFH","GFH14",2016,2016-07-26,2016-08-09,0,14,"GFH142016","summer","GFH142016_2016-07-26",1,215,4,6
"4362","GFH","GFH15",2016,2016-07-26,2016-08-09,0,14,"GFH152016","summer","GFH152016_2016-07-26",1,215,6,8
"4363","GFH","GFH16",2016,2016-07-26,2016-08-09,0,14,"GFH162016","summer","GFH162016_2016-07-26",0,215,2,2
"4364","SIP","SIP01",2016,2016-07-26,2016-08-09,0,14,"SIP012016","summer","SIP012016_2016-07-26",2,215,4,6
"4365","SIP","SIP02",2016,2016-07-26,2016-08-09,0,14,"SIP022016","summer","SIP022016_2016-07-26",1,215,4,5
"4366","SIP","SIP03",2016,2016-07-26,2016-08-09,0,14,"SIP032016","summer","SIP032016_2016-07-26",0,215,4,8
"4367","SIP","SIP05",2016,2016-07-26,2016-08-09,0,14,"SIP052016","summer","SIP052016_2016-07-26",0,215,5,6
"4368","SIP","SIP06",2016,2016-07-26,2016-08-09,0,14,"SIP062016","summer","SIP062016_2016-07-26",0,215,4,6
"4369","SIP","SIP07",2016,2016-07-26,2016-08-09,0,14,"SIP072016","summer","SIP072016_2016-07-26",0,215,1,1
"4370","SIP","SIP08",2016,2016-07-26,2016-08-09,0,14,"SIP082016","summer","SIP082016_2016-07-26",0,215,4,5
"4371","SIP","SIP09",2016,2016-07-26,2016-08-09,0,14,"SIP092016","summer","SIP092016_2016-07-26",0,215,2,2
"4372","SIP","SIP11",2016,2016-07-26,2016-08-09,0,14,"SIP112016","summer","SIP112016_2016-07-26",1,215,5,8
"4373","SIP","SIP12",2016,2016-07-26,2016-08-09,0,14,"SIP122016","summer","SIP122016_2016-07-26",5,215,1,1
"4374","SIP","SIP13",2016,2016-07-26,2016-08-09,0,14,"SIP132016","summer","SIP132016_2016-07-26",0,215,4,8
"4375","SIP","SIP14",2016,2016-07-26,2016-08-09,0,14,"SIP142016","summer","SIP142016_2016-07-26",2,215,5,7
"4376","SIP","SIP15",2016,2016-07-26,2016-08-09,0,14,"SIP152016","summer","SIP152016_2016-07-26",2,215,8,16
"4377","SIP","SIP16",2016,2016-07-26,2016-08-09,0,14,"SIP162016","summer","SIP162016_2016-07-26",1,215,3,5
"4378","FBG","FBG01",2016,2016-07-27,2016-08-10,0,14,"FBG012016","summer","FBG012016_2016-07-27",1,216,20,52
"4379","FBG","FBG02",2016,2016-07-27,2016-08-10,0,14,"FBG022016","summer","FBG022016_2016-07-27",6,216,12,23
"4380","FBG","FBG03",2016,2016-07-27,2016-08-10,0,14,"FBG032016","summer","FBG032016_2016-07-27",1,216,5,5
"4381","FBG","FBG04",2016,2016-07-27,2016-08-10,0,14,"FBG042016","summer","FBG042016_2016-07-27",1,216,12,23
"4382","FBG","FBG05",2016,2016-07-27,2016-08-10,0,14,"FBG052016","summer","FBG052016_2016-07-27",4,216,10,21
"4383","FBG","FBG06",2016,2016-07-27,2016-08-10,0,14,"FBG062016","summer","FBG062016_2016-07-27",0,216,21,57
"4384","FBG","FBG07",2016,2016-07-27,2016-08-10,0,14,"FBG072016","summer","FBG072016_2016-07-27",1,216,12,22
"4385","FBG","FBG08",2016,2016-07-27,2016-08-10,0,14,"FBG082016","summer","FBG082016_2016-07-27",0,216,5,8
"4386","FBG","FBG09",2016,2016-07-27,2016-08-10,0,14,"FBG092016","summer","FBG092016_2016-07-27",1,216,10,20
"4387","FBG","FBG10",2016,2016-07-27,2016-08-10,0,14,"FBG102016","summer","FBG102016_2016-07-27",2,216,20,65
"4388","FBG","FBG11",2016,2016-07-27,2016-08-10,0,14,"FBG112016","summer","FBG112016_2016-07-27",0,216,9,15
"4389","FBG","FBG13",2016,2016-07-27,2016-08-10,0,14,"FBG132016","summer","FBG132016_2016-07-27",4,216,13,20
"4390","FBG","FBG14",2016,2016-07-27,2016-08-10,0,14,"FBG142016","summer","FBG142016_2016-07-27",0,216,8,22
"4391","FBG","FBG15",2016,2016-07-27,2016-08-10,0,14,"FBG152016","summer","FBG152016_2016-07-27",0,216,11,15
"4392","FBG","FBG16",2016,2016-07-27,2016-08-10,0,14,"FBG162016","summer","FBG162016_2016-07-27",4,216,9,22
"4393","SST","SST01",2016,2016-07-27,2016-08-10,0,14,"SST012016","summer","SST012016_2016-07-27",0,216,8,18
"4394","SST","SST02",2016,2016-07-27,2016-08-10,0,14,"SST022016","summer","SST022016_2016-07-27",0,216,6,8
"4395","SST","SST03",2016,2016-07-27,2016-08-10,0,14,"SST032016","summer","SST032016_2016-07-27",2,216,7,8
"4396","SST","SST04",2016,2016-07-27,2016-08-10,0,14,"SST042016","summer","SST042016_2016-07-27",3,216,7,11
"4397","SST","SST05",2016,2016-07-27,2016-08-10,0,14,"SST052016","summer","SST052016_2016-07-27",0,216,11,19
"4398","SST","SST06",2016,2016-07-27,2016-08-10,0,14,"SST062016","summer","SST062016_2016-07-27",1,216,4,5
"4399","SST","SST07",2016,2016-07-27,2016-08-10,0,14,"SST072016","summer","SST072016_2016-07-27",2,216,0,0
"4400","SST","SST08",2016,2016-07-27,2016-08-10,0,14,"SST082016","summer","SST082016_2016-07-27",2,216,5,5
"4401","SST","SST09",2016,2016-07-27,2016-08-10,0,14,"SST092016","summer","SST092016_2016-07-27",1,216,7,7
"4402","SST","SST10",2016,2016-07-27,2016-08-10,0,14,"SST102016","summer","SST102016_2016-07-27",7,216,10,23
"4403","SST","SST11",2016,2016-07-27,2016-08-10,0,14,"SST112016","summer","SST112016_2016-07-27",0,216,2,2
"4404","SST","SST12",2016,2016-07-27,2016-08-10,0,14,"SST122016","summer","SST122016_2016-07-27",1,216,8,14
"4405","SST","SST13",2016,2016-07-27,2016-08-10,0,14,"SST132016","summer","SST132016_2016-07-27",1,216,2,2
"4406","SST","SST14",2016,2016-07-27,2016-08-10,0,14,"SST142016","summer","SST142016_2016-07-27",2,216,10,13
"4407","SST","SST15",2016,2016-07-27,2016-08-10,0,14,"SST152016","summer","SST152016_2016-07-27",0,216,13,14
"4408","SST","SST16",2016,2016-07-27,2016-08-10,0,14,"SST162016","summer","SST162016_2016-07-27",2,216,21,44
"4409","HAR","HAR01",2016,2016-08-08,2016-08-22,0,14,"HAR012016","summer","HAR012016_2016-08-08",3,228,5,6
"4410","HAR","HAR02",2016,2016-08-08,2016-08-22,0,14,"HAR022016","summer","HAR022016_2016-08-08",0,228,3,4
"4411","HAR","HAR04",2016,2016-08-08,2016-08-22,0,14,"HAR042016","summer","HAR042016_2016-08-08",2,228,2,3
"4412","HAR","HAR05",2016,2016-08-08,2016-08-22,0,14,"HAR052016","summer","HAR052016_2016-08-08",3,228,5,5
"4413","HAR","HAR06",2016,2016-08-08,2016-08-22,0,14,"HAR062016","summer","HAR062016_2016-08-08",0,228,5,12
"4414","HAR","HAR07",2016,2016-08-08,2016-08-22,0,14,"HAR072016","summer","HAR072016_2016-08-08",5,228,2,2
"4415","HAR","HAR08",2016,2016-08-08,2016-08-22,0,14,"HAR082016","summer","HAR082016_2016-08-08",2,228,7,10
"4416","HAR","HAR10",2016,2016-08-08,2016-08-22,0,14,"HAR102016","summer","HAR102016_2016-08-08",11,228,7,18
"4417","HAR","HAR13",2016,2016-08-08,2016-08-22,0,14,"HAR132016","summer","HAR132016_2016-08-08",4,228,2,4
"4418","HAR","HAR14",2016,2016-08-08,2016-08-22,0,14,"HAR142016","summer","HAR142016_2016-08-08",4,228,2,2
"4419","HAR","HAR15",2016,2016-08-08,2016-08-22,0,14,"HAR152016","summer","HAR152016_2016-08-08",22,228,8,15
"4420","HAR","HAR16",2016,2016-08-08,2016-08-22,0,14,"HAR162016","summer","HAR162016_2016-08-08",11,228,7,15
"4421","WAN","WAN01",2016,2016-08-08,2016-08-22,0,14,"WAN012016","summer","WAN012016_2016-08-08",3,228,3,4
"4422","WAN","WAN02",2016,2016-08-08,2016-08-22,0,14,"WAN022016","summer","WAN022016_2016-08-08",3,228,2,2
"4423","WAN","WAN03",2016,2016-08-08,2016-08-22,0,14,"WAN032016","summer","WAN032016_2016-08-08",3,228,1,1
"4424","WAN","WAN04",2016,2016-08-08,2016-08-22,0,14,"WAN042016","summer","WAN042016_2016-08-08",1,228,2,2
"4425","WAN","WAN05",2016,2016-08-08,2016-08-22,0,14,"WAN052016","summer","WAN052016_2016-08-08",0,228,2,2
"4426","WAN","WAN06",2016,2016-08-08,2016-08-22,0,14,"WAN062016","summer","WAN062016_2016-08-08",1,228,9,16
"4427","WAN","WAN07",2016,2016-08-08,2016-08-22,0,14,"WAN072016","summer","WAN072016_2016-08-08",2,228,2,2
"4428","WAN","WAN08",2016,2016-08-08,2016-08-22,0,14,"WAN082016","summer","WAN082016_2016-08-08",1,228,0,0
"4429","WAN","WAN09",2016,2016-08-08,2016-08-22,0,14,"WAN092016","summer","WAN092016_2016-08-08",1,228,5,24
"4430","WAN","WAN10",2016,2016-08-08,2016-08-22,0,14,"WAN102016","summer","WAN102016_2016-08-08",6,228,14,65
"4431","WAN","WAN12",2016,2016-08-08,2016-08-22,0,14,"WAN122016","summer","WAN122016_2016-08-08",1,228,3,4
"4432","WAN","WAN13",2016,2016-08-08,2016-08-22,0,14,"WAN132016","summer","WAN132016_2016-08-08",3,228,1,1
"4433","WAN","WAN15",2016,2016-08-08,2016-08-22,0,14,"WAN152016","summer","WAN152016_2016-08-08",2,228,7,10
"4434","GFH","GFH01",2016,2016-08-09,2016-08-23,0,14,"GFH012016","summer","GFH012016_2016-08-09",0,229,2,2
"4435","GFH","GFH02",2016,2016-08-09,2016-08-23,0,14,"GFH022016","summer","GFH022016_2016-08-09",4,229,0,0
"4436","GFH","GFH03",2016,2016-08-09,2016-08-23,0,14,"GFH032016","summer","GFH032016_2016-08-09",10,229,8,15
"4437","GFH","GFH04",2016,2016-08-09,2016-08-23,0,14,"GFH042016","summer","GFH042016_2016-08-09",1,229,6,11
"4438","GFH","GFH05",2016,2016-08-09,2016-08-23,0,14,"GFH052016","summer","GFH052016_2016-08-09",1,229,6,10
"4439","GFH","GFH06",2016,2016-08-09,2016-08-23,0,14,"GFH062016","summer","GFH062016_2016-08-09",0,229,2,2
"4440","GFH","GFH07",2016,2016-08-09,2016-08-23,0,14,"GFH072016","summer","GFH072016_2016-08-09",13,229,1,3
"4441","GFH","GFH08",2016,2016-08-09,2016-08-23,0,14,"GFH082016","summer","GFH082016_2016-08-09",11,229,4,4
"4442","GFH","GFH10",2016,2016-08-09,2016-08-23,0,14,"GFH102016","summer","GFH102016_2016-08-09",2,229,6,7
"4443","GFH","GFH11",2016,2016-08-09,2016-08-23,0,14,"GFH112016","summer","GFH112016_2016-08-09",12,229,7,11
"4444","GFH","GFH12",2016,2016-08-09,2016-08-23,0,14,"GFH122016","summer","GFH122016_2016-08-09",3,229,2,5
"4445","GFH","GFH13",2016,2016-08-09,2016-08-23,0,14,"GFH132016","summer","GFH132016_2016-08-09",1,229,1,1
"4446","GFH","GFH14",2016,2016-08-09,2016-08-23,0,14,"GFH142016","summer","GFH142016_2016-08-09",3,229,4,7
"4447","GFH","GFH15",2016,2016-08-09,2016-08-23,0,14,"GFH152016","summer","GFH152016_2016-08-09",18,229,6,10
"4448","GFH","GFH16",2016,2016-08-09,2016-08-23,0,14,"GFH162016","summer","GFH162016_2016-08-09",4,229,5,7
"4449","SIP","SIP01",2016,2016-08-09,2016-08-23,0,14,"SIP012016","summer","SIP012016_2016-08-09",1,229,2,2
"4450","SIP","SIP02",2016,2016-08-09,2016-08-23,0,14,"SIP022016","summer","SIP022016_2016-08-09",0,229,2,7
"4451","SIP","SIP03",2016,2016-08-09,2016-08-23,0,14,"SIP032016","summer","SIP032016_2016-08-09",1,229,6,16
"4452","SIP","SIP05",2016,2016-08-09,2016-08-23,0,14,"SIP052016","summer","SIP052016_2016-08-09",0,229,2,2
"4453","SIP","SIP07",2016,2016-08-09,2016-08-23,0,14,"SIP072016","summer","SIP072016_2016-08-09",1,229,2,2
"4454","SIP","SIP08",2016,2016-08-09,2016-08-23,0,14,"SIP082016","summer","SIP082016_2016-08-09",0,229,3,3
"4455","SIP","SIP09",2016,2016-08-09,2016-08-23,0,14,"SIP092016","summer","SIP092016_2016-08-09",0,229,5,9
"4456","SIP","SIP10",2016,2016-08-09,2016-08-23,0,14,"SIP102016","summer","SIP102016_2016-08-09",3,229,1,2
"4457","SIP","SIP11",2016,2016-08-09,2016-08-23,0,14,"SIP112016","summer","SIP112016_2016-08-09",0,229,2,3
"4458","SIP","SIP12",2016,2016-08-09,2016-08-23,0,14,"SIP122016","summer","SIP122016_2016-08-09",2,229,6,9
"4459","SIP","SIP13",2016,2016-08-09,2016-08-23,0,14,"SIP132016","summer","SIP132016_2016-08-09",0,229,3,8
"4460","SIP","SIP14",2016,2016-08-09,2016-08-23,0,14,"SIP142016","summer","SIP142016_2016-08-09",1,229,7,12
"4461","SIP","SIP15",2016,2016-08-09,2016-08-23,0,14,"SIP152016","summer","SIP152016_2016-08-09",1,229,7,16
"4462","SIP","SIP16",2016,2016-08-09,2016-08-23,0,14,"SIP162016","summer","SIP162016_2016-08-09",1,229,6,7
"4463","FBG","FBG01",2016,2016-08-10,2016-08-24,0,14,"FBG012016","summer","FBG012016_2016-08-10",2,230,18,29
"4464","FBG","FBG02",2016,2016-08-10,2016-08-24,0,14,"FBG022016","summer","FBG022016_2016-08-10",4,230,9,12
"4465","FBG","FBG03",2016,2016-08-10,2016-08-24,0,14,"FBG032016","summer","FBG032016_2016-08-10",0,230,6,10
"4466","FBG","FBG05",2016,2016-08-10,2016-08-24,0,14,"FBG052016","summer","FBG052016_2016-08-10",2,230,12,18
"4467","FBG","FBG06",2016,2016-08-10,2016-08-24,0,14,"FBG062016","summer","FBG062016_2016-08-10",4,230,17,47
"4468","FBG","FBG07",2016,2016-08-10,2016-08-24,0,14,"FBG072016","summer","FBG072016_2016-08-10",1,230,11,27
"4469","FBG","FBG08",2016,2016-08-10,2016-08-24,0,14,"FBG082016","summer","FBG082016_2016-08-10",1,230,5,17
"4470","FBG","FBG09",2016,2016-08-10,2016-08-24,0,14,"FBG092016","summer","FBG092016_2016-08-10",0,230,6,8
"4471","FBG","FBG10",2016,2016-08-10,2016-08-24,0,14,"FBG102016","summer","FBG102016_2016-08-10",4,230,7,14
"4472","FBG","FBG11",2016,2016-08-10,2016-08-24,0,14,"FBG112016","summer","FBG112016_2016-08-10",4,230,26,61
"4473","FBG","FBG13",2016,2016-08-10,2016-08-24,0,14,"FBG132016","summer","FBG132016_2016-08-10",2,230,10,22
"4474","FBG","FBG14",2016,2016-08-10,2016-08-24,0,14,"FBG142016","summer","FBG142016_2016-08-10",1,230,1,1
"4475","FBG","FBG15",2016,2016-08-10,2016-08-24,0,14,"FBG152016","summer","FBG152016_2016-08-10",2,230,6,9
"4476","FBG","FBG16",2016,2016-08-10,2016-08-24,0,14,"FBG162016","summer","FBG162016_2016-08-10",0,230,7,25
"4477","SST","SST03",2016,2016-08-10,2016-08-24,0,14,"SST032016","summer","SST032016_2016-08-10",2,230,4,10
"4478","SST","SST04",2016,2016-08-10,2016-08-24,0,14,"SST042016","summer","SST042016_2016-08-10",31,230,8,13
"4479","SST","SST05",2016,2016-08-10,2016-08-24,0,14,"SST052016","summer","SST052016_2016-08-10",3,230,4,6
"4480","SST","SST06",2016,2016-08-10,2016-08-24,0,14,"SST062016","summer","SST062016_2016-08-10",2,230,1,1
"4481","SST","SST07",2016,2016-08-10,2016-08-24,0,14,"SST072016","summer","SST072016_2016-08-10",2,230,2,2
"4482","SST","SST08",2016,2016-08-10,2016-08-24,0,14,"SST082016","summer","SST082016_2016-08-10",11,230,7,8
"4483","SST","SST09",2016,2016-08-10,2016-08-24,0,14,"SST092016","summer","SST092016_2016-08-10",1,230,4,7
"4484","SST","SST11",2016,2016-08-10,2016-08-24,0,14,"SST112016","summer","SST112016_2016-08-10",2,230,5,7
"4485","SST","SST12",2016,2016-08-10,2016-08-24,0,14,"SST122016","summer","SST122016_2016-08-10",1,230,5,7
"4486","SST","SST13",2016,2016-08-10,2016-08-24,0,14,"SST132016","summer","SST132016_2016-08-10",1,230,6,6
"4487","SST","SST14",2016,2016-08-10,2016-08-24,0,14,"SST142016","summer","SST142016_2016-08-10",5,230,5,5
"4488","SST","SST15",2016,2016-08-10,2016-08-24,0,14,"SST152016","summer","SST152016_2016-08-10",0,230,4,5
"4489","SST","SST16",2016,2016-08-10,2016-08-24,0,14,"SST162016","summer","SST162016_2016-08-10",3,230,9,24
"4490","HAR","HAR01",2017,2017-07-24,2017-08-07,0,14,"HAR012017","summer","HAR012017_2017-07-24",0,212,1,1
"4491","HAR","HAR03",2017,2017-07-24,2017-08-07,0,14,"HAR032017","summer","HAR032017_2017-07-24",0,212,3,3
"4492","HAR","HAR04",2017,2017-07-24,2017-08-07,0,14,"HAR042017","summer","HAR042017_2017-07-24",0,212,2,2
"4493","HAR","HAR05",2017,2017-07-24,2017-08-07,0,14,"HAR052017","summer","HAR052017_2017-07-24",4,212,5,9
"4494","HAR","HAR06",2017,2017-07-24,2017-08-07,0,14,"HAR062017","summer","HAR062017_2017-07-24",0,212,2,2
"4495","HAR","HAR07",2017,2017-07-24,2017-08-07,0,14,"HAR072017","summer","HAR072017_2017-07-24",2,212,0,0
"4496","HAR","HAR08",2017,2017-07-24,2017-08-07,0,14,"HAR082017","summer","HAR082017_2017-07-24",3,212,12,32
"4497","HAR","HAR10",2017,2017-07-24,2017-08-07,0,14,"HAR102017","summer","HAR102017_2017-07-24",4,212,4,4
"4498","HAR","HAR13",2017,2017-07-24,2017-08-07,0,14,"HAR132017","summer","HAR132017_2017-07-24",5,212,6,6
"4499","HAR","HAR14",2017,2017-07-24,2017-08-07,0,14,"HAR142017","summer","HAR142017_2017-07-24",11,212,1,1
"4500","HAR","HAR15",2017,2017-07-24,2017-08-07,0,14,"HAR152017","summer","HAR152017_2017-07-24",1,212,8,22
"4501","HAR","HAR16",2017,2017-07-24,2017-08-07,0,14,"HAR162017","summer","HAR162017_2017-07-24",4,212,9,21
"4502","WAN","WAN01",2017,2017-07-24,2017-08-07,0,14,"WAN012017","summer","WAN012017_2017-07-24",3,212,3,3
"4503","WAN","WAN02",2017,2017-07-24,2017-08-07,0,14,"WAN022017","summer","WAN022017_2017-07-24",1,212,5,8
"4504","WAN","WAN03",2017,2017-07-24,2017-08-07,0,14,"WAN032017","summer","WAN032017_2017-07-24",0,212,2,2
"4505","WAN","WAN04",2017,2017-07-24,2017-08-07,0,14,"WAN042017","summer","WAN042017_2017-07-24",0,212,2,2
"4506","WAN","WAN05",2017,2017-07-24,2017-08-07,0,14,"WAN052017","summer","WAN052017_2017-07-24",3,212,1,1
"4507","WAN","WAN06",2017,2017-07-24,2017-08-07,0,14,"WAN062017","summer","WAN062017_2017-07-24",0,212,3,3
"4508","WAN","WAN07",2017,2017-07-24,2017-08-07,0,14,"WAN072017","summer","WAN072017_2017-07-24",0,212,1,1
"4509","WAN","WAN08",2017,2017-07-24,2017-08-07,0,14,"WAN082017","summer","WAN082017_2017-07-24",0,212,1,1
"4510","WAN","WAN09",2017,2017-07-24,2017-08-07,0,14,"WAN092017","summer","WAN092017_2017-07-24",7,212,4,5
"4511","WAN","WAN10",2017,2017-07-24,2017-08-07,0,14,"WAN102017","summer","WAN102017_2017-07-24",4,212,12,16
"4512","WAN","WAN12",2017,2017-07-24,2017-08-07,0,14,"WAN122017","summer","WAN122017_2017-07-24",3,212,13,44
"4513","WAN","WAN13",2017,2017-07-24,2017-08-07,0,14,"WAN132017","summer","WAN132017_2017-07-24",6,212,1,1
"4514","WAN","WAN14",2017,2017-07-24,2017-08-07,0,14,"WAN142017","summer","WAN142017_2017-07-24",10,212,2,2
"4515","WAN","WAN15",2017,2017-07-24,2017-08-07,0,14,"WAN152017","summer","WAN152017_2017-07-24",1,212,3,4
"4516","WAN","WAN16",2017,2017-07-24,2017-08-07,0,14,"WAN162017","summer","WAN162017_2017-07-24",2,212,5,21
"4517","GFH","GFH02",2017,2017-07-25,2017-08-08,0,14,"GFH022017","summer","GFH022017_2017-07-25",0,213,2,2
"4518","GFH","GFH03",2017,2017-07-25,2017-08-08,0,14,"GFH032017","summer","GFH032017_2017-07-25",1,213,4,6
"4519","GFH","GFH04",2017,2017-07-25,2017-08-08,0,14,"GFH042017","summer","GFH042017_2017-07-25",0,213,10,16
"4520","GFH","GFH05",2017,2017-07-25,2017-08-08,0,14,"GFH052017","summer","GFH052017_2017-07-25",4,213,5,7
"4521","GFH","GFH08",2017,2017-07-25,2017-08-08,0,14,"GFH082017","summer","GFH082017_2017-07-25",0,213,1,1
"4522","GFH","GFH09",2017,2017-07-25,2017-08-08,0,14,"GFH092017","summer","GFH092017_2017-07-25",0,213,1,1
"4523","GFH","GFH10",2017,2017-07-25,2017-08-08,0,14,"GFH102017","summer","GFH102017_2017-07-25",0,213,2,2
"4524","GFH","GFH11",2017,2017-07-25,2017-08-08,0,14,"GFH112017","summer","GFH112017_2017-07-25",0,213,6,7
"4525","GFH","GFH12",2017,2017-07-25,2017-08-08,0,14,"GFH122017","summer","GFH122017_2017-07-25",1,213,6,10
"4526","GFH","GFH13",2017,2017-07-25,2017-08-08,0,14,"GFH132017","summer","GFH132017_2017-07-25",1,213,7,7
"4527","GFH","GFH15",2017,2017-07-25,2017-08-08,0,14,"GFH152017","summer","GFH152017_2017-07-25",0,213,6,8
"4528","SIP","SIP01",2017,2017-07-25,2017-08-08,0,14,"SIP012017","summer","SIP012017_2017-07-25",1,213,5,5
"4529","SIP","SIP02",2017,2017-07-25,2017-08-08,0,14,"SIP022017","summer","SIP022017_2017-07-25",0,213,7,21
"4530","SIP","SIP03",2017,2017-07-25,2017-08-08,0,14,"SIP032017","summer","SIP032017_2017-07-25",0,213,5,5
"4531","SIP","SIP06",2017,2017-07-25,2017-08-08,0,14,"SIP062017","summer","SIP062017_2017-07-25",2,213,3,3
"4532","SIP","SIP07",2017,2017-07-25,2017-08-08,0,14,"SIP072017","summer","SIP072017_2017-07-25",0,213,6,7
"4533","SIP","SIP08",2017,2017-07-25,2017-08-08,0,14,"SIP082017","summer","SIP082017_2017-07-25",0,213,2,3
"4534","SIP","SIP09",2017,2017-07-25,2017-08-08,0,14,"SIP092017","summer","SIP092017_2017-07-25",0,213,1,1
"4535","SIP","SIP10",2017,2017-07-25,2017-08-08,0,14,"SIP102017","summer","SIP102017_2017-07-25",3,213,5,9
"4536","SIP","SIP11",2017,2017-07-25,2017-08-08,0,14,"SIP112017","summer","SIP112017_2017-07-25",3,213,7,13
"4537","SIP","SIP12",2017,2017-07-25,2017-08-08,0,14,"SIP122017","summer","SIP122017_2017-07-25",3,213,0,0
"4538","SIP","SIP13",2017,2017-07-25,2017-08-08,0,14,"SIP132017","summer","SIP132017_2017-07-25",0,213,2,3
"4539","SIP","SIP15",2017,2017-07-25,2017-08-08,0,14,"SIP152017","summer","SIP152017_2017-07-25",19,213,10,17
"4540","SIP","SIP16",2017,2017-07-25,2017-08-08,0,14,"SIP162017","summer","SIP162017_2017-07-25",0,213,5,7
"4541","FBG","FBG01",2017,2017-07-26,2017-08-09,0,14,"FBG012017","summer","FBG012017_2017-07-26",0,214,20,70
"4542","FBG","FBG02",2017,2017-07-26,2017-08-09,0,14,"FBG022017","summer","FBG022017_2017-07-26",2,214,26,89
"4543","FBG","FBG03",2017,2017-07-26,2017-08-09,0,14,"FBG032017","summer","FBG032017_2017-07-26",0,214,15,20
"4544","FBG","FBG04",2017,2017-07-26,2017-08-09,0,14,"FBG042017","summer","FBG042017_2017-07-26",1,214,15,67
"4545","FBG","FBG05",2017,2017-07-26,2017-08-09,0,14,"FBG052017","summer","FBG052017_2017-07-26",0,214,23,86
"4546","FBG","FBG06",2017,2017-07-26,2017-08-09,0,14,"FBG062017","summer","FBG062017_2017-07-26",1,214,16,68
"4547","FBG","FBG07",2017,2017-07-26,2017-08-09,0,14,"FBG072017","summer","FBG072017_2017-07-26",12,214,20,66
"4548","FBG","FBG08",2017,2017-07-26,2017-08-09,0,14,"FBG082017","summer","FBG082017_2017-07-26",0,214,16,52
"4549","FBG","FBG09",2017,2017-07-26,2017-08-09,0,14,"FBG092017","summer","FBG092017_2017-07-26",0,214,12,30
"4550","FBG","FBG10",2017,2017-07-26,2017-08-09,0,14,"FBG102017","summer","FBG102017_2017-07-26",0,214,37,412
"4551","FBG","FBG11",2017,2017-07-26,2017-08-09,0,14,"FBG112017","summer","FBG112017_2017-07-26",2,214,12,25
"4552","FBG","FBG12",2017,2017-07-26,2017-08-09,0,14,"FBG122017","summer","FBG122017_2017-07-26",0,214,7,18
"4553","FBG","FBG13",2017,2017-07-26,2017-08-09,0,14,"FBG132017","summer","FBG132017_2017-07-26",1,214,18,88
"4554","FBG","FBG14",2017,2017-07-26,2017-08-09,0,14,"FBG142017","summer","FBG142017_2017-07-26",0,214,9,21
"4555","FBG","FBG15",2017,2017-07-26,2017-08-09,0,14,"FBG152017","summer","FBG152017_2017-07-26",0,214,18,32
"4556","FBG","FBG16",2017,2017-07-26,2017-08-09,0,14,"FBG162017","summer","FBG162017_2017-07-26",0,214,16,24
"4557","SST","SST01",2017,2017-07-26,2017-08-09,0,14,"SST012017","summer","SST012017_2017-07-26",0,214,8,15
"4558","SST","SST02",2017,2017-07-26,2017-08-09,0,14,"SST022017","summer","SST022017_2017-07-26",0,214,13,22
"4559","SST","SST03",2017,2017-07-26,2017-08-09,0,14,"SST032017","summer","SST032017_2017-07-26",11,214,16,24
"4560","SST","SST04",2017,2017-07-26,2017-08-09,0,14,"SST042017","summer","SST042017_2017-07-26",5,214,14,22
"4561","SST","SST05",2017,2017-07-26,2017-08-09,0,14,"SST052017","summer","SST052017_2017-07-26",0,214,4,11
"4562","SST","SST06",2017,2017-07-26,2017-08-09,0,14,"SST062017","summer","SST062017_2017-07-26",0,214,13,36
"4563","SST","SST07",2017,2017-07-26,2017-08-09,0,14,"SST072017","summer","SST072017_2017-07-26",1,214,7,10
"4564","SST","SST08",2017,2017-07-26,2017-08-09,0,14,"SST082017","summer","SST082017_2017-07-26",0,214,9,14
"4565","SST","SST09",2017,2017-07-26,2017-08-09,0,14,"SST092017","summer","SST092017_2017-07-26",3,214,22,51
"4566","SST","SST12",2017,2017-07-26,2017-08-09,0,14,"SST122017","summer","SST122017_2017-07-26",2,214,10,15
"4567","SST","SST15",2017,2017-07-26,2017-08-09,0,14,"SST152017","summer","SST152017_2017-07-26",1,214,6,7
"4568","SST","SST16",2017,2017-07-26,2017-08-09,0,14,"SST162017","summer","SST162017_2017-07-26",4,214,14,23
"4569","HAR","HAR01",2017,2017-08-07,2017-08-21,0,14,"HAR012017","summer","HAR012017_2017-08-07",0,226,2,5
"4570","HAR","HAR02",2017,2017-08-07,2017-08-21,0,14,"HAR022017","summer","HAR022017_2017-08-07",0,226,4,4
"4571","HAR","HAR03",2017,2017-08-07,2017-08-21,0,14,"HAR032017","summer","HAR032017_2017-08-07",2,226,2,3
"4572","HAR","HAR04",2017,2017-08-07,2017-08-21,0,14,"HAR042017","summer","HAR042017_2017-08-07",0,226,1,2
"4573","HAR","HAR05",2017,2017-08-07,2017-08-21,0,14,"HAR052017","summer","HAR052017_2017-08-07",7,226,5,7
"4574","HAR","HAR06",2017,2017-08-07,2017-08-21,0,14,"HAR062017","summer","HAR062017_2017-08-07",2,226,2,2
"4575","HAR","HAR07",2017,2017-08-07,2017-08-21,0,14,"HAR072017","summer","HAR072017_2017-08-07",0,226,1,1
"4576","HAR","HAR08",2017,2017-08-07,2017-08-21,0,14,"HAR082017","summer","HAR082017_2017-08-07",5,226,0,0
"4577","HAR","HAR09",2017,2017-08-07,2017-08-21,0,14,"HAR092017","summer","HAR092017_2017-08-07",2,226,7,8
"4578","HAR","HAR10",2017,2017-08-07,2017-08-21,0,14,"HAR102017","summer","HAR102017_2017-08-07",21,226,5,5
"4579","HAR","HAR11",2017,2017-08-07,2017-08-21,0,14,"HAR112017","summer","HAR112017_2017-08-07",6,226,7,11
"4580","HAR","HAR12",2017,2017-08-07,2017-08-21,0,14,"HAR122017","summer","HAR122017_2017-08-07",3,226,0,0
"4581","HAR","HAR13",2017,2017-08-07,2017-08-21,0,14,"HAR132017","summer","HAR132017_2017-08-07",9,226,1,1
"4582","HAR","HAR14",2017,2017-08-07,2017-08-21,0,14,"HAR142017","summer","HAR142017_2017-08-07",29,226,1,1
"4583","HAR","HAR15",2017,2017-08-07,2017-08-21,0,14,"HAR152017","summer","HAR152017_2017-08-07",5,226,5,7
"4584","HAR","HAR16",2017,2017-08-07,2017-08-21,0,14,"HAR162017","summer","HAR162017_2017-08-07",8,226,6,8
"4585","WAN","WAN01",2017,2017-08-07,2017-08-21,0,14,"WAN012017","summer","WAN012017_2017-08-07",1,226,5,7
"4586","WAN","WAN02",2017,2017-08-07,2017-08-21,0,14,"WAN022017","summer","WAN022017_2017-08-07",5,226,3,4
"4587","WAN","WAN03",2017,2017-08-07,2017-08-21,0,14,"WAN032017","summer","WAN032017_2017-08-07",2,226,0,0
"4588","WAN","WAN04",2017,2017-08-07,2017-08-21,0,14,"WAN042017","summer","WAN042017_2017-08-07",2,226,4,7
"4589","WAN","WAN06",2017,2017-08-07,2017-08-21,0,14,"WAN062017","summer","WAN062017_2017-08-07",0,226,4,4
"4590","WAN","WAN07",2017,2017-08-07,2017-08-21,0,14,"WAN072017","summer","WAN072017_2017-08-07",0,226,3,4
"4591","WAN","WAN08",2017,2017-08-07,2017-08-21,0,14,"WAN082017","summer","WAN082017_2017-08-07",1,226,1,1
"4592","WAN","WAN09",2017,2017-08-07,2017-08-21,0,14,"WAN092017","summer","WAN092017_2017-08-07",32,226,2,3
"4593","WAN","WAN10",2017,2017-08-07,2017-08-21,0,14,"WAN102017","summer","WAN102017_2017-08-07",11,226,10,23
"4594","WAN","WAN12",2017,2017-08-07,2017-08-21,0,14,"WAN122017","summer","WAN122017_2017-08-07",5,226,7,8
"4595","WAN","WAN13",2017,2017-08-07,2017-08-21,0,14,"WAN132017","summer","WAN132017_2017-08-07",23,226,0,0
"4596","WAN","WAN14",2017,2017-08-07,2017-08-21,0,14,"WAN142017","summer","WAN142017_2017-08-07",17,226,5,6
"4597","WAN","WAN16",2017,2017-08-07,2017-08-21,0,14,"WAN162017","summer","WAN162017_2017-08-07",0,226,4,4
"4598","GFH","GFH02",2017,2017-08-08,2017-08-22,0,14,"GFH022017","summer","GFH022017_2017-08-08",0,227,1,1
"4599","GFH","GFH03",2017,2017-08-08,2017-08-22,0,14,"GFH032017","summer","GFH032017_2017-08-08",3,227,3,3
"4600","GFH","GFH04",2017,2017-08-08,2017-08-22,0,14,"GFH042017","summer","GFH042017_2017-08-08",1,227,2,4
"4601","GFH","GFH05",2017,2017-08-08,2017-08-22,0,14,"GFH052017","summer","GFH052017_2017-08-08",4,227,5,10
"4602","GFH","GFH06",2017,2017-08-08,2017-08-22,0,14,"GFH062017","summer","GFH062017_2017-08-08",0,227,1,1
"4603","GFH","GFH07",2017,2017-08-08,2017-08-22,0,14,"GFH072017","summer","GFH072017_2017-08-08",0,227,1,1
"4604","GFH","GFH08",2017,2017-08-08,2017-08-22,0,14,"GFH082017","summer","GFH082017_2017-08-08",1,227,4,5
"4605","GFH","GFH09",2017,2017-08-08,2017-08-22,0,14,"GFH092017","summer","GFH092017_2017-08-08",0,227,5,5
"4606","GFH","GFH11",2017,2017-08-08,2017-08-22,0,14,"GFH112017","summer","GFH112017_2017-08-08",1,227,2,3
"4607","GFH","GFH13",2017,2017-08-08,2017-08-22,0,14,"GFH132017","summer","GFH132017_2017-08-08",1,227,8,8
"4608","GFH","GFH14",2017,2017-08-08,2017-08-22,0,14,"GFH142017","summer","GFH142017_2017-08-08",0,227,6,11
"4609","GFH","GFH16",2017,2017-08-08,2017-08-22,0,14,"GFH162017","summer","GFH162017_2017-08-08",0,227,9,17
"4610","SIP","SIP02",2017,2017-08-08,2017-08-22,0,14,"SIP022017","summer","SIP022017_2017-08-08",0,227,6,25
"4611","SIP","SIP03",2017,2017-08-08,2017-08-22,0,14,"SIP032017","summer","SIP032017_2017-08-08",1,227,6,13
"4612","SIP","SIP05",2017,2017-08-08,2017-08-22,0,14,"SIP052017","summer","SIP052017_2017-08-08",0,227,1,1
"4613","SIP","SIP06",2017,2017-08-08,2017-08-22,0,14,"SIP062017","summer","SIP062017_2017-08-08",0,227,1,1
"4614","SIP","SIP07",2017,2017-08-08,2017-08-22,0,14,"SIP072017","summer","SIP072017_2017-08-08",0,227,2,2
"4615","SIP","SIP08",2017,2017-08-08,2017-08-22,0,14,"SIP082017","summer","SIP082017_2017-08-08",0,227,3,7
"4616","SIP","SIP09",2017,2017-08-08,2017-08-22,0,14,"SIP092017","summer","SIP092017_2017-08-08",0,227,4,6
"4617","SIP","SIP10",2017,2017-08-08,2017-08-22,0,14,"SIP102017","summer","SIP102017_2017-08-08",0,227,4,4
"4618","SIP","SIP11",2017,2017-08-08,2017-08-22,0,14,"SIP112017","summer","SIP112017_2017-08-08",3,227,8,14
"4619","SIP","SIP12",2017,2017-08-08,2017-08-22,0,14,"SIP122017","summer","SIP122017_2017-08-08",0,227,1,1
"4620","SIP","SIP13",2017,2017-08-08,2017-08-22,0,14,"SIP132017","summer","SIP132017_2017-08-08",0,227,1,2
"4621","SIP","SIP14",2017,2017-08-08,2017-08-22,0,14,"SIP142017","summer","SIP142017_2017-08-08",0,227,4,4
"4622","SIP","SIP15",2017,2017-08-08,2017-08-22,0,14,"SIP152017","summer","SIP152017_2017-08-08",2,227,5,12
"4623","SIP","SIP16",2017,2017-08-08,2017-08-22,0,14,"SIP162017","summer","SIP162017_2017-08-08",0,227,4,9
"4624","FBG","FBG02",2017,2017-08-09,2017-08-23,0,14,"FBG022017","summer","FBG022017_2017-08-09",4,228,15,26
"4625","FBG","FBG03",2017,2017-08-09,2017-08-23,0,14,"FBG032017","summer","FBG032017_2017-08-09",1,228,10,13
"4626","FBG","FBG04",2017,2017-08-09,2017-08-23,0,14,"FBG042017","summer","FBG042017_2017-08-09",2,228,10,15
"4627","FBG","FBG05",2017,2017-08-09,2017-08-23,0,14,"FBG052017","summer","FBG052017_2017-08-09",2,228,7,15
"4628","FBG","FBG06",2017,2017-08-09,2017-08-23,0,14,"FBG062017","summer","FBG062017_2017-08-09",0,228,11,29
"4629","FBG","FBG07",2017,2017-08-09,2017-08-23,0,14,"FBG072017","summer","FBG072017_2017-08-09",12,228,16,46
"4630","FBG","FBG08",2017,2017-08-09,2017-08-23,0,14,"FBG082017","summer","FBG082017_2017-08-09",0,228,14,62
"4631","FBG","FBG09",2017,2017-08-09,2017-08-23,0,14,"FBG092017","summer","FBG092017_2017-08-09",0,228,6,8
"4632","FBG","FBG10",2017,2017-08-09,2017-08-23,0,14,"FBG102017","summer","FBG102017_2017-08-09",2,228,15,32
"4633","FBG","FBG12",2017,2017-08-09,2017-08-23,0,14,"FBG122017","summer","FBG122017_2017-08-09",0,228,9,19
"4634","FBG","FBG13",2017,2017-08-09,2017-08-23,0,14,"FBG132017","summer","FBG132017_2017-08-09",6,228,14,44
"4635","FBG","FBG14",2017,2017-08-09,2017-08-23,0,14,"FBG142017","summer","FBG142017_2017-08-09",0,228,7,11
"4636","FBG","FBG15",2017,2017-08-09,2017-08-23,0,14,"FBG152017","summer","FBG152017_2017-08-09",0,228,5,10
"4637","FBG","FBG16",2017,2017-08-09,2017-08-23,0,14,"FBG162017","summer","FBG162017_2017-08-09",1,228,8,25
"4638","SST","SST01",2017,2017-08-09,2017-08-23,0,14,"SST012017","summer","SST012017_2017-08-09",0,228,5,9
"4639","SST","SST02",2017,2017-08-09,2017-08-23,0,14,"SST022017","summer","SST022017_2017-08-09",1,228,3,4
"4640","SST","SST03",2017,2017-08-09,2017-08-23,0,14,"SST032017","summer","SST032017_2017-08-09",34,228,5,7
"4641","SST","SST04",2017,2017-08-09,2017-08-23,0,14,"SST042017","summer","SST042017_2017-08-09",19,228,6,7
"4642","SST","SST05",2017,2017-08-09,2017-08-23,0,14,"SST052017","summer","SST052017_2017-08-09",0,228,7,10
"4643","SST","SST06",2017,2017-08-09,2017-08-23,0,14,"SST062017","summer","SST062017_2017-08-09",3,228,2,4
"4644","SST","SST07",2017,2017-08-09,2017-08-23,0,14,"SST072017","summer","SST072017_2017-08-09",3,228,6,8
"4645","SST","SST08",2017,2017-08-09,2017-08-23,0,14,"SST082017","summer","SST082017_2017-08-09",17,228,6,6
"4646","SST","SST09",2017,2017-08-09,2017-08-23,0,14,"SST092017","summer","SST092017_2017-08-09",0,228,13,31
"4647","SST","SST10",2017,2017-08-09,2017-08-23,0,14,"SST102017","summer","SST102017_2017-08-09",0,228,5,10
"4648","SST","SST12",2017,2017-08-09,2017-08-23,0,14,"SST122017","summer","SST122017_2017-08-09",8,228,6,7
"4649","SST","SST13",2017,2017-08-09,2017-08-23,0,14,"SST132017","summer","SST132017_2017-08-09",2,228,10,17
"4650","SST","SST14",2017,2017-08-09,2017-08-23,0,14,"SST142017","summer","SST142017_2017-08-09",2,228,9,22
"4651","SST","SST15",2017,2017-08-09,2017-08-23,0,14,"SST152017","summer","SST152017_2017-08-09",0,228,4,8
"4652","SST","SST16",2017,2017-08-09,2017-08-23,0,14,"SST162017","summer","SST162017_2017-08-09",6,228,5,8
"4653","HAR","HAR01",2017,2017-08-21,2017-09-04,0,14,"HAR012017","summer","HAR012017_2017-08-21",2,240,10,24
"4654","HAR","HAR02",2017,2017-08-21,2017-09-04,0,14,"HAR022017","summer","HAR022017_2017-08-21",2,240,5,5
"4655","HAR","HAR03",2017,2017-08-21,2017-09-04,0,14,"HAR032017","summer","HAR032017_2017-08-21",7,240,3,3
"4656","HAR","HAR05",2017,2017-08-21,2017-09-04,0,14,"HAR052017","summer","HAR052017_2017-08-21",9,240,5,5
"4657","HAR","HAR06",2017,2017-08-21,2017-09-04,0,14,"HAR062017","summer","HAR062017_2017-08-21",2,240,4,8
"4658","HAR","HAR07",2017,2017-08-21,2017-09-04,0,14,"HAR072017","summer","HAR072017_2017-08-21",2,240,1,1
"4659","HAR","HAR08",2017,2017-08-21,2017-09-04,0,14,"HAR082017","summer","HAR082017_2017-08-21",2,240,0,0
"4660","HAR","HAR09",2017,2017-08-21,2017-09-04,0,14,"HAR092017","summer","HAR092017_2017-08-21",15,240,7,10
"4661","HAR","HAR10",2017,2017-08-21,2017-09-04,0,14,"HAR102017","summer","HAR102017_2017-08-21",17,240,9,15
"4662","HAR","HAR11",2017,2017-08-21,2017-09-04,0,14,"HAR112017","summer","HAR112017_2017-08-21",6,240,4,10
"4663","HAR","HAR12",2017,2017-08-21,2017-09-04,0,14,"HAR122017","summer","HAR122017_2017-08-21",2,240,1,1
"4664","HAR","HAR13",2017,2017-08-21,2017-09-04,0,14,"HAR132017","summer","HAR132017_2017-08-21",5,240,4,4
"4665","HAR","HAR15",2017,2017-08-21,2017-09-04,0,14,"HAR152017","summer","HAR152017_2017-08-21",4,240,10,13
"4666","HAR","HAR16",2017,2017-08-21,2017-09-04,0,14,"HAR162017","summer","HAR162017_2017-08-21",4,240,4,10
"4667","WAN","WAN01",2017,2017-08-21,2017-09-04,0,14,"WAN012017","summer","WAN012017_2017-08-21",2,240,4,9
"4668","WAN","WAN02",2017,2017-08-21,2017-09-04,0,14,"WAN022017","summer","WAN022017_2017-08-21",6,240,6,8
"4669","WAN","WAN03",2017,2017-08-21,2017-09-04,0,14,"WAN032017","summer","WAN032017_2017-08-21",2,240,1,1
"4670","WAN","WAN04",2017,2017-08-21,2017-09-04,0,14,"WAN042017","summer","WAN042017_2017-08-21",5,240,4,4
"4671","WAN","WAN05",2017,2017-08-21,2017-09-04,0,14,"WAN052017","summer","WAN052017_2017-08-21",0,240,2,2
"4672","WAN","WAN06",2017,2017-08-21,2017-09-04,0,14,"WAN062017","summer","WAN062017_2017-08-21",2,240,3,3
"4673","WAN","WAN07",2017,2017-08-21,2017-09-04,0,14,"WAN072017","summer","WAN072017_2017-08-21",3,240,1,1
"4674","WAN","WAN08",2017,2017-08-21,2017-09-04,0,14,"WAN082017","summer","WAN082017_2017-08-21",1,240,3,5
"4675","WAN","WAN09",2017,2017-08-21,2017-09-04,0,14,"WAN092017","summer","WAN092017_2017-08-21",39,240,7,13
"4676","WAN","WAN10",2017,2017-08-21,2017-09-04,0,14,"WAN102017","summer","WAN102017_2017-08-21",14,240,10,26
"4677","WAN","WAN12",2017,2017-08-21,2017-09-04,0,14,"WAN122017","summer","WAN122017_2017-08-21",5,240,6,7
"4678","WAN","WAN13",2017,2017-08-21,2017-09-04,0,14,"WAN132017","summer","WAN132017_2017-08-21",31,240,1,1
"4679","WAN","WAN14",2017,2017-08-21,2017-09-04,0,14,"WAN142017","summer","WAN142017_2017-08-21",15,240,7,9
"4680","WAN","WAN15",2017,2017-08-21,2017-09-04,0,14,"WAN152017","summer","WAN152017_2017-08-21",0,240,2,3
"4681","WAN","WAN16",2017,2017-08-21,2017-09-04,0,14,"WAN162017","summer","WAN162017_2017-08-21",0,240,2,3
"4682","GFH","GFH01",2017,2017-08-22,2017-09-05,0,14,"GFH012017","summer","GFH012017_2017-08-22",2,241,3,4
"4683","GFH","GFH02",2017,2017-08-22,2017-09-05,0,14,"GFH022017","summer","GFH022017_2017-08-22",0,241,1,1
"4684","GFH","GFH03",2017,2017-08-22,2017-09-05,0,14,"GFH032017","summer","GFH032017_2017-08-22",3,241,6,6
"4685","GFH","GFH04",2017,2017-08-22,2017-09-05,0,14,"GFH042017","summer","GFH042017_2017-08-22",8,241,4,4
"4686","GFH","GFH05",2017,2017-08-22,2017-09-05,0,14,"GFH052017","summer","GFH052017_2017-08-22",2,241,6,11
"4687","GFH","GFH06",2017,2017-08-22,2017-09-05,0,14,"GFH062017","summer","GFH062017_2017-08-22",0,241,3,9
"4688","GFH","GFH07",2017,2017-08-22,2017-09-05,0,14,"GFH072017","summer","GFH072017_2017-08-22",5,241,1,1
"4689","GFH","GFH09",2017,2017-08-22,2017-09-05,0,14,"GFH092017","summer","GFH092017_2017-08-22",1,241,3,3
"4690","GFH","GFH10",2017,2017-08-22,2017-09-05,0,14,"GFH102017","summer","GFH102017_2017-08-22",1,241,2,2
"4691","GFH","GFH11",2017,2017-08-22,2017-09-05,0,14,"GFH112017","summer","GFH112017_2017-08-22",7,241,2,2
"4692","GFH","GFH12",2017,2017-08-22,2017-09-05,0,14,"GFH122017","summer","GFH122017_2017-08-22",3,241,6,11
"4693","GFH","GFH13",2017,2017-08-22,2017-09-05,0,14,"GFH132017","summer","GFH132017_2017-08-22",13,241,2,3
"4694","GFH","GFH14",2017,2017-08-22,2017-09-05,0,14,"GFH142017","summer","GFH142017_2017-08-22",0,241,1,1
"4695","GFH","GFH15",2017,2017-08-22,2017-09-05,0,14,"GFH152017","summer","GFH152017_2017-08-22",2,241,4,5
"4696","GFH","GFH16",2017,2017-08-22,2017-09-05,0,14,"GFH162017","summer","GFH162017_2017-08-22",2,241,4,5
"4697","SIP","SIP01",2017,2017-08-22,2017-09-05,0,14,"SIP012017","summer","SIP012017_2017-08-22",0,241,3,3
"4698","SIP","SIP02",2017,2017-08-22,2017-09-05,0,14,"SIP022017","summer","SIP022017_2017-08-22",0,241,6,15
"4699","SIP","SIP06",2017,2017-08-22,2017-09-05,0,14,"SIP062017","summer","SIP062017_2017-08-22",0,241,4,5
"4700","SIP","SIP07",2017,2017-08-22,2017-09-05,0,14,"SIP072017","summer","SIP072017_2017-08-22",2,241,7,7
"4701","SIP","SIP08",2017,2017-08-22,2017-09-05,0,14,"SIP082017","summer","SIP082017_2017-08-22",0,241,7,14
"4702","SIP","SIP09",2017,2017-08-22,2017-09-05,0,14,"SIP092017","summer","SIP092017_2017-08-22",0,241,2,2
"4703","SIP","SIP10",2017,2017-08-22,2017-09-05,0,14,"SIP102017","summer","SIP102017_2017-08-22",0,241,1,1
"4704","SIP","SIP11",2017,2017-08-22,2017-09-05,0,14,"SIP112017","summer","SIP112017_2017-08-22",3,241,6,7
"4705","SIP","SIP12",2017,2017-08-22,2017-09-05,0,14,"SIP122017","summer","SIP122017_2017-08-22",0,241,3,3
"4706","SIP","SIP13",2017,2017-08-22,2017-09-05,0,14,"SIP132017","summer","SIP132017_2017-08-22",0,241,1,2
"4707","SIP","SIP14",2017,2017-08-22,2017-09-05,0,14,"SIP142017","summer","SIP142017_2017-08-22",0,241,6,9
"4708","SIP","SIP15",2017,2017-08-22,2017-09-05,0,14,"SIP152017","summer","SIP152017_2017-08-22",1,241,1,1
"4709","FBG","FBG02",2017,2017-08-23,2017-09-06,0,14,"FBG022017","summer","FBG022017_2017-08-23",10,242,12,27
"4710","FBG","FBG03",2017,2017-08-23,2017-09-06,0,14,"FBG032017","summer","FBG032017_2017-08-23",1,242,9,36
"4711","FBG","FBG04",2017,2017-08-23,2017-09-06,0,14,"FBG042017","summer","FBG042017_2017-08-23",2,242,13,44
"4712","FBG","FBG05",2017,2017-08-23,2017-09-06,0,14,"FBG052017","summer","FBG052017_2017-08-23",10,242,11,16
"4713","FBG","FBG06",2017,2017-08-23,2017-09-06,0,14,"FBG062017","summer","FBG062017_2017-08-23",7,242,12,42
"4714","FBG","FBG07",2017,2017-08-23,2017-09-06,0,14,"FBG072017","summer","FBG072017_2017-08-23",17,242,10,20
"4715","FBG","FBG08",2017,2017-08-23,2017-09-06,0,14,"FBG082017","summer","FBG082017_2017-08-23",0,242,12,55
"4716","FBG","FBG09",2017,2017-08-23,2017-09-06,0,14,"FBG092017","summer","FBG092017_2017-08-23",3,242,4,8
"4717","FBG","FBG10",2017,2017-08-23,2017-09-06,0,14,"FBG102017","summer","FBG102017_2017-08-23",10,242,15,47
"4718","FBG","FBG12",2017,2017-08-23,2017-09-06,0,14,"FBG122017","summer","FBG122017_2017-08-23",5,242,9,17
"4719","FBG","FBG13",2017,2017-08-23,2017-09-06,0,14,"FBG132017","summer","FBG132017_2017-08-23",9,242,11,41
"4720","FBG","FBG14",2017,2017-08-23,2017-09-06,0,14,"FBG142017","summer","FBG142017_2017-08-23",3,242,4,5
"4721","FBG","FBG15",2017,2017-08-23,2017-09-06,0,14,"FBG152017","summer","FBG152017_2017-08-23",2,242,6,11
"4722","FBG","FBG16",2017,2017-08-23,2017-09-06,0,14,"FBG162017","summer","FBG162017_2017-08-23",4,242,7,21
"4723","SST","SST01",2017,2017-08-23,2017-09-06,0,14,"SST012017","summer","SST012017_2017-08-23",0,242,4,6
"4724","SST","SST02",2017,2017-08-23,2017-09-06,0,14,"SST022017","summer","SST022017_2017-08-23",5,242,3,3
"4725","SST","SST03",2017,2017-08-23,2017-09-06,0,14,"SST032017","summer","SST032017_2017-08-23",35,242,3,4
"4726","SST","SST04",2017,2017-08-23,2017-09-06,0,14,"SST042017","summer","SST042017_2017-08-23",92,242,7,12
"4727","SST","SST06",2017,2017-08-23,2017-09-06,0,14,"SST062017","summer","SST062017_2017-08-23",3,242,2,2
"4728","SST","SST07",2017,2017-08-23,2017-09-06,0,14,"SST072017","summer","SST072017_2017-08-23",3,242,1,1
"4729","SST","SST08",2017,2017-08-23,2017-09-06,0,14,"SST082017","summer","SST082017_2017-08-23",33,242,5,7
"4730","SST","SST09",2017,2017-08-23,2017-09-06,0,14,"SST092017","summer","SST092017_2017-08-23",2,242,4,19
"4731","SST","SST10",2017,2017-08-23,2017-09-06,0,14,"SST102017","summer","SST102017_2017-08-23",0,242,4,11
"4732","SST","SST13",2017,2017-08-23,2017-09-06,0,14,"SST132017","summer","SST132017_2017-08-23",1,242,3,3
"4733","SST","SST14",2017,2017-08-23,2017-09-06,0,14,"SST142017","summer","SST142017_2017-08-23",3,242,5,8
"4734","SST","SST15",2017,2017-08-23,2017-09-06,0,14,"SST152017","summer","SST152017_2017-08-23",1,242,0,0
"4735","SST","SST16",2017,2017-08-23,2017-09-06,0,14,"SST162017","summer","SST162017_2017-08-23",6,242,5,9
"4736","HAR","HAR08",2018,2018-07-30,2018-08-13,0,14,"HAR082018","summer","HAR082018_2018-07-30",0,218,3,3
"4737","HAR","HAR11",2018,2018-07-30,2018-08-13,0,14,"HAR112018","summer","HAR112018_2018-07-30",2,218,18,73
"4738","WAN","WAN02",2018,2018-07-30,2018-08-13,0,14,"WAN022018","summer","WAN022018_2018-07-30",3,218,6,7
"4739","WAN","WAN04",2018,2018-07-30,2018-08-13,0,14,"WAN042018","summer","WAN042018_2018-07-30",1,218,8,8
"4740","WAN","WAN05",2018,2018-07-30,2018-08-13,0,14,"WAN052018","summer","WAN052018_2018-07-30",1,218,2,3
"4741","WAN","WAN06",2018,2018-07-30,2018-08-13,0,14,"WAN062018","summer","WAN062018_2018-07-30",4,218,10,17
"4742","WAN","WAN07",2018,2018-07-30,2018-08-13,0,14,"WAN072018","summer","WAN072018_2018-07-30",0,218,5,5
"4743","WAN","WAN08",2018,2018-07-30,2018-08-13,0,14,"WAN082018","summer","WAN082018_2018-07-30",0,218,2,4
"4744","WAN","WAN09",2018,2018-07-30,2018-08-13,0,14,"WAN092018","summer","WAN092018_2018-07-30",1,218,6,14
"4745","WAN","WAN10",2018,2018-07-30,2018-08-13,0,14,"WAN102018","summer","WAN102018_2018-07-30",0,218,7,12
"4746","WAN","WAN14",2018,2018-07-30,2018-08-13,0,14,"WAN142018","summer","WAN142018_2018-07-30",0,218,3,3
"4747","WAN","WAN15",2018,2018-07-30,2018-08-13,0,14,"WAN152018","summer","WAN152018_2018-07-30",1,218,4,6
"4748","WAN","WAN16",2018,2018-07-30,2018-08-13,0,14,"WAN162018","summer","WAN162018_2018-07-30",9,218,26,74
"4749","FBG","FBG01",2018,2018-08-01,2018-08-15,0,14,"FBG012018","summer","FBG012018_2018-08-01",0,220,9,15
"4750","FBG","FBG02",2018,2018-08-01,2018-08-15,0,14,"FBG022018","summer","FBG022018_2018-08-01",0,220,15,47
"4751","FBG","FBG03",2018,2018-08-01,2018-08-15,0,14,"FBG032018","summer","FBG032018_2018-08-01",0,220,4,5
"4752","FBG","FBG04",2018,2018-08-01,2018-08-15,0,14,"FBG042018","summer","FBG042018_2018-08-01",1,220,6,20
"4753","FBG","FBG05",2018,2018-08-01,2018-08-15,0,14,"FBG052018","summer","FBG052018_2018-08-01",0,220,11,23
"4754","FBG","FBG07",2018,2018-08-01,2018-08-15,0,14,"FBG072018","summer","FBG072018_2018-08-01",0,220,7,38
"4755","FBG","FBG08",2018,2018-08-01,2018-08-15,0,14,"FBG082018","summer","FBG082018_2018-08-01",0,220,5,53
"4756","FBG","FBG09",2018,2018-08-01,2018-08-15,0,14,"FBG092018","summer","FBG092018_2018-08-01",1,220,4,4
"4757","FBG","FBG10",2018,2018-08-01,2018-08-15,0,14,"FBG102018","summer","FBG102018_2018-08-01",1,220,16,60
"4758","FBG","FBG11",2018,2018-08-01,2018-08-15,0,14,"FBG112018","summer","FBG112018_2018-08-01",2,220,3,5
"4759","FBG","FBG12",2018,2018-08-01,2018-08-15,0,14,"FBG122018","summer","FBG122018_2018-08-01",3,220,5,7
"4760","FBG","FBG13",2018,2018-08-01,2018-08-15,0,14,"FBG132018","summer","FBG132018_2018-08-01",2,220,8,33
"4761","FBG","FBG14",2018,2018-08-01,2018-08-15,0,14,"FBG142018","summer","FBG142018_2018-08-01",0,220,7,14
"4762","FBG","FBG16",2018,2018-08-01,2018-08-15,0,14,"FBG162018","summer","FBG162018_2018-08-01",1,220,12,59
"4763","SST","SST02",2018,2018-08-01,2018-08-15,0,14,"SST022018","summer","SST022018_2018-08-01",0,220,2,3
"4764","SST","SST03",2018,2018-08-01,2018-08-15,0,14,"SST032018","summer","SST032018_2018-08-01",3,220,9,12
"4765","SST","SST05",2018,2018-08-01,2018-08-15,0,14,"SST052018","summer","SST052018_2018-08-01",1,220,9,17
"4766","SST","SST08",2018,2018-08-01,2018-08-15,0,14,"SST082018","summer","SST082018_2018-08-01",4,220,2,2
"4767","SST","SST09",2018,2018-08-01,2018-08-15,0,14,"SST092018","summer","SST092018_2018-08-01",0,220,7,16
"4768","SST","SST12",2018,2018-08-01,2018-08-15,0,14,"SST122018","summer","SST122018_2018-08-01",0,220,10,14
"4769","SST","SST13",2018,2018-08-01,2018-08-15,0,14,"SST132018","summer","SST132018_2018-08-01",0,220,10,28
"4770","SST","SST14",2018,2018-08-01,2018-08-15,0,14,"SST142018","summer","SST142018_2018-08-01",0,220,4,5
"4771","SST","SST16",2018,2018-08-01,2018-08-15,0,14,"SST162018","summer","SST162018_2018-08-01",0,220,7,9
"4772","SIP","SIP03",2018,2018-08-02,2018-08-16,0,14,"SIP032018","summer","SIP032018_2018-08-02",0,221,6,8
"4773","SIP","SIP07",2018,2018-08-02,2018-08-16,0,14,"SIP072018","summer","SIP072018_2018-08-02",2,221,1,1
"4774","SIP","SIP08",2018,2018-08-02,2018-08-16,0,14,"SIP082018","summer","SIP082018_2018-08-02",0,221,6,11
"4775","SIP","SIP09",2018,2018-08-02,2018-08-16,0,14,"SIP092018","summer","SIP092018_2018-08-02",0,221,5,9
"4776","SIP","SIP11",2018,2018-08-02,2018-08-16,0,14,"SIP112018","summer","SIP112018_2018-08-02",0,221,4,5
"4777","SIP","SIP12",2018,2018-08-02,2018-08-16,0,14,"SIP122018","summer","SIP122018_2018-08-02",1,221,5,7
"4778","SIP","SIP13",2018,2018-08-02,2018-08-16,0,14,"SIP132018","summer","SIP132018_2018-08-02",3,221,5,6
"4779","SIP","SIP14",2018,2018-08-02,2018-08-16,0,14,"SIP142018","summer","SIP142018_2018-08-02",5,221,4,27
"4780","SIP","SIP15",2018,2018-08-02,2018-08-16,0,14,"SIP152018","summer","SIP152018_2018-08-02",2,221,4,5
"4781","SIP","SIP16",2018,2018-08-02,2018-08-16,0,14,"SIP162018","summer","SIP162018_2018-08-02",2,221,6,17
"4782","GFH","GFH02",2018,2018-08-02,2018-08-17,0,15,"GFH022018","summer","GFH022018_2018-08-02",0,221.5,2,2
"4783","GFH","GFH04",2018,2018-08-02,2018-08-17,0,15,"GFH042018","summer","GFH042018_2018-08-02",2,221.5,8,9
"4784","GFH","GFH05",2018,2018-08-02,2018-08-17,0,15,"GFH052018","summer","GFH052018_2018-08-02",2,221.5,7,7
"4785","GFH","GFH06",2018,2018-08-02,2018-08-17,0,15,"GFH062018","summer","GFH062018_2018-08-02",0,221.5,6,8
"4786","GFH","GFH07",2018,2018-08-02,2018-08-17,0,15,"GFH072018","summer","GFH072018_2018-08-02",1,221.5,4,5
"4787","GFH","GFH08",2018,2018-08-02,2018-08-17,0,15,"GFH082018","summer","GFH082018_2018-08-02",0,221.5,4,7
"4788","GFH","GFH09",2018,2018-08-02,2018-08-17,0,15,"GFH092018","summer","GFH092018_2018-08-02",2,221.5,5,7
"4789","GFH","GFH10",2018,2018-08-02,2018-08-17,0,15,"GFH102018","summer","GFH102018_2018-08-02",1,221.5,1,1
"4790","GFH","GFH11",2018,2018-08-02,2018-08-17,0,15,"GFH112018","summer","GFH112018_2018-08-02",0,221.5,9,12
"4791","GFH","GFH12",2018,2018-08-02,2018-08-17,0,15,"GFH122018","summer","GFH122018_2018-08-02",0,221.5,3,3
"4792","GFH","GFH13",2018,2018-08-02,2018-08-17,0,15,"GFH132018","summer","GFH132018_2018-08-02",1,221.5,0,0
"4793","GFH","GFH14",2018,2018-08-02,2018-08-17,0,15,"GFH142018","summer","GFH142018_2018-08-02",0,221.5,14,23
"4794","GFH","GFH15",2018,2018-08-02,2018-08-17,0,15,"GFH152018","summer","GFH152018_2018-08-02",0,221.5,7,9
"4795","HAR","HAR01",2018,2018-08-13,2018-08-27,0,14,"HAR012018","summer","HAR012018_2018-08-13",1,232,10,12
"4796","HAR","HAR02",2018,2018-08-13,2018-08-27,0,14,"HAR022018","summer","HAR022018_2018-08-13",4,232,7,20
"4797","HAR","HAR06",2018,2018-08-13,2018-08-27,0,14,"HAR062018","summer","HAR062018_2018-08-13",4,232,10,31
"4798","HAR","HAR07",2018,2018-08-13,2018-08-27,0,14,"HAR072018","summer","HAR072018_2018-08-13",4,232,1,4
"4799","HAR","HAR08",2018,2018-08-13,2018-08-27,0,14,"HAR082018","summer","HAR082018_2018-08-13",3,232,1,2
"4800","HAR","HAR09",2018,2018-08-13,2018-08-27,0,14,"HAR092018","summer","HAR092018_2018-08-13",2,232,9,13
"4801","HAR","HAR12",2018,2018-08-13,2018-08-27,0,14,"HAR122018","summer","HAR122018_2018-08-13",2,232,3,4
"4802","HAR","HAR13",2018,2018-08-13,2018-08-27,0,14,"HAR132018","summer","HAR132018_2018-08-13",7,232,11,17
"4803","HAR","HAR15",2018,2018-08-13,2018-08-27,0,14,"HAR152018","summer","HAR152018_2018-08-13",0,232,11,51
"4804","WAN","WAN01",2018,2018-08-13,2018-08-27,0,14,"WAN012018","summer","WAN012018_2018-08-13",6,232,4,7
"4805","WAN","WAN02",2018,2018-08-13,2018-08-27,0,14,"WAN022018","summer","WAN022018_2018-08-13",0,232,4,4
"4806","WAN","WAN03",2018,2018-08-13,2018-08-27,0,14,"WAN032018","summer","WAN032018_2018-08-13",2,232,3,3
"4807","WAN","WAN04",2018,2018-08-13,2018-08-27,0,14,"WAN042018","summer","WAN042018_2018-08-13",2,232,5,7
"4808","WAN","WAN05",2018,2018-08-13,2018-08-27,0,14,"WAN052018","summer","WAN052018_2018-08-13",2,232,0,0
"4809","WAN","WAN06",2018,2018-08-13,2018-08-27,0,14,"WAN062018","summer","WAN062018_2018-08-13",7,232,6,8
"4810","WAN","WAN07",2018,2018-08-13,2018-08-27,0,14,"WAN072018","summer","WAN072018_2018-08-13",0,232,1,1
"4811","WAN","WAN08",2018,2018-08-13,2018-08-27,0,14,"WAN082018","summer","WAN082018_2018-08-13",1,232,3,5
"4812","WAN","WAN09",2018,2018-08-13,2018-08-27,0,14,"WAN092018","summer","WAN092018_2018-08-13",6,232,3,4
"4813","WAN","WAN10",2018,2018-08-13,2018-08-27,0,14,"WAN102018","summer","WAN102018_2018-08-13",1,232,8,19
"4814","WAN","WAN11",2018,2018-08-13,2018-08-27,0,14,"WAN112018","summer","WAN112018_2018-08-13",0,232,1,1
"4815","WAN","WAN12",2018,2018-08-13,2018-08-27,0,14,"WAN122018","summer","WAN122018_2018-08-13",3,232,2,4
"4816","WAN","WAN13",2018,2018-08-13,2018-08-27,0,14,"WAN132018","summer","WAN132018_2018-08-13",2,232,0,0
"4817","WAN","WAN14",2018,2018-08-13,2018-08-27,0,14,"WAN142018","summer","WAN142018_2018-08-13",1,232,4,12
"4818","WAN","WAN15",2018,2018-08-13,2018-08-27,0,14,"WAN152018","summer","WAN152018_2018-08-13",0,232,1,1
"4819","FBG","FBG01",2018,2018-08-15,2018-08-29,0,14,"FBG012018","summer","FBG012018_2018-08-15",0,234,4,5
"4820","FBG","FBG03",2018,2018-08-15,2018-08-29,0,14,"FBG032018","summer","FBG032018_2018-08-15",0,234,3,6
"4821","FBG","FBG04",2018,2018-08-15,2018-08-29,0,14,"FBG042018","summer","FBG042018_2018-08-15",3,234,4,10
"4822","FBG","FBG05",2018,2018-08-15,2018-08-29,0,14,"FBG052018","summer","FBG052018_2018-08-15",1,234,9,11
"4823","FBG","FBG06",2018,2018-08-15,2018-08-29,0,14,"FBG062018","summer","FBG062018_2018-08-15",0,234,6,22
"4824","FBG","FBG07",2018,2018-08-15,2018-08-29,0,14,"FBG072018","summer","FBG072018_2018-08-15",2,234,11,122
"4825","FBG","FBG08",2018,2018-08-15,2018-08-29,0,14,"FBG082018","summer","FBG082018_2018-08-15",0,234,6,78
"4826","FBG","FBG09",2018,2018-08-15,2018-08-29,0,14,"FBG092018","summer","FBG092018_2018-08-15",0,234,2,2
"4827","FBG","FBG10",2018,2018-08-15,2018-08-29,0,14,"FBG102018","summer","FBG102018_2018-08-15",1,234,12,55
"4828","FBG","FBG11",2018,2018-08-15,2018-08-29,0,14,"FBG112018","summer","FBG112018_2018-08-15",0,234,5,13
"4829","FBG","FBG12",2018,2018-08-15,2018-08-29,0,14,"FBG122018","summer","FBG122018_2018-08-15",3,234,5,6
"4830","FBG","FBG13",2018,2018-08-15,2018-08-29,0,14,"FBG132018","summer","FBG132018_2018-08-15",3,234,4,35
"4831","FBG","FBG14",2018,2018-08-15,2018-08-29,0,14,"FBG142018","summer","FBG142018_2018-08-15",1,234,5,16
"4832","FBG","FBG15",2018,2018-08-15,2018-08-29,0,14,"FBG152018","summer","FBG152018_2018-08-15",1,234,10,15
"4833","FBG","FBG16",2018,2018-08-15,2018-08-29,0,14,"FBG162018","summer","FBG162018_2018-08-15",0,234,7,24
"4834","SST","SST01",2018,2018-08-15,2018-08-29,0,14,"SST012018","summer","SST012018_2018-08-15",2,234,0,0
"4835","SST","SST03",2018,2018-08-15,2018-08-29,0,14,"SST032018","summer","SST032018_2018-08-15",8,234,3,5
"4836","SST","SST05",2018,2018-08-15,2018-08-29,0,14,"SST052018","summer","SST052018_2018-08-15",2,234,5,5
"4837","SST","SST06",2018,2018-08-15,2018-08-29,0,14,"SST062018","summer","SST062018_2018-08-15",0,234,3,4
"4838","SST","SST08",2018,2018-08-15,2018-08-29,0,14,"SST082018","summer","SST082018_2018-08-15",2,234,0,0
"4839","SST","SST09",2018,2018-08-15,2018-08-29,0,14,"SST092018","summer","SST092018_2018-08-15",2,234,7,13
"4840","SST","SST10",2018,2018-08-15,2018-08-29,0,14,"SST102018","summer","SST102018_2018-08-15",12,234,1,1
"4841","SST","SST11",2018,2018-08-15,2018-08-29,0,14,"SST112018","summer","SST112018_2018-08-15",3,234,0,0
"4842","SST","SST12",2018,2018-08-15,2018-08-29,0,14,"SST122018","summer","SST122018_2018-08-15",4,234,3,3
"4843","SST","SST13",2018,2018-08-15,2018-08-29,0,14,"SST132018","summer","SST132018_2018-08-15",3,234,6,9
"4844","SST","SST14",2018,2018-08-15,2018-08-29,0,14,"SST142018","summer","SST142018_2018-08-15",1,234,2,2
"4845","SST","SST16",2018,2018-08-15,2018-08-29,0,14,"SST162018","summer","SST162018_2018-08-15",1,234,1,1
"4846","SIP","SIP01",2018,2018-08-16,2018-08-30,0,14,"SIP012018","summer","SIP012018_2018-08-16",1,235,6,7
"4847","SIP","SIP02",2018,2018-08-16,2018-08-30,0,14,"SIP022018","summer","SIP022018_2018-08-16",0,235,3,3
"4848","SIP","SIP03",2018,2018-08-16,2018-08-30,0,14,"SIP032018","summer","SIP032018_2018-08-16",0,235,1,1
"4849","SIP","SIP05",2018,2018-08-16,2018-08-30,0,14,"SIP052018","summer","SIP052018_2018-08-16",0,235,1,1
"4850","SIP","SIP06",2018,2018-08-16,2018-08-30,0,14,"SIP062018","summer","SIP062018_2018-08-16",3,235,2,2
"4851","SIP","SIP07",2018,2018-08-16,2018-08-30,0,14,"SIP072018","summer","SIP072018_2018-08-16",0,235,1,1
"4852","SIP","SIP08",2018,2018-08-16,2018-08-30,0,14,"SIP082018","summer","SIP082018_2018-08-16",0,235,2,2
"4853","SIP","SIP09",2018,2018-08-16,2018-08-30,0,14,"SIP092018","summer","SIP092018_2018-08-16",1,235,1,1
"4854","SIP","SIP10",2018,2018-08-16,2018-08-30,0,14,"SIP102018","summer","SIP102018_2018-08-16",1,235,1,1
"4855","SIP","SIP11",2018,2018-08-16,2018-08-30,0,14,"SIP112018","summer","SIP112018_2018-08-16",0,235,1,1
"4856","SIP","SIP12",2018,2018-08-16,2018-08-30,0,14,"SIP122018","summer","SIP122018_2018-08-16",1,235,2,2
"4857","SIP","SIP13",2018,2018-08-16,2018-08-30,0,14,"SIP132018","summer","SIP132018_2018-08-16",1,235,0,0
"4858","SIP","SIP14",2018,2018-08-16,2018-08-30,0,14,"SIP142018","summer","SIP142018_2018-08-16",0,235,9,25
"4859","SIP","SIP15",2018,2018-08-16,2018-08-30,0,14,"SIP152018","summer","SIP152018_2018-08-16",1,235,3,4
"4860","SIP","SIP16",2018,2018-08-16,2018-08-30,0,14,"SIP162018","summer","SIP162018_2018-08-16",1,235,5,8
"4861","GFH","GFH02",2018,2018-08-17,2018-08-30,0,13,"GFH022018","summer","GFH022018_2018-08-17",0,235.5,1,1
"4862","GFH","GFH04",2018,2018-08-17,2018-08-30,0,13,"GFH042018","summer","GFH042018_2018-08-17",1,235.5,3,4
"4863","GFH","GFH06",2018,2018-08-17,2018-08-30,0,13,"GFH062018","summer","GFH062018_2018-08-17",0,235.5,1,1
"4864","GFH","GFH07",2018,2018-08-17,2018-08-30,0,13,"GFH072018","summer","GFH072018_2018-08-17",2,235.5,0,0
"4865","GFH","GFH08",2018,2018-08-17,2018-08-30,0,13,"GFH082018","summer","GFH082018_2018-08-17",1,235.5,0,0
"4866","GFH","GFH09",2018,2018-08-17,2018-08-30,0,13,"GFH092018","summer","GFH092018_2018-08-17",1,235.5,2,2
"4867","GFH","GFH10",2018,2018-08-17,2018-08-30,0,13,"GFH102018","summer","GFH102018_2018-08-17",0,235.5,2,2
"4868","GFH","GFH11",2018,2018-08-17,2018-08-30,0,13,"GFH112018","summer","GFH112018_2018-08-17",2,235.5,4,7
"4869","GFH","GFH12",2018,2018-08-17,2018-08-30,0,13,"GFH122018","summer","GFH122018_2018-08-17",0,235.5,3,3
"4870","GFH","GFH13",2018,2018-08-17,2018-08-30,0,13,"GFH132018","summer","GFH132018_2018-08-17",3,235.5,4,6
"4871","GFH","GFH14",2018,2018-08-17,2018-08-30,0,13,"GFH142018","summer","GFH142018_2018-08-17",4,235.5,2,2
"4872","GFH","GFH15",2018,2018-08-17,2018-08-30,0,13,"GFH152018","summer","GFH152018_2018-08-17",3,235.5,3,3
"4873","GFH","GFH16",2018,2018-08-17,2018-08-30,0,13,"GFH162018","summer","GFH162018_2018-08-17",0,235.5,5,5
"4874","HAR","HAR01",2018,2018-08-27,2018-09-10,0,14,"HAR012018","summer","HAR012018_2018-08-27",3,246,9,18
"4875","HAR","HAR02",2018,2018-08-27,2018-09-10,0,14,"HAR022018","summer","HAR022018_2018-08-27",8,246,5,33
"4876","HAR","HAR03",2018,2018-08-27,2018-09-10,0,14,"HAR032018","summer","HAR032018_2018-08-27",2,246,4,4
"4877","HAR","HAR04",2018,2018-08-27,2018-09-10,0,14,"HAR042018","summer","HAR042018_2018-08-27",1,246,2,5
"4878","HAR","HAR06",2018,2018-08-27,2018-09-10,0,14,"HAR062018","summer","HAR062018_2018-08-27",5,246,14,96
"4879","HAR","HAR07",2018,2018-08-27,2018-09-10,0,14,"HAR072018","summer","HAR072018_2018-08-27",4,246,2,11
"4880","HAR","HAR08",2018,2018-08-27,2018-09-10,0,14,"HAR082018","summer","HAR082018_2018-08-27",1,246,1,1
"4881","HAR","HAR09",2018,2018-08-27,2018-09-10,0,14,"HAR092018","summer","HAR092018_2018-08-27",12,246,15,95
"4882","HAR","HAR10",2018,2018-08-27,2018-09-10,0,14,"HAR102018","summer","HAR102018_2018-08-27",9,246,14,54
"4883","HAR","HAR11",2018,2018-08-27,2018-09-10,0,14,"HAR112018","summer","HAR112018_2018-08-27",2,246,6,12
"4884","HAR","HAR12",2018,2018-08-27,2018-09-10,0,14,"HAR122018","summer","HAR122018_2018-08-27",5,246,0,0
"4885","HAR","HAR13",2018,2018-08-27,2018-09-10,0,14,"HAR132018","summer","HAR132018_2018-08-27",13,246,9,37
"4886","HAR","HAR14",2018,2018-08-27,2018-09-10,0,14,"HAR142018","summer","HAR142018_2018-08-27",11,246,11,76
"4887","HAR","HAR15",2018,2018-08-27,2018-09-10,0,14,"HAR152018","summer","HAR152018_2018-08-27",0,246,8,60
"4888","HAR","HAR16",2018,2018-08-27,2018-09-10,0,14,"HAR162018","summer","HAR162018_2018-08-27",11,246,27,47
"4889","WAN","WAN01",2018,2018-08-27,2018-09-10,0,14,"WAN012018","summer","WAN012018_2018-08-27",5,246,6,10
"4890","WAN","WAN02",2018,2018-08-27,2018-09-10,0,14,"WAN022018","summer","WAN022018_2018-08-27",5,246,2,2
"4891","WAN","WAN03",2018,2018-08-27,2018-09-10,0,14,"WAN032018","summer","WAN032018_2018-08-27",4,246,3,3
"4892","WAN","WAN04",2018,2018-08-27,2018-09-10,0,14,"WAN042018","summer","WAN042018_2018-08-27",2,246,2,3
"4893","WAN","WAN05",2018,2018-08-27,2018-09-10,0,14,"WAN052018","summer","WAN052018_2018-08-27",0,246,1,1
"4894","WAN","WAN06",2018,2018-08-27,2018-09-10,0,14,"WAN062018","summer","WAN062018_2018-08-27",2,246,3,3
"4895","WAN","WAN07",2018,2018-08-27,2018-09-10,0,14,"WAN072018","summer","WAN072018_2018-08-27",1,246,2,2
"4896","WAN","WAN08",2018,2018-08-27,2018-09-10,0,14,"WAN082018","summer","WAN082018_2018-08-27",0,246,2,2
"4897","WAN","WAN10",2018,2018-08-27,2018-09-10,0,14,"WAN102018","summer","WAN102018_2018-08-27",3,246,6,6
"4898","WAN","WAN12",2018,2018-08-27,2018-09-10,0,14,"WAN122018","summer","WAN122018_2018-08-27",2,246,8,11
"4899","WAN","WAN13",2018,2018-08-27,2018-09-10,0,14,"WAN132018","summer","WAN132018_2018-08-27",1,246,0,0
"4900","WAN","WAN14",2018,2018-08-27,2018-09-10,0,14,"WAN142018","summer","WAN142018_2018-08-27",1,246,1,1
"4901","WAN","WAN15",2018,2018-08-27,2018-09-10,0,14,"WAN152018","summer","WAN152018_2018-08-27",0,246,3,3
"4902","WAN","WAN16",2018,2018-08-27,2018-09-10,0,14,"WAN162018","summer","WAN162018_2018-08-27",0,246,1,1
"4903","FBG","FBG01",2018,2018-08-29,2018-09-12,0,14,"FBG012018","summer","FBG012018_2018-08-29",2,248,8,21
"4904","FBG","FBG02",2018,2018-08-29,2018-09-12,0,14,"FBG022018","summer","FBG022018_2018-08-29",5,248,13,90
"4905","FBG","FBG03",2018,2018-08-29,2018-09-12,0,14,"FBG032018","summer","FBG032018_2018-08-29",2,248,1,4
"4906","FBG","FBG04",2018,2018-08-29,2018-09-12,0,14,"FBG042018","summer","FBG042018_2018-08-29",3,248,2,4
"4907","FBG","FBG05",2018,2018-08-29,2018-09-12,0,14,"FBG052018","summer","FBG052018_2018-08-29",5,248,4,7
"4908","FBG","FBG07",2018,2018-08-29,2018-09-12,0,14,"FBG072018","summer","FBG072018_2018-08-29",9,248,10,84
"4909","FBG","FBG08",2018,2018-08-29,2018-09-12,0,14,"FBG082018","summer","FBG082018_2018-08-29",0,248,5,85
"4910","FBG","FBG09",2018,2018-08-29,2018-09-12,0,14,"FBG092018","summer","FBG092018_2018-08-29",1,248,4,5
"4911","FBG","FBG10",2018,2018-08-29,2018-09-12,0,14,"FBG102018","summer","FBG102018_2018-08-29",3,248,6,32
"4912","FBG","FBG11",2018,2018-08-29,2018-09-12,0,14,"FBG112018","summer","FBG112018_2018-08-29",0,248,3,14
"4913","FBG","FBG12",2018,2018-08-29,2018-09-12,0,14,"FBG122018","summer","FBG122018_2018-08-29",3,248,1,1
"4914","FBG","FBG13",2018,2018-08-29,2018-09-12,0,14,"FBG132018","summer","FBG132018_2018-08-29",1,248,8,37
"4915","FBG","FBG14",2018,2018-08-29,2018-09-12,0,14,"FBG142018","summer","FBG142018_2018-08-29",0,248,7,38
"4916","FBG","FBG15",2018,2018-08-29,2018-09-12,0,14,"FBG152018","summer","FBG152018_2018-08-29",6,248,2,7
"4917","FBG","FBG16",2018,2018-08-29,2018-09-12,0,14,"FBG162018","summer","FBG162018_2018-08-29",5,248,7,33
"4918","SST","SST01",2018,2018-08-29,2018-09-12,0,14,"SST012018","summer","SST012018_2018-08-29",2,248,4,5
"4919","SST","SST02",2018,2018-08-29,2018-09-12,0,14,"SST022018","summer","SST022018_2018-08-29",0,248,2,2
"4920","SST","SST03",2018,2018-08-29,2018-09-12,0,14,"SST032018","summer","SST032018_2018-08-29",7,248,3,3
"4921","SST","SST05",2018,2018-08-29,2018-09-12,0,14,"SST052018","summer","SST052018_2018-08-29",0,248,1,1
"4922","SST","SST06",2018,2018-08-29,2018-09-12,0,14,"SST062018","summer","SST062018_2018-08-29",4,248,1,1
"4923","SST","SST08",2018,2018-08-29,2018-09-12,0,14,"SST082018","summer","SST082018_2018-08-29",8,248,1,2
"4924","SST","SST09",2018,2018-08-29,2018-09-12,0,14,"SST092018","summer","SST092018_2018-08-29",0,248,2,2
"4925","SST","SST10",2018,2018-08-29,2018-09-12,0,14,"SST102018","summer","SST102018_2018-08-29",11,248,5,10
"4926","SST","SST12",2018,2018-08-29,2018-09-12,0,14,"SST122018","summer","SST122018_2018-08-29",5,248,0,0
"4927","SST","SST13",2018,2018-08-29,2018-09-12,0,14,"SST132018","summer","SST132018_2018-08-29",1,248,5,7
"4928","SST","SST14",2018,2018-08-29,2018-09-12,0,14,"SST142018","summer","SST142018_2018-08-29",0,248,1,1
"4929","SST","SST16",2018,2018-08-29,2018-09-12,0,14,"SST162018","summer","SST162018_2018-08-29",0,248,1,1
"4930","GFH","GFH01",2018,2018-08-30,2018-09-13,0,14,"GFH012018","summer","GFH012018_2018-08-30",1,249,0,0
"4931","GFH","GFH04",2018,2018-08-30,2018-09-13,0,14,"GFH042018","summer","GFH042018_2018-08-30",1,249,3,3
"4932","GFH","GFH05",2018,2018-08-30,2018-09-13,0,14,"GFH052018","summer","GFH052018_2018-08-30",0,249,1,1
"4933","GFH","GFH06",2018,2018-08-30,2018-09-13,0,14,"GFH062018","summer","GFH062018_2018-08-30",0,249,1,1
"4934","GFH","GFH07",2018,2018-08-30,2018-09-13,0,14,"GFH072018","summer","GFH072018_2018-08-30",1,249,3,3
"4935","GFH","GFH08",2018,2018-08-30,2018-09-13,0,14,"GFH082018","summer","GFH082018_2018-08-30",0,249,1,1
"4936","GFH","GFH09",2018,2018-08-30,2018-09-13,0,14,"GFH092018","summer","GFH092018_2018-08-30",2,249,1,2
"4937","GFH","GFH10",2018,2018-08-30,2018-09-13,0,14,"GFH102018","summer","GFH102018_2018-08-30",4,249,1,1
"4938","GFH","GFH11",2018,2018-08-30,2018-09-13,0,14,"GFH112018","summer","GFH112018_2018-08-30",1,249,1,1
"4939","GFH","GFH12",2018,2018-08-30,2018-09-13,0,14,"GFH122018","summer","GFH122018_2018-08-30",0,249,1,1
"4940","GFH","GFH13",2018,2018-08-30,2018-09-13,0,14,"GFH132018","summer","GFH132018_2018-08-30",6,249,2,2
"4941","GFH","GFH14",2018,2018-08-30,2018-09-13,0,14,"GFH142018","summer","GFH142018_2018-08-30",1,249,5,6
"4942","GFH","GFH16",2018,2018-08-30,2018-09-13,0,14,"GFH162018","summer","GFH162018_2018-08-30",1,249,5,5
"4943","SIP","SIP02",2018,2018-08-30,2018-09-13,0,14,"SIP022018","summer","SIP022018_2018-08-30",0,249,2,2
"4944","SIP","SIP06",2018,2018-08-30,2018-09-13,0,14,"SIP062018","summer","SIP062018_2018-08-30",4,249,1,3
"4945","SIP","SIP07",2018,2018-08-30,2018-09-13,0,14,"SIP072018","summer","SIP072018_2018-08-30",0,249,1,2
"4946","SIP","SIP08",2018,2018-08-30,2018-09-13,0,14,"SIP082018","summer","SIP082018_2018-08-30",0,249,1,2
"4947","SIP","SIP10",2018,2018-08-30,2018-09-13,0,14,"SIP102018","summer","SIP102018_2018-08-30",0,249,1,1
"4948","SIP","SIP11",2018,2018-08-30,2018-09-13,0,14,"SIP112018","summer","SIP112018_2018-08-30",0,249,4,4
"4949","SIP","SIP12",2018,2018-08-30,2018-09-13,0,14,"SIP122018","summer","SIP122018_2018-08-30",0,249,1,2
"4950","SIP","SIP14",2018,2018-08-30,2018-09-13,0,14,"SIP142018","summer","SIP142018_2018-08-30",0,249,2,2
"4951","SIP","SIP15",2018,2018-08-30,2018-09-13,0,14,"SIP152018","summer","SIP152018_2018-08-30",1,249,3,4
"4952","SIP","SIP16",2018,2018-08-30,2018-09-13,0,14,"SIP162018","summer","SIP162018_2018-08-30",0,249,2,2
"4953","FBG","FBG01",2019,2019-07-22,2019-08-05,0,14,"FBG012019","summer","FBG012019_2019-07-22",12,210,27,120
"4954","FBG","FBG02",2019,2019-07-22,2019-08-05,0,14,"FBG022019","summer","FBG022019_2019-07-22",3,210,15,36
"4955","FBG","FBG03",2019,2019-07-22,2019-08-05,0,14,"FBG032019","summer","FBG032019_2019-07-22",0,210,6,9
"4956","FBG","FBG04",2019,2019-07-22,2019-08-05,0,14,"FBG042019","summer","FBG042019_2019-07-22",0,210,9,12
"4957","FBG","FBG05",2019,2019-07-22,2019-08-05,0,14,"FBG052019","summer","FBG052019_2019-07-22",1,210,16,30
"4958","FBG","FBG06",2019,2019-07-22,2019-08-05,0,14,"FBG062019","summer","FBG062019_2019-07-22",0,210,12,25
"4959","FBG","FBG07",2019,2019-07-22,2019-08-05,0,14,"FBG072019","summer","FBG072019_2019-07-22",0,210,15,44
"4960","FBG","FBG08",2019,2019-07-22,2019-08-05,0,14,"FBG082019","summer","FBG082019_2019-07-22",1,210,13,35
"4961","FBG","FBG09",2019,2019-07-22,2019-08-05,0,14,"FBG092019","summer","FBG092019_2019-07-22",0,210,15,26
"4962","FBG","FBG10",2019,2019-07-22,2019-08-05,0,14,"FBG102019","summer","FBG102019_2019-07-22",0,210,12,30
"4963","FBG","FBG12",2019,2019-07-22,2019-08-05,0,14,"FBG122019","summer","FBG122019_2019-07-22",0,210,4,5
"4964","FBG","FBG13",2019,2019-07-22,2019-08-05,0,14,"FBG132019","summer","FBG132019_2019-07-22",1,210,17,64
"4965","FBG","FBG14",2019,2019-07-22,2019-08-05,0,14,"FBG142019","summer","FBG142019_2019-07-22",1,210,20,46
"4966","FBG","FBG15",2019,2019-07-22,2019-08-05,0,14,"FBG152019","summer","FBG152019_2019-07-22",0,210,12,20
"4967","FBG","FBG16",2019,2019-07-22,2019-08-05,0,14,"FBG162019","summer","FBG162019_2019-07-22",0,210,9,11
"4968","SST","SST01",2019,2019-07-22,2019-08-05,0,14,"SST012019","summer","SST012019_2019-07-22",0,210,7,10
"4969","SST","SST02",2019,2019-07-22,2019-08-05,0,14,"SST022019","summer","SST022019_2019-07-22",2,210,13,13
"4970","SST","SST03",2019,2019-07-22,2019-08-05,0,14,"SST032019","summer","SST032019_2019-07-22",1,210,4,5
"4971","SST","SST04",2019,2019-07-22,2019-08-05,0,14,"SST042019","summer","SST042019_2019-07-22",0,210,14,24
"4972","SST","SST05",2019,2019-07-22,2019-08-05,0,14,"SST052019","summer","SST052019_2019-07-22",0,210,3,3
"4973","SST","SST06",2019,2019-07-22,2019-08-05,0,14,"SST062019","summer","SST062019_2019-07-22",22,210,8,10
"4974","SST","SST07",2019,2019-07-22,2019-08-05,0,14,"SST072019","summer","SST072019_2019-07-22",4,210,8,16
"4975","SST","SST08",2019,2019-07-22,2019-08-05,0,14,"SST082019","summer","SST082019_2019-07-22",0,210,11,22
"4976","SST","SST09",2019,2019-07-22,2019-08-05,0,14,"SST092019","summer","SST092019_2019-07-22",0,210,26,55
"4977","SST","SST11",2019,2019-07-22,2019-08-05,0,14,"SST112019","summer","SST112019_2019-07-22",0,210,12,16
"4978","SST","SST12",2019,2019-07-22,2019-08-05,0,14,"SST122019","summer","SST122019_2019-07-22",0,210,6,31
"4979","SST","SST13",2019,2019-07-22,2019-08-05,0,14,"SST132019","summer","SST132019_2019-07-22",0,210,20,28
"4980","SST","SST14",2019,2019-07-22,2019-08-05,0,14,"SST142019","summer","SST142019_2019-07-22",3,210,15,28
"4981","SST","SST15",2019,2019-07-22,2019-08-05,0,14,"SST152019","summer","SST152019_2019-07-22",0,210,3,5
"4982","SST","SST16",2019,2019-07-22,2019-08-05,0,14,"SST162019","summer","SST162019_2019-07-22",0,210,2,3
"4983","GFH","GFH01",2019,2019-07-23,2019-08-06,0,14,"GFH012019","summer","GFH012019_2019-07-23",0,211,7,7
"4984","GFH","GFH02",2019,2019-07-23,2019-08-06,0,14,"GFH022019","summer","GFH022019_2019-07-23",0,211,6,7
"4985","GFH","GFH03",2019,2019-07-23,2019-08-06,0,14,"GFH032019","summer","GFH032019_2019-07-23",3,211,23,39
"4986","GFH","GFH04",2019,2019-07-23,2019-08-06,0,14,"GFH042019","summer","GFH042019_2019-07-23",1,211,7,20
"4987","GFH","GFH05",2019,2019-07-23,2019-08-06,0,14,"GFH052019","summer","GFH052019_2019-07-23",6,211,7,8
"4988","GFH","GFH06",2019,2019-07-23,2019-08-06,0,14,"GFH062019","summer","GFH062019_2019-07-23",1,211,8,12
"4989","GFH","GFH08",2019,2019-07-23,2019-08-06,0,14,"GFH082019","summer","GFH082019_2019-07-23",0,211,4,5
"4990","GFH","GFH09",2019,2019-07-23,2019-08-06,0,14,"GFH092019","summer","GFH092019_2019-07-23",1,211,4,4
"4991","GFH","GFH11",2019,2019-07-23,2019-08-06,0,14,"GFH112019","summer","GFH112019_2019-07-23",3,211,28,239
"4992","GFH","GFH12",2019,2019-07-23,2019-08-06,0,14,"GFH122019","summer","GFH122019_2019-07-23",0,211,6,7
"4993","GFH","GFH13",2019,2019-07-23,2019-08-06,0,14,"GFH132019","summer","GFH132019_2019-07-23",0,211,11,18
"4994","GFH","GFH14",2019,2019-07-23,2019-08-06,0,14,"GFH142019","summer","GFH142019_2019-07-23",21,211,21,35
"4995","GFH","GFH15",2019,2019-07-23,2019-08-06,0,14,"GFH152019","summer","GFH152019_2019-07-23",3,211,22,109
"4996","GFH","GFH16",2019,2019-07-23,2019-08-06,0,14,"GFH162019","summer","GFH162019_2019-07-23",2,211,16,29
"4997","SIP","SIP01",2019,2019-07-23,2019-08-06,0,14,"SIP012019","summer","SIP012019_2019-07-23",1,211,4,4
"4998","SIP","SIP02",2019,2019-07-23,2019-08-06,0,14,"SIP022019","summer","SIP022019_2019-07-23",3,211,5,10
"4999","SIP","SIP03",2019,2019-07-23,2019-08-06,0,14,"SIP032019","summer","SIP032019_2019-07-23",2,211,9,17
"5000","SIP","SIP05",2019,2019-07-23,2019-08-06,0,14,"SIP052019","summer","SIP052019_2019-07-23",5,211,3,4
"5001","SIP","SIP06",2019,2019-07-23,2019-08-06,0,14,"SIP062019","summer","SIP062019_2019-07-23",3,211,5,5
"5002","SIP","SIP07",2019,2019-07-23,2019-08-06,0,14,"SIP072019","summer","SIP072019_2019-07-23",5,211,2,2
"5003","SIP","SIP08",2019,2019-07-23,2019-08-06,0,14,"SIP082019","summer","SIP082019_2019-07-23",0,211,5,7
"5004","SIP","SIP09",2019,2019-07-23,2019-08-06,0,14,"SIP092019","summer","SIP092019_2019-07-23",0,211,10,16
"5005","SIP","SIP11",2019,2019-07-23,2019-08-06,0,14,"SIP112019","summer","SIP112019_2019-07-23",6,211,1,1
"5006","SIP","SIP12",2019,2019-07-23,2019-08-06,0,14,"SIP122019","summer","SIP122019_2019-07-23",1,211,5,5
"5007","SIP","SIP13",2019,2019-07-23,2019-08-06,0,14,"SIP132019","summer","SIP132019_2019-07-23",6,211,4,6
"5008","SIP","SIP14",2019,2019-07-23,2019-08-06,0,14,"SIP142019","summer","SIP142019_2019-07-23",5,211,4,5
"5009","SIP","SIP16",2019,2019-07-23,2019-08-06,0,14,"SIP162019","summer","SIP162019_2019-07-23",2,211,5,7
"5010","HAR","HAR01",2019,2019-07-24,2019-08-07,0,14,"HAR012019","summer","HAR012019_2019-07-24",0,212,13,16
"5011","HAR","HAR02",2019,2019-07-24,2019-08-07,0,14,"HAR022019","summer","HAR022019_2019-07-24",0,212,8,13
"5012","HAR","HAR03",2019,2019-07-24,2019-08-07,0,14,"HAR032019","summer","HAR032019_2019-07-24",0,212,9,11
"5013","HAR","HAR04",2019,2019-07-24,2019-08-07,0,14,"HAR042019","summer","HAR042019_2019-07-24",0,212,1,1
"5014","HAR","HAR05",2019,2019-07-24,2019-08-07,0,14,"HAR052019","summer","HAR052019_2019-07-24",2,212,20,52
"5015","HAR","HAR06",2019,2019-07-24,2019-08-07,0,14,"HAR062019","summer","HAR062019_2019-07-24",0,212,9,19
"5016","HAR","HAR07",2019,2019-07-24,2019-08-07,0,14,"HAR072019","summer","HAR072019_2019-07-24",0,212,6,8
"5017","HAR","HAR08",2019,2019-07-24,2019-08-07,0,14,"HAR082019","summer","HAR082019_2019-07-24",0,212,8,9
"5018","HAR","HAR09",2019,2019-07-24,2019-08-07,0,14,"HAR092019","summer","HAR092019_2019-07-24",1,212,15,38
"5019","HAR","HAR10",2019,2019-07-24,2019-08-07,0,14,"HAR102019","summer","HAR102019_2019-07-24",1,212,18,45
"5020","HAR","HAR11",2019,2019-07-24,2019-08-07,0,14,"HAR112019","summer","HAR112019_2019-07-24",0,212,7,7
"5021","HAR","HAR12",2019,2019-07-24,2019-08-07,0,14,"HAR122019","summer","HAR122019_2019-07-24",0,212,6,8
"5022","HAR","HAR13",2019,2019-07-24,2019-08-07,0,14,"HAR132019","summer","HAR132019_2019-07-24",0,212,14,29
"5023","HAR","HAR15",2019,2019-07-24,2019-08-07,0,14,"HAR152019","summer","HAR152019_2019-07-24",3,212,21,139
"5024","HAR","HAR16",2019,2019-07-24,2019-08-07,0,14,"HAR162019","summer","HAR162019_2019-07-24",3,212,11,19
"5025","WAN","WAN01",2019,2019-07-24,2019-08-07,0,14,"WAN012019","summer","WAN012019_2019-07-24",0,212,18,28
"5026","WAN","WAN02",2019,2019-07-24,2019-08-07,0,14,"WAN022019","summer","WAN022019_2019-07-24",3,212,9,18
"5027","WAN","WAN03",2019,2019-07-24,2019-08-07,0,14,"WAN032019","summer","WAN032019_2019-07-24",0,212,5,7
"5028","WAN","WAN04",2019,2019-07-24,2019-08-07,0,14,"WAN042019","summer","WAN042019_2019-07-24",0,212,11,18
"5029","WAN","WAN05",2019,2019-07-24,2019-08-07,0,14,"WAN052019","summer","WAN052019_2019-07-24",2,212,8,10
"5030","WAN","WAN06",2019,2019-07-24,2019-08-07,0,14,"WAN062019","summer","WAN062019_2019-07-24",2,212,14,28
"5031","WAN","WAN07",2019,2019-07-24,2019-08-07,0,14,"WAN072019","summer","WAN072019_2019-07-24",1,212,5,7
"5032","WAN","WAN08",2019,2019-07-24,2019-08-07,0,14,"WAN082019","summer","WAN082019_2019-07-24",1,212,4,5
"5033","WAN","WAN09",2019,2019-07-24,2019-08-07,0,14,"WAN092019","summer","WAN092019_2019-07-24",0,212,5,9
"5034","WAN","WAN10",2019,2019-07-24,2019-08-07,0,14,"WAN102019","summer","WAN102019_2019-07-24",0,212,12,33
"5035","WAN","WAN11",2019,2019-07-24,2019-08-07,0,14,"WAN112019","summer","WAN112019_2019-07-24",0,212,1,1
"5036","WAN","WAN12",2019,2019-07-24,2019-08-07,0,14,"WAN122019","summer","WAN122019_2019-07-24",1,212,5,8
"5037","WAN","WAN13",2019,2019-07-24,2019-08-07,0,14,"WAN132019","summer","WAN132019_2019-07-24",1,212,7,9
"5038","WAN","WAN14",2019,2019-07-24,2019-08-07,0,14,"WAN142019","summer","WAN142019_2019-07-24",0,212,8,8
"5039","WAN","WAN15",2019,2019-07-24,2019-08-07,0,14,"WAN152019","summer","WAN152019_2019-07-24",0,212,11,14
"5040","WAN","WAN16",2019,2019-07-24,2019-08-07,0,14,"WAN162019","summer","WAN162019_2019-07-24",1,212,7,11
"5041","FBG","FBG01",2019,2019-08-05,2019-08-19,0,14,"FBG012019","summer","FBG012019_2019-08-05",0,224,15,33
"5042","FBG","FBG02",2019,2019-08-05,2019-08-19,0,14,"FBG022019","summer","FBG022019_2019-08-05",13,224,14,26
"5043","FBG","FBG03",2019,2019-08-05,2019-08-19,0,14,"FBG032019","summer","FBG032019_2019-08-05",0,224,2,3
"5044","FBG","FBG04",2019,2019-08-05,2019-08-19,0,14,"FBG042019","summer","FBG042019_2019-08-05",0,224,2,3
"5045","FBG","FBG05",2019,2019-08-05,2019-08-19,0,14,"FBG052019","summer","FBG052019_2019-08-05",0,224,12,22
"5046","FBG","FBG08",2019,2019-08-05,2019-08-19,0,14,"FBG082019","summer","FBG082019_2019-08-05",0,224,9,28
"5047","FBG","FBG10",2019,2019-08-05,2019-08-19,0,14,"FBG102019","summer","FBG102019_2019-08-05",0,224,8,12
"5048","FBG","FBG11",2019,2019-08-05,2019-08-19,0,14,"FBG112019","summer","FBG112019_2019-08-05",0,224,3,5
"5049","FBG","FBG14",2019,2019-08-05,2019-08-19,0,14,"FBG142019","summer","FBG142019_2019-08-05",1,224,9,43
"5050","FBG","FBG15",2019,2019-08-05,2019-08-19,0,14,"FBG152019","summer","FBG152019_2019-08-05",2,224,15,26
"5051","FBG","FBG16",2019,2019-08-05,2019-08-19,0,14,"FBG162019","summer","FBG162019_2019-08-05",1,224,2,3
"5052","SST","SST01",2019,2019-08-05,2019-08-19,0,14,"SST012019","summer","SST012019_2019-08-05",0,224,2,2
"5053","SST","SST02",2019,2019-08-05,2019-08-19,0,14,"SST022019","summer","SST022019_2019-08-05",1,224,3,4
"5054","SST","SST03",2019,2019-08-05,2019-08-19,0,14,"SST032019","summer","SST032019_2019-08-05",0,224,4,4
"5055","SST","SST04",2019,2019-08-05,2019-08-19,0,14,"SST042019","summer","SST042019_2019-08-05",1,224,3,3
"5056","SST","SST05",2019,2019-08-05,2019-08-19,0,14,"SST052019","summer","SST052019_2019-08-05",1,224,2,2
"5057","SST","SST06",2019,2019-08-05,2019-08-19,0,14,"SST062019","summer","SST062019_2019-08-05",1,224,5,6
"5058","SST","SST07",2019,2019-08-05,2019-08-19,0,14,"SST072019","summer","SST072019_2019-08-05",0,224,3,4
"5059","SST","SST08",2019,2019-08-05,2019-08-19,0,14,"SST082019","summer","SST082019_2019-08-05",2,224,1,1
"5060","SST","SST09",2019,2019-08-05,2019-08-19,0,14,"SST092019","summer","SST092019_2019-08-05",3,224,14,36
"5061","SST","SST11",2019,2019-08-05,2019-08-19,0,14,"SST112019","summer","SST112019_2019-08-05",0,224,3,3
"5062","SST","SST12",2019,2019-08-05,2019-08-19,0,14,"SST122019","summer","SST122019_2019-08-05",0,224,4,4
"5063","SST","SST13",2019,2019-08-05,2019-08-19,0,14,"SST132019","summer","SST132019_2019-08-05",0,224,6,13
"5064","SST","SST14",2019,2019-08-05,2019-08-19,0,14,"SST142019","summer","SST142019_2019-08-05",0,224,6,8
"5065","SST","SST16",2019,2019-08-05,2019-08-19,0,14,"SST162019","summer","SST162019_2019-08-05",0,224,2,2
"5066","GFH","GFH01",2019,2019-08-06,2019-08-20,0,14,"GFH012019","summer","GFH012019_2019-08-06",1,225,0,0
"5067","GFH","GFH02",2019,2019-08-06,2019-08-20,0,14,"GFH022019","summer","GFH022019_2019-08-06",1,225,1,1
"5068","GFH","GFH03",2019,2019-08-06,2019-08-20,0,14,"GFH032019","summer","GFH032019_2019-08-06",2,225,6,6
"5069","GFH","GFH05",2019,2019-08-06,2019-08-20,0,14,"GFH052019","summer","GFH052019_2019-08-06",4,225,7,11
"5070","GFH","GFH08",2019,2019-08-06,2019-08-20,0,14,"GFH082019","summer","GFH082019_2019-08-06",0,225,2,2
"5071","GFH","GFH09",2019,2019-08-06,2019-08-20,0,14,"GFH092019","summer","GFH092019_2019-08-06",1,225,3,4
"5072","GFH","GFH11",2019,2019-08-06,2019-08-20,0,14,"GFH112019","summer","GFH112019_2019-08-06",1,225,14,30
"5073","GFH","GFH12",2019,2019-08-06,2019-08-20,0,14,"GFH122019","summer","GFH122019_2019-08-06",0,225,3,3
"5074","GFH","GFH14",2019,2019-08-06,2019-08-20,0,14,"GFH142019","summer","GFH142019_2019-08-06",7,225,3,6
"5075","GFH","GFH15",2019,2019-08-06,2019-08-20,0,14,"GFH152019","summer","GFH152019_2019-08-06",1,225,11,14
"5076","SIP","SIP01",2019,2019-08-06,2019-08-20,0,14,"SIP012019","summer","SIP012019_2019-08-06",1,225,1,1
"5077","SIP","SIP02",2019,2019-08-06,2019-08-20,0,14,"SIP022019","summer","SIP022019_2019-08-06",1,225,7,11
"5078","SIP","SIP05",2019,2019-08-06,2019-08-20,0,14,"SIP052019","summer","SIP052019_2019-08-06",9,225,1,1
"5079","SIP","SIP06",2019,2019-08-06,2019-08-20,0,14,"SIP062019","summer","SIP062019_2019-08-06",8,225,2,2
"5080","SIP","SIP07",2019,2019-08-06,2019-08-20,0,14,"SIP072019","summer","SIP072019_2019-08-06",9,225,1,1
"5081","SIP","SIP08",2019,2019-08-06,2019-08-20,0,14,"SIP082019","summer","SIP082019_2019-08-06",3,225,3,5
"5082","SIP","SIP09",2019,2019-08-06,2019-08-20,0,14,"SIP092019","summer","SIP092019_2019-08-06",1,225,4,4
"5083","SIP","SIP10",2019,2019-08-06,2019-08-20,0,14,"SIP102019","summer","SIP102019_2019-08-06",5,225,2,2
"5084","SIP","SIP11",2019,2019-08-06,2019-08-20,0,14,"SIP112019","summer","SIP112019_2019-08-06",24,225,2,3
"5085","SIP","SIP12",2019,2019-08-06,2019-08-20,0,14,"SIP122019","summer","SIP122019_2019-08-06",8,225,1,1
"5086","SIP","SIP13",2019,2019-08-06,2019-08-20,0,14,"SIP132019","summer","SIP132019_2019-08-06",4,225,5,5
"5087","SIP","SIP14",2019,2019-08-06,2019-08-20,0,14,"SIP142019","summer","SIP142019_2019-08-06",10,225,6,8
"5088","SIP","SIP15",2019,2019-08-06,2019-08-20,0,14,"SIP152019","summer","SIP152019_2019-08-06",10,225,2,3
"5089","SIP","SIP16",2019,2019-08-06,2019-08-20,0,14,"SIP162019","summer","SIP162019_2019-08-06",2,225,3,3
"5090","HAR","HAR01",2019,2019-08-07,2019-08-21,0,14,"HAR012019","summer","HAR012019_2019-08-07",1,226,6,6
"5091","HAR","HAR02",2019,2019-08-07,2019-08-21,0,14,"HAR022019","summer","HAR022019_2019-08-07",0,226,5,6
"5092","HAR","HAR03",2019,2019-08-07,2019-08-21,0,14,"HAR032019","summer","HAR032019_2019-08-07",1,226,3,5
"5093","HAR","HAR05",2019,2019-08-07,2019-08-21,0,14,"HAR052019","summer","HAR052019_2019-08-07",4,226,8,9
"5094","HAR","HAR06",2019,2019-08-07,2019-08-21,0,14,"HAR062019","summer","HAR062019_2019-08-07",1,226,3,3
"5095","HAR","HAR07",2019,2019-08-07,2019-08-21,0,14,"HAR072019","summer","HAR072019_2019-08-07",1,226,4,6
"5096","HAR","HAR09",2019,2019-08-07,2019-08-21,0,14,"HAR092019","summer","HAR092019_2019-08-07",2,226,2,2
"5097","HAR","HAR10",2019,2019-08-07,2019-08-21,0,14,"HAR102019","summer","HAR102019_2019-08-07",5,226,9,9
"5098","HAR","HAR11",2019,2019-08-07,2019-08-21,0,14,"HAR112019","summer","HAR112019_2019-08-07",0,226,7,8
"5099","HAR","HAR14",2019,2019-08-07,2019-08-21,0,14,"HAR142019","summer","HAR142019_2019-08-07",6,226,4,6
"5100","HAR","HAR15",2019,2019-08-07,2019-08-21,0,14,"HAR152019","summer","HAR152019_2019-08-07",3,226,12,25
"5101","HAR","HAR16",2019,2019-08-07,2019-08-21,0,14,"HAR162019","summer","HAR162019_2019-08-07",6,226,4,6
"5102","WAN","WAN01",2019,2019-08-07,2019-08-21,0,14,"WAN012019","summer","WAN012019_2019-08-07",0,226,5,5
"5103","WAN","WAN02",2019,2019-08-07,2019-08-21,0,14,"WAN022019","summer","WAN022019_2019-08-07",2,226,1,1
"5104","WAN","WAN06",2019,2019-08-07,2019-08-21,0,14,"WAN062019","summer","WAN062019_2019-08-07",0,226,3,3
"5105","WAN","WAN07",2019,2019-08-07,2019-08-21,0,14,"WAN072019","summer","WAN072019_2019-08-07",0,226,2,2
"5106","WAN","WAN09",2019,2019-08-07,2019-08-21,0,14,"WAN092019","summer","WAN092019_2019-08-07",2,226,1,1
"5107","WAN","WAN10",2019,2019-08-07,2019-08-21,0,14,"WAN102019","summer","WAN102019_2019-08-07",4,226,8,23
"5108","WAN","WAN12",2019,2019-08-07,2019-08-21,0,14,"WAN122019","summer","WAN122019_2019-08-07",4,226,5,6
"5109","WAN","WAN13",2019,2019-08-07,2019-08-21,0,14,"WAN132019","summer","WAN132019_2019-08-07",1,226,1,1
"5110","WAN","WAN14",2019,2019-08-07,2019-08-21,0,14,"WAN142019","summer","WAN142019_2019-08-07",0,226,3,3
"5111","WAN","WAN15",2019,2019-08-07,2019-08-21,0,14,"WAN152019","summer","WAN152019_2019-08-07",0,226,1,1
"5112","FBG","FBG01",2019,2019-08-19,2019-09-02,0,14,"FBG012019","summer","FBG012019_2019-08-19",0,238,17,70
"5113","FBG","FBG02",2019,2019-08-19,2019-09-02,0,14,"FBG022019","summer","FBG022019_2019-08-19",8,238,6,15
"5114","FBG","FBG03",2019,2019-08-19,2019-09-02,0,14,"FBG032019","summer","FBG032019_2019-08-19",2,238,1,1
"5115","FBG","FBG04",2019,2019-08-19,2019-09-02,0,14,"FBG042019","summer","FBG042019_2019-08-19",0,238,4,4
"5116","FBG","FBG05",2019,2019-08-19,2019-09-02,0,14,"FBG052019","summer","FBG052019_2019-08-19",1,238,4,7
"5117","FBG","FBG06",2019,2019-08-19,2019-09-02,0,14,"FBG062019","summer","FBG062019_2019-08-19",0,238,5,11
"5118","FBG","FBG08",2019,2019-08-19,2019-09-02,0,14,"FBG082019","summer","FBG082019_2019-08-19",0,238,7,30
"5119","FBG","FBG10",2019,2019-08-19,2019-09-02,0,14,"FBG102019","summer","FBG102019_2019-08-19",3,238,2,2
"5120","FBG","FBG11",2019,2019-08-19,2019-09-02,0,14,"FBG112019","summer","FBG112019_2019-08-19",2,238,2,4
"5121","FBG","FBG12",2019,2019-08-19,2019-09-02,0,14,"FBG122019","summer","FBG122019_2019-08-19",5,238,4,7
"5122","FBG","FBG14",2019,2019-08-19,2019-09-02,0,14,"FBG142019","summer","FBG142019_2019-08-19",1,238,5,19
"5123","FBG","FBG16",2019,2019-08-19,2019-09-02,0,14,"FBG162019","summer","FBG162019_2019-08-19",3,238,3,3
"5124","SST","SST01",2019,2019-08-19,2019-09-03,0,15,"SST012019","summer","SST012019_2019-08-19",0,238.5,4,4
"5125","SST","SST02",2019,2019-08-19,2019-09-03,0,15,"SST022019","summer","SST022019_2019-08-19",0,238.5,1,1
"5126","SST","SST07",2019,2019-08-19,2019-09-03,0,15,"SST072019","summer","SST072019_2019-08-19",1,238.5,0,0
"5127","SST","SST08",2019,2019-08-19,2019-09-03,0,15,"SST082019","summer","SST082019_2019-08-19",1,238.5,0,0
"5128","SST","SST09",2019,2019-08-19,2019-09-03,0,15,"SST092019","summer","SST092019_2019-08-19",2,238.5,1,1
"5129","SST","SST10",2019,2019-08-19,2019-09-03,0,15,"SST102019","summer","SST102019_2019-08-19",0,238.5,4,5
"5130","SST","SST11",2019,2019-08-19,2019-09-03,0,15,"SST112019","summer","SST112019_2019-08-19",0,238.5,5,5
"5131","SST","SST12",2019,2019-08-19,2019-09-03,0,15,"SST122019","summer","SST122019_2019-08-19",1,238.5,3,3
"5132","SST","SST13",2019,2019-08-19,2019-09-03,0,15,"SST132019","summer","SST132019_2019-08-19",1,238.5,5,7
"5133","SST","SST14",2019,2019-08-19,2019-09-03,0,15,"SST142019","summer","SST142019_2019-08-19",0,238.5,2,2
"5134","GFH","GFH02",2019,2019-08-20,2019-09-04,0,15,"GFH022019","summer","GFH022019_2019-08-20",2,239.5,1,1
"5135","GFH","GFH03",2019,2019-08-20,2019-09-04,0,15,"GFH032019","summer","GFH032019_2019-08-20",2,239.5,4,4
"5136","GFH","GFH04",2019,2019-08-20,2019-09-04,0,15,"GFH042019","summer","GFH042019_2019-08-20",2,239.5,8,13
"5137","GFH","GFH05",2019,2019-08-20,2019-09-04,0,15,"GFH052019","summer","GFH052019_2019-08-20",7,239.5,5,5
"5138","GFH","GFH06",2019,2019-08-20,2019-09-04,0,15,"GFH062019","summer","GFH062019_2019-08-20",0,239.5,5,7
"5139","GFH","GFH09",2019,2019-08-20,2019-09-04,0,15,"GFH092019","summer","GFH092019_2019-08-20",0,239.5,1,1
"5140","GFH","GFH10",2019,2019-08-20,2019-09-04,0,15,"GFH102019","summer","GFH102019_2019-08-20",4,239.5,5,5
"5141","GFH","GFH11",2019,2019-08-20,2019-09-04,0,15,"GFH112019","summer","GFH112019_2019-08-20",1,239.5,8,13
"5142","GFH","GFH12",2019,2019-08-20,2019-09-04,0,15,"GFH122019","summer","GFH122019_2019-08-20",0,239.5,4,4
"5143","GFH","GFH13",2019,2019-08-20,2019-09-04,0,15,"GFH132019","summer","GFH132019_2019-08-20",4,239.5,5,6
"5144","GFH","GFH14",2019,2019-08-20,2019-09-04,0,15,"GFH142019","summer","GFH142019_2019-08-20",6,239.5,0,0
"5145","GFH","GFH15",2019,2019-08-20,2019-09-04,0,15,"GFH152019","summer","GFH152019_2019-08-20",2,239.5,6,9
"5146","GFH","GFH16",2019,2019-08-20,2019-09-04,0,15,"GFH162019","summer","GFH162019_2019-08-20",2,239.5,10,12
"5147","SIP","SIP01",2019,2019-08-20,2019-09-04,0,15,"SIP012019","summer","SIP012019_2019-08-20",0,239.5,5,6
"5148","SIP","SIP02",2019,2019-08-20,2019-09-04,0,15,"SIP022019","summer","SIP022019_2019-08-20",0,239.5,5,18
"5149","SIP","SIP03",2019,2019-08-20,2019-09-04,0,15,"SIP032019","summer","SIP032019_2019-08-20",3,239.5,8,10
"5150","SIP","SIP05",2019,2019-08-20,2019-09-04,0,15,"SIP052019","summer","SIP052019_2019-08-20",2,239.5,0,0
"5151","SIP","SIP06",2019,2019-08-20,2019-09-04,0,15,"SIP062019","summer","SIP062019_2019-08-20",5,239.5,0,0
"5152","SIP","SIP08",2019,2019-08-20,2019-09-04,0,15,"SIP082019","summer","SIP082019_2019-08-20",1,239.5,0,0
"5153","SIP","SIP10",2019,2019-08-20,2019-09-04,0,15,"SIP102019","summer","SIP102019_2019-08-20",11,239.5,0,0
"5154","SIP","SIP11",2019,2019-08-20,2019-09-04,0,15,"SIP112019","summer","SIP112019_2019-08-20",20,239.5,2,2
"5155","SIP","SIP12",2019,2019-08-20,2019-09-04,0,15,"SIP122019","summer","SIP122019_2019-08-20",3,239.5,2,2
"5156","SIP","SIP13",2019,2019-08-20,2019-09-04,0,15,"SIP132019","summer","SIP132019_2019-08-20",1,239.5,9,13
"5157","SIP","SIP14",2019,2019-08-20,2019-09-04,0,15,"SIP142019","summer","SIP142019_2019-08-20",8,239.5,7,8
"5158","SIP","SIP16",2019,2019-08-20,2019-09-04,0,15,"SIP162019","summer","SIP162019_2019-08-20",0,239.5,5,6
"5159","HAR","HAR01",2019,2019-08-21,2019-09-05,0,15,"HAR012019","summer","HAR012019_2019-08-21",4,240.5,9,26
"5160","HAR","HAR02",2019,2019-08-21,2019-09-05,0,15,"HAR022019","summer","HAR022019_2019-08-21",5,240.5,12,22
"5161","HAR","HAR04",2019,2019-08-21,2019-09-05,0,15,"HAR042019","summer","HAR042019_2019-08-21",2,240.5,4,6
"5162","HAR","HAR05",2019,2019-08-21,2019-09-05,0,15,"HAR052019","summer","HAR052019_2019-08-21",12,240.5,13,21
"5163","HAR","HAR06",2019,2019-08-21,2019-09-05,0,15,"HAR062019","summer","HAR062019_2019-08-21",4,240.5,8,9
"5164","HAR","HAR08",2019,2019-08-21,2019-09-05,0,15,"HAR082019","summer","HAR082019_2019-08-21",0,240.5,2,2
"5165","HAR","HAR10",2019,2019-08-21,2019-09-05,0,15,"HAR102019","summer","HAR102019_2019-08-21",13,240.5,13,31
"5166","HAR","HAR11",2019,2019-08-21,2019-09-05,0,15,"HAR112019","summer","HAR112019_2019-08-21",3,240.5,4,5
"5167","HAR","HAR12",2019,2019-08-21,2019-09-05,0,15,"HAR122019","summer","HAR122019_2019-08-21",5,240.5,2,3
"5168","HAR","HAR13",2019,2019-08-21,2019-09-05,0,15,"HAR132019","summer","HAR132019_2019-08-21",10,240.5,19,30
"5169","HAR","HAR15",2019,2019-08-21,2019-09-05,0,15,"HAR152019","summer","HAR152019_2019-08-21",10,240.5,12,46
"5170","HAR","HAR16",2019,2019-08-21,2019-09-05,0,15,"HAR162019","summer","HAR162019_2019-08-21",28,240.5,12,22
"5171","WAN","WAN02",2019,2019-08-21,2019-09-05,0,15,"WAN022019","summer","WAN022019_2019-08-21",2,240.5,3,4
"5172","WAN","WAN03",2019,2019-08-21,2019-09-05,0,15,"WAN032019","summer","WAN032019_2019-08-21",2,240.5,3,3
"5173","WAN","WAN04",2019,2019-08-21,2019-09-05,0,15,"WAN042019","summer","WAN042019_2019-08-21",1,240.5,3,3
"5174","WAN","WAN05",2019,2019-08-21,2019-09-05,0,15,"WAN052019","summer","WAN052019_2019-08-21",1,240.5,0,0
"5175","WAN","WAN06",2019,2019-08-21,2019-09-05,0,15,"WAN062019","summer","WAN062019_2019-08-21",5,240.5,2,2
"5176","WAN","WAN07",2019,2019-08-21,2019-09-05,0,15,"WAN072019","summer","WAN072019_2019-08-21",5,240.5,1,1
"5177","WAN","WAN08",2019,2019-08-21,2019-09-05,0,15,"WAN082019","summer","WAN082019_2019-08-21",0,240.5,1,1
"5178","WAN","WAN09",2019,2019-08-21,2019-09-05,0,15,"WAN092019","summer","WAN092019_2019-08-21",4,240.5,2,2
"5179","WAN","WAN10",2019,2019-08-21,2019-09-05,0,15,"WAN102019","summer","WAN102019_2019-08-21",2,240.5,10,15
"5180","WAN","WAN12",2019,2019-08-21,2019-09-05,0,15,"WAN122019","summer","WAN122019_2019-08-21",1,240.5,2,2
"5181","WAN","WAN13",2019,2019-08-21,2019-09-05,0,15,"WAN132019","summer","WAN132019_2019-08-21",4,240.5,5,8
"5182","WAN","WAN15",2019,2019-08-21,2019-09-05,0,15,"WAN152019","summer","WAN152019_2019-08-21",2,240.5,1,1
"5183","WAN","WAN16",2019,2019-08-21,2019-09-05,0,15,"WAN162019","summer","WAN162019_2019-08-21",0,240.5,1,2
"5184","HAR","HAR02",2020,2020-07-21,2020-08-04,0,14,"HAR022020","summer","HAR022020_2020-07-21",0,210,13,28
"5185","HAR","HAR03",2020,2020-07-21,2020-08-04,0,14,"HAR032020","summer","HAR032020_2020-07-21",3,210,3,3
"5186","HAR","HAR04",2020,2020-07-21,2020-08-04,0,14,"HAR042020","summer","HAR042020_2020-07-21",0,210,7,11
"5187","HAR","HAR05",2020,2020-07-21,2020-08-04,0,14,"HAR052020","summer","HAR052020_2020-07-21",2,210,18,153
"5188","HAR","HAR06",2020,2020-07-21,2020-08-04,0,14,"HAR062020","summer","HAR062020_2020-07-21",0,210,12,15
"5189","HAR","HAR07",2020,2020-07-21,2020-08-04,0,14,"HAR072020","summer","HAR072020_2020-07-21",1,210,5,11
"5190","HAR","HAR08",2020,2020-07-21,2020-08-04,0,14,"HAR082020","summer","HAR082020_2020-07-21",1,210,4,5
"5191","HAR","HAR09",2020,2020-07-21,2020-08-04,0,14,"HAR092020","summer","HAR092020_2020-07-21",3,210,14,32
"5192","HAR","HAR10",2020,2020-07-21,2020-08-04,0,14,"HAR102020","summer","HAR102020_2020-07-21",0,210,13,59
"5193","HAR","HAR11",2020,2020-07-21,2020-08-04,0,14,"HAR112020","summer","HAR112020_2020-07-21",2,210,7,8
"5194","HAR","HAR12",2020,2020-07-21,2020-08-04,0,14,"HAR122020","summer","HAR122020_2020-07-21",0,210,4,4
"5195","HAR","HAR13",2020,2020-07-21,2020-08-04,0,14,"HAR132020","summer","HAR132020_2020-07-21",2,210,8,11
"5196","HAR","HAR14",2020,2020-07-21,2020-08-04,0,14,"HAR142020","summer","HAR142020_2020-07-21",10,210,9,76
"5197","HAR","HAR15",2020,2020-07-21,2020-08-04,0,14,"HAR152020","summer","HAR152020_2020-07-21",3,210,13,50
"5198","HAR","HAR16",2020,2020-07-21,2020-08-04,0,14,"HAR162020","summer","HAR162020_2020-07-21",1,210,12,21
"5199","WAN","WAN01",2020,2020-07-21,2020-08-04,0,14,"WAN012020","summer","WAN012020_2020-07-21",0,210,12,15
"5200","WAN","WAN02",2020,2020-07-21,2020-08-04,0,14,"WAN022020","summer","WAN022020_2020-07-21",1,210,1,1
"5201","WAN","WAN03",2020,2020-07-21,2020-08-04,0,14,"WAN032020","summer","WAN032020_2020-07-21",0,210,6,7
"5202","WAN","WAN04",2020,2020-07-21,2020-08-04,0,14,"WAN042020","summer","WAN042020_2020-07-21",0,210,10,15
"5203","WAN","WAN05",2020,2020-07-21,2020-08-04,0,14,"WAN052020","summer","WAN052020_2020-07-21",0,210,3,4
"5204","WAN","WAN06",2020,2020-07-21,2020-08-04,0,14,"WAN062020","summer","WAN062020_2020-07-21",3,210,12,29
"5205","WAN","WAN07",2020,2020-07-21,2020-08-04,0,14,"WAN072020","summer","WAN072020_2020-07-21",0,210,4,6
"5206","WAN","WAN08",2020,2020-07-21,2020-08-04,0,14,"WAN082020","summer","WAN082020_2020-07-21",0,210,1,1
"5207","WAN","WAN09",2020,2020-07-21,2020-08-04,0,14,"WAN092020","summer","WAN092020_2020-07-21",2,210,3,4
"5208","WAN","WAN10",2020,2020-07-21,2020-08-04,0,14,"WAN102020","summer","WAN102020_2020-07-21",1,210,10,36
"5209","WAN","WAN11",2020,2020-07-21,2020-08-04,0,14,"WAN112020","summer","WAN112020_2020-07-21",0,210,2,2
"5210","WAN","WAN12",2020,2020-07-21,2020-08-04,0,14,"WAN122020","summer","WAN122020_2020-07-21",0,210,14,18
"5211","WAN","WAN13",2020,2020-07-21,2020-08-04,0,14,"WAN132020","summer","WAN132020_2020-07-21",0,210,2,2
"5212","WAN","WAN14",2020,2020-07-21,2020-08-04,0,14,"WAN142020","summer","WAN142020_2020-07-21",1,210,6,7
"5213","WAN","WAN15",2020,2020-07-21,2020-08-04,0,14,"WAN152020","summer","WAN152020_2020-07-21",0,210,8,14
"5214","WAN","WAN16",2020,2020-07-21,2020-08-04,0,14,"WAN162020","summer","WAN162020_2020-07-21",0,210,7,15
"5215","FBG","FBG01",2020,2020-07-22,2020-08-05,0,14,"FBG012020","summer","FBG012020_2020-07-22",0,211,16,39
"5216","FBG","FBG03",2020,2020-07-22,2020-08-05,0,14,"FBG032020","summer","FBG032020_2020-07-22",2,211,12,22
"5217","FBG","FBG04",2020,2020-07-22,2020-08-05,0,14,"FBG042020","summer","FBG042020_2020-07-22",0,211,6,12
"5218","FBG","FBG05",2020,2020-07-22,2020-08-05,0,14,"FBG052020","summer","FBG052020_2020-07-22",5,211,13,32
"5219","FBG","FBG06",2020,2020-07-22,2020-08-05,0,14,"FBG062020","summer","FBG062020_2020-07-22",2,211,20,54
"5220","FBG","FBG07",2020,2020-07-22,2020-08-05,0,14,"FBG072020","summer","FBG072020_2020-07-22",0,211,12,26
"5221","FBG","FBG08",2020,2020-07-22,2020-08-05,0,14,"FBG082020","summer","FBG082020_2020-07-22",0,211,13,79
"5222","FBG","FBG09",2020,2020-07-22,2020-08-05,0,14,"FBG092020","summer","FBG092020_2020-07-22",6,211,13,37
"5223","FBG","FBG10",2020,2020-07-22,2020-08-05,0,14,"FBG102020","summer","FBG102020_2020-07-22",0,211,21,57
"5224","FBG","FBG11",2020,2020-07-22,2020-08-05,0,14,"FBG112020","summer","FBG112020_2020-07-22",0,211,11,22
"5225","FBG","FBG12",2020,2020-07-22,2020-08-05,0,14,"FBG122020","summer","FBG122020_2020-07-22",0,211,14,33
"5226","FBG","FBG13",2020,2020-07-22,2020-08-05,0,14,"FBG132020","summer","FBG132020_2020-07-22",1,211,20,102
"5227","FBG","FBG14",2020,2020-07-22,2020-08-05,0,14,"FBG142020","summer","FBG142020_2020-07-22",0,211,18,57
"5228","FBG","FBG15",2020,2020-07-22,2020-08-05,0,14,"FBG152020","summer","FBG152020_2020-07-22",1,211,6,9
"5229","FBG","FBG16",2020,2020-07-22,2020-08-05,0,14,"FBG162020","summer","FBG162020_2020-07-22",2,211,10,14
"5230","SST","SST01",2020,2020-07-22,2020-08-05,0,14,"SST012020","summer","SST012020_2020-07-22",4,211,10,14
"5231","SST","SST02",2020,2020-07-22,2020-08-05,0,14,"SST022020","summer","SST022020_2020-07-22",4,211,13,27
"5232","SST","SST05",2020,2020-07-22,2020-08-05,0,14,"SST052020","summer","SST052020_2020-07-22",4,211,14,30
"5233","SST","SST06",2020,2020-07-22,2020-08-05,0,14,"SST062020","summer","SST062020_2020-07-22",0,211,12,18
"5234","SST","SST07",2020,2020-07-22,2020-08-05,0,14,"SST072020","summer","SST072020_2020-07-22",2,211,8,8
"5235","SST","SST08",2020,2020-07-22,2020-08-05,0,14,"SST082020","summer","SST082020_2020-07-22",12,211,9,9
"5236","SST","SST09",2020,2020-07-22,2020-08-05,0,14,"SST092020","summer","SST092020_2020-07-22",1,211,25,96
"5237","SST","SST10",2020,2020-07-22,2020-08-05,0,14,"SST102020","summer","SST102020_2020-07-22",5,211,21,88
"5238","SST","SST11",2020,2020-07-22,2020-08-05,0,14,"SST112020","summer","SST112020_2020-07-22",0,211,3,6
"5239","SST","SST12",2020,2020-07-22,2020-08-05,0,14,"SST122020","summer","SST122020_2020-07-22",3,211,9,26
"5240","SST","SST13",2020,2020-07-22,2020-08-05,0,14,"SST132020","summer","SST132020_2020-07-22",1,211,31,98
"5241","SST","SST14",2020,2020-07-22,2020-08-05,0,14,"SST142020","summer","SST142020_2020-07-22",0,211,15,56
"5242","SST","SST15",2020,2020-07-22,2020-08-05,0,14,"SST152020","summer","SST152020_2020-07-22",0,211,17,39
"5243","SST","SST16",2020,2020-07-22,2020-08-05,0,14,"SST162020","summer","SST162020_2020-07-22",3,211,28,136
"5244","GFH","GFH01",2020,2020-07-23,2020-08-06,0,14,"GFH012020","summer","GFH012020_2020-07-23",2,212,8,10
"5245","GFH","GFH02",2020,2020-07-23,2020-08-06,0,14,"GFH022020","summer","GFH022020_2020-07-23",1,212,10,21
"5246","GFH","GFH03",2020,2020-07-23,2020-08-06,0,14,"GFH032020","summer","GFH032020_2020-07-23",2,212,9,10
"5247","GFH","GFH04",2020,2020-07-23,2020-08-06,0,14,"GFH042020","summer","GFH042020_2020-07-23",0,212,8,10
"5248","GFH","GFH05",2020,2020-07-23,2020-08-06,0,14,"GFH052020","summer","GFH052020_2020-07-23",1,212,16,30
"5249","GFH","GFH06",2020,2020-07-23,2020-08-06,0,14,"GFH062020","summer","GFH062020_2020-07-23",0,212,9,23
"5250","GFH","GFH07",2020,2020-07-23,2020-08-06,0,14,"GFH072020","summer","GFH072020_2020-07-23",1,212,5,6
"5251","GFH","GFH08",2020,2020-07-23,2020-08-06,0,14,"GFH082020","summer","GFH082020_2020-07-23",2,212,3,6
"5252","GFH","GFH09",2020,2020-07-23,2020-08-06,0,14,"GFH092020","summer","GFH092020_2020-07-23",0,212,14,17
"5253","GFH","GFH10",2020,2020-07-23,2020-08-06,0,14,"GFH102020","summer","GFH102020_2020-07-23",2,212,9,13
"5254","GFH","GFH11",2020,2020-07-23,2020-08-06,0,14,"GFH112020","summer","GFH112020_2020-07-23",2,212,17,30
"5255","GFH","GFH12",2020,2020-07-23,2020-08-06,0,14,"GFH122020","summer","GFH122020_2020-07-23",2,212,14,19
"5256","GFH","GFH13",2020,2020-07-23,2020-08-06,0,14,"GFH132020","summer","GFH132020_2020-07-23",6,212,12,16
"5257","GFH","GFH14",2020,2020-07-23,2020-08-06,0,14,"GFH142020","summer","GFH142020_2020-07-23",24,212,7,7
"5258","GFH","GFH15",2020,2020-07-23,2020-08-06,0,14,"GFH152020","summer","GFH152020_2020-07-23",1,212,6,7
"5259","GFH","GFH16",2020,2020-07-23,2020-08-06,0,14,"GFH162020","summer","GFH162020_2020-07-23",17,212,10,16
"5260","SIP","SIP01",2020,2020-07-23,2020-08-06,0,14,"SIP012020","summer","SIP012020_2020-07-23",3,212,4,5
"5261","SIP","SIP02",2020,2020-07-23,2020-08-06,0,14,"SIP022020","summer","SIP022020_2020-07-23",16,212,11,25
"5262","SIP","SIP03",2020,2020-07-23,2020-08-06,0,14,"SIP032020","summer","SIP032020_2020-07-23",3,212,8,12
"5263","SIP","SIP05",2020,2020-07-23,2020-08-06,0,14,"SIP052020","summer","SIP052020_2020-07-23",0,212,9,11
"5264","SIP","SIP06",2020,2020-07-23,2020-08-06,0,14,"SIP062020","summer","SIP062020_2020-07-23",7,212,9,12
"5265","SIP","SIP07",2020,2020-07-23,2020-08-06,0,14,"SIP072020","summer","SIP072020_2020-07-23",2,212,10,17
"5266","SIP","SIP08",2020,2020-07-23,2020-08-06,0,14,"SIP082020","summer","SIP082020_2020-07-23",0,212,8,12
"5267","SIP","SIP09",2020,2020-07-23,2020-08-06,0,14,"SIP092020","summer","SIP092020_2020-07-23",1,212,2,2
"5268","SIP","SIP10",2020,2020-07-23,2020-08-06,0,14,"SIP102020","summer","SIP102020_2020-07-23",0,212,5,8
"5269","SIP","SIP11",2020,2020-07-23,2020-08-06,0,14,"SIP112020","summer","SIP112020_2020-07-23",1,212,4,4
"5270","SIP","SIP12",2020,2020-07-23,2020-08-06,0,14,"SIP122020","summer","SIP122020_2020-07-23",5,212,7,10
"5271","SIP","SIP14",2020,2020-07-23,2020-08-06,0,14,"SIP142020","summer","SIP142020_2020-07-23",2,212,7,7
"5272","SIP","SIP15",2020,2020-07-23,2020-08-06,0,14,"SIP152020","summer","SIP152020_2020-07-23",2,212,8,13
"5273","SIP","SIP16",2020,2020-07-23,2020-08-06,0,14,"SIP162020","summer","SIP162020_2020-07-23",0,212,9,15
"5274","HAR","HAR01",2020,2020-08-04,2020-08-18,0,14,"HAR012020","summer","HAR012020_2020-08-04",0,224,5,6
"5275","HAR","HAR03",2020,2020-08-04,2020-08-18,0,14,"HAR032020","summer","HAR032020_2020-08-04",0,224,6,6
"5276","HAR","HAR05",2020,2020-08-04,2020-08-18,0,14,"HAR052020","summer","HAR052020_2020-08-04",0,224,9,16
"5277","HAR","HAR06",2020,2020-08-04,2020-08-18,0,14,"HAR062020","summer","HAR062020_2020-08-04",0,224,7,8
"5278","HAR","HAR07",2020,2020-08-04,2020-08-18,0,14,"HAR072020","summer","HAR072020_2020-08-04",5,224,4,4
"5279","HAR","HAR08",2020,2020-08-04,2020-08-18,0,14,"HAR082020","summer","HAR082020_2020-08-04",0,224,4,5
"5280","HAR","HAR09",2020,2020-08-04,2020-08-18,0,14,"HAR092020","summer","HAR092020_2020-08-04",6,224,13,16
"5281","HAR","HAR10",2020,2020-08-04,2020-08-18,0,14,"HAR102020","summer","HAR102020_2020-08-04",1,224,10,14
"5282","HAR","HAR11",2020,2020-08-04,2020-08-18,0,14,"HAR112020","summer","HAR112020_2020-08-04",2,224,6,6
"5283","HAR","HAR12",2020,2020-08-04,2020-08-18,0,14,"HAR122020","summer","HAR122020_2020-08-04",1,224,4,5
"5284","HAR","HAR13",2020,2020-08-04,2020-08-18,0,14,"HAR132020","summer","HAR132020_2020-08-04",5,224,2,2
"5285","HAR","HAR15",2020,2020-08-04,2020-08-18,0,14,"HAR152020","summer","HAR152020_2020-08-04",2,224,8,29
"5286","HAR","HAR16",2020,2020-08-04,2020-08-18,0,14,"HAR162020","summer","HAR162020_2020-08-04",2,224,4,7
"5287","WAN","WAN01",2020,2020-08-04,2020-08-18,0,14,"WAN012020","summer","WAN012020_2020-08-04",1,224,2,2
"5288","WAN","WAN02",2020,2020-08-04,2020-08-18,0,14,"WAN022020","summer","WAN022020_2020-08-04",0,224,2,2
"5289","WAN","WAN03",2020,2020-08-04,2020-08-18,0,14,"WAN032020","summer","WAN032020_2020-08-04",1,224,2,3
"5290","WAN","WAN04",2020,2020-08-04,2020-08-18,0,14,"WAN042020","summer","WAN042020_2020-08-04",0,224,2,2
"5291","WAN","WAN07",2020,2020-08-04,2020-08-18,0,14,"WAN072020","summer","WAN072020_2020-08-04",0,224,8,10
"5292","WAN","WAN08",2020,2020-08-04,2020-08-18,0,14,"WAN082020","summer","WAN082020_2020-08-04",0,224,2,2
"5293","WAN","WAN09",2020,2020-08-04,2020-08-18,0,14,"WAN092020","summer","WAN092020_2020-08-04",1,224,3,3
"5294","WAN","WAN10",2020,2020-08-04,2020-08-18,0,14,"WAN102020","summer","WAN102020_2020-08-04",1,224,5,6
"5295","WAN","WAN11",2020,2020-08-04,2020-08-18,0,14,"WAN112020","summer","WAN112020_2020-08-04",1,224,0,0
"5296","WAN","WAN12",2020,2020-08-04,2020-08-18,0,14,"WAN122020","summer","WAN122020_2020-08-04",0,224,1,1
"5297","WAN","WAN13",2020,2020-08-04,2020-08-18,0,14,"WAN132020","summer","WAN132020_2020-08-04",0,224,6,7
"5298","WAN","WAN14",2020,2020-08-04,2020-08-18,0,14,"WAN142020","summer","WAN142020_2020-08-04",0,224,2,2
"5299","WAN","WAN15",2020,2020-08-04,2020-08-18,0,14,"WAN152020","summer","WAN152020_2020-08-04",0,224,3,3
"5300","WAN","WAN16",2020,2020-08-04,2020-08-18,0,14,"WAN162020","summer","WAN162020_2020-08-04",1,224,4,6
"5301","FBG","FBG01",2020,2020-08-05,2020-08-19,0,14,"FBG012020","summer","FBG012020_2020-08-05",1,225,7,7
"5302","FBG","FBG02",2020,2020-08-05,2020-08-19,0,14,"FBG022020","summer","FBG022020_2020-08-05",2,225,4,4
"5303","FBG","FBG03",2020,2020-08-05,2020-08-19,0,14,"FBG032020","summer","FBG032020_2020-08-05",0,225,5,5
"5304","FBG","FBG04",2020,2020-08-05,2020-08-19,0,14,"FBG042020","summer","FBG042020_2020-08-05",1,225,0,0
"5305","FBG","FBG05",2020,2020-08-05,2020-08-19,0,14,"FBG052020","summer","FBG052020_2020-08-05",2,225,2,2
"5306","FBG","FBG06",2020,2020-08-05,2020-08-19,0,14,"FBG062020","summer","FBG062020_2020-08-05",3,225,5,6
"5307","FBG","FBG07",2020,2020-08-05,2020-08-19,0,14,"FBG072020","summer","FBG072020_2020-08-05",0,225,1,1
"5308","FBG","FBG08",2020,2020-08-05,2020-08-19,0,14,"FBG082020","summer","FBG082020_2020-08-05",0,225,2,2
"5309","FBG","FBG09",2020,2020-08-05,2020-08-19,0,14,"FBG092020","summer","FBG092020_2020-08-05",0,225,11,13
"5310","FBG","FBG10",2020,2020-08-05,2020-08-19,0,14,"FBG102020","summer","FBG102020_2020-08-05",0,225,6,6
"5311","FBG","FBG12",2020,2020-08-05,2020-08-19,0,14,"FBG122020","summer","FBG122020_2020-08-05",1,225,2,2
"5312","FBG","FBG13",2020,2020-08-05,2020-08-19,0,14,"FBG132020","summer","FBG132020_2020-08-05",1,225,10,23
"5313","FBG","FBG14",2020,2020-08-05,2020-08-19,0,14,"FBG142020","summer","FBG142020_2020-08-05",0,225,3,3
"5314","FBG","FBG15",2020,2020-08-05,2020-08-19,0,14,"FBG152020","summer","FBG152020_2020-08-05",0,225,5,24
"5315","FBG","FBG16",2020,2020-08-05,2020-08-19,0,14,"FBG162020","summer","FBG162020_2020-08-05",1,225,1,1
"5316","SST","SST02",2020,2020-08-05,2020-08-19,0,14,"SST022020","summer","SST022020_2020-08-05",0,225,8,23
"5317","SST","SST03",2020,2020-08-05,2020-08-19,0,14,"SST032020","summer","SST032020_2020-08-05",2,225,11,34
"5318","SST","SST04",2020,2020-08-05,2020-08-19,0,14,"SST042020","summer","SST042020_2020-08-05",0,225,22,607
"5319","SST","SST05",2020,2020-08-05,2020-08-19,0,14,"SST052020","summer","SST052020_2020-08-05",0,225,13,81
"5320","SST","SST06",2020,2020-08-05,2020-08-19,0,14,"SST062020","summer","SST062020_2020-08-05",1,225,1,6
"5321","SST","SST08",2020,2020-08-05,2020-08-19,0,14,"SST082020","summer","SST082020_2020-08-05",7,225,11,24
"5322","SST","SST10",2020,2020-08-05,2020-08-19,0,14,"SST102020","summer","SST102020_2020-08-05",0,225,19,91
"5323","SST","SST11",2020,2020-08-05,2020-08-19,0,14,"SST112020","summer","SST112020_2020-08-05",0,225,2,8
"5324","SST","SST12",2020,2020-08-05,2020-08-19,0,14,"SST122020","summer","SST122020_2020-08-05",0,225,6,11
"5325","SST","SST14",2020,2020-08-05,2020-08-19,0,14,"SST142020","summer","SST142020_2020-08-05",0,225,10,21
"5326","SST","SST16",2020,2020-08-05,2020-08-19,0,14,"SST162020","summer","SST162020_2020-08-05",0,225,22,216
"5327","GFH","GFH01",2020,2020-08-06,2020-08-20,0,14,"GFH012020","summer","GFH012020_2020-08-06",1,226,7,8
"5328","GFH","GFH02",2020,2020-08-06,2020-08-20,0,14,"GFH022020","summer","GFH022020_2020-08-06",0,226,10,13
"5329","GFH","GFH03",2020,2020-08-06,2020-08-20,0,14,"GFH032020","summer","GFH032020_2020-08-06",2,226,10,10
"5330","GFH","GFH04",2020,2020-08-06,2020-08-20,0,14,"GFH042020","summer","GFH042020_2020-08-06",0,226,6,9
"5331","GFH","GFH05",2020,2020-08-06,2020-08-20,0,14,"GFH052020","summer","GFH052020_2020-08-06",4,226,9,13
"5332","GFH","GFH06",2020,2020-08-06,2020-08-20,0,14,"GFH062020","summer","GFH062020_2020-08-06",4,226,5,11
"5333","GFH","GFH07",2020,2020-08-06,2020-08-20,0,14,"GFH072020","summer","GFH072020_2020-08-06",0,226,8,8
"5334","GFH","GFH08",2020,2020-08-06,2020-08-20,0,14,"GFH082020","summer","GFH082020_2020-08-06",1,226,8,9
"5335","GFH","GFH09",2020,2020-08-06,2020-08-20,0,14,"GFH092020","summer","GFH092020_2020-08-06",2,226,4,5
"5336","GFH","GFH10",2020,2020-08-06,2020-08-20,0,14,"GFH102020","summer","GFH102020_2020-08-06",3,226,8,9
"5337","GFH","GFH11",2020,2020-08-06,2020-08-20,0,14,"GFH112020","summer","GFH112020_2020-08-06",1,226,27,84
"5338","GFH","GFH12",2020,2020-08-06,2020-08-20,0,14,"GFH122020","summer","GFH122020_2020-08-06",0,226,11,12
"5339","GFH","GFH13",2020,2020-08-06,2020-08-20,0,14,"GFH132020","summer","GFH132020_2020-08-06",2,226,7,10
"5340","GFH","GFH14",2020,2020-08-06,2020-08-20,0,14,"GFH142020","summer","GFH142020_2020-08-06",0,226,6,8
"5341","GFH","GFH15",2020,2020-08-06,2020-08-20,0,14,"GFH152020","summer","GFH152020_2020-08-06",1,226,22,330
"5342","GFH","GFH16",2020,2020-08-06,2020-08-20,0,14,"GFH162020","summer","GFH162020_2020-08-06",1,226,13,13
"5343","SIP","SIP01",2020,2020-08-06,2020-08-20,0,14,"SIP012020","summer","SIP012020_2020-08-06",2,226,5,9
"5344","SIP","SIP02",2020,2020-08-06,2020-08-20,0,14,"SIP022020","summer","SIP022020_2020-08-06",5,226,6,7
"5345","SIP","SIP03",2020,2020-08-06,2020-08-20,0,14,"SIP032020","summer","SIP032020_2020-08-06",2,226,10,14
"5346","SIP","SIP05",2020,2020-08-06,2020-08-20,0,14,"SIP052020","summer","SIP052020_2020-08-06",2,226,3,3
"5347","SIP","SIP06",2020,2020-08-06,2020-08-20,0,14,"SIP062020","summer","SIP062020_2020-08-06",0,226,3,5
"5348","SIP","SIP07",2020,2020-08-06,2020-08-20,0,14,"SIP072020","summer","SIP072020_2020-08-06",0,226,12,16
"5349","SIP","SIP08",2020,2020-08-06,2020-08-20,0,14,"SIP082020","summer","SIP082020_2020-08-06",0,226,4,5
"5350","SIP","SIP09",2020,2020-08-06,2020-08-20,0,14,"SIP092020","summer","SIP092020_2020-08-06",0,226,4,4
"5351","SIP","SIP10",2020,2020-08-06,2020-08-20,0,14,"SIP102020","summer","SIP102020_2020-08-06",4,226,7,11
"5352","SIP","SIP11",2020,2020-08-06,2020-08-20,0,14,"SIP112020","summer","SIP112020_2020-08-06",1,226,3,3
"5353","SIP","SIP12",2020,2020-08-06,2020-08-20,0,14,"SIP122020","summer","SIP122020_2020-08-06",0,226,4,5
"5354","SIP","SIP13",2020,2020-08-06,2020-08-20,0,14,"SIP132020","summer","SIP132020_2020-08-06",2,226,3,7
"5355","SIP","SIP14",2020,2020-08-06,2020-08-20,0,14,"SIP142020","summer","SIP142020_2020-08-06",2,226,7,7
"5356","SIP","SIP15",2020,2020-08-06,2020-08-20,0,14,"SIP152020","summer","SIP152020_2020-08-06",2,226,7,12
"5357","SIP","SIP16",2020,2020-08-06,2020-08-20,0,14,"SIP162020","summer","SIP162020_2020-08-06",1,226,7,16
"5358","HAR","HAR01",2020,2020-08-18,2020-09-01,0,14,"HAR012020","summer","HAR012020_2020-08-18",1,238,9,11
"5359","HAR","HAR02",2020,2020-08-18,2020-09-01,0,14,"HAR022020","summer","HAR022020_2020-08-18",2,238,5,6
"5360","HAR","HAR04",2020,2020-08-18,2020-09-01,0,14,"HAR042020","summer","HAR042020_2020-08-18",0,238,7,9
"5361","HAR","HAR05",2020,2020-08-18,2020-09-01,0,14,"HAR052020","summer","HAR052020_2020-08-18",2,238,7,11
"5362","HAR","HAR06",2020,2020-08-18,2020-09-01,0,14,"HAR062020","summer","HAR062020_2020-08-18",1,238,7,8
"5363","HAR","HAR08",2020,2020-08-18,2020-09-01,0,14,"HAR082020","summer","HAR082020_2020-08-18",0,238,2,2
"5364","HAR","HAR09",2020,2020-08-18,2020-09-01,0,14,"HAR092020","summer","HAR092020_2020-08-18",17,238,11,17
"5365","HAR","HAR10",2020,2020-08-18,2020-09-01,0,14,"HAR102020","summer","HAR102020_2020-08-18",4,238,17,48
"5366","HAR","HAR11",2020,2020-08-18,2020-09-01,0,14,"HAR112020","summer","HAR112020_2020-08-18",2,238,7,18
"5367","HAR","HAR16",2020,2020-08-18,2020-09-01,0,14,"HAR162020","summer","HAR162020_2020-08-18",16,238,14,18
"5368","WAN","WAN01",2020,2020-08-18,2020-09-01,0,14,"WAN012020","summer","WAN012020_2020-08-18",1,238,2,4
"5369","WAN","WAN02",2020,2020-08-18,2020-09-01,0,14,"WAN022020","summer","WAN022020_2020-08-18",1,238,6,7
"5370","WAN","WAN03",2020,2020-08-18,2020-09-01,0,14,"WAN032020","summer","WAN032020_2020-08-18",3,238,0,0
"5371","WAN","WAN04",2020,2020-08-18,2020-09-01,0,14,"WAN042020","summer","WAN042020_2020-08-18",0,238,3,3
"5372","WAN","WAN05",2020,2020-08-18,2020-09-01,0,14,"WAN052020","summer","WAN052020_2020-08-18",0,238,3,7
"5373","WAN","WAN06",2020,2020-08-18,2020-09-01,0,14,"WAN062020","summer","WAN062020_2020-08-18",1,238,3,7
"5374","WAN","WAN07",2020,2020-08-18,2020-09-01,0,14,"WAN072020","summer","WAN072020_2020-08-18",2,238,3,3
"5375","WAN","WAN09",2020,2020-08-18,2020-09-01,0,14,"WAN092020","summer","WAN092020_2020-08-18",4,238,2,3
"5376","WAN","WAN10",2020,2020-08-18,2020-09-01,0,14,"WAN102020","summer","WAN102020_2020-08-18",1,238,8,11
"5377","WAN","WAN12",2020,2020-08-18,2020-09-01,0,14,"WAN122020","summer","WAN122020_2020-08-18",0,238,4,4
"5378","WAN","WAN13",2020,2020-08-18,2020-09-01,0,14,"WAN132020","summer","WAN132020_2020-08-18",0,238,1,1
"5379","WAN","WAN15",2020,2020-08-18,2020-09-01,0,14,"WAN152020","summer","WAN152020_2020-08-18",0,238,2,3
"5380","FBG","FBG02",2020,2020-08-19,2020-09-02,0,14,"FBG022020","summer","FBG022020_2020-08-19",2,239,2,2
"5381","FBG","FBG03",2020,2020-08-19,2020-09-02,0,14,"FBG032020","summer","FBG032020_2020-08-19",1,239,3,5
"5382","FBG","FBG04",2020,2020-08-19,2020-09-02,0,14,"FBG042020","summer","FBG042020_2020-08-19",0,239,1,1
"5383","FBG","FBG06",2020,2020-08-19,2020-09-02,0,14,"FBG062020","summer","FBG062020_2020-08-19",0,239,2,3
"5384","FBG","FBG09",2020,2020-08-19,2020-09-02,0,14,"FBG092020","summer","FBG092020_2020-08-19",1,239,3,3
"5385","FBG","FBG10",2020,2020-08-19,2020-09-02,0,14,"FBG102020","summer","FBG102020_2020-08-19",1,239,2,2
"5386","FBG","FBG11",2020,2020-08-19,2020-09-02,0,14,"FBG112020","summer","FBG112020_2020-08-19",0,239,3,5
"5387","FBG","FBG12",2020,2020-08-19,2020-09-02,0,14,"FBG122020","summer","FBG122020_2020-08-19",0,239,4,5
"5388","FBG","FBG13",2020,2020-08-19,2020-09-02,0,14,"FBG132020","summer","FBG132020_2020-08-19",2,239,3,4
"5389","FBG","FBG16",2020,2020-08-19,2020-09-02,0,14,"FBG162020","summer","FBG162020_2020-08-19",1,239,1,1
"5390","SST","SST03",2020,2020-08-19,2020-09-02,0,14,"SST032020","summer","SST032020_2020-08-19",2,239,4,4
"5391","SST","SST05",2020,2020-08-19,2020-09-02,0,14,"SST052020","summer","SST052020_2020-08-19",0,239,2,2
"5392","SST","SST06",2020,2020-08-19,2020-09-02,0,14,"SST062020","summer","SST062020_2020-08-19",1,239,2,2
"5393","SST","SST09",2020,2020-08-19,2020-09-02,0,14,"SST092020","summer","SST092020_2020-08-19",0,239,6,11
"5394","SST","SST10",2020,2020-08-19,2020-09-02,0,14,"SST102020","summer","SST102020_2020-08-19",0,239,5,6
"5395","SST","SST11",2020,2020-08-19,2020-09-02,0,14,"SST112020","summer","SST112020_2020-08-19",0,239,2,2
"5396","SST","SST12",2020,2020-08-19,2020-09-02,0,14,"SST122020","summer","SST122020_2020-08-19",0,239,1,1
"5397","SST","SST13",2020,2020-08-19,2020-09-02,0,14,"SST132020","summer","SST132020_2020-08-19",0,239,5,6
"5398","SST","SST14",2020,2020-08-19,2020-09-02,0,14,"SST142020","summer","SST142020_2020-08-19",1,239,12,30
"5399","SST","SST16",2020,2020-08-19,2020-09-02,0,14,"SST162020","summer","SST162020_2020-08-19",1,239,11,16
"5400","GFH","GFH01",2020,2020-08-20,2020-09-03,0,14,"GFH012020","summer","GFH012020_2020-08-20",0,240,1,1
"5401","GFH","GFH03",2020,2020-08-20,2020-09-03,0,14,"GFH032020","summer","GFH032020_2020-08-20",12,240,2,2
"5402","GFH","GFH05",2020,2020-08-20,2020-09-03,0,14,"GFH052020","summer","GFH052020_2020-08-20",6,240,7,12
"5403","GFH","GFH06",2020,2020-08-20,2020-09-03,0,14,"GFH062020","summer","GFH062020_2020-08-20",1,240,4,6
"5404","GFH","GFH07",2020,2020-08-20,2020-09-03,0,14,"GFH072020","summer","GFH072020_2020-08-20",5,240,1,1
"5405","GFH","GFH08",2020,2020-08-20,2020-09-03,0,14,"GFH082020","summer","GFH082020_2020-08-20",2,240,0,0
"5406","GFH","GFH11",2020,2020-08-20,2020-09-03,0,14,"GFH112020","summer","GFH112020_2020-08-20",1,240,3,3
"5407","GFH","GFH12",2020,2020-08-20,2020-09-03,0,14,"GFH122020","summer","GFH122020_2020-08-20",0,240,3,5
"5408","GFH","GFH13",2020,2020-08-20,2020-09-03,0,14,"GFH132020","summer","GFH132020_2020-08-20",34,240,6,8
"5409","GFH","GFH15",2020,2020-08-20,2020-09-03,0,14,"GFH152020","summer","GFH152020_2020-08-20",2,240,2,2
"5410","GFH","GFH16",2020,2020-08-20,2020-09-03,0,14,"GFH162020","summer","GFH162020_2020-08-20",4,240,5,5
"5411","SIP","SIP02",2020,2020-08-20,2020-09-03,0,14,"SIP022020","summer","SIP022020_2020-08-20",0,240,5,11
"5412","SIP","SIP03",2020,2020-08-20,2020-09-03,0,14,"SIP032020","summer","SIP032020_2020-08-20",0,240,8,15
"5413","SIP","SIP06",2020,2020-08-20,2020-09-03,0,14,"SIP062020","summer","SIP062020_2020-08-20",0,240,2,2
"5414","SIP","SIP07",2020,2020-08-20,2020-09-03,0,14,"SIP072020","summer","SIP072020_2020-08-20",0,240,4,7
"5415","SIP","SIP08",2020,2020-08-20,2020-09-03,0,14,"SIP082020","summer","SIP082020_2020-08-20",0,240,3,5
"5416","SIP","SIP09",2020,2020-08-20,2020-09-03,0,14,"SIP092020","summer","SIP092020_2020-08-20",0,240,2,6
"5417","SIP","SIP11",2020,2020-08-20,2020-09-03,0,14,"SIP112020","summer","SIP112020_2020-08-20",0,240,6,8
"5418","SIP","SIP12",2020,2020-08-20,2020-09-03,0,14,"SIP122020","summer","SIP122020_2020-08-20",1,240,6,8
"5419","SIP","SIP13",2020,2020-08-20,2020-09-03,0,14,"SIP132020","summer","SIP132020_2020-08-20",0,240,4,4
"5420","SIP","SIP14",2020,2020-08-20,2020-09-03,0,14,"SIP142020","summer","SIP142020_2020-08-20",1,240,5,8
"5421","SIP","SIP15",2020,2020-08-20,2020-09-03,0,14,"SIP152020","summer","SIP152020_2020-08-20",1,240,6,10
"5422","SIP","SIP16",2020,2020-08-20,2020-09-03,0,14,"SIP162020","summer","SIP162020_2020-08-20",2,240,7,22
"5423","HAR","HAR01",2021,2021-07-20,2021-08-03,0,14,"HAR012021","summer","HAR012021_2021-07-20",0,208,7,9
"5424","HAR","HAR02",2021,2021-07-20,2021-08-03,0,14,"HAR022021","summer","HAR022021_2021-07-20",0,208,5,10
"5425","HAR","HAR04",2021,2021-07-20,2021-08-03,0,14,"HAR042021","summer","HAR042021_2021-07-20",0,208,6,6
"5426","HAR","HAR05",2021,2021-07-20,2021-08-03,0,14,"HAR052021","summer","HAR052021_2021-07-20",6,208,12,34
"5427","HAR","HAR07",2021,2021-07-20,2021-08-03,0,14,"HAR072021","summer","HAR072021_2021-07-20",5,208,13,20
"5428","HAR","HAR08",2021,2021-07-20,2021-08-03,0,14,"HAR082021","summer","HAR082021_2021-07-20",0,208,7,12
"5429","HAR","HAR11",2021,2021-07-20,2021-08-03,0,14,"HAR112021","summer","HAR112021_2021-07-20",1,208,22,48
"5430","HAR","HAR12",2021,2021-07-20,2021-08-03,0,14,"HAR122021","summer","HAR122021_2021-07-20",0,208,10,15
"5431","HAR","HAR13",2021,2021-07-20,2021-08-03,0,14,"HAR132021","summer","HAR132021_2021-07-20",2,208,8,8
"5432","HAR","HAR14",2021,2021-07-20,2021-08-03,0,14,"HAR142021","summer","HAR142021_2021-07-20",7,208,14,42
"5433","HAR","HAR15",2021,2021-07-20,2021-08-03,0,14,"HAR152021","summer","HAR152021_2021-07-20",2,208,18,93
"5434","WAN","WAN01",2021,2021-07-20,2021-08-03,0,14,"WAN012021","summer","WAN012021_2021-07-20",0,208,6,13
"5435","WAN","WAN02",2021,2021-07-20,2021-08-03,0,14,"WAN022021","summer","WAN022021_2021-07-20",2,208,3,3
"5436","WAN","WAN03",2021,2021-07-20,2021-08-03,0,14,"WAN032021","summer","WAN032021_2021-07-20",0,208,6,8
"5437","WAN","WAN04",2021,2021-07-20,2021-08-03,0,14,"WAN042021","summer","WAN042021_2021-07-20",1,208,13,18
"5438","WAN","WAN05",2021,2021-07-20,2021-08-03,0,14,"WAN052021","summer","WAN052021_2021-07-20",0,208,6,10
"5439","WAN","WAN06",2021,2021-07-20,2021-08-03,0,14,"WAN062021","summer","WAN062021_2021-07-20",1,208,12,17
"5440","WAN","WAN07",2021,2021-07-20,2021-08-03,0,14,"WAN072021","summer","WAN072021_2021-07-20",0,208,2,2
"5441","WAN","WAN08",2021,2021-07-20,2021-08-03,0,14,"WAN082021","summer","WAN082021_2021-07-20",0,208,1,1
"5442","WAN","WAN09",2021,2021-07-20,2021-08-03,0,14,"WAN092021","summer","WAN092021_2021-07-20",8,208,3,3
"5443","WAN","WAN10",2021,2021-07-20,2021-08-03,0,14,"WAN102021","summer","WAN102021_2021-07-20",4,208,10,18
"5444","WAN","WAN11",2021,2021-07-20,2021-08-03,0,14,"WAN112021","summer","WAN112021_2021-07-20",0,208,1,1
"5445","WAN","WAN12",2021,2021-07-20,2021-08-03,0,14,"WAN122021","summer","WAN122021_2021-07-20",0,208,5,11
"5446","WAN","WAN13",2021,2021-07-20,2021-08-03,0,14,"WAN132021","summer","WAN132021_2021-07-20",4,208,4,4
"5447","WAN","WAN14",2021,2021-07-20,2021-08-03,0,14,"WAN142021","summer","WAN142021_2021-07-20",2,208,5,7
"5448","WAN","WAN15",2021,2021-07-20,2021-08-03,0,14,"WAN152021","summer","WAN152021_2021-07-20",0,208,1,1
"5449","WAN","WAN16",2021,2021-07-20,2021-08-03,0,14,"WAN162021","summer","WAN162021_2021-07-20",0,208,4,5
"5450","GFH","GFH01",2021,2021-07-21,2021-08-04,0,14,"GFH012021","summer","GFH012021_2021-07-21",0,209,10,16
"5451","GFH","GFH02",2021,2021-07-21,2021-08-04,0,14,"GFH022021","summer","GFH022021_2021-07-21",0,209,8,196
"5452","GFH","GFH03",2021,2021-07-21,2021-08-04,0,14,"GFH032021","summer","GFH032021_2021-07-21",3,209,18,60
"5453","GFH","GFH05",2021,2021-07-21,2021-08-04,0,14,"GFH052021","summer","GFH052021_2021-07-21",2,209,21,62
"5454","GFH","GFH06",2021,2021-07-21,2021-08-04,0,14,"GFH062021","summer","GFH062021_2021-07-21",0,209,8,11
"5455","GFH","GFH07",2021,2021-07-21,2021-08-04,0,14,"GFH072021","summer","GFH072021_2021-07-21",2,209,3,4
"5456","GFH","GFH08",2021,2021-07-21,2021-08-04,0,14,"GFH082021","summer","GFH082021_2021-07-21",0,209,4,6
"5457","GFH","GFH09",2021,2021-07-21,2021-08-04,0,14,"GFH092021","summer","GFH092021_2021-07-21",0,209,15,22
"5458","GFH","GFH10",2021,2021-07-21,2021-08-04,0,14,"GFH102021","summer","GFH102021_2021-07-21",1,209,12,34
"5459","GFH","GFH11",2021,2021-07-21,2021-08-04,0,14,"GFH112021","summer","GFH112021_2021-07-21",3,209,13,27
"5460","GFH","GFH12",2021,2021-07-21,2021-08-04,0,14,"GFH122021","summer","GFH122021_2021-07-21",0,209,6,11
"5461","GFH","GFH13",2021,2021-07-21,2021-08-04,0,14,"GFH132021","summer","GFH132021_2021-07-21",1,209,10,11
"5462","GFH","GFH14",2021,2021-07-21,2021-08-04,0,14,"GFH142021","summer","GFH142021_2021-07-21",17,209,16,54
"5463","GFH","GFH15",2021,2021-07-21,2021-08-04,0,14,"GFH152021","summer","GFH152021_2021-07-21",2,209,11,16
"5464","SIP","SIP02",2021,2021-07-21,2021-08-04,0,14,"SIP022021","summer","SIP022021_2021-07-21",7,209,13,31
"5465","SIP","SIP03",2021,2021-07-21,2021-08-04,0,14,"SIP032021","summer","SIP032021_2021-07-21",4,209,10,19
"5466","SIP","SIP05",2021,2021-07-21,2021-08-04,0,14,"SIP052021","summer","SIP052021_2021-07-21",0,209,1,1
"5467","SIP","SIP06",2021,2021-07-21,2021-08-04,0,14,"SIP062021","summer","SIP062021_2021-07-21",7,209,7,15
"5468","SIP","SIP07",2021,2021-07-21,2021-08-04,0,14,"SIP072021","summer","SIP072021_2021-07-21",1,209,10,14
"5469","SIP","SIP08",2021,2021-07-21,2021-08-04,0,14,"SIP082021","summer","SIP082021_2021-07-21",0,209,4,9
"5470","SIP","SIP09",2021,2021-07-21,2021-08-04,0,14,"SIP092021","summer","SIP092021_2021-07-21",1,209,3,5
"5471","SIP","SIP10",2021,2021-07-21,2021-08-04,0,14,"SIP102021","summer","SIP102021_2021-07-21",1,209,2,5
"5472","SIP","SIP11",2021,2021-07-21,2021-08-04,0,14,"SIP112021","summer","SIP112021_2021-07-21",2,209,6,57
"5473","SIP","SIP12",2021,2021-07-21,2021-08-04,0,14,"SIP122021","summer","SIP122021_2021-07-21",2,209,6,15
"5474","SIP","SIP13",2021,2021-07-21,2021-08-04,0,14,"SIP132021","summer","SIP132021_2021-07-21",0,209,5,9
"5475","SIP","SIP14",2021,2021-07-21,2021-08-04,0,14,"SIP142021","summer","SIP142021_2021-07-21",2,209,5,8
"5476","SIP","SIP15",2021,2021-07-21,2021-08-04,0,14,"SIP152021","summer","SIP152021_2021-07-21",1,209,9,28
"5477","SIP","SIP16",2021,2021-07-21,2021-08-04,0,14,"SIP162021","summer","SIP162021_2021-07-21",1,209,13,42
"5478","FBG","FBG01",2021,2021-07-22,2021-08-05,0,14,"FBG012021","summer","FBG012021_2021-07-22",0,210,22,54
"5479","FBG","FBG02",2021,2021-07-22,2021-08-05,0,14,"FBG022021","summer","FBG022021_2021-07-22",1,210,8,19
"5480","FBG","FBG04",2021,2021-07-22,2021-08-05,0,14,"FBG042021","summer","FBG042021_2021-07-22",0,210,13,34
"5481","FBG","FBG06",2021,2021-07-22,2021-08-05,0,14,"FBG062021","summer","FBG062021_2021-07-22",0,210,4,4
"5482","FBG","FBG07",2021,2021-07-22,2021-08-05,0,14,"FBG072021","summer","FBG072021_2021-07-22",1,210,9,35
"5483","FBG","FBG08",2021,2021-07-22,2021-08-05,0,14,"FBG082021","summer","FBG082021_2021-07-22",0,210,11,16
"5484","FBG","FBG09",2021,2021-07-22,2021-08-05,0,14,"FBG092021","summer","FBG092021_2021-07-22",0,210,13,23
"5485","FBG","FBG10",2021,2021-07-22,2021-08-05,0,14,"FBG102021","summer","FBG102021_2021-07-22",2,210,16,106
"5486","FBG","FBG11",2021,2021-07-22,2021-08-05,0,14,"FBG112021","summer","FBG112021_2021-07-22",0,210,5,8
"5487","FBG","FBG12",2021,2021-07-22,2021-08-05,0,14,"FBG122021","summer","FBG122021_2021-07-22",2,210,10,16
"5488","FBG","FBG13",2021,2021-07-22,2021-08-05,0,14,"FBG132021","summer","FBG132021_2021-07-22",0,210,26,54
"5489","FBG","FBG14",2021,2021-07-22,2021-08-05,0,14,"FBG142021","summer","FBG142021_2021-07-22",0,210,11,29
"5490","FBG","FBG15",2021,2021-07-22,2021-08-05,0,14,"FBG152021","summer","FBG152021_2021-07-22",1,210,14,18
"5491","FBG","FBG16",2021,2021-07-22,2021-08-05,0,14,"FBG162021","summer","FBG162021_2021-07-22",2,210,4,5
"5492","SST","SST01",2021,2021-07-22,2021-08-05,0,14,"SST012021","summer","SST012021_2021-07-22",2,210,6,9
"5493","SST","SST02",2021,2021-07-22,2021-08-05,0,14,"SST022021","summer","SST022021_2021-07-22",6,210,17,29
"5494","SST","SST03",2021,2021-07-22,2021-08-05,0,14,"SST032021","summer","SST032021_2021-07-22",11,210,14,28
"5495","SST","SST05",2021,2021-07-22,2021-08-05,0,14,"SST052021","summer","SST052021_2021-07-22",5,210,3,3
"5496","SST","SST06",2021,2021-07-22,2021-08-05,0,14,"SST062021","summer","SST062021_2021-07-22",6,210,17,25
"5497","SST","SST07",2021,2021-07-22,2021-08-05,0,14,"SST072021","summer","SST072021_2021-07-22",2,210,5,6
"5498","SST","SST08",2021,2021-07-22,2021-08-05,0,14,"SST082021","summer","SST082021_2021-07-22",8,210,6,8
"5499","SST","SST09",2021,2021-07-22,2021-08-05,0,14,"SST092021","summer","SST092021_2021-07-22",1,210,6,6
"5500","SST","SST10",2021,2021-07-22,2021-08-05,0,14,"SST102021","summer","SST102021_2021-07-22",3,210,8,12
"5501","SST","SST11",2021,2021-07-22,2021-08-05,0,14,"SST112021","summer","SST112021_2021-07-22",3,210,11,20
"5502","SST","SST12",2021,2021-07-22,2021-08-05,0,14,"SST122021","summer","SST122021_2021-07-22",4,210,6,8
"5503","SST","SST13",2021,2021-07-22,2021-08-05,0,14,"SST132021","summer","SST132021_2021-07-22",2,210,7,20
"5504","SST","SST14",2021,2021-07-22,2021-08-05,0,14,"SST142021","summer","SST142021_2021-07-22",1,210,15,28
"5505","SST","SST15",2021,2021-07-22,2021-08-05,0,14,"SST152021","summer","SST152021_2021-07-22",1,210,12,39
"5506","SST","SST16",2021,2021-07-22,2021-08-05,0,14,"SST162021","summer","SST162021_2021-07-22",4,210,28,154
"5507","HAR","HAR01",2021,2021-08-03,2021-08-17,0,14,"HAR012021","summer","HAR012021_2021-08-03",0,222,10,18
"5508","HAR","HAR02",2021,2021-08-03,2021-08-17,0,14,"HAR022021","summer","HAR022021_2021-08-03",2,222,7,9
"5509","HAR","HAR03",2021,2021-08-03,2021-08-17,0,14,"HAR032021","summer","HAR032021_2021-08-03",4,222,5,6
"5510","HAR","HAR04",2021,2021-08-03,2021-08-17,0,14,"HAR042021","summer","HAR042021_2021-08-03",3,222,4,6
"5511","HAR","HAR05",2021,2021-08-03,2021-08-17,0,14,"HAR052021","summer","HAR052021_2021-08-03",1,222,7,10
"5512","HAR","HAR06",2021,2021-08-03,2021-08-17,0,14,"HAR062021","summer","HAR062021_2021-08-03",0,222,13,18
"5513","HAR","HAR07",2021,2021-08-03,2021-08-17,0,14,"HAR072021","summer","HAR072021_2021-08-03",3,222,2,4
"5514","HAR","HAR10",2021,2021-08-03,2021-08-17,0,14,"HAR102021","summer","HAR102021_2021-08-03",4,222,16,35
"5515","HAR","HAR11",2021,2021-08-03,2021-08-17,0,14,"HAR112021","summer","HAR112021_2021-08-03",0,222,19,32
"5516","HAR","HAR12",2021,2021-08-03,2021-08-17,0,14,"HAR122021","summer","HAR122021_2021-08-03",1,222,6,6
"5517","HAR","HAR13",2021,2021-08-03,2021-08-17,0,14,"HAR132021","summer","HAR132021_2021-08-03",14,222,7,7
"5518","HAR","HAR14",2021,2021-08-03,2021-08-17,0,14,"HAR142021","summer","HAR142021_2021-08-03",14,222,7,9
"5519","HAR","HAR15",2021,2021-08-03,2021-08-17,0,14,"HAR152021","summer","HAR152021_2021-08-03",0,222,17,54
"5520","HAR","HAR16",2021,2021-08-03,2021-08-17,0,14,"HAR162021","summer","HAR162021_2021-08-03",4,222,22,45
"5521","WAN","WAN01",2021,2021-08-03,2021-08-17,0,14,"WAN012021","summer","WAN012021_2021-08-03",5,222,10,18
"5522","WAN","WAN02",2021,2021-08-03,2021-08-17,0,14,"WAN022021","summer","WAN022021_2021-08-03",1,222,12,28
"5523","WAN","WAN03",2021,2021-08-03,2021-08-17,0,14,"WAN032021","summer","WAN032021_2021-08-03",1,222,2,2
"5524","WAN","WAN04",2021,2021-08-03,2021-08-17,0,14,"WAN042021","summer","WAN042021_2021-08-03",1,222,9,18
"5525","WAN","WAN05",2021,2021-08-03,2021-08-17,0,14,"WAN052021","summer","WAN052021_2021-08-03",5,222,7,16
"5526","WAN","WAN06",2021,2021-08-03,2021-08-17,0,14,"WAN062021","summer","WAN062021_2021-08-03",2,222,8,8
"5527","WAN","WAN07",2021,2021-08-03,2021-08-17,0,14,"WAN072021","summer","WAN072021_2021-08-03",1,222,0,0
"5528","WAN","WAN08",2021,2021-08-03,2021-08-17,0,14,"WAN082021","summer","WAN082021_2021-08-03",0,222,5,9
"5529","WAN","WAN09",2021,2021-08-03,2021-08-17,0,14,"WAN092021","summer","WAN092021_2021-08-03",12,222,6,8
"5530","WAN","WAN10",2021,2021-08-03,2021-08-17,0,14,"WAN102021","summer","WAN102021_2021-08-03",1,222,12,38
"5531","WAN","WAN11",2021,2021-08-03,2021-08-17,0,14,"WAN112021","summer","WAN112021_2021-08-03",1,222,0,0
"5532","WAN","WAN12",2021,2021-08-03,2021-08-17,0,14,"WAN122021","summer","WAN122021_2021-08-03",0,222,3,4
"5533","WAN","WAN14",2021,2021-08-03,2021-08-17,0,14,"WAN142021","summer","WAN142021_2021-08-03",0,222,15,33
"5534","WAN","WAN15",2021,2021-08-03,2021-08-17,0,14,"WAN152021","summer","WAN152021_2021-08-03",0,222,11,23
"5535","WAN","WAN16",2021,2021-08-03,2021-08-17,0,14,"WAN162021","summer","WAN162021_2021-08-03",0,222,4,4
"5536","GFH","GFH01",2021,2021-08-04,2021-08-18,0,14,"GFH012021","summer","GFH012021_2021-08-04",0,223,5,5
"5537","GFH","GFH02",2021,2021-08-04,2021-08-18,0,14,"GFH022021","summer","GFH022021_2021-08-04",0,223,8,10
"5538","GFH","GFH03",2021,2021-08-04,2021-08-18,0,14,"GFH032021","summer","GFH032021_2021-08-04",1,223,8,10
"5539","GFH","GFH05",2021,2021-08-04,2021-08-18,0,14,"GFH052021","summer","GFH052021_2021-08-04",5,223,15,32
"5540","GFH","GFH06",2021,2021-08-04,2021-08-18,0,14,"GFH062021","summer","GFH062021_2021-08-04",0,223,6,16
"5541","GFH","GFH07",2021,2021-08-04,2021-08-18,0,14,"GFH072021","summer","GFH072021_2021-08-04",1,223,4,6
"5542","GFH","GFH08",2021,2021-08-04,2021-08-18,0,14,"GFH082021","summer","GFH082021_2021-08-04",2,223,4,4
"5543","GFH","GFH09",2021,2021-08-04,2021-08-18,0,14,"GFH092021","summer","GFH092021_2021-08-04",0,223,4,8
"5544","GFH","GFH10",2021,2021-08-04,2021-08-18,0,14,"GFH102021","summer","GFH102021_2021-08-04",2,223,4,6
"5545","GFH","GFH11",2021,2021-08-04,2021-08-18,0,14,"GFH112021","summer","GFH112021_2021-08-04",0,223,10,16
"5546","GFH","GFH12",2021,2021-08-04,2021-08-18,0,14,"GFH122021","summer","GFH122021_2021-08-04",0,223,4,4
"5547","GFH","GFH13",2021,2021-08-04,2021-08-18,0,14,"GFH132021","summer","GFH132021_2021-08-04",2,223,3,4
"5548","GFH","GFH14",2021,2021-08-04,2021-08-18,0,14,"GFH142021","summer","GFH142021_2021-08-04",8,223,10,13
"5549","GFH","GFH15",2021,2021-08-04,2021-08-18,0,14,"GFH152021","summer","GFH152021_2021-08-04",4,223,5,23
"5550","GFH","GFH16",2021,2021-08-04,2021-08-18,0,14,"GFH162021","summer","GFH162021_2021-08-04",8,223,3,4
"5551","SIP","SIP01",2021,2021-08-04,2021-08-18,0,14,"SIP012021","summer","SIP012021_2021-08-04",1,223,5,7
"5552","SIP","SIP02",2021,2021-08-04,2021-08-18,0,14,"SIP022021","summer","SIP022021_2021-08-04",103,223,10,14
"5553","SIP","SIP03",2021,2021-08-04,2021-08-18,0,14,"SIP032021","summer","SIP032021_2021-08-04",7,223,11,30
"5554","SIP","SIP05",2021,2021-08-04,2021-08-18,0,14,"SIP052021","summer","SIP052021_2021-08-04",0,223,4,4
"5555","SIP","SIP06",2021,2021-08-04,2021-08-18,0,14,"SIP062021","summer","SIP062021_2021-08-04",3,223,4,8
"5556","SIP","SIP07",2021,2021-08-04,2021-08-18,0,14,"SIP072021","summer","SIP072021_2021-08-04",1,223,7,8
"5557","SIP","SIP08",2021,2021-08-04,2021-08-18,0,14,"SIP082021","summer","SIP082021_2021-08-04",0,223,4,4
"5558","SIP","SIP09",2021,2021-08-04,2021-08-18,0,14,"SIP092021","summer","SIP092021_2021-08-04",1,223,4,4
"5559","SIP","SIP10",2021,2021-08-04,2021-08-18,0,14,"SIP102021","summer","SIP102021_2021-08-04",0,223,5,7
"5560","SIP","SIP11",2021,2021-08-04,2021-08-18,0,14,"SIP112021","summer","SIP112021_2021-08-04",0,223,6,98
"5561","SIP","SIP12",2021,2021-08-04,2021-08-18,0,14,"SIP122021","summer","SIP122021_2021-08-04",1,223,9,13
"5562","SIP","SIP13",2021,2021-08-04,2021-08-18,0,14,"SIP132021","summer","SIP132021_2021-08-04",0,223,3,4
"5563","SIP","SIP14",2021,2021-08-04,2021-08-18,0,14,"SIP142021","summer","SIP142021_2021-08-04",1,223,4,6
"5564","SIP","SIP15",2021,2021-08-04,2021-08-18,0,14,"SIP152021","summer","SIP152021_2021-08-04",1,223,8,16
"5565","SIP","SIP16",2021,2021-08-04,2021-08-18,0,14,"SIP162021","summer","SIP162021_2021-08-04",8,223,11,49
"5566","FBG","FBG01",2021,2021-08-05,2021-08-19,0,14,"FBG012021","summer","FBG012021_2021-08-05",4,224,20,53
"5567","FBG","FBG02",2021,2021-08-05,2021-08-19,0,14,"FBG022021","summer","FBG022021_2021-08-05",1,224,8,12
"5568","FBG","FBG04",2021,2021-08-05,2021-08-19,0,14,"FBG042021","summer","FBG042021_2021-08-05",0,224,10,10
"5569","FBG","FBG05",2021,2021-08-05,2021-08-19,0,14,"FBG052021","summer","FBG052021_2021-08-05",0,224,11,30
"5570","FBG","FBG06",2021,2021-08-05,2021-08-19,0,14,"FBG062021","summer","FBG062021_2021-08-05",1,224,8,17
"5571","FBG","FBG07",2021,2021-08-05,2021-08-19,0,14,"FBG072021","summer","FBG072021_2021-08-05",0,224,8,17
"5572","FBG","FBG08",2021,2021-08-05,2021-08-19,0,14,"FBG082021","summer","FBG082021_2021-08-05",0,224,3,5
"5573","FBG","FBG09",2021,2021-08-05,2021-08-19,0,14,"FBG092021","summer","FBG092021_2021-08-05",0,224,5,5
"5574","FBG","FBG10",2021,2021-08-05,2021-08-19,0,14,"FBG102021","summer","FBG102021_2021-08-05",0,224,14,46
"5575","FBG","FBG11",2021,2021-08-05,2021-08-19,0,14,"FBG112021","summer","FBG112021_2021-08-05",0,224,4,4
"5576","FBG","FBG12",2021,2021-08-05,2021-08-19,0,14,"FBG122021","summer","FBG122021_2021-08-05",1,224,8,15
"5577","FBG","FBG13",2021,2021-08-05,2021-08-19,0,14,"FBG132021","summer","FBG132021_2021-08-05",0,224,13,20
"5578","FBG","FBG14",2021,2021-08-05,2021-08-19,0,14,"FBG142021","summer","FBG142021_2021-08-05",0,224,8,23
"5579","FBG","FBG15",2021,2021-08-05,2021-08-19,0,14,"FBG152021","summer","FBG152021_2021-08-05",0,224,4,4
"5580","FBG","FBG16",2021,2021-08-05,2021-08-19,0,14,"FBG162021","summer","FBG162021_2021-08-05",5,224,3,3
"5581","SST","SST01",2021,2021-08-05,2021-08-19,0,14,"SST012021","summer","SST012021_2021-08-05",5,224,3,3
"5582","SST","SST02",2021,2021-08-05,2021-08-19,0,14,"SST022021","summer","SST022021_2021-08-05",16,224,1,2
"5583","SST","SST03",2021,2021-08-05,2021-08-19,0,14,"SST032021","summer","SST032021_2021-08-05",12,224,1,1
"5584","SST","SST04",2021,2021-08-05,2021-08-19,0,14,"SST042021","summer","SST042021_2021-08-05",10,224,2,2
"5585","SST","SST05",2021,2021-08-05,2021-08-19,0,14,"SST052021","summer","SST052021_2021-08-05",2,224,1,1
"5586","SST","SST06",2021,2021-08-05,2021-08-19,0,14,"SST062021","summer","SST062021_2021-08-05",3,224,2,2
"5587","SST","SST07",2021,2021-08-05,2021-08-19,0,14,"SST072021","summer","SST072021_2021-08-05",2,224,1,1
"5588","SST","SST08",2021,2021-08-05,2021-08-19,0,14,"SST082021","summer","SST082021_2021-08-05",0,224,3,3
"5589","SST","SST09",2021,2021-08-05,2021-08-19,0,14,"SST092021","summer","SST092021_2021-08-05",0,224,2,3
"5590","SST","SST10",2021,2021-08-05,2021-08-19,0,14,"SST102021","summer","SST102021_2021-08-05",0,224,1,1
"5591","SST","SST11",2021,2021-08-05,2021-08-19,0,14,"SST112021","summer","SST112021_2021-08-05",11,224,1,1
"5592","SST","SST12",2021,2021-08-05,2021-08-19,0,14,"SST122021","summer","SST122021_2021-08-05",4,224,0,0
"5593","SST","SST13",2021,2021-08-05,2021-08-19,0,14,"SST132021","summer","SST132021_2021-08-05",3,224,3,3
"5594","SST","SST14",2021,2021-08-05,2021-08-19,0,14,"SST142021","summer","SST142021_2021-08-05",3,224,4,5
"5595","SST","SST15",2021,2021-08-05,2021-08-19,0,14,"SST152021","summer","SST152021_2021-08-05",0,224,7,9
"5596","SST","SST16",2021,2021-08-05,2021-08-19,0,14,"SST162021","summer","SST162021_2021-08-05",4,224,10,32
"5597","HAR","HAR01",2021,2021-08-17,2021-08-31,0,14,"HAR012021","summer","HAR012021_2021-08-17",1,236,13,17
"5598","HAR","HAR02",2021,2021-08-17,2021-08-31,0,14,"HAR022021","summer","HAR022021_2021-08-17",6,236,7,14
"5599","HAR","HAR03",2021,2021-08-17,2021-08-31,0,14,"HAR032021","summer","HAR032021_2021-08-17",3,236,2,2
"5600","HAR","HAR04",2021,2021-08-17,2021-08-31,0,14,"HAR042021","summer","HAR042021_2021-08-17",0,236,3,3
"5601","HAR","HAR05",2021,2021-08-17,2021-08-31,0,14,"HAR052021","summer","HAR052021_2021-08-17",2,236,12,23
"5602","HAR","HAR06",2021,2021-08-17,2021-08-31,0,14,"HAR062021","summer","HAR062021_2021-08-17",1,236,6,10
"5603","HAR","HAR09",2021,2021-08-17,2021-08-31,0,14,"HAR092021","summer","HAR092021_2021-08-17",10,236,6,9
"5604","HAR","HAR10",2021,2021-08-17,2021-08-31,0,14,"HAR102021","summer","HAR102021_2021-08-17",10,236,5,8
"5605","HAR","HAR11",2021,2021-08-17,2021-08-31,0,14,"HAR112021","summer","HAR112021_2021-08-17",5,236,9,18
"5606","HAR","HAR13",2021,2021-08-17,2021-08-31,0,14,"HAR132021","summer","HAR132021_2021-08-17",8,236,8,11
"5607","HAR","HAR14",2021,2021-08-17,2021-08-31,0,14,"HAR142021","summer","HAR142021_2021-08-17",15,236,6,8
"5608","HAR","HAR16",2021,2021-08-17,2021-08-31,0,14,"HAR162021","summer","HAR162021_2021-08-17",5,236,15,20
"5609","WAN","WAN01",2021,2021-08-17,2021-08-31,0,14,"WAN012021","summer","WAN012021_2021-08-17",0,236,2,2
"5610","WAN","WAN02",2021,2021-08-17,2021-08-31,0,14,"WAN022021","summer","WAN022021_2021-08-17",0,236,4,5
"5611","WAN","WAN03",2021,2021-08-17,2021-08-31,0,14,"WAN032021","summer","WAN032021_2021-08-17",1,236,9,13
"5612","WAN","WAN04",2021,2021-08-17,2021-08-31,0,14,"WAN042021","summer","WAN042021_2021-08-17",1,236,5,6
"5613","WAN","WAN05",2021,2021-08-17,2021-08-31,0,14,"WAN052021","summer","WAN052021_2021-08-17",0,236,1,1
"5614","WAN","WAN06",2021,2021-08-17,2021-08-31,0,14,"WAN062021","summer","WAN062021_2021-08-17",2,236,10,27
"5615","WAN","WAN08",2021,2021-08-17,2021-08-31,0,14,"WAN082021","summer","WAN082021_2021-08-17",0,236,1,1
"5616","WAN","WAN09",2021,2021-08-17,2021-08-31,0,14,"WAN092021","summer","WAN092021_2021-08-17",3,236,1,1
"5617","WAN","WAN10",2021,2021-08-17,2021-08-31,0,14,"WAN102021","summer","WAN102021_2021-08-17",1,236,12,25
"5618","WAN","WAN11",2021,2021-08-17,2021-08-31,0,14,"WAN112021","summer","WAN112021_2021-08-17",1,236,1,1
"5619","WAN","WAN12",2021,2021-08-17,2021-08-31,0,14,"WAN122021","summer","WAN122021_2021-08-17",4,236,9,17
"5620","WAN","WAN13",2021,2021-08-17,2021-08-31,0,14,"WAN132021","summer","WAN132021_2021-08-17",1,236,2,2
"5621","WAN","WAN14",2021,2021-08-17,2021-08-31,0,14,"WAN142021","summer","WAN142021_2021-08-17",1,236,7,8
"5622","WAN","WAN15",2021,2021-08-17,2021-08-31,0,14,"WAN152021","summer","WAN152021_2021-08-17",0,236,6,8
"5623","WAN","WAN16",2021,2021-08-17,2021-08-31,0,14,"WAN162021","summer","WAN162021_2021-08-17",1,236,2,2
"5624","GFH","GFH01",2021,2021-08-18,2021-09-01,0,14,"GFH012021","summer","GFH012021_2021-08-18",1,237,4,4
"5625","GFH","GFH02",2021,2021-08-18,2021-09-01,0,14,"GFH022021","summer","GFH022021_2021-08-18",0,237,2,3
"5626","GFH","GFH03",2021,2021-08-18,2021-09-01,0,14,"GFH032021","summer","GFH032021_2021-08-18",2,237,5,5
"5627","GFH","GFH04",2021,2021-08-18,2021-09-01,0,14,"GFH042021","summer","GFH042021_2021-08-18",1,237,21,59
"5628","GFH","GFH05",2021,2021-08-18,2021-09-01,0,14,"GFH052021","summer","GFH052021_2021-08-18",17,237,10,15
"5629","GFH","GFH06",2021,2021-08-18,2021-09-01,0,14,"GFH062021","summer","GFH062021_2021-08-18",0,237,4,4
"5630","GFH","GFH07",2021,2021-08-18,2021-09-01,0,14,"GFH072021","summer","GFH072021_2021-08-18",1,237,3,3
"5631","GFH","GFH08",2021,2021-08-18,2021-09-01,0,14,"GFH082021","summer","GFH082021_2021-08-18",2,237,6,8
"5632","GFH","GFH09",2021,2021-08-18,2021-09-01,0,14,"GFH092021","summer","GFH092021_2021-08-18",0,237,2,2
"5633","GFH","GFH10",2021,2021-08-18,2021-09-01,0,14,"GFH102021","summer","GFH102021_2021-08-18",2,237,8,12
"5634","GFH","GFH11",2021,2021-08-18,2021-09-01,0,14,"GFH112021","summer","GFH112021_2021-08-18",1,237,2,4
"5635","GFH","GFH12",2021,2021-08-18,2021-09-01,0,14,"GFH122021","summer","GFH122021_2021-08-18",0,237,6,6
"5636","GFH","GFH13",2021,2021-08-18,2021-09-01,0,14,"GFH132021","summer","GFH132021_2021-08-18",5,237,7,8
"5637","GFH","GFH14",2021,2021-08-18,2021-09-01,0,14,"GFH142021","summer","GFH142021_2021-08-18",0,237,6,8
"5638","GFH","GFH15",2021,2021-08-18,2021-09-01,0,14,"GFH152021","summer","GFH152021_2021-08-18",0,237,4,5
"5639","GFH","GFH16",2021,2021-08-18,2021-09-01,0,14,"GFH162021","summer","GFH162021_2021-08-18",3,237,5,6
"5640","FBG","FBG01",2021,2021-08-19,2021-09-02,0,14,"FBG012021","summer","FBG012021_2021-08-19",8,238,17,50
"5641","FBG","FBG03",2021,2021-08-19,2021-09-02,0,14,"FBG032021","summer","FBG032021_2021-08-19",0,238,3,3
"5642","FBG","FBG04",2021,2021-08-19,2021-09-02,0,14,"FBG042021","summer","FBG042021_2021-08-19",1,238,3,3
"5643","FBG","FBG05",2021,2021-08-19,2021-09-02,0,14,"FBG052021","summer","FBG052021_2021-08-19",1,238,4,12
"5644","FBG","FBG06",2021,2021-08-19,2021-09-02,0,14,"FBG062021","summer","FBG062021_2021-08-19",1,238,6,9
"5645","FBG","FBG07",2021,2021-08-19,2021-09-02,0,14,"FBG072021","summer","FBG072021_2021-08-19",0,238,6,9
"5646","FBG","FBG08",2021,2021-08-19,2021-09-02,0,14,"FBG082021","summer","FBG082021_2021-08-19",1,238,3,5
"5647","FBG","FBG10",2021,2021-08-19,2021-09-02,0,14,"FBG102021","summer","FBG102021_2021-08-19",1,238,12,51
"5648","FBG","FBG11",2021,2021-08-19,2021-09-02,0,14,"FBG112021","summer","FBG112021_2021-08-19",0,238,3,5
"5649","FBG","FBG12",2021,2021-08-19,2021-09-02,0,14,"FBG122021","summer","FBG122021_2021-08-19",1,238,6,8
"5650","FBG","FBG13",2021,2021-08-19,2021-09-02,0,14,"FBG132021","summer","FBG132021_2021-08-19",0,238,11,28
"5651","FBG","FBG14",2021,2021-08-19,2021-09-02,0,14,"FBG142021","summer","FBG142021_2021-08-19",1,238,7,14
"5652","FBG","FBG15",2021,2021-08-19,2021-09-02,0,14,"FBG152021","summer","FBG152021_2021-08-19",0,238,5,8
"5653","FBG","FBG16",2021,2021-08-19,2021-09-02,0,14,"FBG162021","summer","FBG162021_2021-08-19",3,238,5,6
"5654","SST","SST01",2010,2010-08-02,2010-08-16,1,14,"SST012010","summer","SST012010_2010-08-02",0,221,2,2
"5655","SIP","SIP15",2010,2010-08-04,2010-08-18,1,14,"SIP152010","summer","SIP152010_2010-08-04",0,223,4,6
"5656","SST","SST01",2010,2010-08-16,2010-08-30,1,14,"SST012010","summer","SST012010_2010-08-16",0,235,4,5
"5657","GFH","GFH03",2012,2012-08-02,2012-08-16,1,14,"GFH032012","summer","GFH032012_2012-08-02",3,222,11,16
"5658","GFH","GFH13",2012,2012-08-02,2012-08-16,1,14,"GFH132012","summer","GFH132012_2012-08-02",8,222,5,5
"5659","SIP","SIP15",2012,2012-08-02,2012-08-16,1,14,"SIP152012","summer","SIP152012_2012-08-02",0,222,4,5
"5660","GFH","GFH12",2016,2016-07-12,2016-07-26,1,14,"GFH122016","summer","GFH122016_2016-07-12",1,201,1,1
"5661","FBG","FBG11",2016,2016-07-13,2016-07-27,1,14,"FBG112016","summer","FBG112016_2016-07-13",1,202,11,19
"5662","HAR","HAR03",2016,2016-08-08,2016-08-22,1,14,"HAR032016","summer","HAR032016_2016-08-08",7,228,4,5
"5663","HAR","HAR02",2017,2017-07-24,2017-08-07,1,14,"HAR022017","summer","HAR022017_2017-07-24",0,212,2,2
"5664","HAR","HAR14",2017,2017-08-21,2017-09-04,1,14,"HAR142017","summer","HAR142017_2017-08-21",22,240,3,5
"5665","GFH","GFH08",2017,2017-08-22,2017-09-05,1,14,"GFH082017","summer","GFH082017_2017-08-22",1,241,1,1
"5666","SST","SST06",2018,2018-08-01,2018-08-15,1,14,"SST062018","summer","SST062018_2018-08-01",1,220,5,8
"5667","WAN","WAN09",2018,2018-08-27,2018-09-10,1,14,"WAN092018","summer","WAN092018_2018-08-27",5,246,3,4
"5668","GFH","GFH07",2019,2019-07-23,2019-08-06,1,14,"GFH072019","summer","GFH072019_2019-07-23",1,211,3,3
"5669","GFH","GFH10",2019,2019-07-23,2019-08-06,1,14,"GFH102019","summer","GFH102019_2019-07-23",0,211,6,6
"5670","HAR","HAR14",2019,2019-07-24,2019-08-07,1,14,"HAR142019","summer","HAR142019_2019-07-24",1,212,17,32
"5671","SST","SST05",2019,2019-08-19,2019-09-03,1,15,"SST052019","summer","SST052019_2019-08-19",0,238.5,2,2
"5672","GFH","GFH07",2019,2019-08-20,2019-09-04,1,15,"GFH072019","summer","GFH072019_2019-08-20",4,239.5,2,2
"5673","GFH","GFH08",2019,2019-08-20,2019-09-04,1,15,"GFH082019","summer","GFH082019_2019-08-20",0,239.5,6,6
"5674","SIP","SIP07",2019,2019-08-20,2019-09-04,1,15,"SIP072019","summer","SIP072019_2019-08-20",2,239.5,2,2
"5675","SIP","SIP09",2019,2019-08-20,2019-09-04,1,15,"SIP092019","summer","SIP092019_2019-08-20",2,239.5,4,5
"5676","SIP","SIP15",2019,2019-08-20,2019-09-04,1,15,"SIP152019","summer","SIP152019_2019-08-20",5,239.5,0,0
"5677","HAR","HAR14",2019,2019-08-21,2019-09-05,1,15,"HAR142019","summer","HAR142019_2019-08-21",7,240.5,10,12
"5678","WAN","WAN01",2019,2019-08-21,2019-09-05,1,15,"WAN012019","summer","WAN012019_2019-08-21",1,240.5,5,7
"5679","WAN","WAN14",2019,2019-08-21,2019-09-05,1,15,"WAN142019","summer","WAN142019_2019-08-21",1,240.5,7,10
"5680","FBG","FBG02",2020,2020-07-22,2020-08-05,1,14,"FBG022020","summer","FBG022020_2020-07-22",2,211,7,19
"5681","SST","SST04",2020,2020-07-22,2020-08-05,1,14,"SST042020","summer","SST042020_2020-07-22",2,211,18,62
"5682","HAR","HAR04",2020,2020-08-04,2020-08-18,1,14,"HAR042020","summer","HAR042020_2020-08-04",0,224,7,8
"5683","SIP","SIP05",2020,2020-08-20,2020-09-03,1,14,"SIP052020","summer","SIP052020_2020-08-20",4,240,6,8
"5684","GFH","GFH04",2011,2011-08-03,2011-08-17,2,14,"GFH042011","summer","GFH042011_2011-08-03",5,222,14,28
"5685","SIP","SIP01",2012,2012-08-02,2012-08-16,2,14,"SIP012012","summer","SIP012012_2012-08-02",0,222,2,2
"5686","SIP","SIP06",2014,2014-07-30,2014-08-12,2,13,"SIP062014","summer","SIP062014_2014-07-30",0,217.5,1,2
"5687","SIP","SIP07",2014,2014-07-30,2014-08-12,2,13,"SIP072014","summer","SIP072014_2014-07-30",0,217.5,1,1
"5688","SST","SST06",2014,2014-08-13,2014-08-26,2,13,"SST062014","summer","SST062014_2014-08-13",2,231.5,0,0
"5689","SIP","SIP15",2015,2015-07-21,2015-08-04,2,14,"SIP152015","summer","SIP152015_2015-07-21",1,209,0,0
"5690","SIP","SIP15",2015,2015-08-20,2015-09-01,2,12,"SIP152015","summer","SIP152015_2015-08-20",0,238,1,1
"5691","HAR","HAR11",2016,2016-07-11,2016-07-25,2,14,"HAR112016","summer","HAR112016_2016-07-11",0,200,3,3
"5692","HAR","HAR11",2016,2016-07-25,2016-08-08,2,14,"HAR112016","summer","HAR112016_2016-07-25",0,214,1,1
"5693","GFH","GFH12",2016,2016-07-26,2016-08-09,2,14,"GFH122016","summer","GFH122016_2016-07-26",0,215,5,6
"5694","GFH","GFH14",2017,2017-07-25,2017-08-08,2,14,"GFH142017","summer","GFH142017_2017-07-25",0,213,5,12
"5695","FBG","FBG06",2018,2018-08-01,2018-08-15,2,14,"FBG062018","summer","FBG062018_2018-08-01",0,220,10,24
"5696","SST","SST04",2018,2018-08-01,2018-08-15,2,14,"SST042018","summer","SST042018_2018-08-01",3,220,9,12
"5697","SST","SST07",2018,2018-08-01,2018-08-15,2,14,"SST072018","summer","SST072018_2018-08-01",0,220,4,5
"5698","SIP","SIP01",2018,2018-08-02,2018-08-16,2,14,"SIP012018","summer","SIP012018_2018-08-02",0,221,6,15
"5699","SIP","SIP06",2018,2018-08-02,2018-08-16,2,14,"SIP062018","summer","SIP062018_2018-08-02",2,221,1,1
"5700","SIP","SIP10",2018,2018-08-02,2018-08-16,2,14,"SIP102018","summer","SIP102018_2018-08-02",1,221,3,4
"5701","GFH","GFH16",2018,2018-08-02,2018-08-17,2,15,"GFH162018","summer","GFH162018_2018-08-02",0,221.5,3,3
"5702","HAR","HAR03",2018,2018-08-13,2018-08-27,2,14,"HAR032018","summer","HAR032018_2018-08-13",4,232,2,2
"5703","HAR","HAR11",2018,2018-08-13,2018-08-27,2,14,"HAR112018","summer","HAR112018_2018-08-13",0,232,7,8
"5704","SST","SST04",2018,2018-08-15,2018-08-29,2,14,"SST042018","summer","SST042018_2018-08-15",12,234,6,7
"5705","SST","SST15",2018,2018-08-15,2018-08-29,2,14,"SST152018","summer","SST152018_2018-08-15",0,234,4,5
"5706","FBG","FBG06",2018,2018-08-29,2018-09-12,2,14,"FBG062018","summer","FBG062018_2018-08-29",1,248,5,8
"5707","FBG","FBG11",2019,2019-07-22,2019-08-05,2,14,"FBG112019","summer","FBG112019_2019-07-22",0,210,5,6
"5708","SST","SST10",2019,2019-07-22,2019-08-05,2,14,"SST102019","summer","SST102019_2019-07-22",9,210,7,16
"5709","FBG","FBG07",2019,2019-08-05,2019-08-19,2,14,"FBG072019","summer","FBG072019_2019-08-05",1,224,12,40
"5710","FBG","FBG09",2019,2019-08-05,2019-08-19,2,14,"FBG092019","summer","FBG092019_2019-08-05",0,224,6,18
"5711","FBG","FBG13",2019,2019-08-05,2019-08-19,2,14,"FBG132019","summer","FBG132019_2019-08-05",0,224,11,46
"5712","SST","SST10",2019,2019-08-05,2019-08-19,2,14,"SST102019","summer","SST102019_2019-08-05",0,224,3,4
"5713","GFH","GFH10",2019,2019-08-06,2019-08-20,2,14,"GFH102019","summer","GFH102019_2019-08-06",0,225,4,11
"5714","HAR","HAR04",2019,2019-08-07,2019-08-21,2,14,"HAR042019","summer","HAR042019_2019-08-07",0,226,2,2
"5715","HAR","HAR13",2019,2019-08-07,2019-08-21,2,14,"HAR132019","summer","HAR132019_2019-08-07",3,226,6,8
"5716","FBG","FBG09",2019,2019-08-19,2019-09-02,2,14,"FBG092019","summer","FBG092019_2019-08-19",0,238,4,4
"5717","SST","SST04",2019,2019-08-19,2019-09-03,2,15,"SST042019","summer","SST042019_2019-08-19",0,238.5,1,1
"5718","SST","SST03",2020,2020-07-22,2020-08-05,2,14,"SST032020","summer","SST032020_2020-07-22",8,211,16,45
"5719","HAR","HAR14",2020,2020-08-04,2020-08-18,2,14,"HAR142020","summer","HAR142020_2020-08-04",14,224,4,7
"5720","SST","SST09",2020,2020-08-05,2020-08-19,2,14,"SST092020","summer","SST092020_2020-08-05",0,225,15,48
"5721","SST","SST13",2020,2020-08-05,2020-08-19,2,14,"SST132020","summer","SST132020_2020-08-05",0,225,16,91
"5722","HAR","HAR15",2020,2020-08-17,2020-09-01,2,15,"HAR152020","summer","HAR152020_2020-08-17",3,237.5,12,58
"5723","HAR","HAR03",2020,2020-08-18,2020-09-01,2,14,"HAR032020","summer","HAR032020_2020-08-18",1,238,1,1
"5724","HAR","HAR13",2020,2020-08-18,2020-09-01,2,14,"HAR132020","summer","HAR132020_2020-08-18",22,238,4,5
"5725","HAR","HAR14",2020,2020-08-18,2020-09-01,2,14,"HAR142020","summer","HAR142020_2020-08-18",13,238,7,9
"5726","FBG","FBG01",2020,2020-08-19,2020-09-02,2,14,"FBG012020","summer","FBG012020_2020-08-19",2,239,3,6
"5727","SST","SST02",2020,2020-08-19,2020-09-02,2,14,"SST022020","summer","SST022020_2020-08-19",10,239,8,16
"5728","SST","SST08",2020,2020-08-19,2020-09-02,2,14,"SST082020","summer","SST082020_2020-08-19",5,239,2,2
"5729","GFH","GFH04",2020,2020-08-20,2020-09-03,2,14,"GFH042020","summer","GFH042020_2020-08-20",2,240,2,3
"5730","GFH","GFH09",2020,2020-08-20,2020-09-03,2,14,"GFH092020","summer","GFH092020_2020-08-20",1,240,6,6
"5731","GFH","GFH14",2020,2020-08-20,2020-09-03,2,14,"GFH142020","summer","GFH142020_2020-08-20",2,240,3,3
"5732","SIP","SIP10",2020,2020-08-20,2020-09-03,2,14,"SIP102020","summer","SIP102020_2020-08-20",0,240,4,6
"5733","SST","SST04",2021,2021-07-22,2021-08-05,2,14,"SST042021","summer","SST042021_2021-07-22",21,210,16,41
"5734","HAR","HAR09",2021,2021-08-03,2021-08-17,2,14,"HAR092021","summer","HAR092021_2021-08-03",4,222,8,11
"5735","FBG","FBG03",2010,2010-08-16,2010-08-30,3,14,"FBG032010","summer","FBG032010_2010-08-16",1,235,0,0
"5736","FBG","FBG05",2010,2010-08-16,2010-08-30,3,14,"FBG052010","summer","FBG052010_2010-08-16",2,235,9,10
"5737","FBG","FBG06",2011,2011-08-01,2011-08-15,3,14,"FBG062011","summer","FBG062011_2011-08-01",9,220,9,29
"5738","FBG","FBG08",2011,2011-08-01,2011-08-15,3,14,"FBG082011","summer","FBG082011_2011-08-01",4,220,8,44
"5739","GFH","GFH02",2011,2011-08-03,2011-08-17,3,14,"GFH022011","summer","GFH022011_2011-08-03",0,222,4,6
"5740","SIP","SIP07",2011,2011-08-03,2011-08-17,3,14,"SIP072011","summer","SIP072011_2011-08-03",0,222,2,2
"5741","SIP","SIP10",2011,2011-08-03,2011-08-17,3,14,"SIP102011","summer","SIP102011_2011-08-03",1,222,3,3
"5742","FBG","FBG09",2011,2011-08-15,2011-08-29,3,14,"FBG092011","summer","FBG092011_2011-08-15",3,234,3,3
"5743","SST","SST02",2011,2011-08-15,2011-08-29,3,14,"SST022011","summer","SST022011_2011-08-15",0,234,3,5
"5744","HAR","HAR08",2011,2011-08-16,2011-08-30,3,14,"HAR082011","summer","HAR082011_2011-08-16",0,235,2,2
"5745","FBG","FBG01",2011,2011-08-29,2011-09-12,3,14,"FBG012011","summer","FBG012011_2011-08-29",0,248,14,57
"5746","FBG","FBG04",2011,2011-08-29,2011-09-12,3,14,"FBG042011","summer","FBG042011_2011-08-29",1,248,4,15
"5747","FBG","FBG06",2011,2011-08-29,2011-09-12,3,14,"FBG062011","summer","FBG062011_2011-08-29",7,248,8,42
"5748","FBG","FBG07",2011,2011-08-29,2011-09-12,3,14,"FBG072011","summer","FBG072011_2011-08-29",3,248,7,14
"5749","FBG","FBG08",2011,2011-08-29,2011-09-12,3,14,"FBG082011","summer","FBG082011_2011-08-29",2,248,12,40
"5750","SST","SST14",2012,2012-08-14,2012-08-28,3,14,"SST142012","summer","SST142012_2012-08-14",0,234,4,7
"5751","FBG","FBG08",2013,2013-08-05,2013-08-19,3,14,"FBG082013","summer","FBG082013_2013-08-05",0,224,4,4
"5752","SST","SST10",2013,2013-08-05,2013-08-19,3,14,"SST102013","summer","SST102013_2013-08-05",0,224,5,9
"5753","SST","SST11",2013,2013-08-05,2013-08-19,3,14,"SST112013","summer","SST112013_2013-08-05",1,224,5,5
"5754","SST","SST16",2013,2013-08-05,2013-08-19,3,14,"SST162013","summer","SST162013_2013-08-05",0,224,3,3
"5755","HAR","HAR09",2013,2013-08-20,2013-09-03,3,14,"HAR092013","summer","HAR092013_2013-08-20",1,239,9,12
"5756","SST","SST02",2014,2014-07-28,2014-08-13,3,16,"SST022014","summer","SST022014_2014-07-28",1,217,2,2
"5757","HAR","HAR14",2014,2014-07-29,2014-08-14,3,16,"HAR142014","summer","HAR142014_2014-07-29",3,218,1,1
"5758","SST","SST02",2014,2014-08-13,2014-08-26,3,13,"SST022014","summer","SST022014_2014-08-13",0,231.5,1,1
"5759","FBG","FBG04",2015,2015-07-23,2015-08-03,3,11,"FBG042015","summer","FBG042015_2015-07-23",0,209.5,6,7
"5760","FBG","FBG09",2015,2015-07-23,2015-08-03,3,11,"FBG092015","summer","FBG092015_2015-07-23",0,209.5,7,14
"5761","SST","SST14",2015,2015-07-23,2015-08-03,3,11,"SST142015","summer","SST142015_2015-07-23",0,209.5,5,8
"5762","GFH","GFH01",2015,2015-07-21,2015-08-04,3,14,"GFH012015","summer","GFH012015_2015-07-21",0,209,1,1
"5763","GFH","GFH07",2015,2015-07-21,2015-08-04,3,14,"GFH072015","summer","GFH072015_2015-07-21",0,209,3,3
"5764","GFH","GFH12",2015,2015-07-21,2015-08-04,3,14,"GFH122015","summer","GFH122015_2015-07-21",0,209,4,6
"5765","GFH","GFH16",2015,2015-07-21,2015-08-04,3,14,"GFH162015","summer","GFH162015_2015-07-21",1,209,7,8
"5766","SIP","SIP02",2015,2015-07-21,2015-08-04,3,14,"SIP022015","summer","SIP022015_2015-07-21",1,209,4,7
"5767","HAR","HAR03",2015,2015-07-22,2015-08-05,3,14,"HAR032015","summer","HAR032015_2015-07-22",0,210,6,7
"5768","HAR","HAR09",2015,2015-07-22,2015-08-05,3,14,"HAR092015","summer","HAR092015_2015-07-22",0,210,3,3
"5769","WAN","WAN03",2015,2015-07-22,2015-08-05,3,14,"WAN032015","summer","WAN032015_2015-07-22",2,210,2,4
"5770","WAN","WAN10",2015,2015-07-22,2015-08-05,3,14,"WAN102015","summer","WAN102015_2015-07-22",0,210,12,24
"5771","WAN","WAN14",2015,2015-07-22,2015-08-05,3,14,"WAN142015","summer","WAN142015_2015-07-22",1,210,3,4
"5772","SST","SST03",2015,2015-08-03,2015-08-17,3,14,"SST032015","summer","SST032015_2015-08-03",1,222,6,6
"5773","HAR","HAR09",2016,2016-08-08,2016-08-22,3,14,"HAR092016","summer","HAR092016_2016-08-08",0,228,2,2
"5774","GFH","GFH09",2016,2016-08-09,2016-08-23,3,14,"GFH092016","summer","GFH092016_2016-08-09",0,229,2,2
"5775","SST","SST10",2016,2016-08-10,2016-08-24,3,14,"SST102016","summer","SST102016_2016-08-10",0,230,8,16
"5776","SST","SST10",2017,2017-07-26,2017-08-09,3,14,"SST102017","summer","SST102017_2017-07-26",0,214,4,8
"5777","SST","SST11",2017,2017-07-26,2017-08-09,3,14,"SST112017","summer","SST112017_2017-07-26",0,214,1,1
"5778","WAN","WAN05",2017,2017-08-07,2017-08-21,3,14,"WAN052017","summer","WAN052017_2017-08-07",2,226,0,0
"5779","WAN","WAN11",2017,2017-08-07,2017-08-21,3,14,"WAN112017","summer","WAN112017_2017-08-07",1,226,1,1
"5780","WAN","WAN15",2017,2017-08-07,2017-08-21,3,14,"WAN152017","summer","WAN152017_2017-08-07",2,226,1,1
"5781","FBG","FBG01",2017,2017-08-23,2017-09-06,3,14,"FBG012017","summer","FBG012017_2017-08-23",0,242,5,7
"5782","HAR","HAR03",2018,2018-07-30,2018-08-13,3,14,"HAR032018","summer","HAR032018_2018-07-30",2,218,18,38
"5783","HAR","HAR12",2018,2018-07-30,2018-08-13,3,14,"HAR122018","summer","HAR122018_2018-07-30",3,218,7,8
"5784","HAR","HAR14",2018,2018-07-30,2018-08-13,3,14,"HAR142018","summer","HAR142018_2018-07-30",2,218,13,35
"5785","SST","SST01",2018,2018-08-01,2018-08-15,3,14,"SST012018","summer","SST012018_2018-08-01",0,220,6,7
"5786","SST","SST10",2018,2018-08-01,2018-08-15,3,14,"SST102018","summer","SST102018_2018-08-01",0,220,5,7
"5787","SST","SST15",2018,2018-08-01,2018-08-15,3,14,"SST152018","summer","SST152018_2018-08-01",0,220,6,7
"5788","SIP","SIP02",2018,2018-08-02,2018-08-16,3,14,"SIP022018","summer","SIP022018_2018-08-02",0,221,5,7
"5789","SIP","SIP05",2018,2018-08-02,2018-08-16,3,14,"SIP052018","summer","SIP052018_2018-08-02",0,221,2,2
"5790","HAR","HAR04",2018,2018-08-13,2018-08-27,3,14,"HAR042018","summer","HAR042018_2018-08-13",0,232,8,10
"5791","HAR","HAR05",2018,2018-08-13,2018-08-27,3,14,"HAR052018","summer","HAR052018_2018-08-13",3,232,9,15
"5792","HAR","HAR16",2018,2018-08-13,2018-08-27,3,14,"HAR162018","summer","HAR162018_2018-08-13",8,232,7,21
"5793","HAR","HAR05",2018,2018-08-27,2018-09-10,3,14,"HAR052018","summer","HAR052018_2018-08-27",3,246,5,8
"5794","SST","SST04",2018,2018-08-29,2018-09-12,3,14,"SST042018","summer","SST042018_2018-08-29",7,248,2,2
"5795","SST","SST15",2018,2018-08-29,2018-09-12,3,14,"SST152018","summer","SST152018_2018-08-29",0,248,1,1
"5796","GFH","GFH13",2019,2019-08-06,2019-08-20,3,14,"GFH132019","summer","GFH132019_2019-08-06",5,225,7,7
"5797","GFH","GFH16",2019,2019-08-06,2019-08-20,3,14,"GFH162019","summer","GFH162019_2019-08-06",1,225,16,29
"5798","WAN","WAN03",2019,2019-08-07,2019-08-21,3,14,"WAN032019","summer","WAN032019_2019-08-07",0,226,2,2
"5799","WAN","WAN04",2019,2019-08-07,2019-08-21,3,14,"WAN042019","summer","WAN042019_2019-08-07",0,226,4,4
"5800","WAN","WAN05",2019,2019-08-07,2019-08-21,3,14,"WAN052019","summer","WAN052019_2019-08-07",0,226,1,1
"5801","FBG","FBG07",2019,2019-08-19,2019-09-02,3,14,"FBG072019","summer","FBG072019_2019-08-19",1,238,9,31
"5802","FBG","FBG13",2019,2019-08-19,2019-09-02,3,14,"FBG132019","summer","FBG132019_2019-08-19",1,238,9,26
"5803","FBG","FBG15",2019,2019-08-19,2019-09-02,3,14,"FBG152019","summer","FBG152019_2019-08-19",0,238,5,12
"5804","HAR","HAR09",2019,2019-08-21,2019-09-05,3,15,"HAR092019","summer","HAR092019_2019-08-21",6,240.5,14,22
"5805","SST","SST07",2020,2020-08-05,2020-08-19,3,14,"SST072020","summer","SST072020_2020-08-05",0,225,5,5
"5806","SST","SST15",2020,2020-08-05,2020-08-19,3,14,"SST152020","summer","SST152020_2020-08-05",0,225,1,1
"5807","HAR","HAR07",2020,2020-08-18,2020-09-01,3,14,"HAR072020","summer","HAR072020_2020-08-18",1,238,2,2
"5808","HAR","HAR12",2020,2020-08-18,2020-09-01,3,14,"HAR122020","summer","HAR122020_2020-08-18",1,238,4,4
"5809","FBG","FBG07",2020,2020-08-19,2020-09-02,3,14,"FBG072020","summer","FBG072020_2020-08-19",1,239,4,4
"5810","FBG","FBG08",2020,2020-08-19,2020-09-02,3,14,"FBG082020","summer","FBG082020_2020-08-19",0,239,1,3
"5811","SST","SST01",2020,2020-08-19,2020-09-02,3,14,"SST012020","summer","SST012020_2020-08-19",0,239,1,1
"5812","SST","SST04",2020,2020-08-19,2020-09-02,3,14,"SST042020","summer","SST042020_2020-08-19",0,239,5,5
"5813","SST","SST07",2020,2020-08-19,2020-09-02,3,14,"SST072020","summer","SST072020_2020-08-19",0,239,1,1
"5814","SST","SST15",2020,2020-08-19,2020-09-02,3,14,"SST152020","summer","SST152020_2020-08-19",0,239,7,9
"5815","GFH","GFH02",2020,2020-08-20,2020-09-03,3,14,"GFH022020","summer","GFH022020_2020-08-20",0,240,2,2
"5816","GFH","GFH10",2020,2020-08-20,2020-09-03,3,14,"GFH102020","summer","GFH102020_2020-08-20",3,240,7,7
"5817","SIP","SIP01",2020,2020-08-20,2020-09-03,3,14,"SIP012020","summer","SIP012020_2020-08-20",0,240,1,4
"5818","HAR","HAR03",2021,2021-07-20,2021-08-03,3,14,"HAR032021","summer","HAR032021_2021-07-20",2,208,9,14
"5819","GFH","GFH04",2021,2021-07-21,2021-08-04,3,14,"GFH042021","summer","GFH042021_2021-07-21",4,209,26,150
"5820","FBG","FBG03",2021,2021-07-22,2021-08-05,3,14,"FBG032021","summer","FBG032021_2021-07-22",1,210,7,14
"5821","HAR","HAR08",2021,2021-08-03,2021-08-17,3,14,"HAR082021","summer","HAR082021_2021-08-03",1,222,0,0
"5822","GFH","GFH04",2021,2021-08-04,2021-08-18,3,14,"GFH042021","summer","GFH042021_2021-08-04",3,223,23,61
"5823","HAR","HAR07",2021,2021-08-17,2021-08-31,3,14,"HAR072021","summer","HAR072021_2021-08-17",11,236,10,18
"5824","HAR","HAR08",2021,2021-08-17,2021-08-31,3,14,"HAR082021","summer","HAR082021_2021-08-17",3,236,1,1
"5825","HAR","HAR12",2021,2021-08-17,2021-08-31,3,14,"HAR122021","summer","HAR122021_2021-08-17",0,236,8,8
"5826","FBG","FBG12",2011,2011-08-01,2011-08-15,4,14,"FBG122011","summer","FBG122011_2011-08-01",5,220,5,7
"5827","GFH","GFH01",2011,2011-08-03,2011-08-17,4,14,"GFH012011","summer","GFH012011_2011-08-03",0,222,3,3
"5828","GFH","GFH14",2011,2011-08-03,2011-08-17,4,14,"GFH142011","summer","GFH142011_2011-08-03",0,222,8,14
"5829","SIP","SIP09",2011,2011-08-03,2011-08-17,4,14,"SIP092011","summer","SIP092011_2011-08-03",0,222,7,12
"5830","FBG","FBG03",2011,2011-08-29,2011-09-12,4,14,"FBG032011","summer","FBG032011_2011-08-29",0,248,4,13
"5831","FBG","FBG05",2012,2012-08-14,2012-08-28,4,14,"FBG052012","summer","FBG052012_2012-08-14",0,234,3,3
"5832","FBG","FBG06",2013,2013-08-05,2013-08-19,4,14,"FBG062013","summer","FBG062013_2013-08-05",1,224,13,18
"5833","FBG","FBG12",2016,2016-08-10,2016-08-24,4,14,"FBG122016","summer","FBG122016_2016-08-10",0,230,4,9
"5834","FBG","FBG01",2017,2017-08-09,2017-08-23,4,14,"FBG012017","summer","FBG012017_2017-08-09",0,228,1,1
"5835","HAR","HAR01",2018,2018-07-30,2018-08-13,4,14,"HAR012018","summer","HAR012018_2018-07-30",0,218,17,31
"5836","HAR","HAR02",2018,2018-07-30,2018-08-13,4,14,"HAR022018","summer","HAR022018_2018-07-30",0,218,10,23
"5837","HAR","HAR04",2018,2018-07-30,2018-08-13,4,14,"HAR042018","summer","HAR042018_2018-07-30",0,218,3,3
"5838","HAR","HAR05",2018,2018-07-30,2018-08-13,4,14,"HAR052018","summer","HAR052018_2018-07-30",0,218,13,16
"5839","HAR","HAR06",2018,2018-07-30,2018-08-13,4,14,"HAR062018","summer","HAR062018_2018-07-30",0,218,15,28
"5840","HAR","HAR07",2018,2018-07-30,2018-08-13,4,14,"HAR072018","summer","HAR072018_2018-07-30",0,218,6,8
"5841","HAR","HAR09",2018,2018-07-30,2018-08-13,4,14,"HAR092018","summer","HAR092018_2018-07-30",1,218,22,62
"5842","HAR","HAR10",2018,2018-07-30,2018-08-13,4,14,"HAR102018","summer","HAR102018_2018-07-30",0,218,12,26
"5843","HAR","HAR13",2018,2018-07-30,2018-08-13,4,14,"HAR132018","summer","HAR132018_2018-07-30",3,218,18,40
"5844","HAR","HAR15",2018,2018-07-30,2018-08-13,4,14,"HAR152018","summer","HAR152018_2018-07-30",3,218,16,89
"5845","GFH","GFH01",2018,2018-08-02,2018-08-17,4,15,"GFH012018","summer","GFH012018_2018-08-02",0,221.5,3,3
"5846","SIP","SIP10",2019,2019-07-23,2019-08-06,4,14,"SIP102019","summer","SIP102019_2019-07-23",3,211,0,0
"5847","FBG","FBG14",2020,2020-08-19,2020-09-02,4,14,"FBG142020","summer","FBG142020_2020-08-19",1,239,3,3
"5848","HAR","HAR09",2021,2021-07-20,2021-08-03,4,14,"HAR092021","summer","HAR092021_2021-07-20",2,208,14,52
"5849","SIP","SIP01",2021,2021-07-21,2021-08-04,4,14,"SIP012021","summer","SIP012021_2021-07-21",1,209,0,0
"5850","HAR","HAR01",2012,2012-08-01,2012-08-15,6,14,"HAR012012","summer","HAR012012_2012-08-01",0,221,1,1
"5851","HAR","HAR03",2012,2012-08-01,2012-08-15,6,14,"HAR032012","summer","HAR032012_2012-08-01",0,221,5,7
"5852","HAR","HAR04",2012,2012-08-01,2012-08-15,6,14,"HAR042012","summer","HAR042012_2012-08-01",3,221,3,4
"5853","HAR","HAR05",2012,2012-08-01,2012-08-15,6,14,"HAR052012","summer","HAR052012_2012-08-01",0,221,9,20
"5854","HAR","HAR06",2012,2012-08-01,2012-08-15,6,14,"HAR062012","summer","HAR062012_2012-08-01",0,221,4,6
"5855","HAR","HAR07",2012,2012-08-01,2012-08-15,6,14,"HAR072012","summer","HAR072012_2012-08-01",0,221,4,4
"5856","HAR","HAR09",2012,2012-08-01,2012-08-15,6,14,"HAR092012","summer","HAR092012_2012-08-01",0,221,7,8
"5857","HAR","HAR10",2012,2012-08-01,2012-08-15,6,14,"HAR102012","summer","HAR102012_2012-08-01",1,221,8,31
"5858","HAR","HAR11",2012,2012-08-01,2012-08-15,6,14,"HAR112012","summer","HAR112012_2012-08-01",0,221,4,6
"5859","HAR","HAR12",2012,2012-08-01,2012-08-15,6,14,"HAR122012","summer","HAR122012_2012-08-01",1,221,6,7
"5860","HAR","HAR14",2012,2012-08-01,2012-08-15,6,14,"HAR142012","summer","HAR142012_2012-08-01",0,221,4,6
"5861","HAR","HAR15",2012,2012-08-01,2012-08-15,6,14,"HAR152012","summer","HAR152012_2012-08-01",3,221,10,17
"5862","HAR","HAR16",2012,2012-08-01,2012-08-15,6,14,"HAR162012","summer","HAR162012_2012-08-01",1,221,14,27
"5863","WAN","WAN01",2012,2012-08-01,2012-08-15,6,14,"WAN012012","summer","WAN012012_2012-08-01",14,221,5,11
"5864","WAN","WAN02",2012,2012-08-01,2012-08-15,6,14,"WAN022012","summer","WAN022012_2012-08-01",0,221,6,7
"5865","WAN","WAN03",2012,2012-08-01,2012-08-15,6,14,"WAN032012","summer","WAN032012_2012-08-01",3,221,3,3
"5866","WAN","WAN04",2012,2012-08-01,2012-08-15,6,14,"WAN042012","summer","WAN042012_2012-08-01",1,221,7,9
"5867","WAN","WAN05",2012,2012-08-01,2012-08-15,6,14,"WAN052012","summer","WAN052012_2012-08-01",0,221,1,1
"5868","WAN","WAN07",2012,2012-08-01,2012-08-15,6,14,"WAN072012","summer","WAN072012_2012-08-01",1,221,6,7
"5869","WAN","WAN09",2012,2012-08-01,2012-08-15,6,14,"WAN092012","summer","WAN092012_2012-08-01",0,221,2,2
"5870","WAN","WAN10",2012,2012-08-01,2012-08-15,6,14,"WAN102012","summer","WAN102012_2012-08-01",1,221,11,23
"5871","WAN","WAN11",2012,2012-08-01,2012-08-15,6,14,"WAN112012","summer","WAN112012_2012-08-01",1,221,1,1
"5872","WAN","WAN12",2012,2012-08-01,2012-08-15,6,14,"WAN122012","summer","WAN122012_2012-08-01",2,221,3,3
"5873","WAN","WAN13",2012,2012-08-01,2012-08-15,6,14,"WAN132012","summer","WAN132012_2012-08-01",2,221,3,4
"5874","WAN","WAN14",2012,2012-08-01,2012-08-15,6,14,"WAN142012","summer","WAN142012_2012-08-01",1,221,3,3
"5875","WAN","WAN15",2012,2012-08-01,2012-08-15,6,14,"WAN152012","summer","WAN152012_2012-08-01",0,221,2,3
"5876","WAN","WAN16",2012,2012-08-01,2012-08-15,6,14,"WAN162012","summer","WAN162012_2012-08-01",1,221,2,8
"5877","HAR","HAR01",2012,2012-08-15,2012-08-29,6,14,"HAR012012","summer","HAR012012_2012-08-15",1,235,3,4
"5878","HAR","HAR03",2012,2012-08-15,2012-08-29,6,14,"HAR032012","summer","HAR032012_2012-08-15",1,235,0,0
"5879","HAR","HAR06",2012,2012-08-15,2012-08-29,6,14,"HAR062012","summer","HAR062012_2012-08-15",1,235,1,1
"5880","HAR","HAR07",2012,2012-08-15,2012-08-29,6,14,"HAR072012","summer","HAR072012_2012-08-15",0,235,2,4
"5881","HAR","HAR08",2012,2012-08-15,2012-08-29,6,14,"HAR082012","summer","HAR082012_2012-08-15",0,235,8,12
"5882","HAR","HAR09",2012,2012-08-15,2012-08-29,6,14,"HAR092012","summer","HAR092012_2012-08-15",0,235,5,5
"5883","HAR","HAR10",2012,2012-08-15,2012-08-29,6,14,"HAR102012","summer","HAR102012_2012-08-15",3,235,12,18
"5884","HAR","HAR11",2012,2012-08-15,2012-08-29,6,14,"HAR112012","summer","HAR112012_2012-08-15",0,235,6,9
"5885","HAR","HAR12",2012,2012-08-15,2012-08-29,6,14,"HAR122012","summer","HAR122012_2012-08-15",3,235,1,1
"5886","HAR","HAR13",2012,2012-08-15,2012-08-29,6,14,"HAR132012","summer","HAR132012_2012-08-15",7,235,3,3
"5887","HAR","HAR14",2012,2012-08-15,2012-08-29,6,14,"HAR142012","summer","HAR142012_2012-08-15",3,235,3,3
"5888","HAR","HAR15",2012,2012-08-15,2012-08-29,6,14,"HAR152012","summer","HAR152012_2012-08-15",6,235,5,7
"5889","HAR","HAR16",2012,2012-08-15,2012-08-29,6,14,"HAR162012","summer","HAR162012_2012-08-15",7,235,3,7
"5890","WAN","WAN01",2012,2012-08-15,2012-08-29,6,14,"WAN012012","summer","WAN012012_2012-08-15",6,235,1,4
"5891","WAN","WAN02",2012,2012-08-15,2012-08-29,6,14,"WAN022012","summer","WAN022012_2012-08-15",1,235,2,3
"5892","WAN","WAN03",2012,2012-08-15,2012-08-29,6,14,"WAN032012","summer","WAN032012_2012-08-15",1,235,1,1
"5893","WAN","WAN04",2012,2012-08-15,2012-08-29,6,14,"WAN042012","summer","WAN042012_2012-08-15",1,235,1,1
"5894","WAN","WAN06",2012,2012-08-15,2012-08-29,6,14,"WAN062012","summer","WAN062012_2012-08-15",1,235,2,3
"5895","WAN","WAN07",2012,2012-08-15,2012-08-29,6,14,"WAN072012","summer","WAN072012_2012-08-15",0,235,1,2
"5896","WAN","WAN08",2012,2012-08-15,2012-08-29,6,14,"WAN082012","summer","WAN082012_2012-08-15",1,235,1,1
"5897","WAN","WAN09",2012,2012-08-15,2012-08-29,6,14,"WAN092012","summer","WAN092012_2012-08-15",0,235,3,3
"5898","WAN","WAN10",2012,2012-08-15,2012-08-29,6,14,"WAN102012","summer","WAN102012_2012-08-15",1,235,5,5
"5899","WAN","WAN11",2012,2012-08-15,2012-08-29,6,14,"WAN112012","summer","WAN112012_2012-08-15",0,235,1,1
"5900","WAN","WAN13",2012,2012-08-15,2012-08-29,6,14,"WAN132012","summer","WAN132012_2012-08-15",0,235,1,1
"5901","WAN","WAN14",2012,2012-08-15,2012-08-29,6,14,"WAN142012","summer","WAN142012_2012-08-15",2,235,2,3
"5902","WAN","WAN15",2012,2012-08-15,2012-08-29,6,14,"WAN152012","summer","WAN152012_2012-08-15",0,235,4,4
"5903","HAR","HAR01",2012,2012-08-29,2012-09-12,6,14,"HAR012012","summer","HAR012012_2012-08-29",0,249,2,2
"5904","HAR","HAR02",2012,2012-08-29,2012-09-12,6,14,"HAR022012","summer","HAR022012_2012-08-29",0,249,1,1
"5905","HAR","HAR03",2012,2012-08-29,2012-09-12,6,14,"HAR032012","summer","HAR032012_2012-08-29",1,249,0,0
"5906","HAR","HAR05",2012,2012-08-29,2012-09-12,6,14,"HAR052012","summer","HAR052012_2012-08-29",3,249,12,50
"5907","HAR","HAR06",2012,2012-08-29,2012-09-12,6,14,"HAR062012","summer","HAR062012_2012-08-29",1,249,3,4
"5908","HAR","HAR07",2012,2012-08-29,2012-09-12,6,14,"HAR072012","summer","HAR072012_2012-08-29",0,249,5,6
"5909","HAR","HAR08",2012,2012-08-29,2012-09-12,6,14,"HAR082012","summer","HAR082012_2012-08-29",2,249,0,0
"5910","HAR","HAR09",2012,2012-08-29,2012-09-12,6,14,"HAR092012","summer","HAR092012_2012-08-29",4,249,4,5
"5911","HAR","HAR10",2012,2012-08-29,2012-09-12,6,14,"HAR102012","summer","HAR102012_2012-08-29",2,249,9,20
"5912","HAR","HAR11",2012,2012-08-29,2012-09-12,6,14,"HAR112012","summer","HAR112012_2012-08-29",1,249,6,6
"5913","HAR","HAR12",2012,2012-08-29,2012-09-12,6,14,"HAR122012","summer","HAR122012_2012-08-29",3,249,4,8
"5914","HAR","HAR13",2012,2012-08-29,2012-09-12,6,14,"HAR132012","summer","HAR132012_2012-08-29",4,249,7,8
"5915","HAR","HAR14",2012,2012-08-29,2012-09-12,6,14,"HAR142012","summer","HAR142012_2012-08-29",3,249,3,4
"5916","HAR","HAR15",2012,2012-08-29,2012-09-12,6,14,"HAR152012","summer","HAR152012_2012-08-29",9,249,7,10
"5917","WAN","WAN01",2012,2012-08-29,2012-09-12,6,14,"WAN012012","summer","WAN012012_2012-08-29",0,249,1,5
"5918","WAN","WAN02",2012,2012-08-29,2012-09-12,6,14,"WAN022012","summer","WAN022012_2012-08-29",0,249,4,4
"5919","WAN","WAN03",2012,2012-08-29,2012-09-12,6,14,"WAN032012","summer","WAN032012_2012-08-29",1,249,2,2
"5920","WAN","WAN04",2012,2012-08-29,2012-09-12,6,14,"WAN042012","summer","WAN042012_2012-08-29",0,249,2,2
"5921","WAN","WAN05",2012,2012-08-29,2012-09-12,6,14,"WAN052012","summer","WAN052012_2012-08-29",0,249,2,2
"5922","WAN","WAN06",2012,2012-08-29,2012-09-12,6,14,"WAN062012","summer","WAN062012_2012-08-29",0,249,2,2
"5923","WAN","WAN07",2012,2012-08-29,2012-09-12,6,14,"WAN072012","summer","WAN072012_2012-08-29",0,249,1,1
"5924","WAN","WAN09",2012,2012-08-29,2012-09-12,6,14,"WAN092012","summer","WAN092012_2012-08-29",1,249,1,1
"5925","WAN","WAN10",2012,2012-08-29,2012-09-12,6,14,"WAN102012","summer","WAN102012_2012-08-29",1,249,2,3
"5926","WAN","WAN12",2012,2012-08-29,2012-09-12,6,14,"WAN122012","summer","WAN122012_2012-08-29",4,249,0,0
"5927","WAN","WAN15",2012,2012-08-29,2012-09-12,6,14,"WAN152012","summer","WAN152012_2012-08-29",0,249,1,1
"5928","WAN","WAN16",2012,2012-08-29,2012-09-12,6,14,"WAN162012","summer","WAN162012_2012-08-29",0,249,1,1
"5929","FBG","FBG01",2013,2013-08-19,2013-09-02,6,14,"FBG012013","summer","FBG012013_2013-08-19",3,238,5,8
"5930","FBG","FBG02",2013,2013-08-19,2013-09-02,6,14,"FBG022013","summer","FBG022013_2013-08-19",3,238,6,7
"5931","FBG","FBG03",2013,2013-08-19,2013-09-02,6,14,"FBG032013","summer","FBG032013_2013-08-19",2,238,3,13
"5932","FBG","FBG04",2013,2013-08-19,2013-09-02,6,14,"FBG042013","summer","FBG042013_2013-08-19",0,238,2,7
"5933","FBG","FBG06",2013,2013-08-19,2013-09-02,6,14,"FBG062013","summer","FBG062013_2013-08-19",1,238,2,2
"5934","FBG","FBG07",2013,2013-08-19,2013-09-02,6,14,"FBG072013","summer","FBG072013_2013-08-19",0,238,5,13
"5935","FBG","FBG08",2013,2013-08-19,2013-09-02,6,14,"FBG082013","summer","FBG082013_2013-08-19",0,238,2,2
"5936","FBG","FBG09",2013,2013-08-19,2013-09-02,6,14,"FBG092013","summer","FBG092013_2013-08-19",2,238,7,12
"5937","FBG","FBG10",2013,2013-08-19,2013-09-02,6,14,"FBG102013","summer","FBG102013_2013-08-19",3,238,4,8
"5938","FBG","FBG11",2013,2013-08-19,2013-09-02,6,14,"FBG112013","summer","FBG112013_2013-08-19",1,238,7,8
"5939","FBG","FBG12",2013,2013-08-19,2013-09-02,6,14,"FBG122013","summer","FBG122013_2013-08-19",1,238,2,2
"5940","FBG","FBG13",2013,2013-08-19,2013-09-02,6,14,"FBG132013","summer","FBG132013_2013-08-19",6,238,2,3
"5941","FBG","FBG14",2013,2013-08-19,2013-09-02,6,14,"FBG142013","summer","FBG142013_2013-08-19",1,238,1,2
"5942","FBG","FBG15",2013,2013-08-19,2013-09-02,6,14,"FBG152013","summer","FBG152013_2013-08-19",0,238,3,3
"5943","SST","SST01",2013,2013-08-19,2013-09-02,6,14,"SST012013","summer","SST012013_2013-08-19",0,238,3,3
"5944","SST","SST02",2013,2013-08-19,2013-09-02,6,14,"SST022013","summer","SST022013_2013-08-19",0,238,1,1
"5945","SST","SST03",2013,2013-08-19,2013-09-02,6,14,"SST032013","summer","SST032013_2013-08-19",1,238,1,1
"5946","SST","SST04",2013,2013-08-19,2013-09-02,6,14,"SST042013","summer","SST042013_2013-08-19",2,238,7,9
"5947","SST","SST05",2013,2013-08-19,2013-09-02,6,14,"SST052013","summer","SST052013_2013-08-19",0,238,4,5
"5948","SST","SST06",2013,2013-08-19,2013-09-02,6,14,"SST062013","summer","SST062013_2013-08-19",0,238,2,2
"5949","SST","SST08",2013,2013-08-19,2013-09-02,6,14,"SST082013","summer","SST082013_2013-08-19",0,238,1,1
"5950","SST","SST10",2013,2013-08-19,2013-09-02,6,14,"SST102013","summer","SST102013_2013-08-19",1,238,1,1
"5951","SST","SST11",2013,2013-08-19,2013-09-02,6,14,"SST112013","summer","SST112013_2013-08-19",0,238,2,2
"5952","SST","SST12",2013,2013-08-19,2013-09-02,6,14,"SST122013","summer","SST122013_2013-08-19",1,238,0,0
"5953","SST","SST13",2013,2013-08-19,2013-09-02,6,14,"SST132013","summer","SST132013_2013-08-19",1,238,4,6
"5954","SST","SST14",2013,2013-08-19,2013-09-02,6,14,"SST142013","summer","SST142013_2013-08-19",1,238,2,2
"5955","SST","SST15",2013,2013-08-19,2013-09-02,6,14,"SST152013","summer","SST152013_2013-08-19",0,238,1,1
"5956","SST","SST16",2013,2013-08-19,2013-09-02,6,14,"SST162013","summer","SST162013_2013-08-19",0,238,1,1
"5957","HAR","HAR01",2013,2013-08-20,2013-09-03,6,14,"HAR012013","summer","HAR012013_2013-08-20",0,239,2,3
"5958","HAR","HAR02",2013,2013-08-20,2013-09-03,6,14,"HAR022013","summer","HAR022013_2013-08-20",1,239,1,2
"5959","HAR","HAR03",2013,2013-08-20,2013-09-03,6,14,"HAR032013","summer","HAR032013_2013-08-20",4,239,3,9
"5960","HAR","HAR04",2013,2013-08-20,2013-09-03,6,14,"HAR042013","summer","HAR042013_2013-08-20",0,239,1,1
"5961","HAR","HAR05",2013,2013-08-20,2013-09-03,6,14,"HAR052013","summer","HAR052013_2013-08-20",3,239,6,8
"5962","HAR","HAR06",2013,2013-08-20,2013-09-03,6,14,"HAR062013","summer","HAR062013_2013-08-20",1,239,4,5
"5963","HAR","HAR07",2013,2013-08-20,2013-09-03,6,14,"HAR072013","summer","HAR072013_2013-08-20",0,239,3,3
"5964","HAR","HAR08",2013,2013-08-20,2013-09-03,6,14,"HAR082013","summer","HAR082013_2013-08-20",1,239,0,0
"5965","HAR","HAR10",2013,2013-08-20,2013-09-03,6,14,"HAR102013","summer","HAR102013_2013-08-20",4,239,2,3
"5966","HAR","HAR12",2013,2013-08-20,2013-09-03,6,14,"HAR122013","summer","HAR122013_2013-08-20",2,239,2,2
"5967","HAR","HAR13",2013,2013-08-20,2013-09-03,6,14,"HAR132013","summer","HAR132013_2013-08-20",0,239,4,5
"5968","HAR","HAR14",2013,2013-08-20,2013-09-03,6,14,"HAR142013","summer","HAR142013_2013-08-20",2,239,3,3
"5969","HAR","HAR15",2013,2013-08-20,2013-09-03,6,14,"HAR152013","summer","HAR152013_2013-08-20",9,239,4,4
"5970","HAR","HAR16",2013,2013-08-20,2013-09-03,6,14,"HAR162013","summer","HAR162013_2013-08-20",1,239,3,3
"5971","WAN","WAN01",2013,2013-08-20,2013-09-03,6,14,"WAN012013","summer","WAN012013_2013-08-20",2,239,3,4
"5972","WAN","WAN02",2013,2013-08-20,2013-09-03,6,14,"WAN022013","summer","WAN022013_2013-08-20",0,239,4,4
"5973","WAN","WAN03",2013,2013-08-20,2013-09-03,6,14,"WAN032013","summer","WAN032013_2013-08-20",1,239,3,4
"5974","WAN","WAN04",2013,2013-08-20,2013-09-03,6,14,"WAN042013","summer","WAN042013_2013-08-20",1,239,2,2
"5975","WAN","WAN06",2013,2013-08-20,2013-09-03,6,14,"WAN062013","summer","WAN062013_2013-08-20",7,239,6,10
"5976","WAN","WAN07",2013,2013-08-20,2013-09-03,6,14,"WAN072013","summer","WAN072013_2013-08-20",4,239,3,4
"5977","WAN","WAN09",2013,2013-08-20,2013-09-03,6,14,"WAN092013","summer","WAN092013_2013-08-20",31,239,4,6
"5978","WAN","WAN10",2013,2013-08-20,2013-09-03,6,14,"WAN102013","summer","WAN102013_2013-08-20",1,239,2,2
"5979","WAN","WAN11",2013,2013-08-20,2013-09-03,6,14,"WAN112013","summer","WAN112013_2013-08-20",1,239,0,0
"5980","WAN","WAN12",2013,2013-08-20,2013-09-03,6,14,"WAN122013","summer","WAN122013_2013-08-20",2,239,3,3
"5981","WAN","WAN13",2013,2013-08-20,2013-09-03,6,14,"WAN132013","summer","WAN132013_2013-08-20",14,239,0,0
"5982","WAN","WAN14",2013,2013-08-20,2013-09-03,6,14,"WAN142013","summer","WAN142013_2013-08-20",5,239,0,0
"5983","WAN","WAN15",2013,2013-08-20,2013-09-03,6,14,"WAN152013","summer","WAN152013_2013-08-20",0,239,4,4
"5984","WAN","WAN16",2013,2013-08-20,2013-09-03,6,14,"WAN162013","summer","WAN162013_2013-08-20",1,239,0,0
"5985","GFH","GFH01",2013,2013-08-21,2013-09-04,6,14,"GFH012013","summer","GFH012013_2013-08-21",0,240,2,2
"5986","GFH","GFH02",2013,2013-08-21,2013-09-04,6,14,"GFH022013","summer","GFH022013_2013-08-21",5,240,0,0
"5987","GFH","GFH03",2013,2013-08-21,2013-09-04,6,14,"GFH032013","summer","GFH032013_2013-08-21",6,240,2,5
"5988","GFH","GFH04",2013,2013-08-21,2013-09-04,6,14,"GFH042013","summer","GFH042013_2013-08-21",1,240,3,3
"5989","GFH","GFH05",2013,2013-08-21,2013-09-04,6,14,"GFH052013","summer","GFH052013_2013-08-21",3,240,2,2
"5990","GFH","GFH07",2013,2013-08-21,2013-09-04,6,14,"GFH072013","summer","GFH072013_2013-08-21",2,240,2,2
"5991","GFH","GFH08",2013,2013-08-21,2013-09-04,6,14,"GFH082013","summer","GFH082013_2013-08-21",3,240,2,2
"5992","GFH","GFH10",2013,2013-08-21,2013-09-04,6,14,"GFH102013","summer","GFH102013_2013-08-21",10,240,4,4
"5993","GFH","GFH11",2013,2013-08-21,2013-09-04,6,14,"GFH112013","summer","GFH112013_2013-08-21",19,240,6,6
"5994","GFH","GFH12",2013,2013-08-21,2013-09-04,6,14,"GFH122013","summer","GFH122013_2013-08-21",10,240,0,0
"5995","GFH","GFH13",2013,2013-08-21,2013-09-04,6,14,"GFH132013","summer","GFH132013_2013-08-21",14,240,0,0
"5996","GFH","GFH14",2013,2013-08-21,2013-09-04,6,14,"GFH142013","summer","GFH142013_2013-08-21",6,240,4,4
"5997","GFH","GFH15",2013,2013-08-21,2013-09-04,6,14,"GFH152013","summer","GFH152013_2013-08-21",46,240,4,5
"5998","GFH","GFH16",2013,2013-08-21,2013-09-04,6,14,"GFH162013","summer","GFH162013_2013-08-21",22,240,7,8
"5999","SIP","SIP01",2013,2013-08-21,2013-09-04,6,14,"SIP012013","summer","SIP012013_2013-08-21",0,240,1,1
"6000","SIP","SIP02",2013,2013-08-21,2013-09-04,6,14,"SIP022013","summer","SIP022013_2013-08-21",0,240,2,5
"6001","SIP","SIP03",2013,2013-08-21,2013-09-04,6,14,"SIP032013","summer","SIP032013_2013-08-21",0,240,3,4
"6002","SIP","SIP05",2013,2013-08-21,2013-09-04,6,14,"SIP052013","summer","SIP052013_2013-08-21",0,240,1,1
"6003","SIP","SIP06",2013,2013-08-21,2013-09-04,6,14,"SIP062013","summer","SIP062013_2013-08-21",1,240,3,5
"6004","SIP","SIP08",2013,2013-08-21,2013-09-04,6,14,"SIP082013","summer","SIP082013_2013-08-21",0,240,6,6
"6005","SIP","SIP09",2013,2013-08-21,2013-09-04,6,14,"SIP092013","summer","SIP092013_2013-08-21",0,240,3,5
"6006","SIP","SIP10",2013,2013-08-21,2013-09-04,6,14,"SIP102013","summer","SIP102013_2013-08-21",0,240,1,1
"6007","SIP","SIP11",2013,2013-08-21,2013-09-04,6,14,"SIP112013","summer","SIP112013_2013-08-21",0,240,2,2
"6008","SIP","SIP12",2013,2013-08-21,2013-09-04,6,14,"SIP122013","summer","SIP122013_2013-08-21",0,240,2,7
"6009","SIP","SIP13",2013,2013-08-21,2013-09-04,6,14,"SIP132013","summer","SIP132013_2013-08-21",0,240,3,5
"6010","SIP","SIP15",2013,2013-08-21,2013-09-04,6,14,"SIP152013","summer","SIP152013_2013-08-21",0,240,3,5
"6011","SIP","SIP16",2013,2013-08-21,2013-09-04,6,14,"SIP162013","summer","SIP162013_2013-08-21",0,240,6,13
"6012","FBG","FBG01",2013,2013-09-02,2013-09-16,6,14,"FBG012013","summer","FBG012013_2013-09-02",3,252,3,3
"6013","FBG","FBG02",2013,2013-09-02,2013-09-16,6,14,"FBG022013","summer","FBG022013_2013-09-02",4,252,6,7
"6014","FBG","FBG03",2013,2013-09-02,2013-09-16,6,14,"FBG032013","summer","FBG032013_2013-09-02",1,252,4,6
"6015","FBG","FBG04",2013,2013-09-02,2013-09-16,6,14,"FBG042013","summer","FBG042013_2013-09-02",0,252,4,10
"6016","FBG","FBG06",2013,2013-09-02,2013-09-16,6,14,"FBG062013","summer","FBG062013_2013-09-02",4,252,9,19
"6017","FBG","FBG07",2013,2013-09-02,2013-09-16,6,14,"FBG072013","summer","FBG072013_2013-09-02",4,252,6,9
"6018","FBG","FBG08",2013,2013-09-02,2013-09-16,6,14,"FBG082013","summer","FBG082013_2013-09-02",0,252,3,6
"6019","FBG","FBG09",2013,2013-09-02,2013-09-16,6,14,"FBG092013","summer","FBG092013_2013-09-02",4,252,6,8
"6020","FBG","FBG10",2013,2013-09-02,2013-09-16,6,14,"FBG102013","summer","FBG102013_2013-09-02",4,252,3,4
"6021","FBG","FBG11",2013,2013-09-02,2013-09-16,6,14,"FBG112013","summer","FBG112013_2013-09-02",3,252,2,3
"6022","FBG","FBG12",2013,2013-09-02,2013-09-16,6,14,"FBG122013","summer","FBG122013_2013-09-02",2,252,0,0
"6023","FBG","FBG13",2013,2013-09-02,2013-09-16,6,14,"FBG132013","summer","FBG132013_2013-09-02",5,252,3,3
"6024","FBG","FBG14",2013,2013-09-02,2013-09-16,6,14,"FBG142013","summer","FBG142013_2013-09-02",10,252,5,5
"6025","FBG","FBG15",2013,2013-09-02,2013-09-16,6,14,"FBG152013","summer","FBG152013_2013-09-02",6,252,8,10
"6026","FBG","FBG16",2013,2013-09-02,2013-09-16,6,14,"FBG162013","summer","FBG162013_2013-09-02",2,252,0,0
"6027","SST","SST01",2013,2013-09-02,2013-09-16,6,14,"SST012013","summer","SST012013_2013-09-02",0,252,1,1
"6028","SST","SST02",2013,2013-09-02,2013-09-16,6,14,"SST022013","summer","SST022013_2013-09-02",1,252,1,1
"6029","SST","SST03",2013,2013-09-02,2013-09-16,6,14,"SST032013","summer","SST032013_2013-09-02",2,252,2,2
"6030","SST","SST04",2013,2013-09-02,2013-09-16,6,14,"SST042013","summer","SST042013_2013-09-02",6,252,3,5
"6031","SST","SST05",2013,2013-09-02,2013-09-16,6,14,"SST052013","summer","SST052013_2013-09-02",0,252,2,4
"6032","SST","SST08",2013,2013-09-02,2013-09-16,6,14,"SST082013","summer","SST082013_2013-09-02",1,252,0,0
"6033","SST","SST10",2013,2013-09-02,2013-09-16,6,14,"SST102013","summer","SST102013_2013-09-02",2,252,6,8
"6034","SST","SST11",2013,2013-09-02,2013-09-16,6,14,"SST112013","summer","SST112013_2013-09-02",0,252,3,3
"6035","SST","SST12",2013,2013-09-02,2013-09-16,6,14,"SST122013","summer","SST122013_2013-09-02",2,252,0,0
"6036","SST","SST13",2013,2013-09-02,2013-09-16,6,14,"SST132013","summer","SST132013_2013-09-02",1,252,6,8
"6037","SST","SST14",2013,2013-09-02,2013-09-16,6,14,"SST142013","summer","SST142013_2013-09-02",0,252,2,2
"6038","SST","SST15",2013,2013-09-02,2013-09-16,6,14,"SST152013","summer","SST152013_2013-09-02",1,252,1,1
"6039","HAR","HAR01",2013,2013-09-03,2013-09-17,6,14,"HAR012013","summer","HAR012013_2013-09-03",0,253,3,3
"6040","HAR","HAR02",2013,2013-09-03,2013-09-17,6,14,"HAR022013","summer","HAR022013_2013-09-03",1,253,0,0
"6041","HAR","HAR03",2013,2013-09-03,2013-09-17,6,14,"HAR032013","summer","HAR032013_2013-09-03",0,253,1,1
"6042","HAR","HAR05",2013,2013-09-03,2013-09-17,6,14,"HAR052013","summer","HAR052013_2013-09-03",0,253,7,9
"6043","HAR","HAR09",2013,2013-09-03,2013-09-17,6,14,"HAR092013","summer","HAR092013_2013-09-03",2,253,5,10
"6044","HAR","HAR10",2013,2013-09-03,2013-09-17,6,14,"HAR102013","summer","HAR102013_2013-09-03",1,253,0,0
"6045","HAR","HAR11",2013,2013-09-03,2013-09-17,6,14,"HAR112013","summer","HAR112013_2013-09-03",0,253,2,2
"6046","HAR","HAR12",2013,2013-09-03,2013-09-17,6,14,"HAR122013","summer","HAR122013_2013-09-03",3,253,0,0
"6047","HAR","HAR13",2013,2013-09-03,2013-09-17,6,14,"HAR132013","summer","HAR132013_2013-09-03",1,253,3,3
"6048","HAR","HAR14",2013,2013-09-03,2013-09-17,6,14,"HAR142013","summer","HAR142013_2013-09-03",2,253,4,5
"6049","HAR","HAR15",2013,2013-09-03,2013-09-17,6,14,"HAR152013","summer","HAR152013_2013-09-03",3,253,0,0
"6050","WAN","WAN01",2013,2013-09-03,2013-09-17,6,14,"WAN012013","summer","WAN012013_2013-09-03",3,253,2,2
"6051","WAN","WAN02",2013,2013-09-03,2013-09-17,6,14,"WAN022013","summer","WAN022013_2013-09-03",0,253,1,1
"6052","WAN","WAN05",2013,2013-09-03,2013-09-17,6,14,"WAN052013","summer","WAN052013_2013-09-03",0,253,1,5
"6053","WAN","WAN06",2013,2013-09-03,2013-09-17,6,14,"WAN062013","summer","WAN062013_2013-09-03",1,253,2,2
"6054","WAN","WAN07",2013,2013-09-03,2013-09-17,6,14,"WAN072013","summer","WAN072013_2013-09-03",6,253,1,1
"6055","WAN","WAN10",2013,2013-09-03,2013-09-17,6,14,"WAN102013","summer","WAN102013_2013-09-03",21,253,7,10
"6056","WAN","WAN12",2013,2013-09-03,2013-09-17,6,14,"WAN122013","summer","WAN122013_2013-09-03",0,253,3,3
"6057","WAN","WAN13",2013,2013-09-03,2013-09-17,6,14,"WAN132013","summer","WAN132013_2013-09-03",2,253,1,1
"6058","WAN","WAN14",2013,2013-09-03,2013-09-17,6,14,"WAN142013","summer","WAN142013_2013-09-03",1,253,0,0
"6059","GFH","GFH02",2013,2013-09-04,2013-09-18,6,14,"GFH022013","summer","GFH022013_2013-09-04",0,254,2,2
"6060","GFH","GFH03",2013,2013-09-04,2013-09-18,6,14,"GFH032013","summer","GFH032013_2013-09-04",3,254,3,3
"6061","GFH","GFH04",2013,2013-09-04,2013-09-18,6,14,"GFH042013","summer","GFH042013_2013-09-04",0,254,5,7
"6062","GFH","GFH06",2013,2013-09-04,2013-09-18,6,14,"GFH062013","summer","GFH062013_2013-09-04",0,254,1,1
"6063","GFH","GFH07",2013,2013-09-04,2013-09-18,6,14,"GFH072013","summer","GFH072013_2013-09-04",1,254,2,2
"6064","GFH","GFH08",2013,2013-09-04,2013-09-18,6,14,"GFH082013","summer","GFH082013_2013-09-04",2,254,1,1
"6065","GFH","GFH09",2013,2013-09-04,2013-09-18,6,14,"GFH092013","summer","GFH092013_2013-09-04",1,254,0,0
"6066","GFH","GFH10",2013,2013-09-04,2013-09-18,6,14,"GFH102013","summer","GFH102013_2013-09-04",0,254,1,1
"6067","GFH","GFH11",2013,2013-09-04,2013-09-18,6,14,"GFH112013","summer","GFH112013_2013-09-04",6,254,5,6
"6068","GFH","GFH12",2013,2013-09-04,2013-09-18,6,14,"GFH122013","summer","GFH122013_2013-09-04",2,254,2,2
"6069","GFH","GFH13",2013,2013-09-04,2013-09-18,6,14,"GFH132013","summer","GFH132013_2013-09-04",8,254,3,3
"6070","GFH","GFH14",2013,2013-09-04,2013-09-18,6,14,"GFH142013","summer","GFH142013_2013-09-04",2,254,0,0
"6071","GFH","GFH15",2013,2013-09-04,2013-09-18,6,14,"GFH152013","summer","GFH152013_2013-09-04",6,254,1,2
"6072","GFH","GFH16",2013,2013-09-04,2013-09-18,6,14,"GFH162013","summer","GFH162013_2013-09-04",4,254,1,1
"6073","SIP","SIP01",2013,2013-09-04,2013-09-18,6,14,"SIP012013","summer","SIP012013_2013-09-04",0,254,1,1
"6074","SIP","SIP02",2013,2013-09-04,2013-09-18,6,14,"SIP022013","summer","SIP022013_2013-09-04",0,254,2,3
"6075","SIP","SIP03",2013,2013-09-04,2013-09-18,6,14,"SIP032013","summer","SIP032013_2013-09-04",0,254,4,4
"6076","SIP","SIP06",2013,2013-09-04,2013-09-18,6,14,"SIP062013","summer","SIP062013_2013-09-04",0,254,2,4
"6077","SIP","SIP07",2013,2013-09-04,2013-09-18,6,14,"SIP072013","summer","SIP072013_2013-09-04",0,254,1,2
"6078","SIP","SIP08",2013,2013-09-04,2013-09-18,6,14,"SIP082013","summer","SIP082013_2013-09-04",0,254,1,1
"6079","SIP","SIP09",2013,2013-09-04,2013-09-18,6,14,"SIP092013","summer","SIP092013_2013-09-04",0,254,2,2
"6080","SIP","SIP10",2013,2013-09-04,2013-09-18,6,14,"SIP102013","summer","SIP102013_2013-09-04",0,254,1,1
"6081","SIP","SIP12",2013,2013-09-04,2013-09-18,6,14,"SIP122013","summer","SIP122013_2013-09-04",0,254,2,3
"6082","SIP","SIP14",2013,2013-09-04,2013-09-18,6,14,"SIP142013","summer","SIP142013_2013-09-04",0,254,1,2
"6083","SIP","SIP15",2013,2013-09-04,2013-09-18,6,14,"SIP152013","summer","SIP152013_2013-09-04",1,254,2,2
"6084","SIP","SIP16",2013,2013-09-04,2013-09-18,6,14,"SIP162013","summer","SIP162013_2013-09-04",0,254,3,6
"6085","FBG","FBG01",2014,2014-07-14,2014-07-28,6,14,"FBG012014","summer","FBG012014_2014-07-14",4,202,16,31
"6086","FBG","FBG02",2014,2014-07-14,2014-07-28,6,14,"FBG022014","summer","FBG022014_2014-07-14",2,202,12,17
"6087","FBG","FBG03",2014,2014-07-14,2014-07-28,6,14,"FBG032014","summer","FBG032014_2014-07-14",0,202,5,7
"6088","FBG","FBG04",2014,2014-07-14,2014-07-28,6,14,"FBG042014","summer","FBG042014_2014-07-14",2,202,7,22
"6089","FBG","FBG06",2014,2014-07-14,2014-07-28,6,14,"FBG062014","summer","FBG062014_2014-07-14",0,202,14,27
"6090","FBG","FBG07",2014,2014-07-14,2014-07-28,6,14,"FBG072014","summer","FBG072014_2014-07-14",2,202,18,84
"6091","FBG","FBG08",2014,2014-07-14,2014-07-28,6,14,"FBG082014","summer","FBG082014_2014-07-14",0,202,14,67
"6092","FBG","FBG09",2014,2014-07-14,2014-07-28,6,14,"FBG092014","summer","FBG092014_2014-07-14",1,202,21,43
"6093","FBG","FBG10",2014,2014-07-14,2014-07-28,6,14,"FBG102014","summer","FBG102014_2014-07-14",3,202,18,27
"6094","FBG","FBG11",2014,2014-07-14,2014-07-28,6,14,"FBG112014","summer","FBG112014_2014-07-14",2,202,5,9
"6095","FBG","FBG12",2014,2014-07-14,2014-07-28,6,14,"FBG122014","summer","FBG122014_2014-07-14",0,202,5,11
"6096","FBG","FBG13",2014,2014-07-14,2014-07-28,6,14,"FBG132014","summer","FBG132014_2014-07-14",3,202,14,23
"6097","FBG","FBG14",2014,2014-07-14,2014-07-28,6,14,"FBG142014","summer","FBG142014_2014-07-14",0,202,9,15
"6098","FBG","FBG15",2014,2014-07-14,2014-07-28,6,14,"FBG152014","summer","FBG152014_2014-07-14",2,202,12,29
"6099","FBG","FBG16",2014,2014-07-14,2014-07-28,6,14,"FBG162014","summer","FBG162014_2014-07-14",1,202,9,36
"6100","SST","SST01",2014,2014-07-14,2014-07-28,6,14,"SST012014","summer","SST012014_2014-07-14",1,202,7,9
"6101","SST","SST02",2014,2014-07-14,2014-07-28,6,14,"SST022014","summer","SST022014_2014-07-14",0,202,10,19
"6102","SST","SST03",2014,2014-07-14,2014-07-28,6,14,"SST032014","summer","SST032014_2014-07-14",0,202,6,7
"6103","SST","SST04",2014,2014-07-14,2014-07-28,6,14,"SST042014","summer","SST042014_2014-07-14",0,202,5,6
"6104","SST","SST05",2014,2014-07-14,2014-07-28,6,14,"SST052014","summer","SST052014_2014-07-14",2,202,13,18
"6105","SST","SST06",2014,2014-07-14,2014-07-28,6,14,"SST062014","summer","SST062014_2014-07-14",0,202,8,17
"6106","SST","SST07",2014,2014-07-14,2014-07-28,6,14,"SST072014","summer","SST072014_2014-07-14",0,202,6,10
"6107","SST","SST08",2014,2014-07-14,2014-07-28,6,14,"SST082014","summer","SST082014_2014-07-14",0,202,2,2
"6108","SST","SST09",2014,2014-07-14,2014-07-28,6,14,"SST092014","summer","SST092014_2014-07-14",0,202,5,9
"6109","SST","SST10",2014,2014-07-14,2014-07-28,6,14,"SST102014","summer","SST102014_2014-07-14",1,202,12,27
"6110","SST","SST11",2014,2014-07-14,2014-07-28,6,14,"SST112014","summer","SST112014_2014-07-14",0,202,8,9
"6111","SST","SST12",2014,2014-07-14,2014-07-28,6,14,"SST122014","summer","SST122014_2014-07-14",0,202,3,3
"6112","SST","SST13",2014,2014-07-14,2014-07-28,6,14,"SST132014","summer","SST132014_2014-07-14",1,202,6,7
"6113","SST","SST14",2014,2014-07-14,2014-07-28,6,14,"SST142014","summer","SST142014_2014-07-14",1,202,4,5
"6114","SST","SST16",2014,2014-07-14,2014-07-28,6,14,"SST162014","summer","SST162014_2014-07-14",0,202,5,5
"6115","HAR","HAR01",2014,2014-07-15,2014-07-29,6,14,"HAR012014","summer","HAR012014_2014-07-15",0,203,1,1
"6116","HAR","HAR02",2014,2014-07-15,2014-07-29,6,14,"HAR022014","summer","HAR022014_2014-07-15",0,203,1,1
"6117","HAR","HAR03",2014,2014-07-15,2014-07-29,6,14,"HAR032014","summer","HAR032014_2014-07-15",0,203,4,4
"6118","HAR","HAR04",2014,2014-07-15,2014-07-29,6,14,"HAR042014","summer","HAR042014_2014-07-15",1,203,1,1
"6119","HAR","HAR05",2014,2014-07-15,2014-07-29,6,14,"HAR052014","summer","HAR052014_2014-07-15",0,203,11,116
"6120","HAR","HAR06",2014,2014-07-15,2014-07-29,6,14,"HAR062014","summer","HAR062014_2014-07-15",1,203,4,6
"6121","HAR","HAR08",2014,2014-07-15,2014-07-29,6,14,"HAR082014","summer","HAR082014_2014-07-15",0,203,2,4
"6122","HAR","HAR09",2014,2014-07-15,2014-07-29,6,14,"HAR092014","summer","HAR092014_2014-07-15",0,203,2,2
"6123","HAR","HAR10",2014,2014-07-15,2014-07-29,6,14,"HAR102014","summer","HAR102014_2014-07-15",0,203,11,592
"6124","HAR","HAR11",2014,2014-07-15,2014-07-29,6,14,"HAR112014","summer","HAR112014_2014-07-15",0,203,2,2
"6125","HAR","HAR12",2014,2014-07-15,2014-07-29,6,14,"HAR122014","summer","HAR122014_2014-07-15",0,203,3,3
"6126","HAR","HAR13",2014,2014-07-15,2014-07-29,6,14,"HAR132014","summer","HAR132014_2014-07-15",0,203,6,7
"6127","HAR","HAR14",2014,2014-07-15,2014-07-29,6,14,"HAR142014","summer","HAR142014_2014-07-15",0,203,4,7
"6128","HAR","HAR15",2014,2014-07-15,2014-07-29,6,14,"HAR152014","summer","HAR152014_2014-07-15",1,203,1,1
"6129","HAR","HAR16",2014,2014-07-15,2014-07-29,6,14,"HAR162014","summer","HAR162014_2014-07-15",1,203,8,10
"6130","WAN","WAN01",2014,2014-07-15,2014-07-29,6,14,"WAN012014","summer","WAN012014_2014-07-15",1,203,3,8
"6131","WAN","WAN02",2014,2014-07-15,2014-07-29,6,14,"WAN022014","summer","WAN022014_2014-07-15",0,203,4,8
"6132","WAN","WAN06",2014,2014-07-15,2014-07-29,6,14,"WAN062014","summer","WAN062014_2014-07-15",3,203,5,8
"6133","WAN","WAN07",2014,2014-07-15,2014-07-29,6,14,"WAN072014","summer","WAN072014_2014-07-15",0,203,1,1
"6134","WAN","WAN08",2014,2014-07-15,2014-07-29,6,14,"WAN082014","summer","WAN082014_2014-07-15",1,203,0,0
"6135","WAN","WAN09",2014,2014-07-15,2014-07-29,6,14,"WAN092014","summer","WAN092014_2014-07-15",1,203,4,4
"6136","WAN","WAN10",2014,2014-07-15,2014-07-29,6,14,"WAN102014","summer","WAN102014_2014-07-15",3,203,7,9
"6137","WAN","WAN11",2014,2014-07-15,2014-07-29,6,14,"WAN112014","summer","WAN112014_2014-07-15",0,203,2,2
"6138","WAN","WAN12",2014,2014-07-15,2014-07-29,6,14,"WAN122014","summer","WAN122014_2014-07-15",1,203,2,2
"6139","WAN","WAN13",2014,2014-07-15,2014-07-29,6,14,"WAN132014","summer","WAN132014_2014-07-15",0,203,1,1
"6140","WAN","WAN14",2014,2014-07-15,2014-07-29,6,14,"WAN142014","summer","WAN142014_2014-07-15",1,203,6,6
"6141","WAN","WAN16",2014,2014-07-15,2014-07-29,6,14,"WAN162014","summer","WAN162014_2014-07-15",0,203,1,1
"6142","GFH","GFH01",2014,2014-07-14,2014-07-30,6,16,"GFH012014","summer","GFH012014_2014-07-14",0,203,2,2
"6143","GFH","GFH02",2014,2014-07-14,2014-07-30,6,16,"GFH022014","summer","GFH022014_2014-07-14",1,203,3,4
"6144","GFH","GFH03",2014,2014-07-14,2014-07-30,6,16,"GFH032014","summer","GFH032014_2014-07-14",0,203,11,24
"6145","GFH","GFH04",2014,2014-07-14,2014-07-30,6,16,"GFH042014","summer","GFH042014_2014-07-14",0,203,3,4
"6146","GFH","GFH05",2014,2014-07-14,2014-07-30,6,16,"GFH052014","summer","GFH052014_2014-07-14",0,203,10,13
"6147","GFH","GFH06",2014,2014-07-14,2014-07-30,6,16,"GFH062014","summer","GFH062014_2014-07-14",0,203,5,9
"6148","GFH","GFH07",2014,2014-07-14,2014-07-30,6,16,"GFH072014","summer","GFH072014_2014-07-14",2,203,3,5
"6149","GFH","GFH08",2014,2014-07-14,2014-07-30,6,16,"GFH082014","summer","GFH082014_2014-07-14",1,203,2,2
"6150","GFH","GFH09",2014,2014-07-14,2014-07-30,6,16,"GFH092014","summer","GFH092014_2014-07-14",0,203,5,8
"6151","GFH","GFH10",2014,2014-07-14,2014-07-30,6,16,"GFH102014","summer","GFH102014_2014-07-14",0,203,6,7
"6152","GFH","GFH11",2014,2014-07-14,2014-07-30,6,16,"GFH112014","summer","GFH112014_2014-07-14",1,203,11,15
"6153","GFH","GFH12",2014,2014-07-14,2014-07-30,6,16,"GFH122014","summer","GFH122014_2014-07-14",0,203,13,22
"6154","GFH","GFH13",2014,2014-07-14,2014-07-30,6,16,"GFH132014","summer","GFH132014_2014-07-14",1,203,6,6
"6155","GFH","GFH14",2014,2014-07-14,2014-07-30,6,16,"GFH142014","summer","GFH142014_2014-07-14",0,203,5,11
"6156","GFH","GFH15",2014,2014-07-14,2014-07-30,6,16,"GFH152014","summer","GFH152014_2014-07-14",4,203,4,6
"6157","GFH","GFH16",2014,2014-07-14,2014-07-30,6,16,"GFH162014","summer","GFH162014_2014-07-14",1,203,9,14
"6158","SIP","SIP01",2014,2014-07-14,2014-07-30,6,16,"SIP012014","summer","SIP012014_2014-07-14",1,203,5,9
"6159","SIP","SIP02",2014,2014-07-14,2014-07-30,6,16,"SIP022014","summer","SIP022014_2014-07-14",4,203,9,15
"6160","SIP","SIP03",2014,2014-07-14,2014-07-30,6,16,"SIP032014","summer","SIP032014_2014-07-14",0,203,9,9
"6161","SIP","SIP05",2014,2014-07-14,2014-07-30,6,16,"SIP052014","summer","SIP052014_2014-07-14",0,203,3,4
"6162","SIP","SIP06",2014,2014-07-14,2014-07-30,6,16,"SIP062014","summer","SIP062014_2014-07-14",0,203,4,4
"6163","SIP","SIP07",2014,2014-07-14,2014-07-30,6,16,"SIP072014","summer","SIP072014_2014-07-14",2,203,4,6
"6164","SIP","SIP08",2014,2014-07-14,2014-07-30,6,16,"SIP082014","summer","SIP082014_2014-07-14",0,203,1,5
"6165","SIP","SIP09",2014,2014-07-14,2014-07-30,6,16,"SIP092014","summer","SIP092014_2014-07-14",0,203,7,15
"6166","SIP","SIP11",2014,2014-07-14,2014-07-30,6,16,"SIP112014","summer","SIP112014_2014-07-14",0,203,1,3
"6167","SIP","SIP12",2014,2014-07-14,2014-07-30,6,16,"SIP122014","summer","SIP122014_2014-07-14",1,203,6,15
"6168","SIP","SIP13",2014,2014-07-14,2014-07-30,6,16,"SIP132014","summer","SIP132014_2014-07-14",0,203,5,5
"6169","SIP","SIP14",2014,2014-07-14,2014-07-30,6,16,"SIP142014","summer","SIP142014_2014-07-14",0,203,3,4
"6170","SIP","SIP15",2014,2014-07-14,2014-07-30,6,16,"SIP152014","summer","SIP152014_2014-07-14",2,203,4,5
"6171","HAR","HAR03",2014,2014-08-14,2014-08-25,6,11,"HAR032014","summer","HAR032014_2014-08-14",4,231.5,0,0
"6172","HAR","HAR04",2014,2014-08-14,2014-08-25,6,11,"HAR042014","summer","HAR042014_2014-08-14",2,231.5,0,0
"6173","HAR","HAR05",2014,2014-08-14,2014-08-25,6,11,"HAR052014","summer","HAR052014_2014-08-14",6,231.5,5,8
"6174","HAR","HAR06",2014,2014-08-14,2014-08-25,6,11,"HAR062014","summer","HAR062014_2014-08-14",3,231.5,0,0
"6175","HAR","HAR07",2014,2014-08-14,2014-08-25,6,11,"HAR072014","summer","HAR072014_2014-08-14",10,231.5,0,0
"6176","HAR","HAR08",2014,2014-08-14,2014-08-25,6,11,"HAR082014","summer","HAR082014_2014-08-14",2,231.5,0,0
"6177","HAR","HAR09",2014,2014-08-14,2014-08-25,6,11,"HAR092014","summer","HAR092014_2014-08-14",4,231.5,2,2
"6178","HAR","HAR10",2014,2014-08-14,2014-08-25,6,11,"HAR102014","summer","HAR102014_2014-08-14",18,231.5,2,4
"6179","HAR","HAR12",2014,2014-08-14,2014-08-25,6,11,"HAR122014","summer","HAR122014_2014-08-14",12,231.5,0,0
"6180","HAR","HAR13",2014,2014-08-14,2014-08-25,6,11,"HAR132014","summer","HAR132014_2014-08-14",5,231.5,0,0
"6181","HAR","HAR14",2014,2014-08-14,2014-08-25,6,11,"HAR142014","summer","HAR142014_2014-08-14",5,231.5,0,0
"6182","HAR","HAR15",2014,2014-08-14,2014-08-25,6,11,"HAR152014","summer","HAR152014_2014-08-14",5,231.5,1,2
"6183","HAR","HAR16",2014,2014-08-14,2014-08-25,6,11,"HAR162014","summer","HAR162014_2014-08-14",0,231.5,1,1
"6184","WAN","WAN01",2014,2014-08-14,2014-08-25,6,11,"WAN012014","summer","WAN012014_2014-08-14",2,231.5,2,2
"6185","WAN","WAN02",2014,2014-08-14,2014-08-25,6,11,"WAN022014","summer","WAN022014_2014-08-14",2,231.5,1,1
"6186","WAN","WAN03",2014,2014-08-14,2014-08-25,6,11,"WAN032014","summer","WAN032014_2014-08-14",2,231.5,0,0
"6187","WAN","WAN04",2014,2014-08-14,2014-08-25,6,11,"WAN042014","summer","WAN042014_2014-08-14",1,231.5,3,3
"6188","WAN","WAN05",2014,2014-08-14,2014-08-25,6,11,"WAN052014","summer","WAN052014_2014-08-14",0,231.5,1,1
"6189","WAN","WAN06",2014,2014-08-14,2014-08-25,6,11,"WAN062014","summer","WAN062014_2014-08-14",6,231.5,3,3
"6190","WAN","WAN07",2014,2014-08-14,2014-08-25,6,11,"WAN072014","summer","WAN072014_2014-08-14",5,231.5,0,0
"6191","WAN","WAN08",2014,2014-08-14,2014-08-25,6,11,"WAN082014","summer","WAN082014_2014-08-14",0,231.5,7,15
"6192","WAN","WAN09",2014,2014-08-14,2014-08-25,6,11,"WAN092014","summer","WAN092014_2014-08-14",1,231.5,0,0
"6193","WAN","WAN10",2014,2014-08-14,2014-08-25,6,11,"WAN102014","summer","WAN102014_2014-08-14",0,231.5,2,2
"6194","WAN","WAN11",2014,2014-08-14,2014-08-25,6,11,"WAN112014","summer","WAN112014_2014-08-14",1,231.5,0,0
"6195","WAN","WAN12",2014,2014-08-14,2014-08-25,6,11,"WAN122014","summer","WAN122014_2014-08-14",10,231.5,3,3
"6196","WAN","WAN13",2014,2014-08-14,2014-08-25,6,11,"WAN132014","summer","WAN132014_2014-08-14",1,231.5,0,0
"6197","WAN","WAN14",2014,2014-08-14,2014-08-25,6,11,"WAN142014","summer","WAN142014_2014-08-14",5,231.5,1,1
"6198","WAN","WAN15",2014,2014-08-14,2014-08-25,6,11,"WAN152014","summer","WAN152014_2014-08-14",2,231.5,2,2
"6199","WAN","WAN16",2014,2014-08-14,2014-08-25,6,11,"WAN162014","summer","WAN162014_2014-08-14",4,231.5,1,1
"6200","HAR","HAR01",2015,2015-08-18,2015-08-31,6,13,"HAR012015","summer","HAR012015_2015-08-18",1,236.5,3,4
"6201","HAR","HAR02",2015,2015-08-18,2015-08-31,6,13,"HAR022015","summer","HAR022015_2015-08-18",0,236.5,2,7
"6202","HAR","HAR03",2015,2015-08-18,2015-08-31,6,13,"HAR032015","summer","HAR032015_2015-08-18",2,236.5,5,8
"6203","HAR","HAR04",2015,2015-08-18,2015-08-31,6,13,"HAR042015","summer","HAR042015_2015-08-18",0,236.5,4,6
"6204","HAR","HAR05",2015,2015-08-18,2015-08-31,6,13,"HAR052015","summer","HAR052015_2015-08-18",0,236.5,10,26
"6205","HAR","HAR06",2015,2015-08-18,2015-08-31,6,13,"HAR062015","summer","HAR062015_2015-08-18",1,236.5,4,10
"6206","HAR","HAR07",2015,2015-08-18,2015-08-31,6,13,"HAR072015","summer","HAR072015_2015-08-18",1,236.5,3,3
"6207","HAR","HAR08",2015,2015-08-18,2015-08-31,6,13,"HAR082015","summer","HAR082015_2015-08-18",0,236.5,1,1
"6208","HAR","HAR09",2015,2015-08-18,2015-08-31,6,13,"HAR092015","summer","HAR092015_2015-08-18",4,236.5,14,46
"6209","HAR","HAR10",2015,2015-08-18,2015-08-31,6,13,"HAR102015","summer","HAR102015_2015-08-18",1,236.5,11,33
"6210","HAR","HAR12",2015,2015-08-18,2015-08-31,6,13,"HAR122015","summer","HAR122015_2015-08-18",5,236.5,3,3
"6211","HAR","HAR13",2015,2015-08-18,2015-08-31,6,13,"HAR132015","summer","HAR132015_2015-08-18",1,236.5,4,4
"6212","HAR","HAR15",2015,2015-08-18,2015-08-31,6,13,"HAR152015","summer","HAR152015_2015-08-18",1,236.5,4,4
"6213","HAR","HAR16",2015,2015-08-18,2015-08-31,6,13,"HAR162015","summer","HAR162015_2015-08-18",1,236.5,3,5
"6214","WAN","WAN01",2015,2015-08-18,2015-08-31,6,13,"WAN012015","summer","WAN012015_2015-08-18",17,236.5,8,15
"6215","WAN","WAN02",2015,2015-08-18,2015-08-31,6,13,"WAN022015","summer","WAN022015_2015-08-18",3,236.5,3,3
"6216","WAN","WAN03",2015,2015-08-18,2015-08-31,6,13,"WAN032015","summer","WAN032015_2015-08-18",1,236.5,3,3
"6217","WAN","WAN04",2015,2015-08-18,2015-08-31,6,13,"WAN042015","summer","WAN042015_2015-08-18",2,236.5,3,3
"6218","WAN","WAN05",2015,2015-08-18,2015-08-31,6,13,"WAN052015","summer","WAN052015_2015-08-18",0,236.5,2,5
"6219","WAN","WAN06",2015,2015-08-18,2015-08-31,6,13,"WAN062015","summer","WAN062015_2015-08-18",11,236.5,12,43
"6220","WAN","WAN07",2015,2015-08-18,2015-08-31,6,13,"WAN072015","summer","WAN072015_2015-08-18",1,236.5,1,1
"6221","WAN","WAN08",2015,2015-08-18,2015-08-31,6,13,"WAN082015","summer","WAN082015_2015-08-18",1,236.5,2,2
"6222","WAN","WAN09",2015,2015-08-18,2015-08-31,6,13,"WAN092015","summer","WAN092015_2015-08-18",2,236.5,1,1
"6223","WAN","WAN10",2015,2015-08-18,2015-08-31,6,13,"WAN102015","summer","WAN102015_2015-08-18",5,236.5,7,14
"6224","WAN","WAN12",2015,2015-08-18,2015-08-31,6,13,"WAN122015","summer","WAN122015_2015-08-18",0,236.5,1,2
"6225","WAN","WAN13",2015,2015-08-18,2015-08-31,6,13,"WAN132015","summer","WAN132015_2015-08-18",2,236.5,1,1
"6226","WAN","WAN14",2015,2015-08-18,2015-08-31,6,13,"WAN142015","summer","WAN142015_2015-08-18",5,236.5,1,1
"6227","WAN","WAN15",2015,2015-08-18,2015-08-31,6,13,"WAN152015","summer","WAN152015_2015-08-18",1,236.5,2,4
"6228","FBG","FBG01",2015,2015-08-17,2015-09-02,6,16,"FBG012015","summer","FBG012015_2015-08-17",0,237,6,12
"6229","FBG","FBG02",2015,2015-08-17,2015-09-02,6,16,"FBG022015","summer","FBG022015_2015-08-17",5,237,7,11
"6230","FBG","FBG03",2015,2015-08-17,2015-09-02,6,16,"FBG032015","summer","FBG032015_2015-08-17",0,237,2,3
"6231","FBG","FBG04",2015,2015-08-17,2015-09-02,6,16,"FBG042015","summer","FBG042015_2015-08-17",2,237,9,26
"6232","FBG","FBG05",2015,2015-08-17,2015-09-02,6,16,"FBG052015","summer","FBG052015_2015-08-17",3,237,2,2
"6233","FBG","FBG06",2015,2015-08-17,2015-09-02,6,16,"FBG062015","summer","FBG062015_2015-08-17",3,237,11,38
"6234","FBG","FBG07",2015,2015-08-17,2015-09-02,6,16,"FBG072015","summer","FBG072015_2015-08-17",0,237,6,12
"6235","FBG","FBG08",2015,2015-08-17,2015-09-02,6,16,"FBG082015","summer","FBG082015_2015-08-17",0,237,6,14
"6236","FBG","FBG09",2015,2015-08-17,2015-09-02,6,16,"FBG092015","summer","FBG092015_2015-08-17",0,237,6,13
"6237","FBG","FBG10",2015,2015-08-17,2015-09-02,6,16,"FBG102015","summer","FBG102015_2015-08-17",1,237,0,0
"6238","FBG","FBG11",2015,2015-08-17,2015-09-02,6,16,"FBG112015","summer","FBG112015_2015-08-17",1,237,3,3
"6239","FBG","FBG12",2015,2015-08-17,2015-09-02,6,16,"FBG122015","summer","FBG122015_2015-08-17",4,237,6,8
"6240","FBG","FBG13",2015,2015-08-17,2015-09-02,6,16,"FBG132015","summer","FBG132015_2015-08-17",2,237,1,1
"6241","FBG","FBG14",2015,2015-08-17,2015-09-02,6,16,"FBG142015","summer","FBG142015_2015-08-17",1,237,1,1
"6242","FBG","FBG15",2015,2015-08-17,2015-09-02,6,16,"FBG152015","summer","FBG152015_2015-08-17",2,237,4,6
"6243","FBG","FBG16",2015,2015-08-17,2015-09-02,6,16,"FBG162015","summer","FBG162015_2015-08-17",1,237,4,4
"6244","SST","SST01",2015,2015-08-17,2015-09-02,6,16,"SST012015","summer","SST012015_2015-08-17",0,237,2,8
"6245","SST","SST02",2015,2015-08-17,2015-09-02,6,16,"SST022015","summer","SST022015_2015-08-17",0,237,2,2
"6246","SST","SST03",2015,2015-08-17,2015-09-02,6,16,"SST032015","summer","SST032015_2015-08-17",1,237,3,3
"6247","SST","SST04",2015,2015-08-17,2015-09-02,6,16,"SST042015","summer","SST042015_2015-08-17",7,237,6,6
"6248","SST","SST05",2015,2015-08-17,2015-09-02,6,16,"SST052015","summer","SST052015_2015-08-17",0,237,3,11
"6249","SST","SST06",2015,2015-08-17,2015-09-02,6,16,"SST062015","summer","SST062015_2015-08-17",0,237,5,5
"6250","SST","SST07",2015,2015-08-17,2015-09-02,6,16,"SST072015","summer","SST072015_2015-08-17",0,237,2,4
"6251","SST","SST08",2015,2015-08-17,2015-09-02,6,16,"SST082015","summer","SST082015_2015-08-17",0,237,5,5
"6252","SST","SST09",2015,2015-08-17,2015-09-02,6,16,"SST092015","summer","SST092015_2015-08-17",0,237,6,18
"6253","SST","SST10",2015,2015-08-17,2015-09-02,6,16,"SST102015","summer","SST102015_2015-08-17",0,237,8,11
"6254","SST","SST11",2015,2015-08-17,2015-09-02,6,16,"SST112015","summer","SST112015_2015-08-17",0,237,2,2
"6255","SST","SST12",2015,2015-08-17,2015-09-02,6,16,"SST122015","summer","SST122015_2015-08-17",0,237,1,1
"6256","SST","SST13",2015,2015-08-17,2015-09-02,6,16,"SST132015","summer","SST132015_2015-08-17",0,237,1,1
"6257","SST","SST14",2015,2015-08-17,2015-09-02,6,16,"SST142015","summer","SST142015_2015-08-17",0,237,3,10
"6258","SST","SST15",2015,2015-08-17,2015-09-02,6,16,"SST152015","summer","SST152015_2015-08-17",0,237,3,3
"6259","SST","SST16",2015,2015-08-17,2015-09-02,6,16,"SST162015","summer","SST162015_2015-08-17",0,237,3,7
