"","landscape","site","year","uniqueID","season","StartDate","EndDate","gap.start","gap.end","exposure","season.site.ID","richness","total.abundance"
"1","FBG","FBG01",2010,"FBG012010","spring",2010-05-02,2010-06-07,NA,NA,36,"FBG012010_spring",41,133
"2","FBG","FBG02",2010,"FBG022010","spring",2010-05-02,2010-06-07,NA,NA,36,"FBG022010_spring",45,150
"3","FBG","FBG03",2010,"FBG032010","spring",2010-05-02,2010-06-07,NA,NA,36,"FBG032010_spring",16,46
"4","FBG","FBG04",2010,"FBG042010","spring",2010-05-02,2010-06-07,NA,NA,36,"FBG042010_spring",17,94
"5","FBG","FBG05",2010,"FBG052010","spring",2010-05-02,2010-06-07,NA,NA,36,"FBG052010_spring",34,124
"6","FBG","FBG06",2010,"FBG062010","spring",2010-05-02,2010-06-07,NA,NA,36,"FBG062010_spring",31,142
"7","FBG","FBG07",2010,"FBG072010","spring",2010-05-02,2010-06-07,NA,NA,36,"FBG072010_spring",36,176
"8","FBG","FBG08",2010,"FBG082010","spring",2010-05-02,2010-06-07,NA,NA,36,"FBG082010_spring",19,40
"9","FBG","FBG09",2010,"FBG092010","spring",2010-05-02,2010-06-07,NA,NA,36,"FBG092010_spring",46,164
"10","FBG","FBG10",2010,"FBG102010","spring",2010-05-02,2010-06-07,NA,NA,36,"FBG102010_spring",35,122
"11","FBG","FBG11",2010,"FBG112010","spring",2010-05-02,2010-06-07,NA,NA,36,"FBG112010_spring",31,209
"12","FBG","FBG12",2010,"FBG122010","spring",2010-05-02,2010-06-07,NA,NA,36,"FBG122010_spring",19,30
"13","FBG","FBG13",2010,"FBG132010","spring",2010-05-02,2010-06-07,NA,NA,36,"FBG132010_spring",40,214
"14","FBG","FBG14",2010,"FBG142010","spring",2010-05-02,2010-06-07,NA,NA,36,"FBG142010_spring",30,82
"15","FBG","FBG15",2010,"FBG152010","spring",2010-05-02,2010-06-07,NA,NA,36,"FBG152010_spring",18,45
"16","FBG","FBG16",2010,"FBG162010","spring",2010-05-02,2010-06-07,NA,NA,36,"FBG162010_spring",39,123
"17","GFH","GFH01",2010,"GFH012010","spring",2010-05-04,2010-06-09,NA,NA,36,"GFH012010_spring",7,10
"18","GFH","GFH02",2010,"GFH022010","spring",2010-05-04,2010-06-09,NA,NA,36,"GFH022010_spring",9,37
"19","GFH","GFH03",2010,"GFH032010","spring",2010-05-04,2010-06-09,NA,NA,36,"GFH032010_spring",17,38
"20","GFH","GFH04",2010,"GFH042010","spring",2010-05-04,2010-05-26,NA,NA,22,"GFH042010_spring",8,10
"21","GFH","GFH05",2010,"GFH052010","spring",2010-05-04,2010-06-09,NA,NA,36,"GFH052010_spring",12,47
"22","GFH","GFH06",2010,"GFH062010","spring",2010-05-04,2010-06-09,NA,NA,36,"GFH062010_spring",4,6
"23","GFH","GFH07",2010,"GFH072010","spring",2010-05-04,2010-06-09,NA,NA,36,"GFH072010_spring",9,23
"24","GFH","GFH08",2010,"GFH082010","spring",2010-05-04,2010-06-09,NA,NA,36,"GFH082010_spring",15,28
"25","GFH","GFH09",2010,"GFH092010","spring",2010-05-04,2010-06-09,NA,NA,36,"GFH092010_spring",9,11
"26","GFH","GFH10",2010,"GFH102010","spring",2010-05-04,2010-06-09,NA,NA,36,"GFH102010_spring",18,32
"27","GFH","GFH11",2010,"GFH112010","spring",2010-05-04,2010-06-09,NA,NA,36,"GFH112010_spring",21,53
"28","GFH","GFH12",2010,"GFH122010","spring",2010-05-04,2010-06-09,NA,NA,36,"GFH122010_spring",16,19
"29","GFH","GFH13",2010,"GFH132010","spring",2010-05-04,2010-06-09,NA,NA,36,"GFH132010_spring",8,9
"30","GFH","GFH14",2010,"GFH142010","spring",2010-05-04,2010-06-09,NA,NA,36,"GFH142010_spring",28,50
"31","GFH","GFH15",2010,"GFH152010","spring",2010-05-04,2010-06-09,NA,NA,36,"GFH152010_spring",14,30
"32","GFH","GFH16",2010,"GFH162010","spring",2010-05-04,2010-06-09,NA,NA,36,"GFH162010_spring",23,52
"33","HAR","HAR01",2010,"HAR012010","spring",2010-05-11,2010-06-08,NA,NA,28,"HAR012010_spring",15,30
"34","HAR","HAR02",2010,"HAR022010","spring",2010-05-11,2010-06-08,NA,NA,28,"HAR022010_spring",18,57
"35","HAR","HAR03",2010,"HAR032010","spring",2010-05-11,2010-06-08,NA,NA,28,"HAR032010_spring",13,31
"36","HAR","HAR04",2010,"HAR042010","spring",2010-05-11,2010-06-08,NA,NA,28,"HAR042010_spring",15,31
"37","HAR","HAR05",2010,"HAR052010","spring",2010-05-25,2010-06-08,NA,NA,14,"HAR052010_spring",19,53
"38","HAR","HAR06",2010,"HAR062010","spring",2010-05-11,2010-06-08,NA,NA,28,"HAR062010_spring",24,66
"39","HAR","HAR07",2010,"HAR072010","spring",2010-05-11,2010-06-08,NA,NA,28,"HAR072010_spring",16,63
"40","HAR","HAR08",2010,"HAR082010","spring",2010-05-11,2010-06-08,NA,NA,28,"HAR082010_spring",6,18
"41","HAR","HAR09",2010,"HAR092010","spring",2010-05-11,2010-06-08,NA,NA,28,"HAR092010_spring",24,74
"42","HAR","HAR10",2010,"HAR102010","spring",2010-05-11,2010-06-08,NA,NA,28,"HAR102010_spring",23,104
"43","HAR","HAR11",2010,"HAR112010","spring",2010-05-11,2010-06-08,NA,NA,28,"HAR112010_spring",25,69
"44","HAR","HAR12",2010,"HAR122010","spring",2010-05-11,2010-06-08,NA,NA,28,"HAR122010_spring",11,36
"45","HAR","HAR13",2010,"HAR132010","spring",2010-05-11,2010-06-08,NA,NA,28,"HAR132010_spring",12,17
"46","HAR","HAR14",2010,"HAR142010","spring",2010-05-11,2010-06-08,NA,NA,28,"HAR142010_spring",15,41
"47","HAR","HAR15",2010,"HAR152010","spring",2010-05-11,2010-06-08,NA,NA,28,"HAR152010_spring",22,61
"48","HAR","HAR16",2010,"HAR162010","spring",2010-05-11,2010-06-08,NA,NA,28,"HAR162010_spring",21,58
"49","SIP","SIP01",2010,"SIP012010","spring",2010-05-04,2010-06-09,NA,NA,36,"SIP012010_spring",15,54
"50","SIP","SIP02",2010,"SIP022010","spring",2010-05-04,2010-06-09,NA,NA,36,"SIP022010_spring",13,34
"51","SIP","SIP03",2010,"SIP032010","spring",2010-05-04,2010-06-09,NA,NA,36,"SIP032010_spring",10,15
"52","SIP","SIP05",2010,"SIP052010","spring",2010-05-04,2010-06-09,NA,NA,36,"SIP052010_spring",10,20
"53","SIP","SIP06",2010,"SIP062010","spring",2010-05-04,2010-06-09,NA,NA,36,"SIP062010_spring",13,53
"54","SIP","SIP07",2010,"SIP072010","spring",2010-05-04,2010-06-09,NA,NA,36,"SIP072010_spring",16,28
"55","SIP","SIP08",2010,"SIP082010","spring",2010-05-04,2010-06-09,NA,NA,36,"SIP082010_spring",11,21
"56","SIP","SIP09",2010,"SIP092010","spring",2010-05-04,2010-06-09,NA,NA,36,"SIP092010_spring",9,14
"57","SIP","SIP10",2010,"SIP102010","spring",2010-05-04,2010-06-09,NA,NA,36,"SIP102010_spring",5,20
"58","SIP","SIP11",2010,"SIP112010","spring",2010-05-04,2010-06-09,NA,NA,36,"SIP112010_spring",6,18
"59","SIP","SIP12",2010,"SIP122010","spring",2010-05-04,2010-06-09,NA,NA,36,"SIP122010_spring",9,16
"60","SIP","SIP13",2010,"SIP132010","spring",2010-05-04,2010-06-09,NA,NA,36,"SIP132010_spring",14,22
"61","SIP","SIP14",2010,"SIP142010","spring",2010-05-04,2010-06-09,NA,NA,36,"SIP142010_spring",12,31
"62","SIP","SIP15",2010,"SIP152010","spring",2010-05-04,2010-06-09,NA,NA,36,"SIP152010_spring",10,21
"63","SIP","SIP16",2010,"SIP162010","spring",2010-05-04,2010-06-09,NA,NA,36,"SIP162010_spring",6,9
"64","SST","SST01",2010,"SST012010","spring",2010-05-02,2010-06-07,NA,NA,36,"SST012010_spring",25,71
"65","SST","SST02",2010,"SST022010","spring",2010-05-02,2010-06-07,NA,NA,36,"SST022010_spring",17,55
"66","SST","SST03",2010,"SST032010","spring",2010-05-02,2010-06-07,NA,NA,36,"SST032010_spring",17,31
"67","SST","SST04",2010,"SST042010","spring",2010-05-02,2010-06-07,NA,NA,36,"SST042010_spring",16,32
"68","SST","SST05",2010,"SST052010","spring",2010-05-02,2010-06-07,NA,NA,36,"SST052010_spring",23,75
"69","SST","SST06",2010,"SST062010","spring",2010-05-02,2010-06-07,NA,NA,36,"SST062010_spring",40,255
"70","SST","SST07",2010,"SST072010","spring",2010-05-02,2010-06-07,NA,NA,36,"SST072010_spring",21,53
"71","SST","SST08",2010,"SST082010","spring",2010-05-02,2010-06-07,NA,NA,36,"SST082010_spring",30,79
"72","SST","SST09",2010,"SST092010","spring",2010-05-02,2010-06-07,NA,NA,36,"SST092010_spring",36,342
"73","SST","SST10",2010,"SST102010","spring",2010-05-02,2010-06-07,NA,NA,36,"SST102010_spring",25,122
"74","SST","SST11",2010,"SST112010","spring",2010-05-02,2010-06-07,NA,NA,36,"SST112010_spring",17,91
"75","SST","SST12",2010,"SST122010","spring",2010-05-17,2010-06-07,NA,NA,21,"SST122010_spring",17,39
"76","SST","SST13",2010,"SST132010","spring",2010-05-02,2010-06-07,NA,NA,36,"SST132010_spring",43,439
"77","SST","SST14",2010,"SST142010","spring",2010-05-02,2010-06-07,NA,NA,36,"SST142010_spring",15,85
"78","SST","SST15",2010,"SST152010","spring",2010-05-02,2010-06-07,NA,NA,36,"SST152010_spring",30,146
"79","SST","SST16",2010,"SST162010","spring",2010-05-02,2010-06-07,NA,NA,36,"SST162010_spring",22,114
"80","WAN","WAN01",2010,"WAN012010","spring",2010-05-03,2010-06-08,NA,NA,36,"WAN012010_spring",19,54
"81","WAN","WAN02",2010,"WAN022010","spring",2010-05-03,2010-06-08,NA,NA,36,"WAN022010_spring",13,66
"82","WAN","WAN03",2010,"WAN032010","spring",2010-05-03,2010-06-08,NA,NA,36,"WAN032010_spring",15,29
"83","WAN","WAN04",2010,"WAN042010","spring",2010-05-03,2010-06-08,NA,NA,36,"WAN042010_spring",14,54
"84","WAN","WAN05",2010,"WAN052010","spring",2010-05-03,2010-06-08,NA,NA,36,"WAN052010_spring",9,53
"85","WAN","WAN06",2010,"WAN062010","spring",2010-05-03,2010-06-08,NA,NA,36,"WAN062010_spring",19,57
"86","WAN","WAN07",2010,"WAN072010","spring",2010-05-03,2010-06-08,NA,NA,36,"WAN072010_spring",17,23
"87","WAN","WAN08",2010,"WAN082010","spring",2010-05-03,2010-06-08,NA,NA,36,"WAN082010_spring",11,33
"88","WAN","WAN09",2010,"WAN092010","spring",2010-05-03,2010-06-08,NA,NA,36,"WAN092010_spring",30,211
"89","WAN","WAN10",2010,"WAN102010","spring",2010-05-03,2010-06-08,NA,NA,36,"WAN102010_spring",11,52
"90","WAN","WAN11",2010,"WAN112010","spring",2010-05-03,2010-06-08,NA,NA,36,"WAN112010_spring",3,7
"91","WAN","WAN12",2010,"WAN122010","spring",2010-05-03,2010-06-08,NA,NA,36,"WAN122010_spring",26,73
"92","WAN","WAN13",2010,"WAN132010","spring",2010-05-03,2010-06-08,NA,NA,36,"WAN132010_spring",5,27
"93","WAN","WAN14",2010,"WAN142010","spring",2010-05-03,2010-06-08,NA,NA,36,"WAN142010_spring",12,27
"94","WAN","WAN15",2010,"WAN152010","spring",2010-05-03,2010-06-08,NA,NA,36,"WAN152010_spring",24,54
"95","WAN","WAN16",2010,"WAN162010","spring",2010-05-03,2010-06-08,NA,NA,36,"WAN162010_spring",36,123
"96","FBG","FBG01",2011,"FBG012011","spring",2011-05-02,2011-06-14,NA,NA,43,"FBG012011_spring",45,127
"97","FBG","FBG02",2011,"FBG022011","spring",2011-05-02,2011-06-14,NA,NA,43,"FBG022011_spring",49,161
"98","FBG","FBG03",2011,"FBG032011","spring",2011-05-02,2011-06-14,NA,NA,43,"FBG032011_spring",17,53
"99","FBG","FBG04",2011,"FBG042011","spring",2011-05-02,2011-06-14,2011-05-16,2011-05-30,29,"FBG042011_spring",20,79
"100","FBG","FBG05",2011,"FBG052011","spring",2011-05-02,2011-06-14,NA,NA,43,"FBG052011_spring",48,144
"101","FBG","FBG06",2011,"FBG062011","spring",2011-05-02,2011-06-14,NA,NA,43,"FBG062011_spring",30,111
"102","FBG","FBG07",2011,"FBG072011","spring",2011-05-02,2011-06-14,NA,NA,43,"FBG072011_spring",35,174
"103","FBG","FBG08",2011,"FBG082011","spring",2011-05-02,2011-06-14,NA,NA,43,"FBG082011_spring",25,116
"104","FBG","FBG09",2011,"FBG092011","spring",2011-05-02,2011-06-14,NA,NA,43,"FBG092011_spring",41,116
"105","FBG","FBG10",2011,"FBG102011","spring",2011-05-02,2011-06-14,NA,NA,43,"FBG102011_spring",27,92
"106","FBG","FBG11",2011,"FBG112011","spring",2011-05-02,2011-06-14,2011-05-16,2011-05-30,29,"FBG112011_spring",21,71
"107","FBG","FBG12",2011,"FBG122011","spring",2011-05-02,2011-05-30,NA,NA,28,"FBG122011_spring",7,16
"108","FBG","FBG13",2011,"FBG132011","spring",2011-05-02,2011-06-14,NA,NA,43,"FBG132011_spring",32,205
"109","FBG","FBG14",2011,"FBG142011","spring",2011-05-02,2011-06-14,NA,NA,43,"FBG142011_spring",38,144
"110","FBG","FBG15",2011,"FBG152011","spring",2011-05-16,2011-06-14,NA,NA,29,"FBG152011_spring",18,67
"111","FBG","FBG16",2011,"FBG162011","spring",2011-05-02,2011-06-14,NA,NA,43,"FBG162011_spring",19,40
"112","GFH","GFH01",2011,"GFH012011","spring",2011-05-04,2011-06-16,NA,NA,43,"GFH012011_spring",8,12
"113","GFH","GFH02",2011,"GFH022011","spring",2011-05-04,2011-06-16,NA,NA,43,"GFH022011_spring",17,63
"114","GFH","GFH03",2011,"GFH032011","spring",2011-05-04,2011-06-16,NA,NA,43,"GFH032011_spring",23,80
"115","GFH","GFH04",2011,"GFH042011","spring",2011-05-04,2011-06-16,NA,NA,43,"GFH042011_spring",27,79
"116","GFH","GFH05",2011,"GFH052011","spring",2011-05-04,2011-06-16,NA,NA,43,"GFH052011_spring",29,64
"117","GFH","GFH06",2011,"GFH062011","spring",2011-05-04,2011-06-16,NA,NA,43,"GFH062011_spring",11,13
"118","GFH","GFH07",2011,"GFH072011","spring",2011-05-04,2011-06-16,NA,NA,43,"GFH072011_spring",16,21
"119","GFH","GFH08",2011,"GFH082011","spring",2011-05-04,2011-06-16,NA,NA,43,"GFH082011_spring",19,29
"120","GFH","GFH09",2011,"GFH092011","spring",2011-05-04,2011-06-16,NA,NA,43,"GFH092011_spring",12,20
"121","GFH","GFH10",2011,"GFH102011","spring",2011-05-04,2011-06-16,NA,NA,43,"GFH102011_spring",18,30
"122","GFH","GFH11",2011,"GFH112011","spring",2011-05-04,2011-06-16,NA,NA,43,"GFH112011_spring",22,47
"123","GFH","GFH12",2011,"GFH122011","spring",2011-05-04,2011-06-16,NA,NA,43,"GFH122011_spring",20,30
"124","GFH","GFH13",2011,"GFH132011","spring",2011-05-04,2011-06-16,NA,NA,43,"GFH132011_spring",16,23
"125","GFH","GFH14",2011,"GFH142011","spring",2011-05-04,2011-06-16,NA,NA,43,"GFH142011_spring",14,24
"126","GFH","GFH15",2011,"GFH152011","spring",2011-05-04,2011-06-16,NA,NA,43,"GFH152011_spring",19,38
"127","GFH","GFH16",2011,"GFH162011","spring",2011-05-04,2011-06-16,NA,NA,43,"GFH162011_spring",17,29
"128","HAR","HAR01",2011,"HAR012011","spring",2011-05-03,2011-06-15,NA,NA,43,"HAR012011_spring",23,48
"129","HAR","HAR02",2011,"HAR022011","spring",2011-05-03,2011-06-15,NA,NA,43,"HAR022011_spring",34,184
"130","HAR","HAR03",2011,"HAR032011","spring",2011-05-03,2011-06-15,NA,NA,43,"HAR032011_spring",17,35
"131","HAR","HAR04",2011,"HAR042011","spring",2011-05-03,2011-06-15,NA,NA,43,"HAR042011_spring",16,46
"132","HAR","HAR05",2011,"HAR052011","spring",2011-05-03,2011-06-15,NA,NA,43,"HAR052011_spring",34,91
"133","HAR","HAR06",2011,"HAR062011","spring",2011-05-03,2011-05-31,NA,NA,28,"HAR062011_spring",15,36
"134","HAR","HAR07",2011,"HAR072011","spring",2011-05-03,2011-06-15,NA,NA,43,"HAR072011_spring",10,47
"135","HAR","HAR08",2011,"HAR082011","spring",2011-05-03,2011-06-15,NA,NA,43,"HAR082011_spring",20,48
"136","HAR","HAR09",2011,"HAR092011","spring",2011-05-03,2011-06-15,NA,NA,43,"HAR092011_spring",30,60
"137","HAR","HAR10",2011,"HAR102011","spring",2011-05-03,2011-06-15,NA,NA,43,"HAR102011_spring",36,130
"138","HAR","HAR11",2011,"HAR112011","spring",2011-05-03,2011-06-15,NA,NA,43,"HAR112011_spring",22,46
"139","HAR","HAR12",2011,"HAR122011","spring",2011-05-03,2011-06-15,NA,NA,43,"HAR122011_spring",24,92
"140","HAR","HAR13",2011,"HAR132011","spring",2011-05-03,2011-06-15,NA,NA,43,"HAR132011_spring",23,64
"141","HAR","HAR14",2011,"HAR142011","spring",2011-05-03,2011-06-15,NA,NA,43,"HAR142011_spring",19,47
"142","HAR","HAR15",2011,"HAR152011","spring",2011-05-03,2011-06-15,NA,NA,43,"HAR152011_spring",20,48
"143","HAR","HAR16",2011,"HAR162011","spring",2011-05-03,2011-06-15,NA,NA,43,"HAR162011_spring",24,66
"144","SIP","SIP01",2011,"SIP012011","spring",2011-05-04,2011-06-16,NA,NA,43,"SIP012011_spring",18,51
"145","SIP","SIP02",2011,"SIP022011","spring",2011-05-04,2011-06-16,NA,NA,43,"SIP022011_spring",33,79
"146","SIP","SIP03",2011,"SIP032011","spring",2011-05-18,2011-06-16,NA,NA,29,"SIP032011_spring",22,36
"147","SIP","SIP05",2011,"SIP052011","spring",2011-05-04,2011-06-16,NA,NA,43,"SIP052011_spring",17,33
"148","SIP","SIP06",2011,"SIP062011","spring",2011-05-04,2011-06-16,NA,NA,43,"SIP062011_spring",12,27
"149","SIP","SIP07",2011,"SIP072011","spring",2011-05-04,2011-06-16,NA,NA,43,"SIP072011_spring",16,55
"150","SIP","SIP08",2011,"SIP082011","spring",2011-05-04,2011-06-16,NA,NA,43,"SIP082011_spring",15,48
"151","SIP","SIP09",2011,"SIP092011","spring",2011-05-04,2011-06-16,NA,NA,43,"SIP092011_spring",12,40
"152","SIP","SIP10",2011,"SIP102011","spring",2011-05-04,2011-06-16,NA,NA,43,"SIP102011_spring",18,50
"153","SIP","SIP11",2011,"SIP112011","spring",2011-05-04,2011-06-16,NA,NA,43,"SIP112011_spring",18,50
"154","SIP","SIP12",2011,"SIP122011","spring",2011-05-04,2011-06-16,NA,NA,43,"SIP122011_spring",16,23
"155","SIP","SIP13",2011,"SIP132011","spring",2011-05-04,2011-06-16,NA,NA,43,"SIP132011_spring",20,38
"156","SIP","SIP14",2011,"SIP142011","spring",2011-05-04,2011-06-16,NA,NA,43,"SIP142011_spring",16,48
"157","SIP","SIP15",2011,"SIP152011","spring",2011-05-04,2011-06-16,NA,NA,43,"SIP152011_spring",19,37
"158","SIP","SIP16",2011,"SIP162011","spring",2011-05-04,2011-06-16,NA,NA,43,"SIP162011_spring",22,57
"159","SST","SST01",2011,"SST012011","spring",2011-05-02,2011-06-14,NA,NA,43,"SST012011_spring",23,77
"160","SST","SST02",2011,"SST022011","spring",2011-05-02,2011-06-14,NA,NA,43,"SST022011_spring",20,39
"161","SST","SST03",2011,"SST032011","spring",2011-05-02,2011-06-14,NA,NA,43,"SST032011_spring",34,165
"162","SST","SST04",2011,"SST042011","spring",2011-05-02,2011-06-14,NA,NA,43,"SST042011_spring",21,63
"163","SST","SST05",2011,"SST052011","spring",2011-05-02,2011-06-14,NA,NA,43,"SST052011_spring",27,69
"164","SST","SST06",2011,"SST062011","spring",2011-05-02,2011-06-14,NA,NA,43,"SST062011_spring",19,58
"165","SST","SST07",2011,"SST072011","spring",2011-05-02,2011-06-14,NA,NA,43,"SST072011_spring",18,30
"166","SST","SST08",2011,"SST082011","spring",2011-05-02,2011-06-14,NA,NA,43,"SST082011_spring",19,49
"167","SST","SST09",2011,"SST092011","spring",2011-05-02,2011-06-14,NA,NA,43,"SST092011_spring",25,83
"168","SST","SST10",2011,"SST102011","spring",2011-05-02,2011-06-14,NA,NA,43,"SST102011_spring",27,122
"169","SST","SST11",2011,"SST112011","spring",2011-05-02,2011-06-14,NA,NA,43,"SST112011_spring",25,59
"170","SST","SST12",2011,"SST122011","spring",2011-05-02,2011-06-14,NA,NA,43,"SST122011_spring",23,66
"171","SST","SST13",2011,"SST132011","spring",2011-05-02,2011-06-14,NA,NA,43,"SST132011_spring",28,124
"172","SST","SST14",2011,"SST142011","spring",2011-05-02,2011-06-14,NA,NA,43,"SST142011_spring",12,80
"173","SST","SST15",2011,"SST152011","spring",2011-05-02,2011-06-14,NA,NA,43,"SST152011_spring",20,60
"174","SST","SST16",2011,"SST162011","spring",2011-05-02,2011-06-14,NA,NA,43,"SST162011_spring",13,50
"175","WAN","WAN01",2011,"WAN012011","spring",2011-05-03,2011-06-15,NA,NA,43,"WAN012011_spring",29,94
"176","WAN","WAN02",2011,"WAN022011","spring",2011-05-03,2011-06-15,NA,NA,43,"WAN022011_spring",17,55
"177","WAN","WAN03",2011,"WAN032011","spring",2011-05-03,2011-06-15,NA,NA,43,"WAN032011_spring",19,44
"178","WAN","WAN04",2011,"WAN042011","spring",2011-05-03,2011-06-15,NA,NA,43,"WAN042011_spring",29,88
"179","WAN","WAN05",2011,"WAN052011","spring",2011-05-03,2011-06-15,NA,NA,43,"WAN052011_spring",11,31
"180","WAN","WAN06",2011,"WAN062011","spring",2011-05-03,2011-06-15,NA,NA,43,"WAN062011_spring",16,22
"181","WAN","WAN07",2011,"WAN072011","spring",2011-05-03,2011-06-15,NA,NA,43,"WAN072011_spring",25,51
"182","WAN","WAN08",2011,"WAN082011","spring",2011-05-03,2011-06-15,NA,NA,43,"WAN082011_spring",25,41
"183","WAN","WAN09",2011,"WAN092011","spring",2011-05-03,2011-06-15,NA,NA,43,"WAN092011_spring",28,107
"184","WAN","WAN10",2011,"WAN102011","spring",2011-05-03,2011-06-15,NA,NA,43,"WAN102011_spring",17,27
"185","WAN","WAN11",2011,"WAN112011","spring",2011-05-03,2011-06-15,NA,NA,43,"WAN112011_spring",7,10
"186","WAN","WAN12",2011,"WAN122011","spring",2011-05-03,2011-06-15,NA,NA,43,"WAN122011_spring",11,26
"187","WAN","WAN13",2011,"WAN132011","spring",2011-05-03,2011-06-15,NA,NA,43,"WAN132011_spring",12,17
"188","WAN","WAN14",2011,"WAN142011","spring",2011-05-03,2011-06-15,NA,NA,43,"WAN142011_spring",10,27
"189","WAN","WAN15",2011,"WAN152011","spring",2011-05-03,2011-06-15,NA,NA,43,"WAN152011_spring",18,44
"190","WAN","WAN16",2011,"WAN162011","spring",2011-05-03,2011-06-15,NA,NA,43,"WAN162011_spring",30,52
"191","FBG","FBG01",2012,"FBG012012","spring",2012-05-02,2012-06-12,NA,NA,41,"FBG012012_spring",53,193
"192","FBG","FBG02",2012,"FBG022012","spring",2012-05-02,2012-06-12,2012-05-15,2012-05-29,27,"FBG022012_spring",22,53
"193","FBG","FBG03",2012,"FBG032012","spring",2012-05-02,2012-06-12,NA,NA,41,"FBG032012_spring",17,49
"194","FBG","FBG04",2012,"FBG042012","spring",2012-05-02,2012-06-12,NA,NA,41,"FBG042012_spring",27,82
"195","FBG","FBG05",2012,"FBG052012","spring",2012-05-02,2012-05-29,NA,NA,27,"FBG052012_spring",30,91
"196","FBG","FBG06",2012,"FBG062012","spring",2012-05-02,2012-06-12,NA,NA,41,"FBG062012_spring",39,146
"197","FBG","FBG07",2012,"FBG072012","spring",2012-05-02,2012-06-12,NA,NA,41,"FBG072012_spring",40,156
"198","FBG","FBG08",2012,"FBG082012","spring",2012-05-02,2012-06-12,NA,NA,41,"FBG082012_spring",19,47
"199","FBG","FBG09",2012,"FBG092012","spring",2012-05-02,2012-06-12,NA,NA,41,"FBG092012_spring",34,93
"200","FBG","FBG10",2012,"FBG102012","spring",2012-05-02,2012-06-12,NA,NA,41,"FBG102012_spring",40,153
"201","FBG","FBG11",2012,"FBG112012","spring",2012-05-02,2012-06-12,NA,NA,41,"FBG112012_spring",26,44
"202","FBG","FBG12",2012,"FBG122012","spring",2012-05-02,2012-06-12,NA,NA,41,"FBG122012_spring",6,11
"203","FBG","FBG13",2012,"FBG132012","spring",2012-05-02,2012-06-12,NA,NA,41,"FBG132012_spring",35,115
"204","FBG","FBG14",2012,"FBG142012","spring",2012-05-02,2012-06-12,NA,NA,41,"FBG142012_spring",28,92
"205","FBG","FBG15",2012,"FBG152012","spring",2012-05-02,2012-06-12,NA,NA,41,"FBG152012_spring",18,79
"206","FBG","FBG16",2012,"FBG162012","spring",2012-05-02,2012-06-12,NA,NA,41,"FBG162012_spring",20,53
"207","GFH","GFH01",2012,"GFH012012","spring",2012-05-04,2012-06-14,NA,NA,41,"GFH012012_spring",12,18
"208","GFH","GFH02",2012,"GFH022012","spring",2012-05-04,2012-06-14,NA,NA,41,"GFH022012_spring",20,56
"209","GFH","GFH03",2012,"GFH032012","spring",2012-05-04,2012-06-14,NA,NA,41,"GFH032012_spring",30,73
"210","GFH","GFH04",2012,"GFH042012","spring",2012-05-04,2012-06-14,NA,NA,41,"GFH042012_spring",32,118
"211","GFH","GFH05",2012,"GFH052012","spring",2012-05-04,2012-06-14,NA,NA,41,"GFH052012_spring",20,39
"212","GFH","GFH06",2012,"GFH062012","spring",2012-05-04,2012-06-14,NA,NA,41,"GFH062012_spring",8,9
"213","GFH","GFH07",2012,"GFH072012","spring",2012-05-04,2012-06-14,NA,NA,41,"GFH072012_spring",10,14
"214","GFH","GFH08",2012,"GFH082012","spring",2012-05-04,2012-06-14,NA,NA,41,"GFH082012_spring",11,15
"215","GFH","GFH09",2012,"GFH092012","spring",2012-05-04,2012-06-14,NA,NA,41,"GFH092012_spring",5,13
"216","GFH","GFH10",2012,"GFH102012","spring",2012-05-04,2012-06-14,NA,NA,41,"GFH102012_spring",23,59
"217","GFH","GFH11",2012,"GFH112012","spring",2012-05-04,2012-06-14,NA,NA,41,"GFH112012_spring",26,58
"218","GFH","GFH12",2012,"GFH122012","spring",2012-05-04,2012-06-14,NA,NA,41,"GFH122012_spring",13,21
"219","GFH","GFH13",2012,"GFH132012","spring",2012-05-04,2012-06-14,NA,NA,41,"GFH132012_spring",11,17
"220","GFH","GFH14",2012,"GFH142012","spring",2012-05-04,2012-06-14,NA,NA,41,"GFH142012_spring",24,45
"221","GFH","GFH15",2012,"GFH152012","spring",2012-05-04,2012-06-14,NA,NA,41,"GFH152012_spring",19,26
"222","GFH","GFH16",2012,"GFH162012","spring",2012-05-04,2012-06-14,NA,NA,41,"GFH162012_spring",26,65
"223","HAR","HAR01",2012,"HAR012012","spring",2012-05-03,2012-06-13,NA,NA,41,"HAR012012_spring",25,58
"224","HAR","HAR02",2012,"HAR022012","spring",2012-05-03,2012-06-13,NA,NA,41,"HAR022012_spring",25,161
"225","HAR","HAR03",2012,"HAR032012","spring",2012-05-03,2012-06-13,NA,NA,41,"HAR032012_spring",27,66
"226","HAR","HAR04",2012,"HAR042012","spring",2012-05-03,2012-06-13,NA,NA,41,"HAR042012_spring",27,93
"227","HAR","HAR05",2012,"HAR052012","spring",2012-05-03,2012-06-13,NA,NA,41,"HAR052012_spring",46,200
"228","HAR","HAR06",2012,"HAR062012","spring",2012-05-03,2012-06-13,NA,NA,41,"HAR062012_spring",36,79
"229","HAR","HAR07",2012,"HAR072012","spring",2012-05-03,2012-06-13,NA,NA,41,"HAR072012_spring",27,90
"230","HAR","HAR08",2012,"HAR082012","spring",2012-05-03,2012-06-13,NA,NA,41,"HAR082012_spring",11,21
"231","HAR","HAR09",2012,"HAR092012","spring",2012-05-03,2012-06-13,NA,NA,41,"HAR092012_spring",34,126
"232","HAR","HAR10",2012,"HAR102012","spring",2012-05-03,2012-06-13,NA,NA,41,"HAR102012_spring",32,124
"233","HAR","HAR11",2012,"HAR112012","spring",2012-05-03,2012-06-13,NA,NA,41,"HAR112012_spring",24,50
"234","HAR","HAR12",2012,"HAR122012","spring",2012-05-03,2012-06-13,NA,NA,41,"HAR122012_spring",36,82
"235","HAR","HAR13",2012,"HAR132012","spring",2012-05-03,2012-06-13,NA,NA,41,"HAR132012_spring",17,28
"236","HAR","HAR14",2012,"HAR142012","spring",2012-05-03,2012-06-13,NA,NA,41,"HAR142012_spring",24,78
"237","HAR","HAR15",2012,"HAR152012","spring",2012-05-03,2012-06-13,NA,NA,41,"HAR152012_spring",33,169
"238","HAR","HAR16",2012,"HAR162012","spring",2012-05-03,2012-06-13,NA,NA,41,"HAR162012_spring",38,101
"239","SIP","SIP01",2012,"SIP012012","spring",2012-05-04,2012-06-14,NA,NA,41,"SIP012012_spring",19,40
"240","SIP","SIP02",2012,"SIP022012","spring",2012-05-04,2012-06-14,NA,NA,41,"SIP022012_spring",27,72
"241","SIP","SIP03",2012,"SIP032012","spring",2012-05-04,2012-06-14,NA,NA,41,"SIP032012_spring",14,29
"242","SIP","SIP05",2012,"SIP052012","spring",2012-05-04,2012-06-14,NA,NA,41,"SIP052012_spring",17,42
"243","SIP","SIP06",2012,"SIP062012","spring",2012-05-04,2012-06-14,NA,NA,41,"SIP062012_spring",23,44
"244","SIP","SIP07",2012,"SIP072012","spring",2012-05-04,2012-06-14,NA,NA,41,"SIP072012_spring",14,50
"245","SIP","SIP08",2012,"SIP082012","spring",2012-05-04,2012-06-14,NA,NA,41,"SIP082012_spring",16,34
"246","SIP","SIP09",2012,"SIP092012","spring",2012-05-04,2012-06-14,NA,NA,41,"SIP092012_spring",18,30
"247","SIP","SIP10",2012,"SIP102012","spring",2012-05-04,2012-06-14,NA,NA,41,"SIP102012_spring",7,14
"248","SIP","SIP11",2012,"SIP112012","spring",2012-05-04,2012-06-14,NA,NA,41,"SIP112012_spring",16,40
"249","SIP","SIP12",2012,"SIP122012","spring",2012-05-04,2012-06-14,NA,NA,41,"SIP122012_spring",8,14
"250","SIP","SIP13",2012,"SIP132012","spring",2012-05-04,2012-06-14,NA,NA,41,"SIP132012_spring",16,20
"251","SIP","SIP14",2012,"SIP142012","spring",2012-05-04,2012-06-14,NA,NA,41,"SIP142012_spring",11,25
"252","SIP","SIP15",2012,"SIP152012","spring",2012-05-04,2012-06-14,NA,NA,41,"SIP152012_spring",13,33
"253","SIP","SIP16",2012,"SIP162012","spring",2012-05-04,2012-06-14,NA,NA,41,"SIP162012_spring",15,37
"254","SST","SST01",2012,"SST012012","spring",2012-05-02,2012-06-12,NA,NA,41,"SST012012_spring",21,58
"255","SST","SST02",2012,"SST022012","spring",2012-05-02,2012-06-12,NA,NA,41,"SST022012_spring",29,76
"256","SST","SST03",2012,"SST032012","spring",2012-05-02,2012-06-12,NA,NA,41,"SST032012_spring",32,98
"257","SST","SST04",2012,"SST042012","spring",2012-05-02,2012-06-12,NA,NA,41,"SST042012_spring",19,46
"258","SST","SST05",2012,"SST052012","spring",2012-05-02,2012-06-12,NA,NA,41,"SST052012_spring",25,57
"259","SST","SST06",2012,"SST062012","spring",2012-05-02,2012-06-12,NA,NA,41,"SST062012_spring",22,67
"260","SST","SST07",2012,"SST072012","spring",2012-05-02,2012-06-12,NA,NA,41,"SST072012_spring",13,46
"261","SST","SST08",2012,"SST082012","spring",2012-05-02,2012-06-12,NA,NA,41,"SST082012_spring",15,26
"262","SST","SST09",2012,"SST092012","spring",2012-05-02,2012-06-12,NA,NA,41,"SST092012_spring",39,166
"263","SST","SST10",2012,"SST102012","spring",2012-05-02,2012-06-12,NA,NA,41,"SST102012_spring",26,332
"264","SST","SST11",2012,"SST112012","spring",2012-05-02,2012-06-12,NA,NA,41,"SST112012_spring",20,61
"265","SST","SST12",2012,"SST122012","spring",2012-05-02,2012-06-12,NA,NA,41,"SST122012_spring",30,90
"266","SST","SST13",2012,"SST132012","spring",2012-05-02,2012-06-12,NA,NA,41,"SST132012_spring",30,116
"267","SST","SST14",2012,"SST142012","spring",2012-05-02,2012-06-12,NA,NA,41,"SST142012_spring",20,132
"268","SST","SST15",2012,"SST152012","spring",2012-05-02,2012-06-12,NA,NA,41,"SST152012_spring",21,100
"269","SST","SST16",2012,"SST162012","spring",2012-05-02,2012-06-12,NA,NA,41,"SST162012_spring",17,79
"270","WAN","WAN01",2012,"WAN012012","spring",2012-05-03,2012-06-13,NA,NA,41,"WAN012012_spring",48,226
"271","WAN","WAN02",2012,"WAN022012","spring",2012-05-03,2012-06-13,NA,NA,41,"WAN022012_spring",21,46
"272","WAN","WAN03",2012,"WAN032012","spring",2012-05-03,2012-06-13,NA,NA,41,"WAN032012_spring",17,48
"273","WAN","WAN04",2012,"WAN042012","spring",2012-05-03,2012-06-13,NA,NA,41,"WAN042012_spring",34,128
"274","WAN","WAN05",2012,"WAN052012","spring",2012-05-03,2012-06-13,NA,NA,41,"WAN052012_spring",26,87
"275","WAN","WAN06",2012,"WAN062012","spring",2012-05-03,2012-06-13,NA,NA,41,"WAN062012_spring",23,43
"276","WAN","WAN07",2012,"WAN072012","spring",2012-05-03,2012-06-13,NA,NA,41,"WAN072012_spring",14,41
"277","WAN","WAN08",2012,"WAN082012","spring",2012-05-03,2012-06-13,NA,NA,41,"WAN082012_spring",12,32
"278","WAN","WAN09",2012,"WAN092012","spring",2012-05-03,2012-06-13,NA,NA,41,"WAN092012_spring",23,52
"279","WAN","WAN10",2012,"WAN102012","spring",2012-05-03,2012-06-13,NA,NA,41,"WAN102012_spring",26,89
"280","WAN","WAN11",2012,"WAN112012","spring",2012-05-03,2012-06-13,NA,NA,41,"WAN112012_spring",7,14
"281","WAN","WAN12",2012,"WAN122012","spring",2012-05-03,2012-06-13,NA,NA,41,"WAN122012_spring",33,94
"282","WAN","WAN13",2012,"WAN132012","spring",2012-05-03,2012-06-13,NA,NA,41,"WAN132012_spring",9,10
"283","WAN","WAN14",2012,"WAN142012","spring",2012-05-03,2012-06-13,NA,NA,41,"WAN142012_spring",15,42
"284","WAN","WAN15",2012,"WAN152012","spring",2012-05-03,2012-06-13,NA,NA,41,"WAN152012_spring",17,30
"285","WAN","WAN16",2012,"WAN162012","spring",2012-05-03,2012-06-13,NA,NA,41,"WAN162012_spring",20,34
"286","FBG","FBG01",2013,"FBG012013","spring",2013-04-29,2013-06-10,NA,NA,42,"FBG012013_spring",39,302
"287","FBG","FBG02",2013,"FBG022013","spring",2013-04-29,2013-06-10,NA,NA,42,"FBG022013_spring",41,360
"288","FBG","FBG03",2013,"FBG032013","spring",2013-04-29,2013-06-10,NA,NA,42,"FBG032013_spring",27,57
"289","FBG","FBG04",2013,"FBG042013","spring",2013-04-29,2013-06-10,NA,NA,42,"FBG042013_spring",31,135
"290","FBG","FBG05",2013,"FBG052013","spring",2013-04-29,2013-06-10,2013-05-13,2013-05-27,28,"FBG052013_spring",33,99
"291","FBG","FBG06",2013,"FBG062013","spring",2013-04-29,2013-06-10,NA,NA,42,"FBG062013_spring",32,118
"292","FBG","FBG07",2013,"FBG072013","spring",2013-04-29,2013-06-10,NA,NA,42,"FBG072013_spring",30,133
"293","FBG","FBG08",2013,"FBG082013","spring",2013-04-29,2013-06-10,NA,NA,42,"FBG082013_spring",27,85
"294","FBG","FBG09",2013,"FBG092013","spring",2013-04-29,2013-06-10,NA,NA,42,"FBG092013_spring",36,172
"295","FBG","FBG10",2013,"FBG102013","spring",2013-04-29,2013-06-10,NA,NA,42,"FBG102013_spring",38,221
"296","FBG","FBG11",2013,"FBG112013","spring",2013-04-29,2013-06-10,NA,NA,42,"FBG112013_spring",19,65
"297","FBG","FBG12",2013,"FBG122013","spring",2013-04-29,2013-06-10,NA,NA,42,"FBG122013_spring",13,41
"298","FBG","FBG13",2013,"FBG132013","spring",2013-04-29,2013-06-10,NA,NA,42,"FBG132013_spring",30,103
"299","FBG","FBG14",2013,"FBG142013","spring",2013-04-29,2013-06-10,NA,NA,42,"FBG142013_spring",17,43
"300","FBG","FBG15",2013,"FBG152013","spring",2013-04-29,2013-06-10,NA,NA,42,"FBG152013_spring",16,28
"301","FBG","FBG16",2013,"FBG162013","spring",2013-04-29,2013-06-10,NA,NA,42,"FBG162013_spring",37,104
"302","GFH","GFH01",2013,"GFH012013","spring",2013-05-02,2013-06-13,NA,NA,42,"GFH012013_spring",11,34
"303","GFH","GFH02",2013,"GFH022013","spring",2013-05-02,2013-06-13,NA,NA,42,"GFH022013_spring",22,113
"304","GFH","GFH03",2013,"GFH032013","spring",2013-05-02,2013-06-13,NA,NA,42,"GFH032013_spring",21,111
"305","GFH","GFH04",2013,"GFH042013","spring",2013-05-02,2013-06-13,NA,NA,42,"GFH042013_spring",29,145
"306","GFH","GFH05",2013,"GFH052013","spring",2013-05-02,2013-06-13,NA,NA,42,"GFH052013_spring",19,79
"307","GFH","GFH06",2013,"GFH062013","spring",2013-05-02,2013-06-13,NA,NA,42,"GFH062013_spring",23,76
"308","GFH","GFH07",2013,"GFH072013","spring",2013-05-02,2013-06-13,NA,NA,42,"GFH072013_spring",9,26
"309","GFH","GFH08",2013,"GFH082013","spring",2013-05-02,2013-06-13,NA,NA,42,"GFH082013_spring",9,27
"310","GFH","GFH09",2013,"GFH092013","spring",2013-05-02,2013-06-13,NA,NA,42,"GFH092013_spring",11,24
"311","GFH","GFH10",2013,"GFH102013","spring",2013-05-02,2013-06-13,NA,NA,42,"GFH102013_spring",28,112
"312","GFH","GFH11",2013,"GFH112013","spring",2013-05-02,2013-06-13,NA,NA,42,"GFH112013_spring",29,156
"313","GFH","GFH12",2013,"GFH122013","spring",2013-05-02,2013-06-13,NA,NA,42,"GFH122013_spring",19,44
"314","GFH","GFH13",2013,"GFH132013","spring",2013-05-02,2013-06-13,NA,NA,42,"GFH132013_spring",12,17
"315","GFH","GFH14",2013,"GFH142013","spring",2013-05-02,2013-06-13,NA,NA,42,"GFH142013_spring",31,110
"316","GFH","GFH15",2013,"GFH152013","spring",2013-05-02,2013-06-13,NA,NA,42,"GFH152013_spring",24,53
"317","GFH","GFH16",2013,"GFH162013","spring",2013-05-02,2013-06-13,NA,NA,42,"GFH162013_spring",23,94
"318","HAR","HAR01",2013,"HAR012013","spring",2013-04-30,2013-06-11,NA,NA,42,"HAR012013_spring",34,110
"319","HAR","HAR02",2013,"HAR022013","spring",2013-04-30,2013-06-11,NA,NA,42,"HAR022013_spring",24,105
"320","HAR","HAR03",2013,"HAR032013","spring",2013-04-30,2013-06-11,NA,NA,42,"HAR032013_spring",17,42
"321","HAR","HAR04",2013,"HAR042013","spring",2013-04-30,2013-06-11,NA,NA,42,"HAR042013_spring",20,87
"322","HAR","HAR05",2013,"HAR052013","spring",2013-04-30,2013-06-11,NA,NA,42,"HAR052013_spring",53,463
"323","HAR","HAR06",2013,"HAR062013","spring",2013-04-30,2013-06-11,NA,NA,42,"HAR062013_spring",28,124
"324","HAR","HAR07",2013,"HAR072013","spring",2013-04-30,2013-06-11,NA,NA,42,"HAR072013_spring",17,58
"325","HAR","HAR08",2013,"HAR082013","spring",2013-04-30,2013-06-11,NA,NA,42,"HAR082013_spring",16,83
"326","HAR","HAR09",2013,"HAR092013","spring",2013-04-30,2013-06-11,NA,NA,42,"HAR092013_spring",32,102
"327","HAR","HAR10",2013,"HAR102013","spring",2013-04-30,2013-06-11,NA,NA,42,"HAR102013_spring",31,144
"328","HAR","HAR11",2013,"HAR112013","spring",2013-04-30,2013-06-11,NA,NA,42,"HAR112013_spring",24,87
"329","HAR","HAR12",2013,"HAR122013","spring",2013-04-30,2013-06-11,NA,NA,42,"HAR122013_spring",27,76
"330","HAR","HAR13",2013,"HAR132013","spring",2013-04-30,2013-06-11,NA,NA,42,"HAR132013_spring",17,24
"331","HAR","HAR14",2013,"HAR142013","spring",2013-04-30,2013-06-11,NA,NA,42,"HAR142013_spring",14,38
"332","HAR","HAR15",2013,"HAR152013","spring",2013-04-30,2013-06-11,NA,NA,42,"HAR152013_spring",32,64
"333","HAR","HAR16",2013,"HAR162013","spring",2013-04-30,2013-06-11,NA,NA,42,"HAR162013_spring",29,121
"334","SIP","SIP01",2013,"SIP012013","spring",2013-05-02,2013-06-13,NA,NA,42,"SIP012013_spring",32,225
"335","SIP","SIP02",2013,"SIP022013","spring",2013-05-02,2013-06-13,NA,NA,42,"SIP022013_spring",32,195
"336","SIP","SIP03",2013,"SIP032013","spring",2013-05-02,2013-06-13,NA,NA,42,"SIP032013_spring",27,111
"337","SIP","SIP05",2013,"SIP052013","spring",2013-05-02,2013-06-13,NA,NA,42,"SIP052013_spring",21,95
"338","SIP","SIP06",2013,"SIP062013","spring",2013-05-02,2013-06-13,2013-05-16,2013-06-03,24,"SIP062013_spring",23,186
"339","SIP","SIP07",2013,"SIP072013","spring",2013-05-02,2013-06-13,NA,NA,42,"SIP072013_spring",31,246
"340","SIP","SIP08",2013,"SIP082013","spring",2013-05-02,2013-06-13,NA,NA,42,"SIP082013_spring",23,143
"341","SIP","SIP09",2013,"SIP092013","spring",2013-05-02,2013-06-13,NA,NA,42,"SIP092013_spring",22,314
"342","SIP","SIP10",2013,"SIP102013","spring",2013-05-02,2013-06-13,NA,NA,42,"SIP102013_spring",25,94
"343","SIP","SIP11",2013,"SIP112013","spring",2013-05-02,2013-06-13,NA,NA,42,"SIP112013_spring",24,154
"344","SIP","SIP12",2013,"SIP122013","spring",2013-05-02,2013-06-13,NA,NA,42,"SIP122013_spring",28,80
"345","SIP","SIP13",2013,"SIP132013","spring",2013-05-02,2013-06-13,NA,NA,42,"SIP132013_spring",23,191
"346","SIP","SIP14",2013,"SIP142013","spring",2013-05-02,2013-06-13,NA,NA,42,"SIP142013_spring",13,53
"347","SIP","SIP15",2013,"SIP152013","spring",2013-05-02,2013-06-13,NA,NA,42,"SIP152013_spring",25,68
"348","SIP","SIP16",2013,"SIP162013","spring",2013-05-02,2013-06-13,NA,NA,42,"SIP162013_spring",30,190
"349","SST","SST01",2013,"SST012013","spring",2013-04-29,2013-06-10,NA,NA,42,"SST012013_spring",38,263
"350","SST","SST02",2013,"SST022013","spring",2013-04-29,2013-06-10,NA,NA,42,"SST022013_spring",12,138
"351","SST","SST03",2013,"SST032013","spring",2013-04-29,2013-06-10,NA,NA,42,"SST032013_spring",14,176
"352","SST","SST04",2013,"SST042013","spring",2013-04-29,2013-06-10,NA,NA,42,"SST042013_spring",15,60
"353","SST","SST05",2013,"SST052013","spring",2013-04-29,2013-06-10,NA,NA,42,"SST052013_spring",24,159
"354","SST","SST06",2013,"SST062013","spring",2013-04-29,2013-06-10,NA,NA,42,"SST062013_spring",24,348
"355","SST","SST07",2013,"SST072013","spring",2013-04-29,2013-06-10,NA,NA,42,"SST072013_spring",18,58
"356","SST","SST08",2013,"SST082013","spring",2013-04-29,2013-06-10,NA,NA,42,"SST082013_spring",18,111
"357","SST","SST09",2013,"SST092013","spring",2013-04-29,2013-06-10,NA,NA,42,"SST092013_spring",22,261
"358","SST","SST10",2013,"SST102013","spring",2013-04-29,2013-06-10,NA,NA,42,"SST102013_spring",30,170
"359","SST","SST11",2013,"SST112013","spring",2013-04-29,2013-06-10,NA,NA,42,"SST112013_spring",28,100
"360","SST","SST12",2013,"SST122013","spring",2013-04-29,2013-06-10,NA,NA,42,"SST122013_spring",27,148
"361","SST","SST13",2013,"SST132013","spring",2013-04-29,2013-06-10,NA,NA,42,"SST132013_spring",37,451
"362","SST","SST14",2013,"SST142013","spring",2013-04-29,2013-06-10,NA,NA,42,"SST142013_spring",12,179
"363","SST","SST15",2013,"SST152013","spring",2013-04-29,2013-06-10,NA,NA,42,"SST152013_spring",13,108
"364","SST","SST16",2013,"SST162013","spring",2013-04-29,2013-06-10,NA,NA,42,"SST162013_spring",14,141
"365","WAN","WAN01",2013,"WAN012013","spring",2013-04-30,2013-06-11,NA,NA,42,"WAN012013_spring",34,175
"366","WAN","WAN02",2013,"WAN022013","spring",2013-04-30,2013-06-11,NA,NA,42,"WAN022013_spring",24,132
"367","WAN","WAN03",2013,"WAN032013","spring",2013-04-30,2013-06-11,NA,NA,42,"WAN032013_spring",14,45
"368","WAN","WAN04",2013,"WAN042013","spring",2013-04-30,2013-06-11,NA,NA,42,"WAN042013_spring",21,132
"369","WAN","WAN05",2013,"WAN052013","spring",2013-04-30,2013-06-11,NA,NA,42,"WAN052013_spring",18,147
"370","WAN","WAN06",2013,"WAN062013","spring",2013-04-30,2013-06-11,NA,NA,42,"WAN062013_spring",16,33
"371","WAN","WAN07",2013,"WAN072013","spring",2013-04-30,2013-06-11,NA,NA,42,"WAN072013_spring",16,23
"372","WAN","WAN08",2013,"WAN082013","spring",2013-04-30,2013-06-11,NA,NA,42,"WAN082013_spring",16,46
"373","WAN","WAN09",2013,"WAN092013","spring",2013-04-30,2013-06-11,NA,NA,42,"WAN092013_spring",19,38
"374","WAN","WAN10",2013,"WAN102013","spring",2013-04-30,2013-06-11,NA,NA,42,"WAN102013_spring",18,45
"375","WAN","WAN11",2013,"WAN112013","spring",2013-04-30,2013-05-28,NA,NA,28,"WAN112013_spring",6,21
"376","WAN","WAN12",2013,"WAN122013","spring",2013-04-30,2013-06-11,NA,NA,42,"WAN122013_spring",24,113
"377","WAN","WAN13",2013,"WAN132013","spring",2013-04-30,2013-06-11,NA,NA,42,"WAN132013_spring",22,80
"378","WAN","WAN14",2013,"WAN142013","spring",2013-04-30,2013-06-11,NA,NA,42,"WAN142013_spring",27,67
"379","WAN","WAN15",2013,"WAN152013","spring",2013-04-30,2013-06-11,NA,NA,42,"WAN152013_spring",17,38
"380","WAN","WAN16",2013,"WAN162013","spring",2013-04-30,2013-06-11,NA,NA,42,"WAN162013_spring",24,93
"381","FBG","FBG01",2014,"FBG012014","spring",2014-04-14,2014-05-26,NA,NA,42,"FBG012014_spring",26,77
"382","FBG","FBG02",2014,"FBG022014","spring",2014-04-14,2014-05-26,NA,NA,42,"FBG022014_spring",42,150
"383","FBG","FBG03",2014,"FBG032014","spring",2014-04-14,2014-05-26,NA,NA,42,"FBG032014_spring",17,59
"384","FBG","FBG04",2014,"FBG042014","spring",2014-04-14,2014-05-26,NA,NA,42,"FBG042014_spring",20,48
"385","FBG","FBG05",2014,"FBG052014","spring",2014-04-14,2014-05-26,NA,NA,42,"FBG052014_spring",24,57
"386","FBG","FBG06",2014,"FBG062014","spring",2014-04-14,2014-05-26,NA,NA,42,"FBG062014_spring",21,70
"387","FBG","FBG07",2014,"FBG072014","spring",2014-04-14,2014-05-26,NA,NA,42,"FBG072014_spring",30,96
"388","FBG","FBG08",2014,"FBG082014","spring",2014-04-14,2014-05-26,NA,NA,42,"FBG082014_spring",15,38
"389","FBG","FBG09",2014,"FBG092014","spring",2014-04-14,2014-05-26,NA,NA,42,"FBG092014_spring",33,206
"390","FBG","FBG10",2014,"FBG102014","spring",2014-04-14,2014-05-26,NA,NA,42,"FBG102014_spring",29,72
"391","FBG","FBG11",2014,"FBG112014","spring",2014-04-14,2014-05-26,NA,NA,42,"FBG112014_spring",25,81
"392","FBG","FBG12",2014,"FBG122014","spring",2014-04-14,2014-05-26,NA,NA,42,"FBG122014_spring",32,73
"393","FBG","FBG13",2014,"FBG132014","spring",2014-04-14,2014-05-26,NA,NA,42,"FBG132014_spring",43,110
"394","FBG","FBG14",2014,"FBG142014","spring",2014-04-14,2014-05-26,NA,NA,42,"FBG142014_spring",32,81
"395","FBG","FBG15",2014,"FBG152014","spring",2014-04-14,2014-05-26,NA,NA,42,"FBG152014_spring",32,77
"396","FBG","FBG16",2014,"FBG162014","spring",2014-04-14,2014-05-26,NA,NA,42,"FBG162014_spring",15,26
"397","GFH","GFH01",2014,"GFH012014","spring",2014-04-16,2014-05-28,NA,NA,42,"GFH012014_spring",10,34
"398","GFH","GFH02",2014,"GFH022014","spring",2014-04-16,2014-05-28,NA,NA,42,"GFH022014_spring",18,71
"399","GFH","GFH03",2014,"GFH032014","spring",2014-04-16,2014-05-28,NA,NA,42,"GFH032014_spring",29,90
"400","GFH","GFH04",2014,"GFH042014","spring",2014-04-16,2014-05-28,NA,NA,42,"GFH042014_spring",14,29
"401","GFH","GFH05",2014,"GFH052014","spring",2014-04-16,2014-05-28,NA,NA,42,"GFH052014_spring",16,42
"402","GFH","GFH06",2014,"GFH062014","spring",2014-04-16,2014-05-28,NA,NA,42,"GFH062014_spring",11,25
"403","GFH","GFH07",2014,"GFH072014","spring",2014-04-16,2014-05-28,NA,NA,42,"GFH072014_spring",16,38
"404","GFH","GFH08",2014,"GFH082014","spring",2014-04-16,2014-05-28,NA,NA,42,"GFH082014_spring",9,14
"405","GFH","GFH09",2014,"GFH092014","spring",2014-04-16,2014-05-28,NA,NA,42,"GFH092014_spring",7,14
"406","GFH","GFH10",2014,"GFH102014","spring",2014-04-16,2014-05-28,NA,NA,42,"GFH102014_spring",20,78
"407","GFH","GFH11",2014,"GFH112014","spring",2014-04-16,2014-05-28,NA,NA,42,"GFH112014_spring",15,25
"408","GFH","GFH12",2014,"GFH122014","spring",2014-04-16,2014-05-28,NA,NA,42,"GFH122014_spring",12,18
"409","GFH","GFH13",2014,"GFH132014","spring",2014-04-16,2014-05-28,NA,NA,42,"GFH132014_spring",16,26
"410","GFH","GFH14",2014,"GFH142014","spring",2014-04-16,2014-05-28,NA,NA,42,"GFH142014_spring",24,62
"411","GFH","GFH15",2014,"GFH152014","spring",2014-04-16,2014-05-28,NA,NA,42,"GFH152014_spring",18,38
"412","GFH","GFH16",2014,"GFH162014","spring",2014-04-16,2014-05-28,NA,NA,42,"GFH162014_spring",35,132
"413","HAR","HAR01",2014,"HAR012014","spring",2014-04-15,2014-05-27,NA,NA,42,"HAR012014_spring",32,125
"414","HAR","HAR02",2014,"HAR022014","spring",2014-04-15,2014-05-27,NA,NA,42,"HAR022014_spring",22,123
"415","HAR","HAR03",2014,"HAR032014","spring",2014-04-15,2014-05-27,NA,NA,42,"HAR032014_spring",15,54
"416","HAR","HAR04",2014,"HAR042014","spring",2014-04-15,2014-05-27,NA,NA,42,"HAR042014_spring",14,27
"417","HAR","HAR05",2014,"HAR052014","spring",2014-04-15,2014-05-27,NA,NA,42,"HAR052014_spring",32,107
"418","HAR","HAR06",2014,"HAR062014","spring",2014-04-15,2014-05-27,NA,NA,42,"HAR062014_spring",22,67
"419","HAR","HAR07",2014,"HAR072014","spring",2014-04-15,2014-05-27,NA,NA,42,"HAR072014_spring",18,98
"420","HAR","HAR08",2014,"HAR082014","spring",2014-04-15,2014-05-27,NA,NA,42,"HAR082014_spring",14,138
"421","HAR","HAR09",2014,"HAR092014","spring",2014-04-15,2014-05-27,NA,NA,42,"HAR092014_spring",25,94
"422","HAR","HAR10",2014,"HAR102014","spring",2014-04-15,2014-05-27,NA,NA,42,"HAR102014_spring",28,100
"423","HAR","HAR11",2014,"HAR112014","spring",2014-04-15,2014-05-27,NA,NA,42,"HAR112014_spring",17,32
"424","HAR","HAR12",2014,"HAR122014","spring",2014-04-15,2014-05-27,NA,NA,42,"HAR122014_spring",31,127
"425","HAR","HAR13",2014,"HAR132014","spring",2014-04-15,2014-05-27,NA,NA,42,"HAR132014_spring",16,52
"426","HAR","HAR14",2014,"HAR142014","spring",2014-04-15,2014-05-27,NA,NA,42,"HAR142014_spring",16,51
"427","HAR","HAR15",2014,"HAR152014","spring",2014-04-15,2014-05-27,NA,NA,42,"HAR152014_spring",18,36
"428","HAR","HAR16",2014,"HAR162014","spring",2014-04-15,2014-05-27,NA,NA,42,"HAR162014_spring",30,82
"429","SIP","SIP01",2014,"SIP012014","spring",2014-04-16,2014-05-28,NA,NA,42,"SIP012014_spring",18,69
"430","SIP","SIP02",2014,"SIP022014","spring",2014-04-16,2014-05-28,NA,NA,42,"SIP022014_spring",32,126
"431","SIP","SIP03",2014,"SIP032014","spring",2014-04-16,2014-05-28,NA,NA,42,"SIP032014_spring",23,69
"432","SIP","SIP05",2014,"SIP052014","spring",2014-04-16,2014-05-28,NA,NA,42,"SIP052014_spring",11,33
"433","SIP","SIP06",2014,"SIP062014","spring",2014-04-16,2014-05-28,NA,NA,42,"SIP062014_spring",16,43
"434","SIP","SIP07",2014,"SIP072014","spring",2014-04-16,2014-05-28,NA,NA,42,"SIP072014_spring",12,20
"435","SIP","SIP08",2014,"SIP082014","spring",2014-04-16,2014-05-28,NA,NA,42,"SIP082014_spring",18,54
"436","SIP","SIP09",2014,"SIP092014","spring",2014-04-16,2014-05-28,NA,NA,42,"SIP092014_spring",13,37
"437","SIP","SIP10",2014,"SIP102014","spring",2014-04-16,2014-05-28,NA,NA,42,"SIP102014_spring",11,41
"438","SIP","SIP11",2014,"SIP112014","spring",2014-04-16,2014-05-28,NA,NA,42,"SIP112014_spring",9,27
"439","SIP","SIP12",2014,"SIP122014","spring",2014-04-16,2014-05-28,NA,NA,42,"SIP122014_spring",12,45
"440","SIP","SIP13",2014,"SIP132014","spring",2014-04-16,2014-05-28,NA,NA,42,"SIP132014_spring",16,29
"441","SIP","SIP14",2014,"SIP142014","spring",2014-04-16,2014-05-28,NA,NA,42,"SIP142014_spring",14,55
"442","SIP","SIP15",2014,"SIP152014","spring",2014-04-16,2014-05-28,NA,NA,42,"SIP152014_spring",15,45
"443","SIP","SIP16",2014,"SIP162014","spring",2014-04-16,2014-05-28,NA,NA,42,"SIP162014_spring",13,21
"444","SST","SST01",2014,"SST012014","spring",2014-04-28,2014-05-26,NA,NA,28,"SST012014_spring",29,94
"445","SST","SST02",2014,"SST022014","spring",2014-04-14,2014-05-26,NA,NA,42,"SST022014_spring",17,80
"446","SST","SST03",2014,"SST032014","spring",2014-04-14,2014-05-26,NA,NA,42,"SST032014_spring",11,28
"447","SST","SST04",2014,"SST042014","spring",2014-04-14,2014-05-26,NA,NA,42,"SST042014_spring",20,49
"448","SST","SST05",2014,"SST052014","spring",2014-04-14,2014-05-26,NA,NA,42,"SST052014_spring",33,93
"449","SST","SST06",2014,"SST062014","spring",2014-04-14,2014-05-26,NA,NA,42,"SST062014_spring",13,52
"450","SST","SST07",2014,"SST072014","spring",2014-04-14,2014-05-26,NA,NA,42,"SST072014_spring",16,31
"451","SST","SST08",2014,"SST082014","spring",2014-04-14,2014-05-26,NA,NA,42,"SST082014_spring",28,58
"452","SST","SST09",2014,"SST092014","spring",2014-04-14,2014-05-26,NA,NA,42,"SST092014_spring",15,35
"453","SST","SST10",2014,"SST102014","spring",2014-04-14,2014-05-26,NA,NA,42,"SST102014_spring",23,136
"454","SST","SST11",2014,"SST112014","spring",2014-04-14,2014-05-26,NA,NA,42,"SST112014_spring",19,76
"455","SST","SST12",2014,"SST122014","spring",2014-04-14,2014-05-26,NA,NA,42,"SST122014_spring",10,39
"456","SST","SST13",2014,"SST132014","spring",2014-04-14,2014-05-26,NA,NA,42,"SST132014_spring",23,97
"457","SST","SST14",2014,"SST142014","spring",2014-04-14,2014-05-26,NA,NA,42,"SST142014_spring",16,122
"458","SST","SST15",2014,"SST152014","spring",2014-04-14,2014-05-26,NA,NA,42,"SST152014_spring",13,75
"459","SST","SST16",2014,"SST162014","spring",2014-04-14,2014-05-26,NA,NA,42,"SST162014_spring",12,41
"460","WAN","WAN01",2014,"WAN012014","spring",2014-04-15,2014-05-27,NA,NA,42,"WAN012014_spring",33,151
"461","WAN","WAN02",2014,"WAN022014","spring",2014-04-15,2014-05-27,NA,NA,42,"WAN022014_spring",23,70
"462","WAN","WAN03",2014,"WAN032014","spring",2014-04-15,2014-05-27,NA,NA,42,"WAN032014_spring",15,26
"463","WAN","WAN04",2014,"WAN042014","spring",2014-04-15,2014-05-27,NA,NA,42,"WAN042014_spring",23,60
"464","WAN","WAN05",2014,"WAN052014","spring",2014-04-15,2014-05-27,NA,NA,42,"WAN052014_spring",20,59
"465","WAN","WAN06",2014,"WAN062014","spring",2014-04-15,2014-05-27,NA,NA,42,"WAN062014_spring",15,26
"466","WAN","WAN07",2014,"WAN072014","spring",2014-04-15,2014-05-27,NA,NA,42,"WAN072014_spring",10,20
"467","WAN","WAN08",2014,"WAN082014","spring",2014-04-15,2014-05-27,NA,NA,42,"WAN082014_spring",14,52
"468","WAN","WAN09",2014,"WAN092014","spring",2014-04-15,2014-05-27,NA,NA,42,"WAN092014_spring",24,98
"469","WAN","WAN10",2014,"WAN102014","spring",2014-04-15,2014-05-27,NA,NA,42,"WAN102014_spring",23,47
"470","WAN","WAN11",2014,"WAN112014","spring",2014-04-15,2014-05-13,NA,NA,28,"WAN112014_spring",6,17
"471","WAN","WAN12",2014,"WAN122014","spring",2014-04-15,2014-05-27,NA,NA,42,"WAN122014_spring",24,75
"472","WAN","WAN13",2014,"WAN132014","spring",2014-04-15,2014-05-27,NA,NA,42,"WAN132014_spring",16,117
"473","WAN","WAN14",2014,"WAN142014","spring",2014-04-15,2014-05-27,NA,NA,42,"WAN142014_spring",24,46
"474","WAN","WAN15",2014,"WAN152014","spring",2014-04-15,2014-05-27,NA,NA,42,"WAN152014_spring",14,40
"475","WAN","WAN16",2014,"WAN162014","spring",2014-04-15,2014-05-27,NA,NA,42,"WAN162014_spring",14,30
"476","FBG","FBG01",2015,"FBG012015","spring",2015-04-20,2015-06-01,NA,NA,42,"FBG012015_spring",23,62
"477","FBG","FBG02",2015,"FBG022015","spring",2015-04-20,2015-06-01,2015-05-04,2015-05-18,28,"FBG022015_spring",29,62
"478","FBG","FBG03",2015,"FBG032015","spring",2015-04-20,2015-06-01,NA,NA,42,"FBG032015_spring",19,87
"479","FBG","FBG04",2015,"FBG042015","spring",2015-04-20,2015-06-01,NA,NA,42,"FBG042015_spring",22,491
"480","FBG","FBG05",2015,"FBG052015","spring",2015-04-20,2015-06-01,NA,NA,42,"FBG052015_spring",30,203
"481","FBG","FBG06",2015,"FBG062015","spring",2015-04-20,2015-06-01,NA,NA,42,"FBG062015_spring",25,159
"482","FBG","FBG07",2015,"FBG072015","spring",2015-04-20,2015-06-01,NA,NA,42,"FBG072015_spring",26,92
"483","FBG","FBG08",2015,"FBG082015","spring",2015-04-20,2015-06-01,NA,NA,42,"FBG082015_spring",10,18
"484","FBG","FBG09",2015,"FBG092015","spring",2015-04-20,2015-06-01,NA,NA,42,"FBG092015_spring",32,186
"485","FBG","FBG10",2015,"FBG102015","spring",2015-04-20,2015-06-01,NA,NA,42,"FBG102015_spring",36,232
"486","FBG","FBG11",2015,"FBG112015","spring",2015-04-20,2015-06-01,NA,NA,42,"FBG112015_spring",22,75
"487","FBG","FBG12",2015,"FBG122015","spring",2015-04-20,2015-06-01,NA,NA,42,"FBG122015_spring",22,60
"488","FBG","FBG13",2015,"FBG132015","spring",2015-04-20,2015-06-01,NA,NA,42,"FBG132015_spring",49,218
"489","FBG","FBG14",2015,"FBG142015","spring",2015-04-20,2015-06-01,NA,NA,42,"FBG142015_spring",17,56
"490","FBG","FBG15",2015,"FBG152015","spring",2015-04-20,2015-06-01,NA,NA,42,"FBG152015_spring",19,56
"491","FBG","FBG16",2015,"FBG162015","spring",2015-04-20,2015-06-01,NA,NA,42,"FBG162015_spring",21,42
"492","GFH","GFH01",2015,"GFH012015","spring",2015-04-21,2015-06-03,NA,NA,43,"GFH012015_spring",8,21
"493","GFH","GFH02",2015,"GFH022015","spring",2015-04-21,2015-06-03,NA,NA,43,"GFH022015_spring",12,140
"494","GFH","GFH03",2015,"GFH032015","spring",2015-04-21,2015-06-03,NA,NA,43,"GFH032015_spring",14,119
"495","GFH","GFH04",2015,"GFH042015","spring",2015-04-21,2015-06-03,NA,NA,43,"GFH042015_spring",21,74
"496","GFH","GFH05",2015,"GFH052015","spring",2015-04-21,2015-06-03,NA,NA,43,"GFH052015_spring",13,65
"497","GFH","GFH06",2015,"GFH062015","spring",2015-04-21,2015-06-03,NA,NA,43,"GFH062015_spring",12,20
"498","GFH","GFH07",2015,"GFH072015","spring",2015-04-21,2015-05-19,NA,NA,28,"GFH072015_spring",6,9
"499","GFH","GFH08",2015,"GFH082015","spring",2015-04-21,2015-06-03,NA,NA,43,"GFH082015_spring",4,5
"500","GFH","GFH09",2015,"GFH092015","spring",2015-04-21,2015-06-03,NA,NA,43,"GFH092015_spring",8,25
"501","GFH","GFH10",2015,"GFH102015","spring",2015-04-21,2015-06-03,NA,NA,43,"GFH102015_spring",18,54
"502","GFH","GFH11",2015,"GFH112015","spring",2015-04-21,2015-06-03,NA,NA,43,"GFH112015_spring",22,105
"503","GFH","GFH12",2015,"GFH122015","spring",2015-04-21,2015-06-03,NA,NA,43,"GFH122015_spring",11,22
"504","GFH","GFH13",2015,"GFH132015","spring",2015-04-21,2015-06-03,NA,NA,43,"GFH132015_spring",12,12
"505","GFH","GFH14",2015,"GFH142015","spring",2015-04-21,2015-06-03,NA,NA,43,"GFH142015_spring",15,69
"506","GFH","GFH15",2015,"GFH152015","spring",2015-04-21,2015-06-03,NA,NA,43,"GFH152015_spring",21,40
"507","GFH","GFH16",2015,"GFH162015","spring",2015-04-21,2015-06-03,NA,NA,43,"GFH162015_spring",11,23
"508","HAR","HAR01",2015,"HAR012015","spring",2015-05-06,2015-06-02,NA,NA,27,"HAR012015_spring",16,28
"509","HAR","HAR02",2015,"HAR022015","spring",2015-04-22,2015-06-02,NA,NA,41,"HAR022015_spring",14,313
"510","HAR","HAR03",2015,"HAR032015","spring",2015-04-22,2015-06-02,NA,NA,41,"HAR032015_spring",11,32
"511","HAR","HAR04",2015,"HAR042015","spring",2015-04-22,2015-06-02,NA,NA,41,"HAR042015_spring",11,32
"512","HAR","HAR05",2015,"HAR052015","spring",2015-04-22,2015-06-02,NA,NA,41,"HAR052015_spring",27,106
"513","HAR","HAR06",2015,"HAR062015","spring",2015-04-22,2015-06-02,NA,NA,41,"HAR062015_spring",26,84
"514","HAR","HAR07",2015,"HAR072015","spring",2015-04-22,2015-06-02,NA,NA,41,"HAR072015_spring",12,47
"515","HAR","HAR08",2015,"HAR082015","spring",2015-04-22,2015-06-02,NA,NA,41,"HAR082015_spring",7,61
"516","HAR","HAR09",2015,"HAR092015","spring",2015-04-22,2015-06-02,NA,NA,41,"HAR092015_spring",27,61
"517","HAR","HAR10",2015,"HAR102015","spring",2015-04-22,2015-06-02,2015-05-06,2015-05-20,27,"HAR102015_spring",14,33
"518","HAR","HAR11",2015,"HAR112015","spring",2015-04-22,2015-06-02,NA,NA,41,"HAR112015_spring",11,28
"519","HAR","HAR12",2015,"HAR122015","spring",2015-04-22,2015-06-02,NA,NA,41,"HAR122015_spring",15,68
"520","HAR","HAR13",2015,"HAR132015","spring",2015-04-22,2015-06-02,NA,NA,41,"HAR132015_spring",11,28
"521","HAR","HAR14",2015,"HAR142015","spring",2015-04-22,2015-06-02,NA,NA,41,"HAR142015_spring",20,56
"522","HAR","HAR15",2015,"HAR152015","spring",2015-04-22,2015-06-02,NA,NA,41,"HAR152015_spring",29,67
"523","HAR","HAR16",2015,"HAR162015","spring",2015-04-22,2015-06-02,NA,NA,41,"HAR162015_spring",35,120
"524","SIP","SIP01",2015,"SIP012015","spring",2015-04-21,2015-06-03,NA,NA,43,"SIP012015_spring",25,135
"525","SIP","SIP02",2015,"SIP022015","spring",2015-04-21,2015-06-03,2015-05-05,2015-05-19,29,"SIP022015_spring",25,101
"526","SIP","SIP03",2015,"SIP032015","spring",2015-04-21,2015-06-03,NA,NA,43,"SIP032015_spring",24,65
"527","SIP","SIP05",2015,"SIP052015","spring",2015-04-21,2015-06-03,2015-05-05,2015-05-19,29,"SIP052015_spring",13,57
"528","SIP","SIP06",2015,"SIP062015","spring",2015-04-21,2015-06-03,NA,NA,43,"SIP062015_spring",21,127
"529","SIP","SIP07",2015,"SIP072015","spring",2015-04-21,2015-06-03,NA,NA,43,"SIP072015_spring",27,150
"530","SIP","SIP08",2015,"SIP082015","spring",2015-04-21,2015-06-03,NA,NA,43,"SIP082015_spring",25,196
"531","SIP","SIP09",2015,"SIP092015","spring",2015-04-21,2015-06-03,NA,NA,43,"SIP092015_spring",21,258
"532","SIP","SIP10",2015,"SIP102015","spring",2015-04-21,2015-06-03,NA,NA,43,"SIP102015_spring",19,43
"533","SIP","SIP11",2015,"SIP112015","spring",2015-04-21,2015-06-03,NA,NA,43,"SIP112015_spring",15,77
"534","SIP","SIP12",2015,"SIP122015","spring",2015-04-21,2015-06-03,NA,NA,43,"SIP122015_spring",21,69
"535","SIP","SIP13",2015,"SIP132015","spring",2015-04-21,2015-06-03,NA,NA,43,"SIP132015_spring",10,31
"536","SIP","SIP14",2015,"SIP142015","spring",2015-04-21,2015-06-03,NA,NA,43,"SIP142015_spring",15,89
"537","SIP","SIP15",2015,"SIP152015","spring",2015-04-21,2015-06-03,NA,NA,43,"SIP152015_spring",22,109
"538","SIP","SIP16",2015,"SIP162015","spring",2015-04-21,2015-06-03,NA,NA,43,"SIP162015_spring",22,115
"539","SST","SST01",2015,"SST012015","spring",2015-04-20,2015-06-01,NA,NA,42,"SST012015_spring",26,80
"540","SST","SST02",2015,"SST022015","spring",2015-04-20,2015-06-01,NA,NA,42,"SST022015_spring",25,322
"541","SST","SST03",2015,"SST032015","spring",2015-04-20,2015-06-01,NA,NA,42,"SST032015_spring",20,111
"542","SST","SST04",2015,"SST042015","spring",2015-04-20,2015-06-01,NA,NA,42,"SST042015_spring",19,37
"543","SST","SST05",2015,"SST052015","spring",2015-04-20,2015-06-01,NA,NA,42,"SST052015_spring",15,42
"544","SST","SST06",2015,"SST062015","spring",2015-04-20,2015-06-01,NA,NA,42,"SST062015_spring",12,50
"545","SST","SST07",2015,"SST072015","spring",2015-04-20,2015-06-01,NA,NA,42,"SST072015_spring",13,46
"546","SST","SST08",2015,"SST082015","spring",2015-04-20,2015-06-01,NA,NA,42,"SST082015_spring",17,126
"547","SST","SST09",2015,"SST092015","spring",2015-04-20,2015-06-01,NA,NA,42,"SST092015_spring",14,65
"548","SST","SST10",2015,"SST102015","spring",2015-04-20,2015-06-01,NA,NA,42,"SST102015_spring",13,152
"549","SST","SST11",2015,"SST112015","spring",2015-04-20,2015-06-01,NA,NA,42,"SST112015_spring",20,205
"550","SST","SST12",2015,"SST122015","spring",2015-04-20,2015-06-01,NA,NA,42,"SST122015_spring",18,198
"551","SST","SST13",2015,"SST132015","spring",2015-04-20,2015-06-01,NA,NA,42,"SST132015_spring",32,175
"552","SST","SST14",2015,"SST142015","spring",2015-04-20,2015-06-01,NA,NA,42,"SST142015_spring",8,54
"553","SST","SST15",2015,"SST152015","spring",2015-04-20,2015-06-01,NA,NA,42,"SST152015_spring",18,341
"554","SST","SST16",2015,"SST162015","spring",2015-04-20,2015-06-01,2015-05-04,2015-05-18,28,"SST162015_spring",9,20
"555","WAN","WAN01",2015,"WAN012015","spring",2015-04-22,2015-06-02,NA,NA,41,"WAN012015_spring",24,97
"556","WAN","WAN02",2015,"WAN022015","spring",2015-04-22,2015-06-02,NA,NA,41,"WAN022015_spring",14,89
"557","WAN","WAN03",2015,"WAN032015","spring",2015-04-22,2015-06-02,NA,NA,41,"WAN032015_spring",7,26
"558","WAN","WAN04",2015,"WAN042015","spring",2015-04-22,2015-06-02,NA,NA,41,"WAN042015_spring",7,35
"559","WAN","WAN05",2015,"WAN052015","spring",2015-04-22,2015-06-02,NA,NA,41,"WAN052015_spring",13,22
"560","WAN","WAN06",2015,"WAN062015","spring",2015-04-22,2015-06-02,NA,NA,41,"WAN062015_spring",12,31
"561","WAN","WAN07",2015,"WAN072015","spring",2015-04-22,2015-05-20,NA,NA,28,"WAN072015_spring",1,1
"562","WAN","WAN08",2015,"WAN082015","spring",2015-04-22,2015-06-02,NA,NA,41,"WAN082015_spring",9,29
"563","WAN","WAN09",2015,"WAN092015","spring",2015-04-22,2015-06-02,NA,NA,41,"WAN092015_spring",27,203
"564","WAN","WAN10",2015,"WAN102015","spring",2015-04-22,2015-06-02,NA,NA,41,"WAN102015_spring",21,41
"565","WAN","WAN11",2015,"WAN112015","spring",2015-04-22,2015-06-02,NA,NA,41,"WAN112015_spring",10,23
"566","WAN","WAN12",2015,"WAN122015","spring",2015-04-22,2015-06-02,NA,NA,41,"WAN122015_spring",13,48
"567","WAN","WAN13",2015,"WAN132015","spring",2015-04-22,2015-06-02,NA,NA,41,"WAN132015_spring",6,12
"568","WAN","WAN14",2015,"WAN142015","spring",2015-04-22,2015-06-02,NA,NA,41,"WAN142015_spring",9,16
"569","WAN","WAN15",2015,"WAN152015","spring",2015-04-22,2015-06-02,NA,NA,41,"WAN152015_spring",20,33
"570","WAN","WAN16",2015,"WAN162015","spring",2015-04-22,2015-06-02,NA,NA,41,"WAN162015_spring",15,17
"571","FBG","FBG01",2016,"FBG012016","spring",2016-04-20,2016-06-01,NA,NA,42,"FBG012016_spring",35,102
"572","FBG","FBG02",2016,"FBG022016","spring",2016-04-20,2016-06-01,2016-05-04,2016-05-18,28,"FBG022016_spring",21,41
"573","FBG","FBG03",2016,"FBG032016","spring",2016-04-20,2016-06-01,NA,NA,42,"FBG032016_spring",13,27
"574","FBG","FBG04",2016,"FBG042016","spring",2016-04-20,2016-06-01,NA,NA,42,"FBG042016_spring",20,124
"575","FBG","FBG05",2016,"FBG052016","spring",2016-04-20,2016-06-01,NA,NA,42,"FBG052016_spring",25,73
"576","FBG","FBG06",2016,"FBG062016","spring",2016-04-20,2016-06-01,NA,NA,42,"FBG062016_spring",24,127
"577","FBG","FBG07",2016,"FBG072016","spring",2016-04-20,2016-06-01,NA,NA,42,"FBG072016_spring",21,55
"578","FBG","FBG08",2016,"FBG082016","spring",2016-05-04,2016-06-01,NA,NA,28,"FBG082016_spring",5,6
"579","FBG","FBG09",2016,"FBG092016","spring",2016-04-20,2016-06-01,NA,NA,42,"FBG092016_spring",32,133
"580","FBG","FBG10",2016,"FBG102016","spring",2016-04-20,2016-06-01,NA,NA,42,"FBG102016_spring",26,116
"581","FBG","FBG11",2016,"FBG112016","spring",2016-04-20,2016-06-01,NA,NA,42,"FBG112016_spring",21,47
"582","FBG","FBG12",2016,"FBG122016","spring",2016-04-20,2016-06-01,NA,NA,42,"FBG122016_spring",26,43
"583","FBG","FBG13",2016,"FBG132016","spring",2016-04-20,2016-06-01,NA,NA,42,"FBG132016_spring",32,115
"584","FBG","FBG14",2016,"FBG142016","spring",2016-04-20,2016-06-01,NA,NA,42,"FBG142016_spring",22,63
"585","FBG","FBG15",2016,"FBG152016","spring",2016-04-20,2016-06-01,NA,NA,42,"FBG152016_spring",19,65
"586","FBG","FBG16",2016,"FBG162016","spring",2016-04-20,2016-06-01,NA,NA,42,"FBG162016_spring",14,37
"587","GFH","GFH01",2016,"GFH012016","spring",2016-04-19,2016-05-31,NA,NA,42,"GFH012016_spring",5,18
"588","GFH","GFH02",2016,"GFH022016","spring",2016-04-19,2016-05-31,NA,NA,42,"GFH022016_spring",21,59
"589","GFH","GFH03",2016,"GFH032016","spring",2016-04-19,2016-05-31,NA,NA,42,"GFH032016_spring",22,84
"590","GFH","GFH04",2016,"GFH042016","spring",2016-04-19,2016-05-31,NA,NA,42,"GFH042016_spring",26,109
"591","GFH","GFH05",2016,"GFH052016","spring",2016-04-19,2016-05-31,NA,NA,42,"GFH052016_spring",14,46
"592","GFH","GFH06",2016,"GFH062016","spring",2016-04-19,2016-05-31,NA,NA,42,"GFH062016_spring",8,10
"593","GFH","GFH07",2016,"GFH072016","spring",2016-04-19,2016-05-31,NA,NA,42,"GFH072016_spring",9,18
"594","GFH","GFH08",2016,"GFH082016","spring",2016-04-19,2016-05-31,NA,NA,42,"GFH082016_spring",10,12
"595","GFH","GFH09",2016,"GFH092016","spring",2016-04-19,2016-05-19,NA,NA,30,"GFH092016_spring",8,11
"596","GFH","GFH10",2016,"GFH102016","spring",2016-04-19,2016-05-31,NA,NA,42,"GFH102016_spring",17,47
"597","GFH","GFH11",2016,"GFH112016","spring",2016-04-19,2016-05-31,NA,NA,42,"GFH112016_spring",18,42
"598","GFH","GFH12",2016,"GFH122016","spring",2016-04-19,2016-05-31,NA,NA,42,"GFH122016_spring",13,44
"599","GFH","GFH13",2016,"GFH132016","spring",2016-04-19,2016-05-31,NA,NA,42,"GFH132016_spring",13,21
"600","GFH","GFH14",2016,"GFH142016","spring",2016-04-19,2016-05-31,NA,NA,42,"GFH142016_spring",20,51
"601","GFH","GFH15",2016,"GFH152016","spring",2016-04-19,2016-05-31,NA,NA,42,"GFH152016_spring",14,28
"602","GFH","GFH16",2016,"GFH162016","spring",2016-04-19,2016-05-31,NA,NA,42,"GFH162016_spring",26,103
"603","HAR","HAR01",2016,"HAR012016","spring",2016-04-18,2016-05-30,NA,NA,42,"HAR012016_spring",27,80
"604","HAR","HAR02",2016,"HAR022016","spring",2016-04-18,2016-05-30,NA,NA,42,"HAR022016_spring",15,63
"605","HAR","HAR03",2016,"HAR032016","spring",2016-04-18,2016-05-30,NA,NA,42,"HAR032016_spring",13,34
"606","HAR","HAR04",2016,"HAR042016","spring",2016-04-18,2016-05-30,NA,NA,42,"HAR042016_spring",11,38
"607","HAR","HAR05",2016,"HAR052016","spring",2016-04-18,2016-05-30,NA,NA,42,"HAR052016_spring",23,164
"608","HAR","HAR06",2016,"HAR062016","spring",2016-04-18,2016-05-30,NA,NA,42,"HAR062016_spring",21,66
"609","HAR","HAR07",2016,"HAR072016","spring",2016-04-18,2016-05-30,NA,NA,42,"HAR072016_spring",15,63
"610","HAR","HAR08",2016,"HAR082016","spring",2016-04-18,2016-05-30,2016-05-02,2016-05-17,27,"HAR082016_spring",4,11
"611","HAR","HAR09",2016,"HAR092016","spring",2016-04-18,2016-05-30,NA,NA,42,"HAR092016_spring",22,68
"612","HAR","HAR10",2016,"HAR102016","spring",2016-04-18,2016-05-30,NA,NA,42,"HAR102016_spring",21,84
"613","HAR","HAR11",2016,"HAR112016","spring",2016-04-18,2016-05-30,NA,NA,42,"HAR112016_spring",11,31
"614","HAR","HAR12",2016,"HAR122016","spring",2016-04-18,2016-05-30,NA,NA,42,"HAR122016_spring",18,63
"615","HAR","HAR13",2016,"HAR132016","spring",2016-04-18,2016-05-30,NA,NA,42,"HAR132016_spring",9,23
"616","HAR","HAR14",2016,"HAR142016","spring",2016-04-18,2016-05-30,NA,NA,42,"HAR142016_spring",13,43
"617","HAR","HAR15",2016,"HAR152016","spring",2016-04-18,2016-05-30,NA,NA,42,"HAR152016_spring",22,64
"618","HAR","HAR16",2016,"HAR162016","spring",2016-04-18,2016-05-30,NA,NA,42,"HAR162016_spring",25,115
"619","SIP","SIP01",2016,"SIP012016","spring",2016-04-19,2016-05-31,NA,NA,42,"SIP012016_spring",16,38
"620","SIP","SIP02",2016,"SIP022016","spring",2016-04-19,2016-05-31,NA,NA,42,"SIP022016_spring",14,36
"621","SIP","SIP03",2016,"SIP032016","spring",2016-04-19,2016-05-31,NA,NA,42,"SIP032016_spring",20,56
"622","SIP","SIP05",2016,"SIP052016","spring",2016-04-19,2016-05-31,NA,NA,42,"SIP052016_spring",24,77
"623","SIP","SIP06",2016,"SIP062016","spring",2016-04-19,2016-05-31,NA,NA,42,"SIP062016_spring",19,45
"624","SIP","SIP07",2016,"SIP072016","spring",2016-04-19,2016-05-31,NA,NA,42,"SIP072016_spring",15,82
"625","SIP","SIP08",2016,"SIP082016","spring",2016-04-19,2016-05-31,NA,NA,42,"SIP082016_spring",14,48
"626","SIP","SIP09",2016,"SIP092016","spring",2016-04-19,2016-05-31,NA,NA,42,"SIP092016_spring",19,88
"627","SIP","SIP10",2016,"SIP102016","spring",2016-04-19,2016-05-19,NA,NA,30,"SIP102016_spring",12,18
"628","SIP","SIP11",2016,"SIP112016","spring",2016-04-19,2016-05-31,NA,NA,42,"SIP112016_spring",15,53
"629","SIP","SIP12",2016,"SIP122016","spring",2016-04-19,2016-05-31,NA,NA,42,"SIP122016_spring",12,19
"630","SIP","SIP13",2016,"SIP132016","spring",2016-04-19,2016-05-31,NA,NA,42,"SIP132016_spring",14,21
"631","SIP","SIP14",2016,"SIP142016","spring",2016-04-19,2016-05-31,NA,NA,42,"SIP142016_spring",15,27
"632","SIP","SIP15",2016,"SIP152016","spring",2016-04-19,2016-05-31,NA,NA,42,"SIP152016_spring",21,71
"633","SIP","SIP16",2016,"SIP162016","spring",2016-04-19,2016-05-31,NA,NA,42,"SIP162016_spring",15,44
"634","SST","SST01",2016,"SST012016","spring",2016-04-20,2016-06-01,NA,NA,42,"SST012016_spring",29,144
"635","SST","SST02",2016,"SST022016","spring",2016-04-20,2016-06-01,NA,NA,42,"SST022016_spring",28,125
"636","SST","SST03",2016,"SST032016","spring",2016-04-20,2016-06-01,NA,NA,42,"SST032016_spring",20,103
"637","SST","SST04",2016,"SST042016","spring",2016-04-20,2016-06-01,NA,NA,42,"SST042016_spring",28,111
"638","SST","SST05",2016,"SST052016","spring",2016-04-20,2016-06-01,NA,NA,42,"SST052016_spring",19,102
"639","SST","SST06",2016,"SST062016","spring",2016-04-20,2016-06-01,2016-05-04,2016-05-18,28,"SST062016_spring",7,23
"640","SST","SST07",2016,"SST072016","spring",2016-04-20,2016-06-01,NA,NA,42,"SST072016_spring",19,46
"641","SST","SST08",2016,"SST082016","spring",2016-04-20,2016-05-18,NA,NA,28,"SST082016_spring",21,52
"642","SST","SST09",2016,"SST092016","spring",2016-04-20,2016-06-01,NA,NA,42,"SST092016_spring",10,22
"643","SST","SST10",2016,"SST102016","spring",2016-04-20,2016-06-01,NA,NA,42,"SST102016_spring",25,155
"644","SST","SST11",2016,"SST112016","spring",2016-04-20,2016-06-01,NA,NA,42,"SST112016_spring",28,98
"645","SST","SST12",2016,"SST122016","spring",2016-04-20,2016-05-18,NA,NA,28,"SST122016_spring",9,40
"646","SST","SST13",2016,"SST132016","spring",2016-04-20,2016-06-01,NA,NA,42,"SST132016_spring",16,45
"647","SST","SST14",2016,"SST142016","spring",2016-04-20,2016-06-01,NA,NA,42,"SST142016_spring",27,325
"648","SST","SST15",2016,"SST152016","spring",2016-04-20,2016-06-01,NA,NA,42,"SST152016_spring",17,75
"649","SST","SST16",2016,"SST162016","spring",2016-04-20,2016-06-01,NA,NA,42,"SST162016_spring",14,69
"650","WAN","WAN01",2016,"WAN012016","spring",2016-04-18,2016-05-30,NA,NA,42,"WAN012016_spring",28,149
"651","WAN","WAN02",2016,"WAN022016","spring",2016-04-18,2016-05-30,NA,NA,42,"WAN022016_spring",13,60
"652","WAN","WAN03",2016,"WAN032016","spring",2016-04-18,2016-05-30,NA,NA,42,"WAN032016_spring",19,107
"653","WAN","WAN04",2016,"WAN042016","spring",2016-04-18,2016-05-30,NA,NA,42,"WAN042016_spring",17,73
"654","WAN","WAN05",2016,"WAN052016","spring",2016-04-18,2016-05-30,NA,NA,42,"WAN052016_spring",17,123
"655","WAN","WAN06",2016,"WAN062016","spring",2016-04-18,2016-05-30,NA,NA,42,"WAN062016_spring",7,20
"656","WAN","WAN07",2016,"WAN072016","spring",2016-04-18,2016-05-30,NA,NA,42,"WAN072016_spring",4,8
"657","WAN","WAN08",2016,"WAN082016","spring",2016-04-18,2016-05-30,NA,NA,42,"WAN082016_spring",8,53
"658","WAN","WAN09",2016,"WAN092016","spring",2016-04-18,2016-05-30,NA,NA,42,"WAN092016_spring",24,92
"659","WAN","WAN10",2016,"WAN102016","spring",2016-04-18,2016-05-30,NA,NA,42,"WAN102016_spring",15,38
"660","WAN","WAN11",2016,"WAN112016","spring",2016-04-18,2016-05-30,NA,NA,42,"WAN112016_spring",4,25
"661","WAN","WAN12",2016,"WAN122016","spring",2016-04-18,2016-05-30,NA,NA,42,"WAN122016_spring",25,158
"662","WAN","WAN13",2016,"WAN132016","spring",2016-04-18,2016-05-30,NA,NA,42,"WAN132016_spring",4,41
"663","WAN","WAN14",2016,"WAN142016","spring",2016-04-18,2016-05-30,NA,NA,42,"WAN142016_spring",13,44
"664","WAN","WAN15",2016,"WAN152016","spring",2016-04-18,2016-05-30,NA,NA,42,"WAN152016_spring",23,43
"665","WAN","WAN16",2016,"WAN162016","spring",2016-04-18,2016-05-30,NA,NA,42,"WAN162016_spring",20,49
"666","FBG","FBG01",2017,"FBG012017","spring",2017-04-20,2017-05-31,NA,NA,41,"FBG012017_spring",40,173
"667","FBG","FBG02",2017,"FBG022017","spring",2017-05-17,2017-05-31,NA,NA,14,"FBG022017_spring",1,1
"668","FBG","FBG03",2017,"FBG032017","spring",2017-04-20,2017-05-31,NA,NA,41,"FBG032017_spring",23,52
"669","FBG","FBG04",2017,"FBG042017","spring",2017-04-20,2017-05-31,NA,NA,41,"FBG042017_spring",30,84
"670","FBG","FBG05",2017,"FBG052017","spring",2017-04-20,2017-05-31,NA,NA,41,"FBG052017_spring",31,84
"671","FBG","FBG06",2017,"FBG062017","spring",2017-04-20,2017-05-31,NA,NA,41,"FBG062017_spring",30,156
"674","FBG","FBG09",2017,"FBG092017","spring",2017-04-20,2017-05-31,NA,NA,41,"FBG092017_spring",38,168
"675","FBG","FBG10",2017,"FBG102017","spring",2017-04-20,2017-05-31,NA,NA,41,"FBG102017_spring",40,266
"676","FBG","FBG11",2017,"FBG112017","spring",2017-04-20,2017-05-31,NA,NA,41,"FBG112017_spring",33,141
"677","FBG","FBG12",2017,"FBG122017","spring",2017-04-20,2017-05-31,NA,NA,41,"FBG122017_spring",28,89
"678","FBG","FBG13",2017,"FBG132017","spring",2017-04-20,2017-05-31,NA,NA,41,"FBG132017_spring",59,741
"679","FBG","FBG14",2017,"FBG142017","spring",2017-04-20,2017-05-31,NA,NA,41,"FBG142017_spring",27,72
"680","FBG","FBG15",2017,"FBG152017","spring",2017-04-20,2017-05-31,NA,NA,41,"FBG152017_spring",26,133
"681","FBG","FBG16",2017,"FBG162017","spring",2017-04-20,2017-05-31,NA,NA,41,"FBG162017_spring",28,50
"682","GFH","GFH01",2017,"GFH012017","spring",2017-04-19,2017-05-30,NA,NA,41,"GFH012017_spring",14,30
"683","GFH","GFH02",2017,"GFH022017","spring",2017-04-19,2017-05-30,NA,NA,41,"GFH022017_spring",20,77
"685","GFH","GFH04",2017,"GFH042017","spring",2017-04-19,2017-05-30,NA,NA,41,"GFH042017_spring",25,72
"686","GFH","GFH05",2017,"GFH052017","spring",2017-04-19,2017-05-30,NA,NA,41,"GFH052017_spring",22,70
"687","GFH","GFH06",2017,"GFH062017","spring",2017-04-19,2017-05-30,NA,NA,41,"GFH062017_spring",10,11
"688","GFH","GFH07",2017,"GFH072017","spring",2017-04-19,2017-05-30,NA,NA,41,"GFH072017_spring",21,47
"689","GFH","GFH08",2017,"GFH082017","spring",2017-04-19,2017-05-30,NA,NA,41,"GFH082017_spring",11,18
"690","GFH","GFH09",2017,"GFH092017","spring",2017-04-19,2017-05-30,NA,NA,41,"GFH092017_spring",20,51
"691","GFH","GFH10",2017,"GFH102017","spring",2017-04-19,2017-05-30,NA,NA,41,"GFH102017_spring",12,21
"692","GFH","GFH11",2017,"GFH112017","spring",2017-04-19,2017-05-30,NA,NA,41,"GFH112017_spring",23,84
"694","GFH","GFH13",2017,"GFH132017","spring",2017-04-19,2017-05-30,NA,NA,41,"GFH132017_spring",14,23
"695","GFH","GFH14",2017,"GFH142017","spring",2017-04-19,2017-05-30,NA,NA,41,"GFH142017_spring",13,32
"698","HAR","HAR01",2017,"HAR012017","spring",2017-04-18,2017-05-29,NA,NA,41,"HAR012017_spring",36,189
"701","HAR","HAR04",2017,"HAR042017","spring",2017-04-18,2017-05-29,NA,NA,41,"HAR042017_spring",21,57
"702","HAR","HAR05",2017,"HAR052017","spring",2017-04-18,2017-05-29,NA,NA,41,"HAR052017_spring",50,422
"703","HAR","HAR06",2017,"HAR062017","spring",2017-04-18,2017-05-29,NA,NA,41,"HAR062017_spring",49,504
"704","HAR","HAR07",2017,"HAR072017","spring",2017-04-18,2017-05-29,NA,NA,41,"HAR072017_spring",21,113
"705","HAR","HAR08",2017,"HAR082017","spring",2017-04-18,2017-05-29,NA,NA,41,"HAR082017_spring",15,47
"707","HAR","HAR10",2017,"HAR102017","spring",2017-04-18,2017-05-29,NA,NA,41,"HAR102017_spring",38,224
"708","HAR","HAR11",2017,"HAR112017","spring",2017-04-18,2017-05-29,NA,NA,41,"HAR112017_spring",33,139
"709","HAR","HAR12",2017,"HAR122017","spring",2017-04-18,2017-05-29,2017-05-02,2017-05-15,28,"HAR122017_spring",17,48
"712","HAR","HAR15",2017,"HAR152017","spring",2017-04-18,2017-05-29,NA,NA,41,"HAR152017_spring",36,144
"713","HAR","HAR16",2017,"HAR162017","spring",2017-04-18,2017-05-29,NA,NA,41,"HAR162017_spring",37,158
"714","SIP","SIP01",2017,"SIP012017","spring",2017-04-19,2017-05-30,NA,NA,41,"SIP012017_spring",27,138
"715","SIP","SIP02",2017,"SIP022017","spring",2017-04-19,2017-05-30,NA,NA,41,"SIP022017_spring",19,65
"716","SIP","SIP03",2017,"SIP032017","spring",2017-04-19,2017-05-30,NA,NA,41,"SIP032017_spring",22,64
"717","SIP","SIP05",2017,"SIP052017","spring",2017-04-19,2017-05-30,NA,NA,41,"SIP052017_spring",16,29
"718","SIP","SIP06",2017,"SIP062017","spring",2017-05-30,2017-06-13,NA,NA,14,"SIP062017_spring",7,7
"719","SIP","SIP07",2017,"SIP072017","spring",2017-04-19,2017-05-30,NA,NA,41,"SIP072017_spring",16,94
"720","SIP","SIP08",2017,"SIP082017","spring",2017-04-19,2017-06-13,2017-05-03,2017-05-16,42,"SIP082017_spring",15,32
"721","SIP","SIP09",2017,"SIP092017","spring",2017-04-19,2017-06-13,NA,NA,55,"SIP092017_spring",20,37
"722","SIP","SIP10",2017,"SIP102017","spring",2017-05-30,2017-06-13,NA,NA,14,"SIP102017_spring",3,4
"723","SIP","SIP11",2017,"SIP112017","spring",2017-04-19,2017-05-30,NA,NA,41,"SIP112017_spring",21,47
"724","SIP","SIP12",2017,"SIP122017","spring",2017-04-19,2017-06-13,NA,NA,55,"SIP122017_spring",20,54
"725","SIP","SIP13",2017,"SIP132017","spring",2017-04-19,2017-05-30,NA,NA,41,"SIP132017_spring",11,28
"726","SIP","SIP14",2017,"SIP142017","spring",2017-04-19,2017-05-30,NA,NA,41,"SIP142017_spring",11,35
"727","SIP","SIP15",2017,"SIP152017","spring",2017-05-30,2017-06-13,NA,NA,14,"SIP152017_spring",6,7
"728","SIP","SIP16",2017,"SIP162017","spring",2017-05-30,2017-06-13,NA,NA,14,"SIP162017_spring",4,4
"729","SST","SST01",2017,"SST012017","spring",2017-04-20,2017-05-31,NA,NA,41,"SST012017_spring",36,201
"731","SST","SST03",2017,"SST032017","spring",2017-04-20,2017-05-31,NA,NA,41,"SST032017_spring",29,208
"732","SST","SST04",2017,"SST042017","spring",2017-04-20,2017-05-31,NA,NA,41,"SST042017_spring",39,125
"733","SST","SST05",2017,"SST052017","spring",2017-04-20,2017-05-31,NA,NA,41,"SST052017_spring",27,86
"735","SST","SST07",2017,"SST072017","spring",2017-04-20,2017-05-31,NA,NA,41,"SST072017_spring",26,112
"736","SST","SST08",2017,"SST082017","spring",2017-04-20,2017-05-31,NA,NA,41,"SST082017_spring",31,149
"737","SST","SST09",2017,"SST092017","spring",2017-04-20,2017-05-31,NA,NA,41,"SST092017_spring",18,34
"739","SST","SST11",2017,"SST112017","spring",2017-04-20,2017-05-31,NA,NA,41,"SST112017_spring",37,293
"740","SST","SST12",2017,"SST122017","spring",2017-04-20,2017-05-31,NA,NA,41,"SST122017_spring",30,189
"741","SST","SST13",2017,"SST132017","spring",2017-04-20,2017-05-31,NA,NA,41,"SST132017_spring",33,118
"742","SST","SST14",2017,"SST142017","spring",2017-04-20,2017-05-31,NA,NA,41,"SST142017_spring",23,145
"743","SST","SST15",2017,"SST152017","spring",2017-04-20,2017-05-04,NA,NA,14,"SST152017_spring",21,503
"744","SST","SST16",2017,"SST162017","spring",2017-05-04,2017-05-31,NA,NA,27,"SST162017_spring",33,156
"745","WAN","WAN01",2017,"WAN012017","spring",2017-05-15,2017-05-29,NA,NA,14,"WAN012017_spring",18,41
"747","WAN","WAN03",2017,"WAN032017","spring",2017-05-02,2017-05-29,NA,NA,27,"WAN032017_spring",18,45
"748","WAN","WAN04",2017,"WAN042017","spring",2017-05-02,2017-05-15,NA,NA,13,"WAN042017_spring",13,42
"751","WAN","WAN07",2017,"WAN072017","spring",2017-04-18,2017-05-29,NA,NA,41,"WAN072017_spring",16,34
"752","WAN","WAN08",2017,"WAN082017","spring",2017-04-18,2017-05-29,NA,NA,41,"WAN082017_spring",14,80
"753","WAN","WAN09",2017,"WAN092017","spring",2017-04-18,2017-05-29,2017-05-02,2017-05-15,28,"WAN092017_spring",23,206
"754","WAN","WAN10",2017,"WAN102017","spring",2017-05-15,2017-05-29,NA,NA,14,"WAN102017_spring",19,39
"755","WAN","WAN11",2017,"WAN112017","spring",2017-05-02,2017-05-29,NA,NA,27,"WAN112017_spring",10,25
"756","WAN","WAN12",2017,"WAN122017","spring",2017-05-02,2017-05-15,NA,NA,13,"WAN122017_spring",26,108
"757","WAN","WAN13",2017,"WAN132017","spring",2017-04-18,2017-05-29,2017-05-02,2017-05-15,28,"WAN132017_spring",11,47
"758","WAN","WAN14",2017,"WAN142017","spring",2017-04-18,2017-05-29,NA,NA,41,"WAN142017_spring",25,125
"759","WAN","WAN15",2017,"WAN152017","spring",2017-05-02,2017-05-29,NA,NA,27,"WAN152017_spring",18,24
"760","WAN","WAN16",2017,"WAN162017","spring",2017-04-18,2017-05-15,NA,NA,27,"WAN162017_spring",10,46
"761","FBG","FBG01",2018,"FBG012018","spring",2018-04-18,2018-05-30,NA,NA,42,"FBG012018_spring",42,268
"762","FBG","FBG02",2018,"FBG022018","spring",2018-04-18,2018-05-30,NA,NA,42,"FBG022018_spring",50,335
"763","FBG","FBG03",2018,"FBG032018","spring",2018-04-18,2018-05-30,NA,NA,42,"FBG032018_spring",27,176
"764","FBG","FBG04",2018,"FBG042018","spring",2018-04-18,2018-05-30,NA,NA,42,"FBG042018_spring",42,191
"765","FBG","FBG05",2018,"FBG052018","spring",2018-04-18,2018-05-30,NA,NA,42,"FBG052018_spring",38,152
"766","FBG","FBG06",2018,"FBG062018","spring",2018-04-18,2018-05-30,NA,NA,42,"FBG062018_spring",40,243
"767","FBG","FBG07",2018,"FBG072018","spring",2018-04-18,2018-05-30,NA,NA,42,"FBG072018_spring",32,209
"768","FBG","FBG08",2018,"FBG082018","spring",2018-04-18,2018-05-30,NA,NA,42,"FBG082018_spring",22,117
"769","FBG","FBG09",2018,"FBG092018","spring",2018-04-18,2018-05-30,NA,NA,42,"FBG092018_spring",36,202
"770","FBG","FBG10",2018,"FBG102018","spring",2018-04-18,2018-05-30,NA,NA,42,"FBG102018_spring",44,246
"771","FBG","FBG11",2018,"FBG112018","spring",2018-04-18,2018-05-30,NA,NA,42,"FBG112018_spring",47,211
"772","FBG","FBG12",2018,"FBG122018","spring",2018-04-18,2018-05-30,NA,NA,42,"FBG122018_spring",32,171
"773","FBG","FBG13",2018,"FBG132018","spring",2018-04-18,2018-05-30,NA,NA,42,"FBG132018_spring",43,239
"774","FBG","FBG14",2018,"FBG142018","spring",2018-04-18,2018-05-30,NA,NA,42,"FBG142018_spring",41,232
"775","FBG","FBG15",2018,"FBG152018","spring",2018-04-18,2018-05-30,NA,NA,42,"FBG152018_spring",34,223
"776","FBG","FBG16",2018,"FBG162018","spring",2018-04-18,2018-05-30,NA,NA,42,"FBG162018_spring",44,151
"777","GFH","GFH01",2018,"GFH012018","spring",2018-04-17,2018-05-29,NA,NA,42,"GFH012018_spring",14,42
"778","GFH","GFH02",2018,"GFH022018","spring",2018-04-17,2018-05-29,NA,NA,42,"GFH022018_spring",24,112
"779","GFH","GFH04",2018,"GFH042018","spring",2018-04-17,2018-05-29,NA,NA,42,"GFH042018_spring",35,114
"780","GFH","GFH05",2018,"GFH052018","spring",2018-04-17,2018-05-29,NA,NA,42,"GFH052018_spring",34,115
"781","GFH","GFH06",2018,"GFH062018","spring",2018-04-17,2018-05-29,NA,NA,42,"GFH062018_spring",29,137
"782","GFH","GFH07",2018,"GFH072018","spring",2018-04-17,2018-05-29,NA,NA,42,"GFH072018_spring",14,28
"783","GFH","GFH08",2018,"GFH082018","spring",2018-04-17,2018-05-29,NA,NA,42,"GFH082018_spring",19,37
"784","GFH","GFH09",2018,"GFH092018","spring",2018-04-17,2018-05-29,NA,NA,42,"GFH092018_spring",19,61
"785","GFH","GFH10",2018,"GFH102018","spring",2018-04-17,2018-05-29,NA,NA,42,"GFH102018_spring",21,38
"786","GFH","GFH11",2018,"GFH112018","spring",2018-04-17,2018-05-29,NA,NA,42,"GFH112018_spring",41,122
"787","GFH","GFH12",2018,"GFH122018","spring",2018-04-17,2018-05-29,NA,NA,42,"GFH122018_spring",23,81
"788","GFH","GFH13",2018,"GFH132018","spring",2018-04-17,2018-05-29,NA,NA,42,"GFH132018_spring",26,48
"789","GFH","GFH14",2018,"GFH142018","spring",2018-04-17,2018-05-15,NA,NA,28,"GFH142018_spring",26,73
"790","GFH","GFH15",2018,"GFH152018","spring",2018-04-17,2018-05-29,NA,NA,42,"GFH152018_spring",23,62
"791","GFH","GFH16",2018,"GFH162018","spring",2018-04-17,2018-05-29,NA,NA,42,"GFH162018_spring",33,271
"792","HAR","HAR01",2018,"HAR012018","spring",2018-04-16,2018-05-28,NA,NA,42,"HAR012018_spring",21,79
"793","HAR","HAR02",2018,"HAR022018","spring",2018-04-16,2018-05-28,NA,NA,42,"HAR022018_spring",34,197
"794","HAR","HAR03",2018,"HAR032018","spring",2018-04-16,2018-05-28,NA,NA,42,"HAR032018_spring",24,113
"795","HAR","HAR04",2018,"HAR042018","spring",2018-04-16,2018-05-28,NA,NA,42,"HAR042018_spring",19,59
"796","HAR","HAR05",2018,"HAR052018","spring",2018-04-16,2018-05-28,NA,NA,42,"HAR052018_spring",44,192
"797","HAR","HAR06",2018,"HAR062018","spring",2018-04-16,2018-05-28,NA,NA,42,"HAR062018_spring",37,144
"798","HAR","HAR07",2018,"HAR072018","spring",2018-04-16,2018-05-28,NA,NA,42,"HAR072018_spring",12,36
"799","HAR","HAR08",2018,"HAR082018","spring",2018-04-16,2018-05-28,NA,NA,42,"HAR082018_spring",18,121
"800","HAR","HAR09",2018,"HAR092018","spring",2018-04-16,2018-05-28,NA,NA,42,"HAR092018_spring",26,108
"801","HAR","HAR10",2018,"HAR102018","spring",2018-04-16,2018-05-28,NA,NA,42,"HAR102018_spring",33,131
"802","HAR","HAR11",2018,"HAR112018","spring",2018-04-16,2018-05-28,NA,NA,42,"HAR112018_spring",31,76
"803","HAR","HAR12",2018,"HAR122018","spring",2018-04-16,2018-05-28,NA,NA,42,"HAR122018_spring",22,53
"804","HAR","HAR13",2018,"HAR132018","spring",2018-04-16,2018-05-28,NA,NA,42,"HAR132018_spring",21,58
"805","HAR","HAR14",2018,"HAR142018","spring",2018-04-16,2018-05-28,NA,NA,42,"HAR142018_spring",19,62
"806","HAR","HAR15",2018,"HAR152018","spring",2018-04-16,2018-05-28,NA,NA,42,"HAR152018_spring",30,226
"807","HAR","HAR16",2018,"HAR162018","spring",2018-04-16,2018-05-28,NA,NA,42,"HAR162018_spring",40,123
"808","SIP","SIP01",2018,"SIP012018","spring",2018-04-17,2018-05-29,NA,NA,42,"SIP012018_spring",28,160
"809","SIP","SIP02",2018,"SIP022018","spring",2018-04-17,2018-05-29,NA,NA,42,"SIP022018_spring",23,49
"810","SIP","SIP03",2018,"SIP032018","spring",2018-04-17,2018-05-29,NA,NA,42,"SIP032018_spring",21,63
"811","SIP","SIP05",2018,"SIP052018","spring",2018-04-17,2018-05-29,NA,NA,42,"SIP052018_spring",28,93
"812","SIP","SIP06",2018,"SIP062018","spring",2018-04-17,2018-05-29,NA,NA,42,"SIP062018_spring",26,109
"813","SIP","SIP07",2018,"SIP072018","spring",2018-04-17,2018-05-29,NA,NA,42,"SIP072018_spring",12,24
"814","SIP","SIP08",2018,"SIP082018","spring",2018-04-17,2018-05-29,NA,NA,42,"SIP082018_spring",22,80
"815","SIP","SIP09",2018,"SIP092018","spring",2018-04-17,2018-05-29,NA,NA,42,"SIP092018_spring",25,101
"816","SIP","SIP10",2018,"SIP102018","spring",2018-04-17,2018-05-29,NA,NA,42,"SIP102018_spring",26,65
"817","SIP","SIP11",2018,"SIP112018","spring",2018-04-17,2018-05-29,NA,NA,42,"SIP112018_spring",16,61
"818","SIP","SIP12",2018,"SIP122018","spring",2018-04-17,2018-05-29,NA,NA,42,"SIP122018_spring",19,32
"819","SIP","SIP13",2018,"SIP132018","spring",2018-04-17,2018-05-29,NA,NA,42,"SIP132018_spring",19,37
"820","SIP","SIP14",2018,"SIP142018","spring",2018-04-17,2018-05-29,NA,NA,42,"SIP142018_spring",26,142
"821","SIP","SIP15",2018,"SIP152018","spring",2018-04-17,2018-05-29,NA,NA,42,"SIP152018_spring",31,79
"822","SIP","SIP16",2018,"SIP162018","spring",2018-04-17,2018-05-29,NA,NA,42,"SIP162018_spring",25,106
"823","SST","SST01",2018,"SST012018","spring",2018-04-18,2018-05-30,NA,NA,42,"SST012018_spring",56,288
"824","SST","SST02",2018,"SST022018","spring",2018-04-18,2018-05-30,NA,NA,42,"SST022018_spring",37,201
"825","SST","SST03",2018,"SST032018","spring",2018-04-18,2018-05-30,NA,NA,42,"SST032018_spring",36,353
"826","SST","SST04",2018,"SST042018","spring",2018-04-18,2018-05-30,NA,NA,42,"SST042018_spring",38,185
"827","SST","SST05",2018,"SST052018","spring",2018-04-18,2018-05-30,NA,NA,42,"SST052018_spring",33,211
"828","SST","SST06",2018,"SST062018","spring",2018-04-18,2018-05-16,NA,NA,28,"SST062018_spring",23,792
"829","SST","SST07",2018,"SST072018","spring",2018-04-18,2018-05-30,NA,NA,42,"SST072018_spring",31,121
"830","SST","SST08",2018,"SST082018","spring",2018-04-18,2018-05-30,NA,NA,42,"SST082018_spring",29,224
"831","SST","SST09",2018,"SST092018","spring",2018-04-18,2018-05-30,NA,NA,42,"SST092018_spring",38,227
"832","SST","SST10",2018,"SST102018","spring",2018-04-18,2018-05-30,NA,NA,42,"SST102018_spring",41,2889
"833","SST","SST11",2018,"SST112018","spring",2018-04-18,2018-05-30,NA,NA,42,"SST112018_spring",33,373
"834","SST","SST12",2018,"SST122018","spring",2018-04-18,2018-05-30,NA,NA,42,"SST122018_spring",37,1400
"835","SST","SST13",2018,"SST132018","spring",2018-04-18,2018-05-30,NA,NA,42,"SST132018_spring",37,278
"836","SST","SST14",2018,"SST142018","spring",2018-04-18,2018-05-30,NA,NA,42,"SST142018_spring",18,663
"837","SST","SST15",2018,"SST152018","spring",2018-04-18,2018-05-30,NA,NA,42,"SST152018_spring",32,4224
"838","SST","SST16",2018,"SST162018","spring",2018-04-18,2018-05-30,NA,NA,42,"SST162018_spring",33,954
"839","WAN","WAN01",2018,"WAN012018","spring",2018-04-16,2018-05-28,NA,NA,42,"WAN012018_spring",48,494
"840","WAN","WAN02",2018,"WAN022018","spring",2018-04-30,2018-05-28,NA,NA,28,"WAN022018_spring",28,103
"841","WAN","WAN03",2018,"WAN032018","spring",2018-04-16,2018-05-14,NA,NA,28,"WAN032018_spring",23,207
"842","WAN","WAN04",2018,"WAN042018","spring",2018-04-16,2018-05-28,NA,NA,42,"WAN042018_spring",33,268
"843","WAN","WAN05",2018,"WAN052018","spring",2018-04-16,2018-05-14,NA,NA,28,"WAN052018_spring",27,302
"844","WAN","WAN06",2018,"WAN062018","spring",2018-04-16,2018-05-28,NA,NA,42,"WAN062018_spring",28,135
"845","WAN","WAN07",2018,"WAN072018","spring",2018-04-16,2018-05-14,NA,NA,28,"WAN072018_spring",14,109
"846","WAN","WAN08",2018,"WAN082018","spring",2018-04-16,2018-05-28,NA,NA,42,"WAN082018_spring",22,175
"847","WAN","WAN09",2018,"WAN092018","spring",2018-04-16,2018-05-28,NA,NA,42,"WAN092018_spring",53,850
"848","WAN","WAN10",2018,"WAN102018","spring",2018-04-30,2018-05-28,NA,NA,28,"WAN102018_spring",18,64
"849","WAN","WAN11",2018,"WAN112018","spring",2018-04-16,2018-05-28,NA,NA,42,"WAN112018_spring",15,52
"850","WAN","WAN12",2018,"WAN122018","spring",2018-04-16,2018-05-28,NA,NA,42,"WAN122018_spring",43,429
"851","WAN","WAN13",2018,"WAN132018","spring",2018-05-14,2018-05-28,NA,NA,14,"WAN132018_spring",8,15
"852","WAN","WAN14",2018,"WAN142018","spring",2018-04-30,2018-05-28,NA,NA,28,"WAN142018_spring",17,43
"853","WAN","WAN15",2018,"WAN152018","spring",2018-04-16,2018-05-28,NA,NA,42,"WAN152018_spring",28,129
"854","WAN","WAN16",2018,"WAN162018","spring",2018-04-16,2018-05-28,NA,NA,42,"WAN162018_spring",20,61
"855","FBG","FBG01",2019,"FBG012019","spring",2019-04-15,2019-05-27,NA,NA,42,"FBG012019_spring",63,513
"856","FBG","FBG02",2019,"FBG022019","spring",2019-04-15,2019-05-27,2019-04-29,2019-05-13,28,"FBG022019_spring",40,225
"857","FBG","FBG03",2019,"FBG032019","spring",2019-04-15,2019-05-27,NA,NA,42,"FBG032019_spring",27,154
"858","FBG","FBG04",2019,"FBG042019","spring",2019-04-15,2019-05-27,NA,NA,42,"FBG042019_spring",39,248
"859","FBG","FBG05",2019,"FBG052019","spring",2019-04-29,2019-05-27,NA,NA,28,"FBG052019_spring",33,149
"860","FBG","FBG06",2019,"FBG062019","spring",2019-04-15,2019-05-27,NA,NA,42,"FBG062019_spring",37,460
"861","FBG","FBG07",2019,"FBG072019","spring",2019-04-15,2019-05-27,NA,NA,42,"FBG072019_spring",45,316
"862","FBG","FBG08",2019,"FBG082019","spring",2019-04-15,2019-05-27,NA,NA,42,"FBG082019_spring",31,146
"863","FBG","FBG09",2019,"FBG092019","spring",2019-04-15,2019-05-27,NA,NA,42,"FBG092019_spring",50,579
"864","FBG","FBG10",2019,"FBG102019","spring",2019-04-15,2019-05-27,NA,NA,42,"FBG102019_spring",43,205
"865","FBG","FBG11",2019,"FBG112019","spring",2019-04-15,2019-05-27,NA,NA,42,"FBG112019_spring",38,276
"866","FBG","FBG12",2019,"FBG122019","spring",2019-04-15,2019-05-27,NA,NA,42,"FBG122019_spring",41,214
"867","FBG","FBG13",2019,"FBG132019","spring",2019-04-15,2019-05-27,NA,NA,42,"FBG132019_spring",75,1874
"868","FBG","FBG14",2019,"FBG142019","spring",2019-04-15,2019-05-27,NA,NA,42,"FBG142019_spring",43,461
"869","FBG","FBG15",2019,"FBG152019","spring",2019-04-15,2019-05-27,NA,NA,42,"FBG152019_spring",41,499
"870","FBG","FBG16",2019,"FBG162019","spring",2019-04-15,2019-05-27,NA,NA,42,"FBG162019_spring",33,113
"871","GFH","GFH01",2019,"GFH012019","spring",2019-04-16,2019-05-29,NA,NA,43,"GFH012019_spring",5,36
"872","GFH","GFH02",2019,"GFH022019","spring",2019-04-16,2019-05-14,NA,NA,28,"GFH022019_spring",22,163
"873","GFH","GFH03",2019,"GFH032019","spring",2019-04-16,2019-05-29,NA,NA,43,"GFH032019_spring",36,330
"874","GFH","GFH04",2019,"GFH042019","spring",2019-04-16,2019-05-29,NA,NA,43,"GFH042019_spring",25,116
"875","GFH","GFH05",2019,"GFH052019","spring",2019-04-16,2019-05-29,NA,NA,43,"GFH052019_spring",30,173
"876","GFH","GFH06",2019,"GFH062019","spring",2019-04-16,2019-05-14,NA,NA,28,"GFH062019_spring",21,97
"877","GFH","GFH07",2019,"GFH072019","spring",2019-04-16,2019-05-29,NA,NA,43,"GFH072019_spring",20,123
"878","GFH","GFH08",2019,"GFH082019","spring",2019-04-16,2019-05-29,NA,NA,43,"GFH082019_spring",25,101
"879","GFH","GFH09",2019,"GFH092019","spring",2019-04-16,2019-05-29,NA,NA,43,"GFH092019_spring",17,38
"880","GFH","GFH10",2019,"GFH102019","spring",2019-04-16,2019-05-29,NA,NA,43,"GFH102019_spring",31,90
"881","GFH","GFH11",2019,"GFH112019","spring",2019-04-16,2019-05-29,NA,NA,43,"GFH112019_spring",30,89
"882","GFH","GFH12",2019,"GFH122019","spring",2019-04-16,2019-05-29,NA,NA,43,"GFH122019_spring",27,120
"883","GFH","GFH13",2019,"GFH132019","spring",2019-04-16,2019-05-29,NA,NA,43,"GFH132019_spring",20,52
"884","GFH","GFH14",2019,"GFH142019","spring",2019-04-16,2019-05-29,NA,NA,43,"GFH142019_spring",27,91
"885","GFH","GFH15",2019,"GFH152019","spring",2019-04-16,2019-05-29,NA,NA,43,"GFH152019_spring",32,137
"886","GFH","GFH16",2019,"GFH162019","spring",2019-04-16,2019-05-29,NA,NA,43,"GFH162019_spring",43,270
"887","HAR","HAR01",2019,"HAR012019","spring",2019-04-17,2019-05-29,NA,NA,42,"HAR012019_spring",33,124
"888","HAR","HAR02",2019,"HAR022019","spring",2019-04-17,2019-05-29,NA,NA,42,"HAR022019_spring",26,162
"889","HAR","HAR03",2019,"HAR032019","spring",2019-04-17,2019-05-15,NA,NA,28,"HAR032019_spring",19,220
"890","HAR","HAR04",2019,"HAR042019","spring",2019-04-17,2019-05-29,NA,NA,42,"HAR042019_spring",28,126
"891","HAR","HAR05",2019,"HAR052019","spring",2019-04-17,2019-05-29,NA,NA,42,"HAR052019_spring",45,292
"892","HAR","HAR06",2019,"HAR062019","spring",2019-04-17,2019-05-29,NA,NA,42,"HAR062019_spring",44,193
"893","HAR","HAR07",2019,"HAR072019","spring",2019-04-17,2019-05-29,NA,NA,42,"HAR072019_spring",17,177
"894","HAR","HAR08",2019,"HAR082019","spring",2019-04-17,2019-05-29,NA,NA,42,"HAR082019_spring",28,157
"895","HAR","HAR09",2019,"HAR092019","spring",2019-04-17,2019-05-29,NA,NA,42,"HAR092019_spring",36,310
"896","HAR","HAR10",2019,"HAR102019","spring",2019-04-17,2019-05-29,NA,NA,42,"HAR102019_spring",39,176
"897","HAR","HAR11",2019,"HAR112019","spring",2019-04-17,2019-05-29,NA,NA,42,"HAR112019_spring",36,87
"898","HAR","HAR12",2019,"HAR122019","spring",2019-04-17,2019-05-29,NA,NA,42,"HAR122019_spring",29,105
"899","HAR","HAR13",2019,"HAR132019","spring",2019-04-17,2019-05-29,NA,NA,42,"HAR132019_spring",23,95
"900","HAR","HAR14",2019,"HAR142019","spring",2019-04-17,2019-05-29,NA,NA,42,"HAR142019_spring",22,227
"901","HAR","HAR15",2019,"HAR152019","spring",2019-04-17,2019-05-29,NA,NA,42,"HAR152019_spring",36,277
"902","HAR","HAR16",2019,"HAR162019","spring",2019-04-17,2019-05-29,NA,NA,42,"HAR162019_spring",34,143
"903","SIP","SIP01",2019,"SIP012019","spring",2019-04-16,2019-05-29,NA,NA,43,"SIP012019_spring",22,90
"904","SIP","SIP02",2019,"SIP022019","spring",2019-04-16,2019-05-29,NA,NA,43,"SIP022019_spring",23,75
"905","SIP","SIP03",2019,"SIP032019","spring",2019-04-16,2019-05-29,NA,NA,43,"SIP032019_spring",27,199
"906","SIP","SIP05",2019,"SIP052019","spring",2019-04-16,2019-05-29,NA,NA,43,"SIP052019_spring",16,62
"907","SIP","SIP06",2019,"SIP062019","spring",2019-04-16,2019-05-29,NA,NA,43,"SIP062019_spring",31,182
"908","SIP","SIP07",2019,"SIP072019","spring",2019-04-16,2019-05-29,NA,NA,43,"SIP072019_spring",18,38
"909","SIP","SIP08",2019,"SIP082019","spring",2019-04-16,2019-05-29,NA,NA,43,"SIP082019_spring",23,63
"910","SIP","SIP09",2019,"SIP092019","spring",2019-04-16,2019-05-29,NA,NA,43,"SIP092019_spring",25,96
"911","SIP","SIP10",2019,"SIP102019","spring",2019-04-16,2019-05-29,NA,NA,43,"SIP102019_spring",18,75
"912","SIP","SIP11",2019,"SIP112019","spring",2019-04-16,2019-05-29,NA,NA,43,"SIP112019_spring",19,87
"913","SIP","SIP12",2019,"SIP122019","spring",2019-04-16,2019-05-29,NA,NA,43,"SIP122019_spring",16,43
"914","SIP","SIP13",2019,"SIP132019","spring",2019-04-16,2019-05-29,NA,NA,43,"SIP132019_spring",22,55
"915","SIP","SIP14",2019,"SIP142019","spring",2019-04-16,2019-05-29,NA,NA,43,"SIP142019_spring",27,208
"916","SIP","SIP15",2019,"SIP152019","spring",2019-04-16,2019-05-29,NA,NA,43,"SIP152019_spring",25,145
"917","SIP","SIP16",2019,"SIP162019","spring",2019-04-16,2019-05-29,NA,NA,43,"SIP162019_spring",15,81
"918","SST","SST01",2019,"SST012019","spring",2019-04-15,2019-05-27,NA,NA,42,"SST012019_spring",39,293
"919","SST","SST02",2019,"SST022019","spring",2019-04-15,2019-05-27,NA,NA,42,"SST022019_spring",40,519
"920","SST","SST03",2019,"SST032019","spring",2019-04-15,2019-05-27,NA,NA,42,"SST032019_spring",33,585
"921","SST","SST04",2019,"SST042019","spring",2019-04-15,2019-05-27,NA,NA,42,"SST042019_spring",48,1069
"922","SST","SST05",2019,"SST052019","spring",2019-04-15,2019-05-27,NA,NA,42,"SST052019_spring",36,464
"923","SST","SST06",2019,"SST062019","spring",2019-04-29,2019-05-13,NA,NA,14,"SST062019_spring",8,41
"924","SST","SST07",2019,"SST072019","spring",2019-04-15,2019-05-27,NA,NA,42,"SST072019_spring",26,163
"925","SST","SST08",2019,"SST082019","spring",2019-04-15,2019-05-27,NA,NA,42,"SST082019_spring",46,753
"926","SST","SST09",2019,"SST092019","spring",2019-04-15,2019-05-27,NA,NA,42,"SST092019_spring",51,375
"927","SST","SST10",2019,"SST102019","spring",2019-04-15,2019-05-27,NA,NA,42,"SST102019_spring",43,1525
"928","SST","SST11",2019,"SST112019","spring",2019-04-15,2019-05-27,NA,NA,42,"SST112019_spring",33,3090
"929","SST","SST12",2019,"SST122019","spring",2019-04-15,2019-05-27,NA,NA,42,"SST122019_spring",26,647
"930","SST","SST13",2019,"SST132019","spring",2019-04-15,2019-05-27,NA,NA,42,"SST132019_spring",40,514
"931","SST","SST14",2019,"SST142019","spring",2019-04-15,2019-05-27,NA,NA,42,"SST142019_spring",40,1596
"932","SST","SST15",2019,"SST152019","spring",2019-04-15,2019-05-27,NA,NA,42,"SST152019_spring",41,1702
"933","SST","SST16",2019,"SST162019","spring",2019-04-15,2019-05-27,NA,NA,42,"SST162019_spring",43,3126
"934","WAN","WAN01",2019,"WAN012019","spring",2019-04-17,2019-05-29,NA,NA,42,"WAN012019_spring",39,346
"935","WAN","WAN02",2019,"WAN022019","spring",2019-04-17,2019-05-29,NA,NA,42,"WAN022019_spring",39,225
"936","WAN","WAN03",2019,"WAN032019","spring",2019-04-17,2019-05-29,NA,NA,42,"WAN032019_spring",28,140
"937","WAN","WAN04",2019,"WAN042019","spring",2019-04-17,2019-05-29,NA,NA,42,"WAN042019_spring",37,322
"938","WAN","WAN05",2019,"WAN052019","spring",2019-04-17,2019-05-29,NA,NA,42,"WAN052019_spring",36,203
"939","WAN","WAN06",2019,"WAN062019","spring",2019-04-17,2019-05-29,NA,NA,42,"WAN062019_spring",34,190
"940","WAN","WAN07",2019,"WAN072019","spring",2019-04-17,2019-05-29,NA,NA,42,"WAN072019_spring",17,36
"941","WAN","WAN08",2019,"WAN082019","spring",2019-04-17,2019-05-29,NA,NA,42,"WAN082019_spring",19,130
"942","WAN","WAN09",2019,"WAN092019","spring",2019-04-17,2019-05-29,NA,NA,42,"WAN092019_spring",52,802
"943","WAN","WAN10",2019,"WAN102019","spring",2019-04-17,2019-05-29,NA,NA,42,"WAN102019_spring",40,177
"944","WAN","WAN11",2019,"WAN112019","spring",2019-04-17,2019-05-15,NA,NA,28,"WAN112019_spring",10,61
"945","WAN","WAN12",2019,"WAN122019","spring",2019-04-17,2019-05-29,NA,NA,42,"WAN122019_spring",34,420
"946","WAN","WAN13",2019,"WAN132019","spring",2019-04-17,2019-05-29,NA,NA,42,"WAN132019_spring",35,277
"947","WAN","WAN14",2019,"WAN142019","spring",2019-04-17,2019-05-29,NA,NA,42,"WAN142019_spring",25,71
"948","WAN","WAN15",2019,"WAN152019","spring",2019-04-17,2019-05-29,NA,NA,42,"WAN152019_spring",27,70
"949","WAN","WAN16",2019,"WAN162019","spring",2019-04-17,2019-05-29,NA,NA,42,"WAN162019_spring",25,68
"950","FBG","FBG01",2020,"FBG012020","spring",2020-04-15,2020-05-27,NA,NA,42,"FBG012020_spring",31,249
"951","FBG","FBG02",2020,"FBG022020","spring",2020-04-15,2020-05-27,NA,NA,42,"FBG022020_spring",28,68
"952","FBG","FBG03",2020,"FBG032020","spring",2020-05-13,2020-05-27,NA,NA,14,"FBG032020_spring",8,12
"953","FBG","FBG04",2020,"FBG042020","spring",2020-04-15,2020-05-27,NA,NA,42,"FBG042020_spring",30,87
"954","FBG","FBG05",2020,"FBG052020","spring",2020-04-15,2020-05-13,NA,NA,28,"FBG052020_spring",28,82
"955","FBG","FBG06",2020,"FBG062020","spring",2020-04-29,2020-05-27,NA,NA,28,"FBG062020_spring",10,16
"956","FBG","FBG07",2020,"FBG072020","spring",2020-04-15,2020-05-27,NA,NA,42,"FBG072020_spring",13,27
"957","FBG","FBG08",2020,"FBG082020","spring",2020-04-15,2020-05-27,NA,NA,42,"FBG082020_spring",13,62
"958","FBG","FBG09",2020,"FBG092020","spring",2020-04-15,2020-05-27,NA,NA,42,"FBG092020_spring",35,695
"959","FBG","FBG10",2020,"FBG102020","spring",2020-04-29,2020-05-27,NA,NA,28,"FBG102020_spring",19,72
"960","FBG","FBG11",2020,"FBG112020","spring",2020-04-15,2020-05-27,NA,NA,42,"FBG112020_spring",20,94
"961","FBG","FBG12",2020,"FBG122020","spring",2020-04-15,2020-05-27,NA,NA,42,"FBG122020_spring",15,69
"962","FBG","FBG13",2020,"FBG132020","spring",2020-04-15,2020-05-27,NA,NA,42,"FBG132020_spring",36,99
"963","FBG","FBG14",2020,"FBG142020","spring",2020-04-15,2020-05-27,NA,NA,42,"FBG142020_spring",24,92
"964","FBG","FBG15",2020,"FBG152020","spring",2020-04-15,2020-05-27,NA,NA,42,"FBG152020_spring",20,36
"965","FBG","FBG16",2020,"FBG162020","spring",2020-04-15,2020-05-27,NA,NA,42,"FBG162020_spring",22,53
"966","GFH","GFH01",2020,"GFH012020","spring",2020-04-16,2020-05-29,NA,NA,43,"GFH012020_spring",12,36
"967","GFH","GFH02",2020,"GFH022020","spring",2020-04-16,2020-05-29,NA,NA,43,"GFH022020_spring",28,108
"968","GFH","GFH03",2020,"GFH032020","spring",2020-04-16,2020-05-29,NA,NA,43,"GFH032020_spring",38,163
"969","GFH","GFH04",2020,"GFH042020","spring",2020-04-16,2020-05-29,NA,NA,43,"GFH042020_spring",26,94
"970","GFH","GFH05",2020,"GFH052020","spring",2020-04-16,2020-05-29,NA,NA,43,"GFH052020_spring",24,112
"971","GFH","GFH06",2020,"GFH062020","spring",2020-04-16,2020-05-29,NA,NA,43,"GFH062020_spring",13,31
"972","GFH","GFH07",2020,"GFH072020","spring",2020-04-16,2020-05-14,NA,NA,28,"GFH072020_spring",13,36
"973","GFH","GFH08",2020,"GFH082020","spring",2020-04-16,2020-05-29,NA,NA,43,"GFH082020_spring",14,36
"974","GFH","GFH09",2020,"GFH092020","spring",2020-04-16,2020-05-29,NA,NA,43,"GFH092020_spring",14,20
"975","GFH","GFH10",2020,"GFH102020","spring",2020-04-16,2020-05-29,NA,NA,43,"GFH102020_spring",26,59
"976","GFH","GFH11",2020,"GFH112020","spring",2020-04-16,2020-05-29,NA,NA,43,"GFH112020_spring",36,120
"977","GFH","GFH12",2020,"GFH122020","spring",2020-04-16,2020-05-29,NA,NA,43,"GFH122020_spring",23,65
"978","GFH","GFH13",2020,"GFH132020","spring",2020-04-16,2020-05-29,NA,NA,43,"GFH132020_spring",23,57
"979","GFH","GFH14",2020,"GFH142020","spring",2020-04-16,2020-05-29,NA,NA,43,"GFH142020_spring",20,109
"980","GFH","GFH15",2020,"GFH152020","spring",2020-04-16,2020-05-29,NA,NA,43,"GFH152020_spring",18,76
"981","GFH","GFH16",2020,"GFH162020","spring",2020-04-16,2020-05-29,NA,NA,43,"GFH162020_spring",22,67
"982","HAR","HAR01",2020,"HAR012020","spring",2020-04-14,2020-05-26,NA,NA,42,"HAR012020_spring",19,48
"983","HAR","HAR02",2020,"HAR022020","spring",2020-04-14,2020-05-26,NA,NA,42,"HAR022020_spring",26,112
"984","HAR","HAR03",2020,"HAR032020","spring",2020-04-14,2020-05-26,NA,NA,42,"HAR032020_spring",14,90
"985","HAR","HAR04",2020,"HAR042020","spring",2020-04-14,2020-05-26,NA,NA,42,"HAR042020_spring",18,66
"986","HAR","HAR05",2020,"HAR052020","spring",2020-04-14,2020-05-26,NA,NA,42,"HAR052020_spring",25,52
"987","HAR","HAR06",2020,"HAR062020","spring",2020-04-14,2020-05-26,NA,NA,42,"HAR062020_spring",21,53
"988","HAR","HAR07",2020,"HAR072020","spring",2020-04-14,2020-05-26,NA,NA,42,"HAR072020_spring",16,44
"989","HAR","HAR08",2020,"HAR082020","spring",2020-04-14,2020-05-26,NA,NA,42,"HAR082020_spring",16,50
"990","HAR","HAR09",2020,"HAR092020","spring",2020-04-14,2020-05-26,NA,NA,42,"HAR092020_spring",23,55
"991","HAR","HAR10",2020,"HAR102020","spring",2020-04-14,2020-05-26,NA,NA,42,"HAR102020_spring",23,61
"992","HAR","HAR11",2020,"HAR112020","spring",2020-04-28,2020-05-26,NA,NA,28,"HAR112020_spring",15,21
"993","HAR","HAR12",2020,"HAR122020","spring",2020-04-14,2020-05-26,NA,NA,42,"HAR122020_spring",13,33
"994","HAR","HAR13",2020,"HAR132020","spring",2020-04-14,2020-05-26,NA,NA,42,"HAR132020_spring",11,16
"995","HAR","HAR14",2020,"HAR142020","spring",2020-04-14,2020-05-26,NA,NA,42,"HAR142020_spring",13,19
"996","HAR","HAR15",2020,"HAR152020","spring",2020-04-14,2020-05-26,NA,NA,42,"HAR152020_spring",27,162
"997","HAR","HAR16",2020,"HAR162020","spring",2020-04-14,2020-05-26,NA,NA,42,"HAR162020_spring",22,70
"998","SIP","SIP01",2020,"SIP012020","spring",2020-04-16,2020-05-29,2020-04-30,2020-05-14,29,"SIP012020_spring",23,59
"999","SIP","SIP02",2020,"SIP022020","spring",2020-04-16,2020-05-29,2020-04-30,2020-05-14,29,"SIP022020_spring",16,24
"1000","SIP","SIP03",2020,"SIP032020","spring",2020-05-14,2020-05-29,NA,NA,15,"SIP032020_spring",12,18
"1001","SIP","SIP05",2020,"SIP052020","spring",2020-04-16,2020-05-29,2020-04-30,2020-05-14,29,"SIP052020_spring",14,28
"1002","SIP","SIP06",2020,"SIP062020","spring",2020-05-14,2020-05-29,NA,NA,15,"SIP062020_spring",12,30
"1003","SIP","SIP07",2020,"SIP072020","spring",2020-05-14,2020-05-29,NA,NA,15,"SIP072020_spring",18,49
"1004","SIP","SIP08",2020,"SIP082020","spring",2020-04-16,2020-05-29,2020-04-30,2020-05-14,29,"SIP082020_spring",17,37
"1005","SIP","SIP09",2020,"SIP092020","spring",2020-04-16,2020-05-29,2020-04-30,2020-05-14,29,"SIP092020_spring",15,42
"1006","SIP","SIP10",2020,"SIP102020","spring",2020-04-16,2020-05-29,2020-05-29,2020-04-16,29,"SIP102020_spring",14,37
"1008","SIP","SIP12",2020,"SIP122020","spring",2020-04-16,2020-05-29,2020-04-30,2020-05-14,29,"SIP122020_spring",8,26
"1009","SIP","SIP13",2020,"SIP132020","spring",2020-04-16,2020-05-29,2020-04-30,2020-05-14,29,"SIP132020_spring",13,29
"1010","SIP","SIP14",2020,"SIP142020","spring",2020-04-16,2020-05-29,2020-04-30,2020-05-14,29,"SIP142020_spring",17,36
"1011","SIP","SIP15",2020,"SIP152020","spring",2020-04-16,2020-05-29,2020-04-30,2020-05-14,29,"SIP152020_spring",18,46
"1012","SIP","SIP16",2020,"SIP162020","spring",2020-04-16,2020-05-29,2020-04-30,2020-05-14,29,"SIP162020_spring",10,26
"1013","SST","SST01",2020,"SST012020","spring",2020-04-15,2020-05-27,NA,NA,42,"SST012020_spring",37,189
"1014","SST","SST02",2020,"SST022020","spring",2020-04-15,2020-05-27,NA,NA,42,"SST022020_spring",25,177
"1015","SST","SST03",2020,"SST032020","spring",2020-04-15,2020-05-27,NA,NA,42,"SST032020_spring",23,345
"1016","SST","SST04",2020,"SST042020","spring",2020-04-15,2020-05-27,NA,NA,42,"SST042020_spring",32,197
"1017","SST","SST05",2020,"SST052020","spring",2020-04-15,2020-05-27,NA,NA,42,"SST052020_spring",23,80
"1018","SST","SST06",2020,"SST062020","spring",2020-04-15,2020-05-27,NA,NA,42,"SST062020_spring",24,191
"1019","SST","SST07",2020,"SST072020","spring",2020-04-15,2020-05-27,NA,NA,42,"SST072020_spring",17,72
"1020","SST","SST08",2020,"SST082020","spring",2020-04-15,2020-05-27,NA,NA,42,"SST082020_spring",30,572
"1021","SST","SST09",2020,"SST092020","spring",2020-04-15,2020-05-27,NA,NA,42,"SST092020_spring",27,95
"1022","SST","SST10",2020,"SST102020","spring",2020-04-29,2020-05-27,NA,NA,28,"SST102020_spring",15,95
"1023","SST","SST11",2020,"SST112020","spring",2020-04-15,2020-05-27,NA,NA,42,"SST112020_spring",19,88
"1024","SST","SST12",2020,"SST122020","spring",2020-04-15,2020-05-27,NA,NA,42,"SST122020_spring",22,220
"1025","SST","SST13",2020,"SST132020","spring",2020-04-15,2020-05-27,NA,NA,42,"SST132020_spring",35,207
"1026","SST","SST14",2020,"SST142020","spring",2020-04-15,2020-05-27,NA,NA,42,"SST142020_spring",26,141
"1027","SST","SST15",2020,"SST152020","spring",2020-04-15,2020-05-27,NA,NA,42,"SST152020_spring",20,118
"1028","SST","SST16",2020,"SST162020","spring",2020-04-15,2020-05-27,NA,NA,42,"SST162020_spring",14,49
"1029","WAN","WAN01",2020,"WAN012020","spring",2020-04-28,2020-05-26,NA,NA,28,"WAN012020_spring",11,35
"1030","WAN","WAN02",2020,"WAN022020","spring",2020-04-28,2020-05-26,NA,NA,28,"WAN022020_spring",14,33
"1031","WAN","WAN03",2020,"WAN032020","spring",2020-04-28,2020-05-26,NA,NA,28,"WAN032020_spring",10,18
"1032","WAN","WAN04",2020,"WAN042020","spring",2020-04-28,2020-05-12,NA,NA,14,"WAN042020_spring",13,16
"1033","WAN","WAN05",2020,"WAN052020","spring",2020-04-28,2020-05-26,NA,NA,28,"WAN052020_spring",12,73
"1034","WAN","WAN06",2020,"WAN062020","spring",2020-04-28,2020-05-12,NA,NA,14,"WAN062020_spring",16,37
"1035","WAN","WAN07",2020,"WAN072020","spring",2020-04-28,2020-05-26,NA,NA,28,"WAN072020_spring",6,9
"1036","WAN","WAN08",2020,"WAN082020","spring",2020-04-28,2020-05-26,NA,NA,28,"WAN082020_spring",11,35
"1037","WAN","WAN09",2020,"WAN092020","spring",2020-04-28,2020-05-26,NA,NA,28,"WAN092020_spring",34,162
"1038","WAN","WAN10",2020,"WAN102020","spring",2020-04-28,2020-05-12,NA,NA,14,"WAN102020_spring",10,21
"1039","WAN","WAN11",2020,"WAN112020","spring",2020-04-28,2020-05-26,NA,NA,28,"WAN112020_spring",6,13
"1040","WAN","WAN12",2020,"WAN122020","spring",2020-04-28,2020-05-12,NA,NA,14,"WAN122020_spring",15,92
"1041","WAN","WAN13",2020,"WAN132020","spring",2020-04-28,2020-05-12,NA,NA,14,"WAN132020_spring",5,7
"1042","WAN","WAN14",2020,"WAN142020","spring",2020-04-28,2020-05-26,NA,NA,28,"WAN142020_spring",10,14
"1043","WAN","WAN15",2020,"WAN152020","spring",2020-04-28,2020-05-12,NA,NA,14,"WAN152020_spring",14,21
"1044","WAN","WAN16",2020,"WAN162020","spring",2020-04-28,2020-05-12,NA,NA,14,"WAN162020_spring",18,40
"1045","FBG","FBG01",2021,"FBG012021","spring",2021-04-15,2021-05-27,NA,NA,42,"FBG012021_spring",39,266
"1046","FBG","FBG02",2021,"FBG022021","spring",2021-04-15,2021-05-27,NA,NA,42,"FBG022021_spring",25,98
"1047","FBG","FBG03",2021,"FBG032021","spring",2021-04-15,2021-05-27,NA,NA,42,"FBG032021_spring",19,67
"1048","FBG","FBG04",2021,"FBG042021","spring",2021-04-15,2021-05-27,NA,NA,42,"FBG042021_spring",24,102
"1049","FBG","FBG05",2021,"FBG052021","spring",2021-04-29,2021-05-27,NA,NA,28,"FBG052021_spring",30,101
"1050","FBG","FBG06",2021,"FBG062021","spring",2021-04-15,2021-05-27,NA,NA,42,"FBG062021_spring",25,127
"1051","FBG","FBG07",2021,"FBG072021","spring",2021-04-15,2021-05-27,NA,NA,42,"FBG072021_spring",40,349
"1052","FBG","FBG08",2021,"FBG082021","spring",2021-04-29,2021-05-27,NA,NA,28,"FBG082021_spring",6,12
"1053","FBG","FBG09",2021,"FBG092021","spring",2021-04-15,2021-05-27,NA,NA,42,"FBG092021_spring",35,226
"1054","FBG","FBG10",2021,"FBG102021","spring",2021-04-15,2021-05-27,NA,NA,42,"FBG102021_spring",37,185
"1055","FBG","FBG11",2021,"FBG112021","spring",2021-04-15,2021-05-27,NA,NA,42,"FBG112021_spring",27,124
"1056","FBG","FBG12",2021,"FBG122021","spring",2021-04-15,2021-05-27,NA,NA,42,"FBG122021_spring",24,144
"1057","FBG","FBG13",2021,"FBG132021","spring",2021-04-15,2021-05-27,NA,NA,42,"FBG132021_spring",29,437
"1058","FBG","FBG14",2021,"FBG142021","spring",2021-04-15,2021-05-27,NA,NA,42,"FBG142021_spring",39,224
"1059","FBG","FBG15",2021,"FBG152021","spring",2021-04-15,2021-05-27,NA,NA,42,"FBG152021_spring",27,63
"1060","FBG","FBG16",2021,"FBG162021","spring",2021-04-15,2021-05-27,NA,NA,42,"FBG162021_spring",33,92
"1061","GFH","GFH01",2021,"GFH012021","spring",2021-04-14,2021-05-26,NA,NA,42,"GFH012021_spring",11,69
"1062","GFH","GFH02",2021,"GFH022021","spring",2021-04-14,2021-05-26,NA,NA,42,"GFH022021_spring",24,215
"1063","GFH","GFH03",2021,"GFH032021","spring",2021-04-14,2021-05-26,NA,NA,42,"GFH032021_spring",32,188
"1064","GFH","GFH04",2021,"GFH042021","spring",2021-04-14,2021-05-26,NA,NA,42,"GFH042021_spring",22,75
"1065","GFH","GFH05",2021,"GFH052021","spring",2021-04-14,2021-05-12,NA,NA,28,"GFH052021_spring",15,77
"1066","GFH","GFH06",2021,"GFH062021","spring",2021-04-14,2021-05-26,NA,NA,42,"GFH062021_spring",16,36
"1067","GFH","GFH07",2021,"GFH072021","spring",2021-04-14,2021-05-26,NA,NA,42,"GFH072021_spring",12,43
"1068","GFH","GFH08",2021,"GFH082021","spring",2021-04-14,2021-05-26,NA,NA,42,"GFH082021_spring",19,62
"1069","GFH","GFH09",2021,"GFH092021","spring",2021-04-14,2021-05-26,NA,NA,42,"GFH092021_spring",8,27
"1070","GFH","GFH10",2021,"GFH102021","spring",2021-04-14,2021-05-26,NA,NA,42,"GFH102021_spring",26,157
"1071","GFH","GFH11",2021,"GFH112021","spring",2021-04-14,2021-05-26,NA,NA,42,"GFH112021_spring",23,51
"1072","GFH","GFH12",2021,"GFH122021","spring",2021-04-14,2021-05-26,NA,NA,42,"GFH122021_spring",32,97
"1073","GFH","GFH13",2021,"GFH132021","spring",2021-04-14,2021-05-26,NA,NA,42,"GFH132021_spring",13,31
"1074","GFH","GFH14",2021,"GFH142021","spring",2021-04-14,2021-05-26,NA,NA,42,"GFH142021_spring",21,104
"1075","GFH","GFH15",2021,"GFH152021","spring",2021-04-14,2021-05-26,NA,NA,42,"GFH152021_spring",26,74
"1076","GFH","GFH16",2021,"GFH162021","spring",2021-04-14,2021-05-26,NA,NA,42,"GFH162021_spring",35,203
"1077","HAR","HAR01",2021,"HAR012021","spring",2021-04-13,2021-05-25,NA,NA,42,"HAR012021_spring",37,379
"1078","HAR","HAR02",2021,"HAR022021","spring",2021-04-13,2021-05-25,NA,NA,42,"HAR022021_spring",31,146
"1079","HAR","HAR03",2021,"HAR032021","spring",2021-04-13,2021-05-25,NA,NA,42,"HAR032021_spring",17,224
"1080","HAR","HAR04",2021,"HAR042021","spring",2021-04-13,2021-05-25,NA,NA,42,"HAR042021_spring",23,92
"1081","HAR","HAR05",2021,"HAR052021","spring",2021-04-13,2021-05-25,NA,NA,42,"HAR052021_spring",42,161
"1082","HAR","HAR06",2021,"HAR062021","spring",2021-04-13,2021-05-25,NA,NA,42,"HAR062021_spring",19,88
"1083","HAR","HAR07",2021,"HAR072021","spring",2021-04-13,2021-05-25,NA,NA,42,"HAR072021_spring",16,53
"1084","HAR","HAR08",2021,"HAR082021","spring",2021-04-13,2021-05-25,NA,NA,42,"HAR082021_spring",20,59
"1085","HAR","HAR09",2021,"HAR092021","spring",2021-04-13,2021-05-11,NA,NA,28,"HAR092021_spring",23,124
"1086","HAR","HAR10",2021,"HAR102021","spring",2021-04-13,2021-05-25,NA,NA,42,"HAR102021_spring",22,62
"1087","HAR","HAR11",2021,"HAR112021","spring",2021-04-13,2021-05-25,NA,NA,42,"HAR112021_spring",29,78
"1088","HAR","HAR12",2021,"HAR122021","spring",2021-04-13,2021-05-25,NA,NA,42,"HAR122021_spring",21,51
"1089","HAR","HAR13",2021,"HAR132021","spring",2021-04-27,2021-05-25,NA,NA,28,"HAR132021_spring",21,75
"1090","HAR","HAR14",2021,"HAR142021","spring",2021-04-13,2021-05-25,NA,NA,42,"HAR142021_spring",23,55
"1091","HAR","HAR15",2021,"HAR152021","spring",2021-04-13,2021-05-25,NA,NA,42,"HAR152021_spring",28,135
"1092","HAR","HAR16",2021,"HAR162021","spring",2021-04-13,2021-05-25,NA,NA,42,"HAR162021_spring",21,67
"1093","SIP","SIP01",2021,"SIP012021","spring",2021-04-14,2021-05-26,NA,NA,42,"SIP012021_spring",21,130
"1094","SIP","SIP02",2021,"SIP022021","spring",2021-04-14,2021-05-26,NA,NA,42,"SIP022021_spring",18,68
"1095","SIP","SIP03",2021,"SIP032021","spring",2021-04-14,2021-05-26,NA,NA,42,"SIP032021_spring",23,71
"1096","SIP","SIP05",2021,"SIP052021","spring",2021-04-14,2021-05-26,NA,NA,42,"SIP052021_spring",16,118
"1097","SIP","SIP06",2021,"SIP062021","spring",2021-04-14,2021-05-26,NA,NA,42,"SIP062021_spring",19,155
"1098","SIP","SIP07",2021,"SIP072021","spring",2021-04-14,2021-05-26,NA,NA,42,"SIP072021_spring",17,120
"1099","SIP","SIP08",2021,"SIP082021","spring",2021-04-14,2021-05-26,NA,NA,42,"SIP082021_spring",15,49
"1100","SIP","SIP09",2021,"SIP092021","spring",2021-04-14,2021-05-26,NA,NA,42,"SIP092021_spring",15,66
"1101","SIP","SIP10",2021,"SIP102021","spring",2021-04-14,2021-05-26,NA,NA,42,"SIP102021_spring",15,37
"1102","SIP","SIP11",2021,"SIP112021","spring",2021-04-14,2021-05-26,NA,NA,42,"SIP112021_spring",11,33
"1103","SIP","SIP12",2021,"SIP122021","spring",2021-04-14,2021-05-26,NA,NA,42,"SIP122021_spring",18,92
"1104","SIP","SIP13",2021,"SIP132021","spring",2021-04-14,2021-05-26,NA,NA,42,"SIP132021_spring",19,61
"1105","SIP","SIP14",2021,"SIP142021","spring",2021-04-14,2021-05-26,NA,NA,42,"SIP142021_spring",20,57
"1106","SIP","SIP15",2021,"SIP152021","spring",2021-04-14,2021-05-26,2021-04-28,2021-05-12,28,"SIP152021_spring",19,159
"1107","SIP","SIP16",2021,"SIP162021","spring",2021-04-14,2021-05-26,NA,NA,42,"SIP162021_spring",17,78
"1108","SST","SST01",2021,"SST012021","spring",2021-04-15,2021-05-27,NA,NA,42,"SST012021_spring",25,106
"1109","SST","SST02",2021,"SST022021","spring",2021-04-15,2021-05-27,NA,NA,42,"SST022021_spring",22,193
"1110","SST","SST03",2021,"SST032021","spring",2021-04-15,2021-05-27,NA,NA,42,"SST032021_spring",25,368
"1111","SST","SST04",2021,"SST042021","spring",2021-04-15,2021-05-27,NA,NA,42,"SST042021_spring",27,236
"1112","SST","SST05",2021,"SST052021","spring",2021-04-15,2021-05-27,NA,NA,42,"SST052021_spring",24,138
"1113","SST","SST06",2021,"SST062021","spring",2021-04-15,2021-05-27,2021-04-29,2021-05-13,28,"SST062021_spring",34,264
"1114","SST","SST07",2021,"SST072021","spring",2021-04-15,2021-05-27,NA,NA,42,"SST072021_spring",20,82
"1115","SST","SST08",2021,"SST082021","spring",2021-04-15,2021-05-27,NA,NA,42,"SST082021_spring",22,98
"1116","SST","SST09",2021,"SST092021","spring",2021-04-15,2021-05-27,NA,NA,42,"SST092021_spring",32,276
"1117","SST","SST10",2021,"SST102021","spring",2021-04-15,2021-05-27,NA,NA,42,"SST102021_spring",12,84
"1118","SST","SST11",2021,"SST112021","spring",2021-04-15,2021-05-27,NA,NA,42,"SST112021_spring",18,63
"1119","SST","SST12",2021,"SST122021","spring",2021-04-15,2021-05-27,2021-04-29,2021-05-13,28,"SST122021_spring",16,60
"1120","SST","SST13",2021,"SST132021","spring",2021-04-15,2021-05-27,NA,NA,42,"SST132021_spring",26,149
"1121","SST","SST14",2021,"SST142021","spring",2021-04-15,2021-05-27,NA,NA,42,"SST142021_spring",13,30
"1122","SST","SST15",2021,"SST152021","spring",2021-04-15,2021-05-27,NA,NA,42,"SST152021_spring",23,78
"1123","SST","SST16",2021,"SST162021","spring",2021-04-15,2021-05-27,NA,NA,42,"SST162021_spring",22,101
"1124","WAN","WAN01",2021,"WAN012021","spring",2021-04-13,2021-05-25,NA,NA,42,"WAN012021_spring",23,69
"1125","WAN","WAN02",2021,"WAN022021","spring",2021-04-13,2021-05-25,NA,NA,42,"WAN022021_spring",17,73
"1126","WAN","WAN03",2021,"WAN032021","spring",2021-04-13,2021-05-25,NA,NA,42,"WAN032021_spring",20,95
"1127","WAN","WAN04",2021,"WAN042021","spring",2021-04-13,2021-05-25,NA,NA,42,"WAN042021_spring",20,90
"1128","WAN","WAN05",2021,"WAN052021","spring",2021-04-13,2021-05-25,NA,NA,42,"WAN052021_spring",15,56
"1129","WAN","WAN06",2021,"WAN062021","spring",2021-04-13,2021-05-25,NA,NA,42,"WAN062021_spring",31,158
"1130","WAN","WAN07",2021,"WAN072021","spring",2021-04-13,2021-05-25,NA,NA,42,"WAN072021_spring",19,38
"1131","WAN","WAN08",2021,"WAN082021","spring",2021-04-13,2021-05-25,NA,NA,42,"WAN082021_spring",19,117
"1132","WAN","WAN09",2021,"WAN092021","spring",2021-04-13,2021-05-25,NA,NA,42,"WAN092021_spring",11,24
"1133","WAN","WAN10",2021,"WAN102021","spring",2021-04-13,2021-05-25,NA,NA,42,"WAN102021_spring",32,189
"1134","WAN","WAN11",2021,"WAN112021","spring",2021-04-13,2021-05-25,NA,NA,42,"WAN112021_spring",9,21
"1135","WAN","WAN12",2021,"WAN122021","spring",2021-05-11,2021-05-25,NA,NA,14,"WAN122021_spring",31,178
"1136","WAN","WAN13",2021,"WAN132021","spring",2021-04-13,2021-05-25,2021-04-27,2021-05-11,28,"WAN132021_spring",12,18
"1137","WAN","WAN14",2021,"WAN142021","spring",2021-04-13,2021-05-25,NA,NA,42,"WAN142021_spring",17,40
"1138","WAN","WAN15",2021,"WAN152021","spring",2021-04-13,2021-05-25,NA,NA,42,"WAN152021_spring",23,45
"1139","WAN","WAN16",2021,"WAN162021","spring",2021-04-13,2021-05-25,NA,NA,42,"WAN162021_spring",18,46
"1140","FBG","FBG01",2010,"FBG012010","summer",2010-08-02,2010-09-13,NA,NA,42,"FBG012010_summer",28,108
"1141","FBG","FBG02",2010,"FBG022010","summer",2010-08-02,2010-09-13,NA,NA,42,"FBG022010_summer",18,23
"1142","FBG","FBG03",2010,"FBG032010","summer",2010-08-02,2010-09-13,NA,NA,42,"FBG032010_summer",3,6
"1143","FBG","FBG04",2010,"FBG042010","summer",2010-08-02,2010-09-13,NA,NA,42,"FBG042010_summer",12,17
"1144","FBG","FBG05",2010,"FBG052010","summer",2010-08-02,2010-09-13,NA,NA,42,"FBG052010_summer",14,31
"1145","FBG","FBG06",2010,"FBG062010","summer",2010-08-02,2010-09-13,NA,NA,42,"FBG062010_summer",19,50
"1146","FBG","FBG07",2010,"FBG072010","summer",2010-08-02,2010-09-13,NA,NA,42,"FBG072010_summer",24,121
"1147","FBG","FBG08",2010,"FBG082010","summer",2010-08-02,2010-09-13,NA,NA,42,"FBG082010_summer",14,79
"1148","FBG","FBG09",2010,"FBG092010","summer",2010-08-02,2010-09-13,NA,NA,42,"FBG092010_summer",13,52
"1149","FBG","FBG10",2010,"FBG102010","summer",2010-08-02,2010-09-13,NA,NA,42,"FBG102010_summer",15,52
"1150","FBG","FBG11",2010,"FBG112010","summer",2010-08-02,2010-09-13,NA,NA,42,"FBG112010_summer",13,31
"1151","FBG","FBG12",2010,"FBG122010","summer",2010-08-02,2010-08-16,NA,NA,14,"FBG122010_summer",1,1
"1152","FBG","FBG13",2010,"FBG132010","summer",2010-08-02,2010-09-13,NA,NA,42,"FBG132010_summer",10,26
"1153","FBG","FBG14",2010,"FBG142010","summer",2010-08-02,2010-09-13,NA,NA,42,"FBG142010_summer",6,8
"1154","FBG","FBG15",2010,"FBG152010","summer",2010-08-02,2010-09-13,NA,NA,42,"FBG152010_summer",15,30
"1155","FBG","FBG16",2010,"FBG162010","summer",2010-08-02,2010-09-13,NA,NA,42,"FBG162010_summer",13,25
"1156","GFH","GFH01",2010,"GFH012010","summer",2010-08-04,2010-09-15,NA,NA,42,"GFH012010_summer",4,4
"1157","GFH","GFH02",2010,"GFH022010","summer",2010-08-04,2010-09-15,NA,NA,42,"GFH022010_summer",6,16
"1158","GFH","GFH03",2010,"GFH032010","summer",2010-08-04,2010-09-15,NA,NA,42,"GFH032010_summer",12,20
"1159","GFH","GFH04",2010,"GFH042010","summer",2010-08-04,2010-09-15,NA,NA,42,"GFH042010_summer",19,46
"1160","GFH","GFH05",2010,"GFH052010","summer",2010-08-04,2010-09-15,NA,NA,42,"GFH052010_summer",8,15
"1161","GFH","GFH06",2010,"GFH062010","summer",2010-08-04,2010-09-15,NA,NA,42,"GFH062010_summer",7,13
"1162","GFH","GFH07",2010,"GFH072010","summer",2010-08-04,2010-09-15,NA,NA,42,"GFH072010_summer",3,3
"1163","GFH","GFH08",2010,"GFH082010","summer",2010-08-04,2010-09-15,NA,NA,42,"GFH082010_summer",2,2
"1164","GFH","GFH09",2010,"GFH092010","summer",2010-08-04,2010-09-15,NA,NA,42,"GFH092010_summer",8,11
"1165","GFH","GFH10",2010,"GFH102010","summer",2010-08-04,2010-09-15,NA,NA,42,"GFH102010_summer",9,17
"1166","GFH","GFH11",2010,"GFH112010","summer",2010-08-04,2010-09-15,NA,NA,42,"GFH112010_summer",11,16
"1167","GFH","GFH12",2010,"GFH122010","summer",2010-08-04,2010-09-15,NA,NA,42,"GFH122010_summer",7,10
"1168","GFH","GFH13",2010,"GFH132010","summer",2010-08-04,2010-09-15,NA,NA,42,"GFH132010_summer",12,15
"1169","GFH","GFH14",2010,"GFH142010","summer",2010-08-04,2010-09-15,NA,NA,42,"GFH142010_summer",19,60
"1170","GFH","GFH15",2010,"GFH152010","summer",2010-08-04,2010-09-15,NA,NA,42,"GFH152010_summer",17,27
"1171","GFH","GFH16",2010,"GFH162010","summer",2010-08-04,2010-09-15,NA,NA,42,"GFH162010_summer",16,50
"1172","HAR","HAR01",2010,"HAR012010","summer",2010-08-03,2010-09-14,NA,NA,42,"HAR012010_summer",8,9
"1173","HAR","HAR02",2010,"HAR022010","summer",2010-08-03,2010-09-14,NA,NA,42,"HAR022010_summer",7,11
"1174","HAR","HAR03",2010,"HAR032010","summer",2010-08-03,2010-09-14,NA,NA,42,"HAR032010_summer",5,8
"1175","HAR","HAR04",2010,"HAR042010","summer",2010-08-03,2010-09-14,NA,NA,42,"HAR042010_summer",3,4
"1176","HAR","HAR05",2010,"HAR052010","summer",2010-08-03,2010-09-14,NA,NA,42,"HAR052010_summer",15,31
"1177","HAR","HAR06",2010,"HAR062010","summer",2010-08-03,2010-09-14,NA,NA,42,"HAR062010_summer",8,9
"1178","HAR","HAR07",2010,"HAR072010","summer",2010-08-03,2010-09-14,NA,NA,42,"HAR072010_summer",5,5
"1179","HAR","HAR08",2010,"HAR082010","summer",2010-08-17,2010-09-14,NA,NA,28,"HAR082010_summer",6,7
"1180","HAR","HAR09",2010,"HAR092010","summer",2010-08-03,2010-09-14,NA,NA,42,"HAR092010_summer",11,21
"1181","HAR","HAR10",2010,"HAR102010","summer",2010-08-03,2010-09-14,NA,NA,42,"HAR102010_summer",12,17
"1182","HAR","HAR11",2010,"HAR112010","summer",2010-08-03,2010-09-14,NA,NA,42,"HAR112010_summer",2,2
"1183","HAR","HAR12",2010,"HAR122010","summer",2010-08-17,2010-09-14,NA,NA,28,"HAR122010_summer",2,2
"1184","HAR","HAR13",2010,"HAR132010","summer",2010-08-03,2010-09-14,NA,NA,42,"HAR132010_summer",15,21
"1185","HAR","HAR14",2010,"HAR142010","summer",2010-08-03,2010-09-14,NA,NA,42,"HAR142010_summer",13,23
"1186","HAR","HAR15",2010,"HAR152010","summer",2010-08-03,2010-09-14,NA,NA,42,"HAR152010_summer",17,20
"1187","HAR","HAR16",2010,"HAR162010","summer",2010-08-03,2010-09-14,NA,NA,42,"HAR162010_summer",14,17
"1188","SIP","SIP01",2010,"SIP012010","summer",2010-08-04,2010-09-01,NA,NA,28,"SIP012010_summer",6,8
"1189","SIP","SIP02",2010,"SIP022010","summer",2010-08-04,2010-09-15,NA,NA,42,"SIP022010_summer",13,25
"1190","SIP","SIP03",2010,"SIP032010","summer",2010-08-04,2010-09-15,NA,NA,42,"SIP032010_summer",10,17
"1191","SIP","SIP05",2010,"SIP052010","summer",2010-08-04,2010-09-15,NA,NA,42,"SIP052010_summer",3,6
"1192","SIP","SIP06",2010,"SIP062010","summer",2010-08-04,2010-09-15,NA,NA,42,"SIP062010_summer",7,14
"1193","SIP","SIP07",2010,"SIP072010","summer",2010-08-04,2010-09-15,NA,NA,42,"SIP072010_summer",9,23
"1194","SIP","SIP08",2010,"SIP082010","summer",2010-08-04,2010-09-15,NA,NA,42,"SIP082010_summer",13,27
"1195","SIP","SIP09",2010,"SIP092010","summer",2010-08-04,2010-09-15,NA,NA,42,"SIP092010_summer",10,39
"1196","SIP","SIP10",2010,"SIP102010","summer",2010-08-04,2010-09-15,NA,NA,42,"SIP102010_summer",10,21
"1197","SIP","SIP11",2010,"SIP112010","summer",2010-08-04,2010-09-15,NA,NA,42,"SIP112010_summer",3,5
"1198","SIP","SIP12",2010,"SIP122010","summer",2010-08-04,2010-09-15,NA,NA,42,"SIP122010_summer",7,18
"1199","SIP","SIP13",2010,"SIP132010","summer",2010-08-04,2010-09-15,NA,NA,42,"SIP132010_summer",6,13
"1200","SIP","SIP14",2010,"SIP142010","summer",2010-08-04,2010-09-15,NA,NA,42,"SIP142010_summer",11,47
"1201","SIP","SIP15",2010,"SIP152010","summer",2010-08-04,2010-09-15,NA,NA,42,"SIP152010_summer",5,17
"1202","SIP","SIP16",2010,"SIP162010","summer",2010-08-04,2010-09-01,NA,NA,28,"SIP162010_summer",8,21
"1203","SST","SST01",2010,"SST012010","summer",2010-08-02,2010-09-13,NA,NA,42,"SST012010_summer",9,14
"1204","SST","SST02",2010,"SST022010","summer",2010-08-02,2010-09-13,NA,NA,42,"SST022010_summer",10,19
"1205","SST","SST03",2010,"SST032010","summer",2010-08-02,2010-09-13,NA,NA,42,"SST032010_summer",5,7
"1206","SST","SST04",2010,"SST042010","summer",2010-08-02,2010-09-13,NA,NA,42,"SST042010_summer",7,9
"1207","SST","SST05",2010,"SST052010","summer",2010-08-02,2010-09-13,NA,NA,42,"SST052010_summer",6,10
"1208","SST","SST06",2010,"SST062010","summer",2010-08-02,2010-09-13,NA,NA,42,"SST062010_summer",9,14
"1209","SST","SST07",2010,"SST072010","summer",2010-08-02,2010-09-13,2010-08-16,2010-08-30,28,"SST072010_summer",4,4
"1210","SST","SST08",2010,"SST082010","summer",2010-08-02,2010-09-13,NA,NA,42,"SST082010_summer",6,8
"1211","SST","SST09",2010,"SST092010","summer",2010-08-02,2010-09-13,NA,NA,42,"SST092010_summer",6,10
"1212","SST","SST10",2010,"SST102010","summer",2010-08-02,2010-09-13,NA,NA,42,"SST102010_summer",8,11
"1213","SST","SST11",2010,"SST112010","summer",2010-08-02,2010-09-13,NA,NA,42,"SST112010_summer",9,11
"1214","SST","SST12",2010,"SST122010","summer",2010-08-02,2010-09-13,NA,NA,42,"SST122010_summer",11,20
"1215","SST","SST13",2010,"SST132010","summer",2010-08-02,2010-09-13,NA,NA,42,"SST132010_summer",5,8
"1216","SST","SST14",2010,"SST142010","summer",2010-08-02,2010-09-13,NA,NA,42,"SST142010_summer",8,12
"1217","SST","SST15",2010,"SST152010","summer",2010-08-02,2010-09-13,NA,NA,42,"SST152010_summer",6,15
"1218","SST","SST16",2010,"SST162010","summer",2010-08-02,2010-09-13,NA,NA,42,"SST162010_summer",5,8
"1219","WAN","WAN01",2010,"WAN012010","summer",2010-08-03,2010-08-31,NA,NA,28,"WAN012010_summer",12,26
"1220","WAN","WAN02",2010,"WAN022010","summer",2010-08-03,2010-08-31,NA,NA,28,"WAN022010_summer",2,4
"1221","WAN","WAN03",2010,"WAN032010","summer",2010-08-03,2010-09-14,2010-08-17,2010-08-31,28,"WAN032010_summer",3,3
"1222","WAN","WAN04",2010,"WAN042010","summer",2010-08-03,2010-08-31,NA,NA,28,"WAN042010_summer",3,7
"1223","WAN","WAN05",2010,"WAN052010","summer",2010-08-03,2010-08-17,NA,NA,14,"WAN052010_summer",5,6
"1224","WAN","WAN06",2010,"WAN062010","summer",2010-08-03,2010-09-14,NA,NA,42,"WAN062010_summer",10,10
"1225","WAN","WAN07",2010,"WAN072010","summer",2010-08-03,2010-09-14,NA,NA,42,"WAN072010_summer",5,9
"1226","WAN","WAN08",2010,"WAN082010","summer",2010-08-03,2010-08-31,NA,NA,28,"WAN082010_summer",1,2
"1227","WAN","WAN09",2010,"WAN092010","summer",2010-08-17,2010-09-14,NA,NA,28,"WAN092010_summer",3,14
"1228","WAN","WAN10",2010,"WAN102010","summer",2010-08-03,2010-09-14,NA,NA,42,"WAN102010_summer",16,29
"1229","WAN","WAN11",2010,"WAN112010","summer",2010-08-03,2010-09-14,NA,NA,42,"WAN112010_summer",5,8
"1230","WAN","WAN12",2010,"WAN122010","summer",2010-08-03,2010-09-14,NA,NA,42,"WAN122010_summer",9,17
"1231","WAN","WAN13",2010,"WAN132010","summer",2010-08-17,2010-09-14,NA,NA,28,"WAN132010_summer",1,1
"1232","WAN","WAN14",2010,"WAN142010","summer",2010-08-03,2010-09-14,NA,NA,42,"WAN142010_summer",5,5
"1233","WAN","WAN15",2010,"WAN152010","summer",2010-08-03,2010-09-14,NA,NA,42,"WAN152010_summer",16,23
"1234","WAN","WAN16",2010,"WAN162010","summer",2010-08-03,2010-09-14,2010-08-17,2010-08-31,28,"WAN162010_summer",6,8
"1235","FBG","FBG01",2011,"FBG012011","summer",2011-08-01,2011-09-12,NA,NA,42,"FBG012011_summer",26,127
"1236","FBG","FBG02",2011,"FBG022011","summer",2011-08-01,2011-09-12,NA,NA,42,"FBG022011_summer",14,21
"1237","FBG","FBG03",2011,"FBG032011","summer",2011-08-01,2011-09-12,2011-08-15,2011-08-29,28,"FBG032011_summer",7,16
"1238","FBG","FBG04",2011,"FBG042011","summer",2011-08-01,2011-09-12,NA,NA,42,"FBG042011_summer",11,40
"1239","FBG","FBG05",2011,"FBG052011","summer",2011-08-01,2011-09-12,NA,NA,42,"FBG052011_summer",23,80
"1240","FBG","FBG06",2011,"FBG062011","summer",2011-08-01,2011-09-12,NA,NA,42,"FBG062011_summer",14,88
"1241","FBG","FBG07",2011,"FBG072011","summer",2011-08-15,2011-09-12,NA,NA,28,"FBG072011_summer",16,34
"1242","FBG","FBG08",2011,"FBG082011","summer",2011-08-01,2011-09-12,NA,NA,42,"FBG082011_summer",16,90
"1243","FBG","FBG09",2011,"FBG092011","summer",2011-08-01,2011-09-12,NA,NA,42,"FBG092011_summer",18,31
"1244","FBG","FBG10",2011,"FBG102011","summer",2011-08-01,2011-08-15,NA,NA,14,"FBG102011_summer",16,38
"1245","FBG","FBG11",2011,"FBG112011","summer",2011-08-01,2011-08-29,NA,NA,28,"FBG112011_summer",13,23
"1246","FBG","FBG12",2011,"FBG122011","summer",2011-08-01,2011-09-12,NA,NA,42,"FBG122011_summer",7,12
"1247","FBG","FBG13",2011,"FBG132011","summer",2011-08-01,2011-09-12,NA,NA,42,"FBG132011_summer",20,76
"1248","FBG","FBG14",2011,"FBG142011","summer",2011-08-01,2011-09-12,NA,NA,42,"FBG142011_summer",25,186
"1249","FBG","FBG15",2011,"FBG152011","summer",2011-08-01,2011-09-12,NA,NA,42,"FBG152011_summer",13,21
"1250","FBG","FBG16",2011,"FBG162011","summer",2011-08-01,2011-09-12,NA,NA,42,"FBG162011_summer",11,22
"1251","GFH","GFH01",2011,"GFH012011","summer",2011-08-03,2011-08-31,NA,NA,28,"GFH012011_summer",3,3
"1252","GFH","GFH02",2011,"GFH022011","summer",2011-08-03,2011-08-31,NA,NA,28,"GFH022011_summer",5,7
"1253","GFH","GFH03",2011,"GFH032011","summer",2011-08-03,2011-09-14,NA,NA,42,"GFH032011_summer",5,9
"1254","GFH","GFH04",2011,"GFH042011","summer",2011-08-03,2011-09-14,NA,NA,42,"GFH042011_summer",17,40
"1255","GFH","GFH05",2011,"GFH052011","summer",2011-08-03,2011-09-14,NA,NA,42,"GFH052011_summer",15,35
"1256","GFH","GFH06",2011,"GFH062011","summer",2011-08-03,2011-09-14,2011-08-17,2011-08-31,28,"GFH062011_summer",4,9
"1257","GFH","GFH07",2011,"GFH072011","summer",2011-08-03,2011-09-14,NA,NA,42,"GFH072011_summer",3,6
"1258","GFH","GFH08",2011,"GFH082011","summer",2011-08-03,2011-09-14,NA,NA,42,"GFH082011_summer",5,6
"1259","GFH","GFH09",2011,"GFH092011","summer",2011-08-03,2011-09-14,NA,NA,42,"GFH092011_summer",4,6
"1260","GFH","GFH10",2011,"GFH102011","summer",2011-08-03,2011-09-14,NA,NA,42,"GFH102011_summer",14,30
"1261","GFH","GFH11",2011,"GFH112011","summer",2011-08-03,2011-09-14,NA,NA,42,"GFH112011_summer",7,14
"1262","GFH","GFH12",2011,"GFH122011","summer",2011-08-03,2011-09-14,NA,NA,42,"GFH122011_summer",11,24
"1263","GFH","GFH13",2011,"GFH132011","summer",2011-08-03,2011-09-14,NA,NA,42,"GFH132011_summer",8,9
"1264","GFH","GFH14",2011,"GFH142011","summer",2011-08-03,2011-09-14,NA,NA,42,"GFH142011_summer",13,29
"1265","GFH","GFH15",2011,"GFH152011","summer",2011-08-03,2011-09-14,NA,NA,42,"GFH152011_summer",11,15
"1266","GFH","GFH16",2011,"GFH162011","summer",2011-08-03,2011-09-14,NA,NA,42,"GFH162011_summer",7,10
"1267","HAR","HAR01",2011,"HAR012011","summer",2011-08-02,2011-09-13,NA,NA,42,"HAR012011_summer",7,9
"1268","HAR","HAR02",2011,"HAR022011","summer",2011-08-02,2011-08-30,NA,NA,28,"HAR022011_summer",4,4
"1269","HAR","HAR03",2011,"HAR032011","summer",2011-08-02,2011-09-13,NA,NA,42,"HAR032011_summer",5,5
"1270","HAR","HAR04",2011,"HAR042011","summer",2011-08-02,2011-09-13,2011-08-16,2011-08-30,28,"HAR042011_summer",2,3
"1271","HAR","HAR05",2011,"HAR052011","summer",2011-08-02,2011-09-13,NA,NA,42,"HAR052011_summer",20,54
"1272","HAR","HAR06",2011,"HAR062011","summer",2011-08-02,2011-09-13,NA,NA,42,"HAR062011_summer",12,15
"1273","HAR","HAR07",2011,"HAR072011","summer",2011-08-02,2011-09-13,NA,NA,42,"HAR072011_summer",8,11
"1274","HAR","HAR08",2011,"HAR082011","summer",2011-08-02,2011-09-13,NA,NA,42,"HAR082011_summer",3,3
"1275","HAR","HAR09",2011,"HAR092011","summer",2011-08-02,2011-09-13,NA,NA,42,"HAR092011_summer",15,40
"1276","HAR","HAR10",2011,"HAR102011","summer",2011-08-02,2011-09-13,NA,NA,42,"HAR102011_summer",16,40
"1277","HAR","HAR11",2011,"HAR112011","summer",2011-08-02,2011-09-13,NA,NA,42,"HAR112011_summer",6,9
"1278","HAR","HAR12",2011,"HAR122011","summer",2011-08-02,2011-09-13,NA,NA,42,"HAR122011_summer",14,30
"1279","HAR","HAR13",2011,"HAR132011","summer",2011-08-16,2011-09-13,NA,NA,28,"HAR132011_summer",8,14
"1280","HAR","HAR14",2011,"HAR142011","summer",2011-08-02,2011-09-13,NA,NA,42,"HAR142011_summer",10,18
"1281","HAR","HAR15",2011,"HAR152011","summer",2011-08-02,2011-09-13,NA,NA,42,"HAR152011_summer",17,33
"1282","HAR","HAR16",2011,"HAR162011","summer",2011-08-02,2011-09-13,NA,NA,42,"HAR162011_summer",25,48
"1283","SIP","SIP01",2011,"SIP012011","summer",2011-08-03,2011-09-14,NA,NA,42,"SIP012011_summer",7,10
"1284","SIP","SIP02",2011,"SIP022011","summer",2011-08-03,2011-09-14,NA,NA,42,"SIP022011_summer",10,19
"1285","SIP","SIP03",2011,"SIP032011","summer",2011-08-03,2011-09-14,NA,NA,42,"SIP032011_summer",16,28
"1286","SIP","SIP05",2011,"SIP052011","summer",2011-08-03,2011-08-31,NA,NA,28,"SIP052011_summer",4,4
"1287","SIP","SIP06",2011,"SIP062011","summer",2011-08-03,2011-09-14,NA,NA,42,"SIP062011_summer",5,5
"1288","SIP","SIP07",2011,"SIP072011","summer",2011-08-03,2011-08-31,NA,NA,28,"SIP072011_summer",5,6
"1289","SIP","SIP08",2011,"SIP082011","summer",2011-08-03,2011-09-14,NA,NA,42,"SIP082011_summer",8,15
"1290","SIP","SIP09",2011,"SIP092011","summer",2011-08-03,2011-09-14,NA,NA,42,"SIP092011_summer",9,27
"1291","SIP","SIP10",2011,"SIP102011","summer",2011-08-03,2011-08-31,NA,NA,28,"SIP102011_summer",4,4
"1292","SIP","SIP11",2011,"SIP112011","summer",2011-08-03,2011-08-17,NA,NA,14,"SIP112011_summer",4,4
"1293","SIP","SIP12",2011,"SIP122011","summer",2011-08-03,2011-09-14,NA,NA,42,"SIP122011_summer",7,17
"1294","SIP","SIP13",2011,"SIP132011","summer",2011-08-03,2011-09-14,NA,NA,42,"SIP132011_summer",8,24
"1295","SIP","SIP14",2011,"SIP142011","summer",2011-08-03,2011-09-14,NA,NA,42,"SIP142011_summer",5,8
"1296","SIP","SIP15",2011,"SIP152011","summer",2011-08-03,2011-09-14,NA,NA,42,"SIP152011_summer",6,6
"1297","SIP","SIP16",2011,"SIP162011","summer",2011-08-03,2011-09-14,NA,NA,42,"SIP162011_summer",10,58
"1298","SST","SST01",2011,"SST012011","summer",2011-08-15,2011-09-12,NA,NA,28,"SST012011_summer",9,12
"1299","SST","SST02",2011,"SST022011","summer",2011-08-01,2011-09-12,NA,NA,42,"SST022011_summer",8,28
"1300","SST","SST03",2011,"SST032011","summer",2011-08-01,2011-09-12,NA,NA,42,"SST032011_summer",7,12
"1301","SST","SST04",2011,"SST042011","summer",2011-08-01,2011-08-29,NA,NA,28,"SST042011_summer",6,9
"1302","SST","SST05",2011,"SST052011","summer",2011-08-15,2011-09-12,NA,NA,28,"SST052011_summer",11,34
"1303","SST","SST06",2011,"SST062011","summer",2011-08-01,2011-09-12,NA,NA,42,"SST062011_summer",6,11
"1304","SST","SST07",2011,"SST072011","summer",2011-08-01,2011-09-12,NA,NA,42,"SST072011_summer",5,8
"1305","SST","SST08",2011,"SST082011","summer",2011-08-01,2011-09-12,NA,NA,42,"SST082011_summer",4,5
"1306","SST","SST09",2011,"SST092011","summer",2011-08-01,2011-09-12,NA,NA,42,"SST092011_summer",5,7
"1307","SST","SST10",2011,"SST102011","summer",2011-08-01,2011-08-29,NA,NA,28,"SST102011_summer",10,14
"1308","SST","SST11",2011,"SST112011","summer",2011-08-01,2011-08-29,NA,NA,28,"SST112011_summer",10,13
"1309","SST","SST12",2011,"SST122011","summer",2011-08-01,2011-09-12,NA,NA,42,"SST122011_summer",9,26
"1310","SST","SST13",2011,"SST132011","summer",2011-08-01,2011-09-12,NA,NA,42,"SST132011_summer",14,98
"1311","SST","SST14",2011,"SST142011","summer",2011-08-01,2011-09-12,NA,NA,42,"SST142011_summer",5,8
"1312","SST","SST15",2011,"SST152011","summer",2011-08-01,2011-08-29,NA,NA,28,"SST152011_summer",4,4
"1313","SST","SST16",2011,"SST162011","summer",2011-08-01,2011-09-12,NA,NA,42,"SST162011_summer",15,33
"1314","WAN","WAN01",2011,"WAN012011","summer",2011-08-02,2011-09-13,NA,NA,42,"WAN012011_summer",27,99
"1315","WAN","WAN02",2011,"WAN022011","summer",2011-08-02,2011-09-13,2011-08-16,2011-08-30,28,"WAN022011_summer",5,7
"1316","WAN","WAN03",2011,"WAN032011","summer",2011-08-02,2011-09-13,2011-08-16,2011-08-30,28,"WAN032011_summer",5,6
"1317","WAN","WAN04",2011,"WAN042011","summer",2011-08-02,2011-09-13,NA,NA,42,"WAN042011_summer",15,39
"1318","WAN","WAN05",2011,"WAN052011","summer",2011-08-02,2011-08-30,NA,NA,28,"WAN052011_summer",5,11
"1319","WAN","WAN06",2011,"WAN062011","summer",2011-08-02,2011-09-13,NA,NA,42,"WAN062011_summer",22,94
"1320","WAN","WAN07",2011,"WAN072011","summer",2011-08-02,2011-09-13,NA,NA,42,"WAN072011_summer",6,11
"1321","WAN","WAN08",2011,"WAN082011","summer",2011-08-02,2011-09-13,NA,NA,42,"WAN082011_summer",7,8
"1322","WAN","WAN09",2011,"WAN092011","summer",2011-08-02,2011-09-13,NA,NA,42,"WAN092011_summer",8,13
"1323","WAN","WAN10",2011,"WAN102011","summer",2011-08-02,2011-09-13,NA,NA,42,"WAN102011_summer",21,143
"1324","WAN","WAN11",2011,"WAN112011","summer",2011-08-02,2011-08-30,NA,NA,28,"WAN112011_summer",4,4
"1325","WAN","WAN12",2011,"WAN122011","summer",2011-08-02,2011-09-13,NA,NA,42,"WAN122011_summer",18,40
"1326","WAN","WAN13",2011,"WAN132011","summer",2011-08-02,2011-09-13,NA,NA,42,"WAN132011_summer",3,4
"1327","WAN","WAN14",2011,"WAN142011","summer",2011-08-02,2011-09-13,NA,NA,42,"WAN142011_summer",11,38
"1328","WAN","WAN15",2011,"WAN152011","summer",2011-08-16,2011-09-13,NA,NA,28,"WAN152011_summer",7,8
"1329","WAN","WAN16",2011,"WAN162011","summer",2011-08-02,2011-09-13,NA,NA,42,"WAN162011_summer",6,8
"1330","FBG","FBG01",2012,"FBG012012","summer",2012-07-31,2012-09-11,NA,NA,42,"FBG012012_summer",21,59
"1331","FBG","FBG02",2012,"FBG022012","summer",2012-07-31,2012-09-11,NA,NA,42,"FBG022012_summer",13,33
"1332","FBG","FBG03",2012,"FBG032012","summer",2012-07-31,2012-09-11,NA,NA,42,"FBG032012_summer",13,95
"1333","FBG","FBG04",2012,"FBG042012","summer",2012-07-31,2012-09-11,NA,NA,42,"FBG042012_summer",12,54
"1334","FBG","FBG05",2012,"FBG052012","summer",2012-07-31,2012-09-11,NA,NA,42,"FBG052012_summer",11,56
"1335","FBG","FBG06",2012,"FBG062012","summer",2012-07-31,2012-09-11,NA,NA,42,"FBG062012_summer",24,102
"1336","FBG","FBG07",2012,"FBG072012","summer",2012-07-31,2012-09-11,NA,NA,42,"FBG072012_summer",29,213
"1337","FBG","FBG08",2012,"FBG082012","summer",2012-07-31,2012-09-11,NA,NA,42,"FBG082012_summer",15,94
"1338","FBG","FBG09",2012,"FBG092012","summer",2012-07-31,2012-09-11,NA,NA,42,"FBG092012_summer",12,32
"1339","FBG","FBG10",2012,"FBG102012","summer",2012-07-31,2012-09-11,NA,NA,42,"FBG102012_summer",14,61
"1340","FBG","FBG11",2012,"FBG112012","summer",2012-07-31,2012-09-11,NA,NA,42,"FBG112012_summer",13,49
"1341","FBG","FBG12",2012,"FBG122012","summer",2012-07-31,2012-08-28,NA,NA,28,"FBG122012_summer",5,5
"1342","FBG","FBG13",2012,"FBG132012","summer",2012-07-31,2012-09-11,NA,NA,42,"FBG132012_summer",14,78
"1343","FBG","FBG14",2012,"FBG142012","summer",2012-07-31,2012-09-11,NA,NA,42,"FBG142012_summer",14,53
"1344","FBG","FBG15",2012,"FBG152012","summer",2012-07-31,2012-09-11,NA,NA,42,"FBG152012_summer",9,31
"1345","FBG","FBG16",2012,"FBG162012","summer",2012-07-31,2012-09-11,NA,NA,42,"FBG162012_summer",9,37
"1346","GFH","GFH01",2012,"GFH012012","summer",2012-08-02,2012-09-13,NA,NA,42,"GFH012012_summer",3,3
"1347","GFH","GFH02",2012,"GFH022012","summer",2012-08-02,2012-09-13,NA,NA,42,"GFH022012_summer",2,2
"1348","GFH","GFH03",2012,"GFH032012","summer",2012-08-02,2012-09-13,NA,NA,42,"GFH032012_summer",15,23
"1349","GFH","GFH04",2012,"GFH042012","summer",2012-08-02,2012-09-13,NA,NA,42,"GFH042012_summer",9,18
"1350","GFH","GFH05",2012,"GFH052012","summer",2012-08-02,2012-09-13,NA,NA,42,"GFH052012_summer",11,15
"1351","GFH","GFH06",2012,"GFH062012","summer",2012-08-02,2012-09-13,NA,NA,42,"GFH062012_summer",8,10
"1352","GFH","GFH07",2012,"GFH072012","summer",2012-08-02,2012-09-13,NA,NA,42,"GFH072012_summer",4,5
"1353","GFH","GFH08",2012,"GFH082012","summer",2012-08-02,2012-09-13,NA,NA,42,"GFH082012_summer",4,5
"1354","GFH","GFH09",2012,"GFH092012","summer",2012-08-02,2012-09-13,NA,NA,42,"GFH092012_summer",2,2
"1355","GFH","GFH10",2012,"GFH102012","summer",2012-08-02,2012-09-13,NA,NA,42,"GFH102012_summer",5,6
"1356","GFH","GFH11",2012,"GFH112012","summer",2012-08-02,2012-09-13,NA,NA,42,"GFH112012_summer",10,19
"1357","GFH","GFH12",2012,"GFH122012","summer",2012-08-02,2012-09-13,NA,NA,42,"GFH122012_summer",7,14
"1358","GFH","GFH13",2012,"GFH132012","summer",2012-08-02,2012-08-30,NA,NA,28,"GFH132012_summer",7,7
"1359","GFH","GFH14",2012,"GFH142012","summer",2012-08-02,2012-09-13,NA,NA,42,"GFH142012_summer",10,12
"1360","GFH","GFH15",2012,"GFH152012","summer",2012-08-02,2012-08-30,NA,NA,28,"GFH152012_summer",3,3
"1361","GFH","GFH16",2012,"GFH162012","summer",2012-08-02,2012-09-13,NA,NA,42,"GFH162012_summer",7,8
"1362","HAR","HAR01",2012,"HAR012012","summer",2012-08-01,2012-09-12,NA,NA,42,"HAR012012_summer",5,7
"1363","HAR","HAR02",2012,"HAR022012","summer",2012-08-29,2012-09-12,NA,NA,14,"HAR022012_summer",1,1
"1364","HAR","HAR03",2012,"HAR032012","summer",2012-08-01,2012-09-12,NA,NA,42,"HAR032012_summer",5,7
"1365","HAR","HAR04",2012,"HAR042012","summer",2012-08-01,2012-08-15,NA,NA,14,"HAR042012_summer",3,4
"1366","HAR","HAR05",2012,"HAR052012","summer",2012-08-01,2012-09-12,2012-08-15,2012-08-29,28,"HAR052012_summer",14,70
"1367","HAR","HAR06",2012,"HAR062012","summer",2012-08-01,2012-09-12,NA,NA,42,"HAR062012_summer",7,11
"1368","HAR","HAR07",2012,"HAR072012","summer",2012-08-01,2012-09-12,NA,NA,42,"HAR072012_summer",6,14
"1369","HAR","HAR08",2012,"HAR082012","summer",2012-08-15,2012-09-12,NA,NA,28,"HAR082012_summer",8,12
"1370","HAR","HAR09",2012,"HAR092012","summer",2012-08-01,2012-09-12,NA,NA,42,"HAR092012_summer",14,18
"1371","HAR","HAR10",2012,"HAR102012","summer",2012-08-01,2012-09-12,NA,NA,42,"HAR102012_summer",17,69
"1372","HAR","HAR11",2012,"HAR112012","summer",2012-08-01,2012-09-12,NA,NA,42,"HAR112012_summer",13,21
"1373","HAR","HAR12",2012,"HAR122012","summer",2012-08-01,2012-09-12,NA,NA,42,"HAR122012_summer",9,16
"1374","HAR","HAR13",2012,"HAR132012","summer",2012-08-15,2012-09-12,NA,NA,28,"HAR132012_summer",10,11
"1375","HAR","HAR14",2012,"HAR142012","summer",2012-08-01,2012-09-12,NA,NA,42,"HAR142012_summer",8,13
"1376","HAR","HAR15",2012,"HAR152012","summer",2012-08-01,2012-09-12,NA,NA,42,"HAR152012_summer",17,34
"1377","HAR","HAR16",2012,"HAR162012","summer",2012-08-01,2012-08-29,NA,NA,28,"HAR162012_summer",15,34
"1378","SIP","SIP01",2012,"SIP012012","summer",2012-08-02,2012-08-30,NA,NA,28,"SIP012012_summer",3,3
"1379","SIP","SIP02",2012,"SIP022012","summer",2012-08-02,2012-09-13,NA,NA,42,"SIP022012_summer",7,13
"1380","SIP","SIP03",2012,"SIP032012","summer",2012-08-02,2012-09-13,NA,NA,42,"SIP032012_summer",2,4
"1381","SIP","SIP05",2012,"SIP052012","summer",2012-08-02,2012-09-13,NA,NA,42,"SIP052012_summer",2,2
"1382","SIP","SIP06",2012,"SIP062012","summer",2012-08-16,2012-09-13,NA,NA,28,"SIP062012_summer",3,3
"1383","SIP","SIP07",2012,"SIP072012","summer",2012-08-02,2012-09-13,NA,NA,42,"SIP072012_summer",3,4
"1384","SIP","SIP08",2012,"SIP082012","summer",2012-08-02,2012-09-13,2012-08-16,2012-08-30,28,"SIP082012_summer",5,8
"1385","SIP","SIP09",2012,"SIP092012","summer",2012-08-02,2012-09-13,NA,NA,42,"SIP092012_summer",3,8
"1386","SIP","SIP10",2012,"SIP102012","summer",2012-08-02,2012-08-16,NA,NA,14,"SIP102012_summer",5,7
"1387","SIP","SIP11",2012,"SIP112012","summer",2012-08-02,2012-09-13,NA,NA,42,"SIP112012_summer",3,5
"1388","SIP","SIP12",2012,"SIP122012","summer",2012-08-02,2012-08-30,NA,NA,28,"SIP122012_summer",5,12
"1389","SIP","SIP13",2012,"SIP132012","summer",2012-08-02,2012-08-30,NA,NA,28,"SIP132012_summer",2,10
"1390","SIP","SIP14",2012,"SIP142012","summer",2012-08-02,2012-09-13,NA,NA,42,"SIP142012_summer",5,18
"1391","SIP","SIP15",2012,"SIP152012","summer",2012-08-02,2012-09-13,NA,NA,42,"SIP152012_summer",7,13
"1392","SIP","SIP16",2012,"SIP162012","summer",2012-08-02,2012-09-13,NA,NA,42,"SIP162012_summer",9,28
"1393","SST","SST01",2012,"SST012012","summer",2012-07-31,2012-09-11,NA,NA,42,"SST012012_summer",16,32
"1394","SST","SST02",2012,"SST022012","summer",2012-07-31,2012-09-11,NA,NA,42,"SST022012_summer",6,23
"1395","SST","SST03",2012,"SST032012","summer",2012-07-31,2012-09-11,NA,NA,42,"SST032012_summer",10,16
"1396","SST","SST04",2012,"SST042012","summer",2012-07-31,2012-09-11,NA,NA,42,"SST042012_summer",15,106
"1397","SST","SST05",2012,"SST052012","summer",2012-07-31,2012-09-11,NA,NA,42,"SST052012_summer",10,17
"1398","SST","SST06",2012,"SST062012","summer",2012-07-31,2012-09-11,NA,NA,42,"SST062012_summer",9,12
"1399","SST","SST07",2012,"SST072012","summer",2012-07-31,2012-09-11,NA,NA,42,"SST072012_summer",7,7
"1400","SST","SST08",2012,"SST082012","summer",2012-07-31,2012-09-11,NA,NA,42,"SST082012_summer",7,11
"1401","SST","SST09",2012,"SST092012","summer",2012-07-31,2012-09-11,NA,NA,42,"SST092012_summer",8,19
"1402","SST","SST10",2012,"SST102012","summer",2012-07-31,2012-09-11,2012-08-14,2012-08-28,28,"SST102012_summer",9,20
"1403","SST","SST11",2012,"SST112012","summer",2012-07-31,2012-09-11,NA,NA,42,"SST112012_summer",12,22
"1404","SST","SST12",2012,"SST122012","summer",2012-07-31,2012-09-11,NA,NA,42,"SST122012_summer",8,18
"1405","SST","SST13",2012,"SST132012","summer",2012-07-31,2012-09-11,NA,NA,42,"SST132012_summer",10,26
"1406","SST","SST14",2012,"SST142012","summer",2012-07-31,2012-09-11,NA,NA,42,"SST142012_summer",10,28
"1407","SST","SST15",2012,"SST152012","summer",2012-07-31,2012-09-11,2012-08-14,2012-08-28,28,"SST152012_summer",4,6
"1408","SST","SST16",2012,"SST162012","summer",2012-07-31,2012-09-11,NA,NA,42,"SST162012_summer",10,23
"1409","WAN","WAN01",2012,"WAN012012","summer",2012-08-01,2012-09-12,NA,NA,42,"WAN012012_summer",5,20
"1410","WAN","WAN02",2012,"WAN022012","summer",2012-08-01,2012-09-12,NA,NA,42,"WAN022012_summer",11,14
"1411","WAN","WAN03",2012,"WAN032012","summer",2012-08-01,2012-09-12,NA,NA,42,"WAN032012_summer",5,6
"1412","WAN","WAN04",2012,"WAN042012","summer",2012-08-01,2012-09-12,NA,NA,42,"WAN042012_summer",8,12
"1413","WAN","WAN05",2012,"WAN052012","summer",2012-08-01,2012-09-12,2012-08-15,2012-08-29,28,"WAN052012_summer",3,3
"1414","WAN","WAN06",2012,"WAN062012","summer",2012-08-15,2012-09-12,NA,NA,28,"WAN062012_summer",4,5
"1415","WAN","WAN07",2012,"WAN072012","summer",2012-08-01,2012-09-12,NA,NA,42,"WAN072012_summer",6,10
"1416","WAN","WAN08",2012,"WAN082012","summer",2012-08-15,2012-08-29,NA,NA,14,"WAN082012_summer",1,1
"1417","WAN","WAN09",2012,"WAN092012","summer",2012-08-01,2012-09-12,NA,NA,42,"WAN092012_summer",6,6
"1418","WAN","WAN10",2012,"WAN102012","summer",2012-08-01,2012-09-12,NA,NA,42,"WAN102012_summer",14,31
"1419","WAN","WAN11",2012,"WAN112012","summer",2012-08-01,2012-08-29,NA,NA,28,"WAN112012_summer",2,2
"1420","WAN","WAN12",2012,"WAN122012","summer",2012-08-01,2012-09-12,2012-08-15,2012-08-29,28,"WAN122012_summer",3,3
"1421","WAN","WAN13",2012,"WAN132012","summer",2012-08-01,2012-08-29,NA,NA,28,"WAN132012_summer",3,5
"1422","WAN","WAN14",2012,"WAN142012","summer",2012-08-01,2012-08-29,NA,NA,28,"WAN142012_summer",4,6
"1423","WAN","WAN15",2012,"WAN152012","summer",2012-08-01,2012-09-12,NA,NA,42,"WAN152012_summer",7,8
"1424","WAN","WAN16",2012,"WAN162012","summer",2012-08-01,2012-09-12,2012-08-15,2012-08-29,28,"WAN162012_summer",3,9
"1425","FBG","FBG01",2013,"FBG012013","summer",2013-08-05,2013-09-16,NA,NA,42,"FBG012013_summer",17,43
"1426","FBG","FBG02",2013,"FBG022013","summer",2013-08-19,2013-09-16,NA,NA,28,"FBG022013_summer",10,14
"1427","FBG","FBG03",2013,"FBG032013","summer",2013-08-05,2013-09-16,NA,NA,42,"FBG032013_summer",9,39
"1428","FBG","FBG04",2013,"FBG042013","summer",2013-08-05,2013-09-16,NA,NA,42,"FBG042013_summer",7,23
"1430","FBG","FBG06",2013,"FBG062013","summer",2013-08-05,2013-09-16,NA,NA,42,"FBG062013_summer",19,39
"1431","FBG","FBG07",2013,"FBG072013","summer",2013-08-05,2013-09-16,NA,NA,42,"FBG072013_summer",18,60
"1432","FBG","FBG08",2013,"FBG082013","summer",2013-08-05,2013-09-16,NA,NA,42,"FBG082013_summer",6,12
"1433","FBG","FBG09",2013,"FBG092013","summer",2013-08-05,2013-09-16,NA,NA,42,"FBG092013_summer",14,30
"1434","FBG","FBG10",2013,"FBG102013","summer",2013-08-05,2013-09-16,NA,NA,42,"FBG102013_summer",11,21
"1435","FBG","FBG11",2013,"FBG112013","summer",2013-08-05,2013-09-16,NA,NA,42,"FBG112013_summer",10,18
"1436","FBG","FBG12",2013,"FBG122013","summer",2013-08-05,2013-09-16,NA,NA,42,"FBG122013_summer",4,4
"1437","FBG","FBG13",2013,"FBG132013","summer",2013-08-05,2013-09-16,NA,NA,42,"FBG132013_summer",11,16
"1438","FBG","FBG14",2013,"FBG142013","summer",2013-08-05,2013-09-16,NA,NA,42,"FBG142013_summer",15,22
"1439","FBG","FBG15",2013,"FBG152013","summer",2013-08-05,2013-09-16,NA,NA,42,"FBG152013_summer",16,22
"1440","FBG","FBG16",2013,"FBG162013","summer",2013-08-05,2013-09-16,2013-08-19,2013-09-02,28,"FBG162013_summer",3,5
"1441","GFH","GFH01",2013,"GFH012013","summer",2013-08-07,2013-09-04,NA,NA,28,"GFH012013_summer",3,3
"1442","GFH","GFH02",2013,"GFH022013","summer",2013-08-07,2013-09-18,NA,NA,42,"GFH022013_summer",2,2
"1443","GFH","GFH03",2013,"GFH032013","summer",2013-08-07,2013-09-18,NA,NA,42,"GFH032013_summer",11,26
"1444","GFH","GFH04",2013,"GFH042013","summer",2013-08-07,2013-09-18,NA,NA,42,"GFH042013_summer",13,25
"1445","GFH","GFH05",2013,"GFH052013","summer",2013-08-07,2013-09-04,NA,NA,28,"GFH052013_summer",6,12
"1446","GFH","GFH06",2013,"GFH062013","summer",2013-08-07,2013-09-18,2013-08-21,2013-09-04,28,"GFH062013_summer",3,3
"1447","GFH","GFH07",2013,"GFH072013","summer",2013-08-07,2013-09-18,NA,NA,42,"GFH072013_summer",6,6
"1448","GFH","GFH08",2013,"GFH082013","summer",2013-08-07,2013-09-18,NA,NA,42,"GFH082013_summer",4,4
"1449","GFH","GFH09",2013,"GFH092013","summer",2013-08-07,2013-09-18,2013-08-21,2013-09-04,28,"GFH092013_summer",4,7
"1450","GFH","GFH10",2013,"GFH102013","summer",2013-08-07,2013-09-18,NA,NA,42,"GFH102013_summer",11,12
"1451","GFH","GFH11",2013,"GFH112013","summer",2013-08-07,2013-09-18,NA,NA,42,"GFH112013_summer",11,32
"1452","GFH","GFH12",2013,"GFH122013","summer",2013-08-07,2013-09-18,NA,NA,42,"GFH122013_summer",2,2
"1453","GFH","GFH13",2013,"GFH132013","summer",2013-08-07,2013-09-18,NA,NA,42,"GFH132013_summer",6,8
"1454","GFH","GFH14",2013,"GFH142013","summer",2013-08-07,2013-09-18,NA,NA,42,"GFH142013_summer",6,9
"1455","GFH","GFH15",2013,"GFH152013","summer",2013-08-07,2013-09-18,NA,NA,42,"GFH152013_summer",12,20
"1456","GFH","GFH16",2013,"GFH162013","summer",2013-08-07,2013-09-18,NA,NA,42,"GFH162013_summer",12,27
"1457","HAR","HAR01",2013,"HAR012013","summer",2013-08-06,2013-09-17,NA,NA,42,"HAR012013_summer",6,14
"1458","HAR","HAR02",2013,"HAR022013","summer",2013-08-06,2013-09-17,NA,NA,42,"HAR022013_summer",2,3
"1459","HAR","HAR03",2013,"HAR032013","summer",2013-08-06,2013-09-17,NA,NA,42,"HAR032013_summer",6,15
"1460","HAR","HAR04",2013,"HAR042013","summer",2013-08-20,2013-09-03,NA,NA,14,"HAR042013_summer",1,1
"1461","HAR","HAR05",2013,"HAR052013","summer",2013-08-06,2013-09-17,NA,NA,42,"HAR052013_summer",18,31
"1462","HAR","HAR06",2013,"HAR062013","summer",2013-08-06,2013-09-03,NA,NA,28,"HAR062013_summer",5,9
"1463","HAR","HAR07",2013,"HAR072013","summer",2013-08-06,2013-09-03,NA,NA,28,"HAR072013_summer",5,5
"1464","HAR","HAR08",2013,"HAR082013","summer",2013-08-20,2013-09-03,NA,NA,14,"HAR082013_summer",0,0
"1465","HAR","HAR09",2013,"HAR092013","summer",2013-08-06,2013-09-17,NA,NA,42,"HAR092013_summer",15,33
"1466","HAR","HAR10",2013,"HAR102013","summer",2013-08-06,2013-09-17,NA,NA,42,"HAR102013_summer",8,17
"1467","HAR","HAR11",2013,"HAR112013","summer",2013-08-06,2013-09-17,2013-08-20,2013-09-03,28,"HAR112013_summer",6,7
"1468","HAR","HAR12",2013,"HAR122013","summer",2013-08-06,2013-09-17,NA,NA,42,"HAR122013_summer",9,22
"1469","HAR","HAR13",2013,"HAR132013","summer",2013-08-06,2013-09-17,NA,NA,42,"HAR132013_summer",12,23
"1470","HAR","HAR14",2013,"HAR142013","summer",2013-08-06,2013-09-17,NA,NA,42,"HAR142013_summer",10,15
"1471","HAR","HAR15",2013,"HAR152013","summer",2013-08-06,2013-09-17,NA,NA,42,"HAR152013_summer",7,9
"1472","HAR","HAR16",2013,"HAR162013","summer",2013-08-06,2013-09-03,NA,NA,28,"HAR162013_summer",3,5
"1473","SIP","SIP01",2013,"SIP012013","summer",2013-08-07,2013-09-18,NA,NA,42,"SIP012013_summer",3,5
"1474","SIP","SIP02",2013,"SIP022013","summer",2013-08-07,2013-09-18,NA,NA,42,"SIP022013_summer",6,20
"1475","SIP","SIP03",2013,"SIP032013","summer",2013-08-07,2013-09-18,NA,NA,42,"SIP032013_summer",9,23
"1476","SIP","SIP05",2013,"SIP052013","summer",2013-08-07,2013-09-04,NA,NA,28,"SIP052013_summer",3,3
"1477","SIP","SIP06",2013,"SIP062013","summer",2013-08-07,2013-09-18,NA,NA,42,"SIP062013_summer",5,14
"1478","SIP","SIP07",2013,"SIP072013","summer",2013-08-07,2013-09-18,2013-08-21,2013-09-04,28,"SIP072013_summer",2,3
"1479","SIP","SIP08",2013,"SIP082013","summer",2013-08-07,2013-09-18,NA,NA,42,"SIP082013_summer",9,14
"1480","SIP","SIP09",2013,"SIP092013","summer",2013-08-07,2013-09-18,NA,NA,42,"SIP092013_summer",5,18
"1481","SIP","SIP10",2013,"SIP102013","summer",2013-08-07,2013-09-18,NA,NA,42,"SIP102013_summer",8,37
"1482","SIP","SIP11",2013,"SIP112013","summer",2013-08-07,2013-09-04,NA,NA,28,"SIP112013_summer",5,9
"1483","SIP","SIP12",2013,"SIP122013","summer",2013-08-07,2013-09-18,NA,NA,42,"SIP122013_summer",8,44
"1484","SIP","SIP13",2013,"SIP132013","summer",2013-08-07,2013-09-04,NA,NA,28,"SIP132013_summer",6,24
"1485","SIP","SIP14",2013,"SIP142013","summer",2013-08-07,2013-09-18,2013-08-21,2013-09-04,28,"SIP142013_summer",1,3
"1486","SIP","SIP15",2013,"SIP152013","summer",2013-08-07,2013-09-18,NA,NA,42,"SIP152013_summer",8,40
"1487","SIP","SIP16",2013,"SIP162013","summer",2013-08-07,2013-09-18,NA,NA,42,"SIP162013_summer",12,45
"1488","SST","SST01",2013,"SST012013","summer",2013-08-05,2013-09-16,NA,NA,42,"SST012013_summer",6,7
"1489","SST","SST02",2013,"SST022013","summer",2013-08-05,2013-09-16,NA,NA,42,"SST022013_summer",4,6
"1490","SST","SST03",2013,"SST032013","summer",2013-08-05,2013-09-16,NA,NA,42,"SST032013_summer",9,12
"1491","SST","SST04",2013,"SST042013","summer",2013-08-05,2013-09-16,NA,NA,42,"SST042013_summer",17,28
"1492","SST","SST05",2013,"SST052013","summer",2013-08-05,2013-09-16,NA,NA,42,"SST052013_summer",9,15
"1493","SST","SST06",2013,"SST062013","summer",2013-08-19,2013-09-02,NA,NA,14,"SST062013_summer",2,2
"1494","SST","SST07",2013,"SST072013","summer",2013-08-05,2013-08-19,NA,NA,14,"SST072013_summer",2,3
"1495","SST","SST08",2013,"SST082013","summer",2013-08-05,2013-09-16,NA,NA,42,"SST082013_summer",3,3
"1496","SST","SST09",2013,"SST092013","summer",2013-08-05,2013-08-19,NA,NA,14,"SST092013_summer",6,8
"1497","SST","SST10",2013,"SST102013","summer",2013-08-05,2013-09-16,NA,NA,42,"SST102013_summer",12,18
"1498","SST","SST11",2013,"SST112013","summer",2013-08-05,2013-09-16,NA,NA,42,"SST112013_summer",10,10
"1499","SST","SST12",2013,"SST122013","summer",2013-08-05,2013-09-16,NA,NA,42,"SST122013_summer",1,3
"1500","SST","SST13",2013,"SST132013","summer",2013-08-05,2013-09-16,NA,NA,42,"SST132013_summer",11,27
"1501","SST","SST14",2013,"SST142013","summer",2013-08-05,2013-09-16,NA,NA,42,"SST142013_summer",6,12
"1502","SST","SST15",2013,"SST152013","summer",2013-08-05,2013-09-16,NA,NA,42,"SST152013_summer",3,3
"1503","SST","SST16",2013,"SST162013","summer",2013-08-05,2013-09-02,NA,NA,28,"SST162013_summer",4,4
"1504","WAN","WAN01",2013,"WAN012013","summer",2013-08-06,2013-09-17,NA,NA,42,"WAN012013_summer",12,37
"1505","WAN","WAN02",2013,"WAN022013","summer",2013-08-06,2013-09-17,NA,NA,42,"WAN022013_summer",9,15
"1506","WAN","WAN03",2013,"WAN032013","summer",2013-08-06,2013-09-03,NA,NA,28,"WAN032013_summer",5,9
"1507","WAN","WAN04",2013,"WAN042013","summer",2013-08-06,2013-09-03,NA,NA,28,"WAN042013_summer",6,6
"1508","WAN","WAN05",2013,"WAN052013","summer",2013-08-06,2013-09-17,2013-08-20,2013-09-03,28,"WAN052013_summer",6,11
"1509","WAN","WAN06",2013,"WAN062013","summer",2013-08-06,2013-09-17,NA,NA,42,"WAN062013_summer",13,33
"1510","WAN","WAN07",2013,"WAN072013","summer",2013-08-06,2013-09-17,NA,NA,42,"WAN072013_summer",7,9
"1512","WAN","WAN09",2013,"WAN092013","summer",2013-08-06,2013-09-03,NA,NA,28,"WAN092013_summer",9,31
"1513","WAN","WAN10",2013,"WAN102013","summer",2013-08-06,2013-09-17,NA,NA,42,"WAN102013_summer",11,17
"1514","WAN","WAN11",2013,"WAN112013","summer",2013-08-20,2013-09-03,NA,NA,14,"WAN112013_summer",0,0
"1515","WAN","WAN12",2013,"WAN122013","summer",2013-08-06,2013-09-17,NA,NA,42,"WAN122013_summer",13,25
"1516","WAN","WAN13",2013,"WAN132013","summer",2013-08-06,2013-09-17,NA,NA,42,"WAN132013_summer",3,3
"1517","WAN","WAN14",2013,"WAN142013","summer",2013-08-06,2013-09-17,NA,NA,42,"WAN142013_summer",2,2
"1518","WAN","WAN15",2013,"WAN152013","summer",2013-08-06,2013-09-03,NA,NA,28,"WAN152013_summer",5,7
"1519","WAN","WAN16",2013,"WAN162013","summer",2013-08-20,2013-09-03,NA,NA,14,"WAN162013_summer",0,0
"1520","FBG","FBG01",2014,"FBG012014","summer",2014-07-14,2014-08-26,NA,NA,43,"FBG012014_summer",20,53
"1521","FBG","FBG02",2014,"FBG022014","summer",2014-07-14,2014-08-26,NA,NA,43,"FBG022014_summer",17,25
"1522","FBG","FBG03",2014,"FBG032014","summer",2014-07-14,2014-08-26,2014-08-26,2014-07-14,27,"FBG032014_summer",8,18
"1523","FBG","FBG04",2014,"FBG042014","summer",2014-07-14,2014-08-26,NA,NA,43,"FBG042014_summer",13,47
"1524","FBG","FBG05",2014,"FBG052014","summer",2014-07-28,2014-08-26,NA,NA,29,"FBG052014_summer",1,1
"1525","FBG","FBG06",2014,"FBG062014","summer",2014-07-14,2014-08-26,NA,NA,43,"FBG062014_summer",18,50
"1526","FBG","FBG07",2014,"FBG072014","summer",2014-07-14,2014-08-26,NA,NA,43,"FBG072014_summer",19,106
"1527","FBG","FBG08",2014,"FBG082014","summer",2014-07-14,2014-08-26,NA,NA,43,"FBG082014_summer",15,79
"1528","FBG","FBG09",2014,"FBG092014","summer",2014-07-14,2014-08-26,NA,NA,43,"FBG092014_summer",23,48
"1529","FBG","FBG10",2014,"FBG102014","summer",2014-07-14,2014-08-26,NA,NA,43,"FBG102014_summer",22,38
"1530","FBG","FBG11",2014,"FBG112014","summer",2014-07-14,2014-08-26,NA,NA,43,"FBG112014_summer",6,13
"1531","FBG","FBG12",2014,"FBG122014","summer",2014-07-14,2014-08-26,NA,NA,43,"FBG122014_summer",7,13
"1532","FBG","FBG13",2014,"FBG132014","summer",2014-07-14,2014-08-26,NA,NA,43,"FBG132014_summer",17,36
"1533","FBG","FBG14",2014,"FBG142014","summer",2014-07-14,2014-08-26,NA,NA,43,"FBG142014_summer",10,24
"1534","FBG","FBG15",2014,"FBG152014","summer",2014-07-14,2014-08-26,NA,NA,43,"FBG152014_summer",17,37
"1535","FBG","FBG16",2014,"FBG162014","summer",2014-07-14,2014-08-26,NA,NA,43,"FBG162014_summer",12,42
"1536","GFH","GFH01",2014,"GFH012014","summer",2014-07-14,2014-08-12,NA,NA,29,"GFH012014_summer",2,3
"1537","GFH","GFH02",2014,"GFH022014","summer",2014-07-14,2014-07-30,NA,NA,16,"GFH022014_summer",3,4
"1538","GFH","GFH03",2014,"GFH032014","summer",2014-07-14,2014-08-27,NA,NA,44,"GFH032014_summer",12,35
"1539","GFH","GFH04",2014,"GFH042014","summer",2014-07-14,2014-08-27,NA,NA,44,"GFH042014_summer",9,16
"1540","GFH","GFH05",2014,"GFH052014","summer",2014-07-14,2014-08-12,NA,NA,29,"GFH052014_summer",11,17
"1541","GFH","GFH06",2014,"GFH062014","summer",2014-07-14,2014-08-27,NA,NA,44,"GFH062014_summer",9,15
"1542","GFH","GFH07",2014,"GFH072014","summer",2014-07-14,2014-08-27,NA,NA,44,"GFH072014_summer",3,6
"1543","GFH","GFH08",2014,"GFH082014","summer",2014-07-14,2014-08-27,NA,NA,44,"GFH082014_summer",3,3
"1544","GFH","GFH09",2014,"GFH092014","summer",2014-07-14,2014-08-27,NA,NA,44,"GFH092014_summer",5,8
"1545","GFH","GFH10",2014,"GFH102014","summer",2014-07-14,2014-07-30,NA,NA,16,"GFH102014_summer",6,7
"1546","GFH","GFH11",2014,"GFH112014","summer",2014-07-14,2014-08-27,NA,NA,44,"GFH112014_summer",15,26
"1547","GFH","GFH12",2014,"GFH122014","summer",2014-07-14,2014-08-27,NA,NA,44,"GFH122014_summer",14,25
"1548","GFH","GFH13",2014,"GFH132014","summer",2014-07-14,2014-08-27,NA,NA,44,"GFH132014_summer",8,11
"1549","GFH","GFH14",2014,"GFH142014","summer",2014-07-14,2014-08-27,NA,NA,44,"GFH142014_summer",9,18
"1550","GFH","GFH15",2014,"GFH152014","summer",2014-07-14,2014-08-27,NA,NA,44,"GFH152014_summer",5,7
"1551","GFH","GFH16",2014,"GFH162014","summer",2014-07-14,2014-08-12,NA,NA,29,"GFH162014_summer",12,18
"1552","HAR","HAR01",2014,"HAR012014","summer",2014-07-15,2014-08-14,NA,NA,30,"HAR012014_summer",5,13
"1553","HAR","HAR02",2014,"HAR022014","summer",2014-07-15,2014-08-14,NA,NA,30,"HAR022014_summer",2,2
"1554","HAR","HAR03",2014,"HAR032014","summer",2014-07-15,2014-08-25,NA,NA,41,"HAR032014_summer",5,5
"1555","HAR","HAR04",2014,"HAR042014","summer",2014-07-15,2014-08-25,2014-07-29,2014-08-14,25,"HAR042014_summer",1,1
"1556","HAR","HAR05",2014,"HAR052014","summer",2014-07-15,2014-08-25,2014-07-29,2014-08-14,25,"HAR052014_summer",12,124
"1557","HAR","HAR06",2014,"HAR062014","summer",2014-07-15,2014-08-25,2014-07-29,2014-08-14,25,"HAR062014_summer",4,6
"1558","HAR","HAR07",2014,"HAR072014","summer",2014-07-29,2014-08-25,NA,NA,27,"HAR072014_summer",0,0
"1559","HAR","HAR08",2014,"HAR082014","summer",2014-07-15,2014-08-25,NA,NA,41,"HAR082014_summer",2,4
"1560","HAR","HAR09",2014,"HAR092014","summer",2014-07-15,2014-08-25,NA,NA,41,"HAR092014_summer",6,6
"1561","HAR","HAR10",2014,"HAR102014","summer",2014-07-15,2014-08-25,NA,NA,41,"HAR102014_summer",12,597
"1562","HAR","HAR11",2014,"HAR112014","summer",2014-07-15,2014-08-14,NA,NA,30,"HAR112014_summer",2,4
"1563","HAR","HAR12",2014,"HAR122014","summer",2014-07-15,2014-08-25,NA,NA,41,"HAR122014_summer",4,6
"1564","HAR","HAR13",2014,"HAR132014","summer",2014-07-15,2014-08-25,NA,NA,41,"HAR132014_summer",10,11
"1565","HAR","HAR14",2014,"HAR142014","summer",2014-07-15,2014-08-25,NA,NA,41,"HAR142014_summer",5,8
"1566","HAR","HAR15",2014,"HAR152014","summer",2014-07-15,2014-08-25,NA,NA,41,"HAR152014_summer",3,5
"1567","HAR","HAR16",2014,"HAR162014","summer",2014-07-15,2014-08-25,NA,NA,41,"HAR162014_summer",10,17
"1568","SIP","SIP01",2014,"SIP012014","summer",2014-07-14,2014-08-27,NA,NA,44,"SIP012014_summer",7,13
"1569","SIP","SIP02",2014,"SIP022014","summer",2014-07-14,2014-08-27,NA,NA,44,"SIP022014_summer",13,28
"1570","SIP","SIP03",2014,"SIP032014","summer",2014-07-14,2014-08-27,NA,NA,44,"SIP032014_summer",15,18
"1571","SIP","SIP05",2014,"SIP052014","summer",2014-07-14,2014-08-27,NA,NA,44,"SIP052014_summer",5,6
"1572","SIP","SIP06",2014,"SIP062014","summer",2014-07-14,2014-08-27,NA,NA,44,"SIP062014_summer",6,7
"1573","SIP","SIP07",2014,"SIP072014","summer",2014-07-14,2014-08-12,NA,NA,29,"SIP072014_summer",5,7
"1574","SIP","SIP08",2014,"SIP082014","summer",2014-07-14,2014-08-27,NA,NA,44,"SIP082014_summer",4,13
"1575","SIP","SIP09",2014,"SIP092014","summer",2014-07-14,2014-07-30,NA,NA,16,"SIP092014_summer",7,15
"1576","SIP","SIP10",2014,"SIP102014","summer",2014-07-30,2014-08-12,NA,NA,13,"SIP102014_summer",1,1
"1577","SIP","SIP11",2014,"SIP112014","summer",2014-07-14,2014-08-27,NA,NA,44,"SIP112014_summer",1,4
"1578","SIP","SIP12",2014,"SIP122014","summer",2014-07-14,2014-08-27,NA,NA,44,"SIP122014_summer",8,25
"1579","SIP","SIP13",2014,"SIP132014","summer",2014-07-14,2014-07-30,NA,NA,16,"SIP132014_summer",5,5
"1580","SIP","SIP14",2014,"SIP142014","summer",2014-07-14,2014-08-27,NA,NA,44,"SIP142014_summer",7,12
"1581","SIP","SIP15",2014,"SIP152014","summer",2014-07-14,2014-08-27,NA,NA,44,"SIP152014_summer",8,10
"1582","SIP","SIP16",2014,"SIP162014","summer",2014-07-30,2014-08-27,NA,NA,28,"SIP162014_summer",3,9
"1583","SST","SST01",2014,"SST012014","summer",2014-07-14,2014-08-26,NA,NA,43,"SST012014_summer",12,21
"1584","SST","SST02",2014,"SST022014","summer",2014-07-14,2014-08-26,NA,NA,43,"SST022014_summer",11,22
"1585","SST","SST03",2014,"SST032014","summer",2014-07-14,2014-08-26,NA,NA,43,"SST032014_summer",9,10
"1586","SST","SST04",2014,"SST042014","summer",2014-07-14,2014-08-26,NA,NA,43,"SST042014_summer",10,17
"1587","SST","SST05",2014,"SST052014","summer",2014-07-14,2014-08-26,NA,NA,43,"SST052014_summer",18,27
"1588","SST","SST06",2014,"SST062014","summer",2014-07-14,2014-08-26,NA,NA,43,"SST062014_summer",9,18
"1589","SST","SST07",2014,"SST072014","summer",2014-07-14,2014-08-26,NA,NA,43,"SST072014_summer",6,11
"1590","SST","SST08",2014,"SST082014","summer",2014-07-14,2014-08-26,NA,NA,43,"SST082014_summer",6,6
"1591","SST","SST09",2014,"SST092014","summer",2014-07-14,2014-08-26,NA,NA,43,"SST092014_summer",9,15
"1592","SST","SST10",2014,"SST102014","summer",2014-07-14,2014-08-26,NA,NA,43,"SST102014_summer",16,36
"1593","SST","SST11",2014,"SST112014","summer",2014-07-14,2014-08-13,NA,NA,30,"SST112014_summer",8,10
"1594","SST","SST12",2014,"SST122014","summer",2014-07-14,2014-08-26,2014-08-26,2014-07-14,27,"SST122014_summer",3,3
"1595","SST","SST13",2014,"SST132014","summer",2014-07-14,2014-08-26,NA,NA,43,"SST132014_summer",15,22
"1596","SST","SST14",2014,"SST142014","summer",2014-07-14,2014-08-13,NA,NA,30,"SST142014_summer",5,6
"1597","SST","SST15",2014,"SST152014","summer",2014-07-28,2014-08-13,NA,NA,16,"SST152014_summer",3,3
"1598","SST","SST16",2014,"SST162014","summer",2014-07-14,2014-08-26,2014-08-26,2014-07-14,27,"SST162014_summer",5,6
"1599","WAN","WAN01",2014,"WAN012014","summer",2014-07-15,2014-08-25,NA,NA,41,"WAN012014_summer",8,20
"1600","WAN","WAN02",2014,"WAN022014","summer",2014-07-15,2014-08-25,NA,NA,41,"WAN022014_summer",5,10
"1601","WAN","WAN03",2014,"WAN032014","summer",2014-07-29,2014-08-25,NA,NA,27,"WAN032014_summer",2,2
"1602","WAN","WAN04",2014,"WAN042014","summer",2014-07-29,2014-08-25,NA,NA,27,"WAN042014_summer",4,6
"1603","WAN","WAN05",2014,"WAN052014","summer",2014-07-29,2014-08-25,NA,NA,27,"WAN052014_summer",3,3
"1604","WAN","WAN06",2014,"WAN062014","summer",2014-07-15,2014-08-25,NA,NA,41,"WAN062014_summer",9,14
"1605","WAN","WAN07",2014,"WAN072014","summer",2014-07-15,2014-08-25,NA,NA,41,"WAN072014_summer",2,2
"1606","WAN","WAN08",2014,"WAN082014","summer",2014-07-15,2014-08-25,2014-07-29,2014-08-14,25,"WAN082014_summer",7,15
"1607","WAN","WAN09",2014,"WAN092014","summer",2014-07-15,2014-08-25,NA,NA,41,"WAN092014_summer",4,5
"1608","WAN","WAN10",2014,"WAN102014","summer",2014-07-15,2014-08-25,NA,NA,41,"WAN102014_summer",10,12
"1609","WAN","WAN11",2014,"WAN112014","summer",2014-07-15,2014-08-25,NA,NA,41,"WAN112014_summer",2,2
"1610","WAN","WAN12",2014,"WAN122014","summer",2014-07-15,2014-08-25,NA,NA,41,"WAN122014_summer",6,13
"1611","WAN","WAN13",2014,"WAN132014","summer",2014-07-15,2014-08-25,NA,NA,41,"WAN132014_summer",1,1
"1612","WAN","WAN14",2014,"WAN142014","summer",2014-07-15,2014-08-25,2014-07-29,2014-08-14,25,"WAN142014_summer",7,7
"1613","WAN","WAN15",2014,"WAN152014","summer",2014-07-29,2014-08-25,NA,NA,27,"WAN152014_summer",4,4
"1614","WAN","WAN16",2014,"WAN162014","summer",2014-07-15,2014-08-25,NA,NA,41,"WAN162014_summer",2,2
"1615","FBG","FBG01",2015,"FBG012015","summer",2015-07-23,2015-09-02,NA,NA,41,"FBG012015_summer",23,62
"1616","FBG","FBG02",2015,"FBG022015","summer",2015-07-23,2015-09-02,NA,NA,41,"FBG022015_summer",11,22
"1617","FBG","FBG03",2015,"FBG032015","summer",2015-08-03,2015-09-02,NA,NA,30,"FBG032015_summer",3,7
"1618","FBG","FBG04",2015,"FBG042015","summer",2015-07-23,2015-09-02,NA,NA,41,"FBG042015_summer",15,47
"1619","FBG","FBG05",2015,"FBG052015","summer",2015-07-23,2015-09-02,NA,NA,41,"FBG052015_summer",9,16
"1620","FBG","FBG06",2015,"FBG062015","summer",2015-07-23,2015-09-02,NA,NA,41,"FBG062015_summer",20,84
"1621","FBG","FBG07",2015,"FBG072015","summer",2015-07-23,2015-09-02,NA,NA,41,"FBG072015_summer",10,25
"1622","FBG","FBG08",2015,"FBG082015","summer",2015-07-23,2015-09-02,NA,NA,41,"FBG082015_summer",12,32
"1623","FBG","FBG09",2015,"FBG092015","summer",2015-07-23,2015-09-02,NA,NA,41,"FBG092015_summer",12,51
"1624","FBG","FBG10",2015,"FBG102015","summer",2015-07-23,2015-09-02,NA,NA,41,"FBG102015_summer",26,123
"1625","FBG","FBG11",2015,"FBG112015","summer",2015-07-23,2015-09-02,NA,NA,41,"FBG112015_summer",5,12
"1626","FBG","FBG12",2015,"FBG122015","summer",2015-07-23,2015-09-02,NA,NA,41,"FBG122015_summer",12,23
"1627","FBG","FBG13",2015,"FBG132015","summer",2015-07-23,2015-09-02,NA,NA,41,"FBG132015_summer",16,42
"1628","FBG","FBG14",2015,"FBG142015","summer",2015-07-23,2015-09-02,NA,NA,41,"FBG142015_summer",7,8
"1629","FBG","FBG15",2015,"FBG152015","summer",2015-07-23,2015-09-02,NA,NA,41,"FBG152015_summer",12,19
"1630","FBG","FBG16",2015,"FBG162015","summer",2015-07-23,2015-09-02,NA,NA,41,"FBG162015_summer",13,32
"1631","GFH","GFH01",2015,"GFH012015","summer",2015-07-21,2015-08-20,NA,NA,30,"GFH012015_summer",2,4
"1632","GFH","GFH02",2015,"GFH022015","summer",2015-08-04,2015-09-01,NA,NA,28,"GFH022015_summer",6,7
"1633","GFH","GFH03",2015,"GFH032015","summer",2015-07-21,2015-09-01,NA,NA,42,"GFH032015_summer",13,40
"1634","GFH","GFH04",2015,"GFH042015","summer",2015-07-21,2015-09-01,NA,NA,42,"GFH042015_summer",18,35
"1635","GFH","GFH05",2015,"GFH052015","summer",2015-07-21,2015-09-01,NA,NA,42,"GFH052015_summer",13,23
"1636","GFH","GFH06",2015,"GFH062015","summer",2015-07-21,2015-09-01,NA,NA,42,"GFH062015_summer",5,5
"1637","GFH","GFH07",2015,"GFH072015","summer",2015-07-21,2015-09-01,NA,NA,42,"GFH072015_summer",7,9
"1638","GFH","GFH08",2015,"GFH082015","summer",2015-07-21,2015-09-01,NA,NA,42,"GFH082015_summer",8,10
"1639","GFH","GFH09",2015,"GFH092015","summer",2015-07-21,2015-09-01,NA,NA,42,"GFH092015_summer",2,2
"1640","GFH","GFH10",2015,"GFH102015","summer",2015-08-04,2015-09-01,NA,NA,28,"GFH102015_summer",10,17
"1641","GFH","GFH11",2015,"GFH112015","summer",2015-07-21,2015-09-01,NA,NA,42,"GFH112015_summer",14,32
"1642","GFH","GFH12",2015,"GFH122015","summer",2015-07-21,2015-09-01,NA,NA,42,"GFH122015_summer",11,14
"1643","GFH","GFH13",2015,"GFH132015","summer",2015-07-21,2015-09-01,NA,NA,42,"GFH132015_summer",8,12
"1644","GFH","GFH14",2015,"GFH142015","summer",2015-07-21,2015-09-01,NA,NA,42,"GFH142015_summer",10,10
"1645","GFH","GFH15",2015,"GFH152015","summer",2015-07-21,2015-09-01,NA,NA,42,"GFH152015_summer",6,6
"1646","GFH","GFH16",2015,"GFH162015","summer",2015-07-21,2015-09-01,NA,NA,42,"GFH162015_summer",16,26
"1647","HAR","HAR01",2015,"HAR012015","summer",2015-07-22,2015-08-31,NA,NA,40,"HAR012015_summer",9,11
"1648","HAR","HAR02",2015,"HAR022015","summer",2015-08-05,2015-08-31,NA,NA,26,"HAR022015_summer",5,10
"1649","HAR","HAR03",2015,"HAR032015","summer",2015-07-22,2015-08-31,NA,NA,40,"HAR032015_summer",11,17
"1650","HAR","HAR04",2015,"HAR042015","summer",2015-07-22,2015-08-31,2015-08-05,2015-08-18,27,"HAR042015_summer",6,9
"1651","HAR","HAR05",2015,"HAR052015","summer",2015-07-22,2015-08-31,NA,NA,40,"HAR052015_summer",23,423
"1652","HAR","HAR06",2015,"HAR062015","summer",2015-07-22,2015-08-31,NA,NA,40,"HAR062015_summer",13,21
"1653","HAR","HAR07",2015,"HAR072015","summer",2015-07-22,2015-08-31,NA,NA,40,"HAR072015_summer",7,7
"1654","HAR","HAR08",2015,"HAR082015","summer",2015-07-22,2015-08-31,NA,NA,40,"HAR082015_summer",3,7
"1655","HAR","HAR09",2015,"HAR092015","summer",2015-07-22,2015-08-31,NA,NA,40,"HAR092015_summer",18,61
"1656","HAR","HAR10",2015,"HAR102015","summer",2015-07-22,2015-08-31,NA,NA,40,"HAR102015_summer",17,56
"1657","HAR","HAR11",2015,"HAR112015","summer",2015-07-22,2015-08-05,NA,NA,14,"HAR112015_summer",2,2
"1658","HAR","HAR12",2015,"HAR122015","summer",2015-07-22,2015-08-31,NA,NA,40,"HAR122015_summer",6,6
"1659","HAR","HAR13",2015,"HAR132015","summer",2015-07-22,2015-08-31,NA,NA,40,"HAR132015_summer",9,11
"1660","HAR","HAR14",2015,"HAR142015","summer",2015-07-22,2015-08-18,NA,NA,27,"HAR142015_summer",7,23
"1661","HAR","HAR15",2015,"HAR152015","summer",2015-07-22,2015-08-31,NA,NA,40,"HAR152015_summer",11,31
"1662","HAR","HAR16",2015,"HAR162015","summer",2015-07-22,2015-08-31,NA,NA,40,"HAR162015_summer",15,25
"1663","SIP","SIP01",2015,"SIP012015","summer",2015-07-21,2015-08-20,NA,NA,30,"SIP012015_summer",3,4
"1664","SIP","SIP02",2015,"SIP022015","summer",2015-07-21,2015-09-01,NA,NA,42,"SIP022015_summer",7,12
"1665","SIP","SIP03",2015,"SIP032015","summer",2015-07-21,2015-09-01,NA,NA,42,"SIP032015_summer",9,11
"1666","SIP","SIP05",2015,"SIP052015","summer",2015-07-21,2015-09-01,2015-08-04,2015-08-20,26,"SIP052015_summer",2,2
"1667","SIP","SIP06",2015,"SIP062015","summer",2015-07-21,2015-09-01,NA,NA,42,"SIP062015_summer",3,10
"1668","SIP","SIP07",2015,"SIP072015","summer",2015-07-21,2015-09-01,2015-08-04,2015-08-20,26,"SIP072015_summer",6,11
"1669","SIP","SIP08",2015,"SIP082015","summer",2015-07-21,2015-09-01,NA,NA,42,"SIP082015_summer",4,5
"1670","SIP","SIP09",2015,"SIP092015","summer",2015-07-21,2015-09-01,NA,NA,42,"SIP092015_summer",6,13
"1671","SIP","SIP10",2015,"SIP102015","summer",2015-07-21,2015-09-01,2015-08-04,2015-08-20,26,"SIP102015_summer",3,3
"1672","SIP","SIP11",2015,"SIP112015","summer",2015-07-21,2015-09-01,NA,NA,42,"SIP112015_summer",8,10
"1673","SIP","SIP12",2015,"SIP122015","summer",2015-07-21,2015-09-01,NA,NA,42,"SIP122015_summer",5,14
"1674","SIP","SIP13",2015,"SIP132015","summer",2015-07-21,2015-09-01,NA,NA,42,"SIP132015_summer",5,5
"1675","SIP","SIP14",2015,"SIP142015","summer",2015-07-21,2015-09-01,NA,NA,42,"SIP142015_summer",9,19
"1676","SIP","SIP15",2015,"SIP152015","summer",2015-07-21,2015-09-01,NA,NA,42,"SIP152015_summer",4,5
"1677","SIP","SIP16",2015,"SIP162015","summer",2015-07-21,2015-09-01,NA,NA,42,"SIP162015_summer",9,26
"1678","SST","SST01",2015,"SST012015","summer",2015-07-23,2015-09-02,NA,NA,41,"SST012015_summer",10,24
"1679","SST","SST02",2015,"SST022015","summer",2015-07-23,2015-09-02,NA,NA,41,"SST022015_summer",7,10
"1680","SST","SST03",2015,"SST032015","summer",2015-07-23,2015-09-02,NA,NA,41,"SST032015_summer",13,19
"1681","SST","SST04",2015,"SST042015","summer",2015-07-23,2015-09-02,NA,NA,41,"SST042015_summer",22,37
"1682","SST","SST05",2015,"SST052015","summer",2015-07-23,2015-09-02,NA,NA,41,"SST052015_summer",9,22
"1683","SST","SST06",2015,"SST062015","summer",2015-07-23,2015-09-02,2015-08-03,2015-08-17,27,"SST062015_summer",7,9
"1684","SST","SST07",2015,"SST072015","summer",2015-07-23,2015-09-02,NA,NA,41,"SST072015_summer",10,20
"1685","SST","SST08",2015,"SST082015","summer",2015-07-23,2015-09-02,NA,NA,41,"SST082015_summer",12,15
"1686","SST","SST09",2015,"SST092015","summer",2015-07-23,2015-09-02,NA,NA,41,"SST092015_summer",12,27
"1687","SST","SST10",2015,"SST102015","summer",2015-08-03,2015-09-02,NA,NA,30,"SST102015_summer",11,24
"1688","SST","SST11",2015,"SST112015","summer",2015-07-23,2015-09-02,NA,NA,41,"SST112015_summer",7,9
"1689","SST","SST12",2015,"SST122015","summer",2015-07-23,2015-09-02,NA,NA,41,"SST122015_summer",7,7
"1690","SST","SST13",2015,"SST132015","summer",2015-07-23,2015-09-02,2015-08-03,2015-08-17,27,"SST132015_summer",4,6
"1691","SST","SST14",2015,"SST142015","summer",2015-07-23,2015-09-02,NA,NA,41,"SST142015_summer",11,26
"1692","SST","SST15",2015,"SST152015","summer",2015-08-03,2015-09-02,NA,NA,30,"SST152015_summer",5,6
"1693","SST","SST16",2015,"SST162015","summer",2015-07-23,2015-09-02,NA,NA,41,"SST162015_summer",6,11
"1694","WAN","WAN01",2015,"WAN012015","summer",2015-07-22,2015-08-31,NA,NA,40,"WAN012015_summer",14,67
"1695","WAN","WAN02",2015,"WAN022015","summer",2015-07-22,2015-08-31,NA,NA,40,"WAN022015_summer",5,10
"1696","WAN","WAN03",2015,"WAN032015","summer",2015-07-22,2015-08-31,NA,NA,40,"WAN032015_summer",5,7
"1697","WAN","WAN04",2015,"WAN042015","summer",2015-07-22,2015-08-31,NA,NA,40,"WAN042015_summer",7,9
"1698","WAN","WAN05",2015,"WAN052015","summer",2015-08-05,2015-08-31,NA,NA,26,"WAN052015_summer",3,6
"1699","WAN","WAN06",2015,"WAN062015","summer",2015-07-22,2015-08-31,NA,NA,40,"WAN062015_summer",19,68
"1700","WAN","WAN07",2015,"WAN072015","summer",2015-08-05,2015-08-31,NA,NA,26,"WAN072015_summer",1,1
"1701","WAN","WAN08",2015,"WAN082015","summer",2015-08-18,2015-08-31,NA,NA,13,"WAN082015_summer",2,2
"1702","WAN","WAN09",2015,"WAN092015","summer",2015-07-22,2015-08-31,NA,NA,40,"WAN092015_summer",6,8
"1703","WAN","WAN10",2015,"WAN102015","summer",2015-07-22,2015-08-31,NA,NA,40,"WAN102015_summer",16,49
"1704","WAN","WAN11",2015,"WAN112015","summer",2015-07-22,2015-08-05,NA,NA,14,"WAN112015_summer",2,3
"1705","WAN","WAN12",2015,"WAN122015","summer",2015-07-22,2015-08-31,NA,NA,40,"WAN122015_summer",13,26
"1706","WAN","WAN13",2015,"WAN132015","summer",2015-07-22,2015-08-31,NA,NA,40,"WAN132015_summer",4,6
"1707","WAN","WAN14",2015,"WAN142015","summer",2015-07-22,2015-08-31,NA,NA,40,"WAN142015_summer",6,8
"1708","WAN","WAN15",2015,"WAN152015","summer",2015-07-22,2015-08-31,2015-08-05,2015-08-18,27,"WAN152015_summer",3,5
"1709","WAN","WAN16",2015,"WAN162015","summer",2015-07-22,2015-08-18,NA,NA,27,"WAN162015_summer",2,3
"1710","FBG","FBG01",2016,"FBG012016","summer",2016-07-13,2016-08-24,NA,NA,42,"FBG012016_summer",41,216
"1711","FBG","FBG02",2016,"FBG022016","summer",2016-07-13,2016-08-24,NA,NA,42,"FBG022016_summer",20,43
"1712","FBG","FBG03",2016,"FBG032016","summer",2016-07-13,2016-08-24,NA,NA,42,"FBG032016_summer",11,26
"1713","FBG","FBG04",2016,"FBG042016","summer",2016-07-13,2016-08-10,NA,NA,28,"FBG042016_summer",16,53
"1714","FBG","FBG05",2016,"FBG052016","summer",2016-07-13,2016-08-24,NA,NA,42,"FBG052016_summer",24,78
"1715","FBG","FBG06",2016,"FBG062016","summer",2016-07-13,2016-08-24,NA,NA,42,"FBG062016_summer",33,146
"1716","FBG","FBG07",2016,"FBG072016","summer",2016-07-13,2016-08-24,NA,NA,42,"FBG072016_summer",23,117
"1717","FBG","FBG08",2016,"FBG082016","summer",2016-07-13,2016-08-24,NA,NA,42,"FBG082016_summer",8,34
"1718","FBG","FBG09",2016,"FBG092016","summer",2016-07-13,2016-08-24,NA,NA,42,"FBG092016_summer",20,57
"1719","FBG","FBG10",2016,"FBG102016","summer",2016-07-13,2016-08-24,NA,NA,42,"FBG102016_summer",30,120
"1720","FBG","FBG11",2016,"FBG112016","summer",2016-07-13,2016-08-24,NA,NA,42,"FBG112016_summer",38,95
"1721","FBG","FBG12",2016,"FBG122016","summer",2016-07-13,2016-08-24,2016-07-27,2016-08-10,28,"FBG122016_summer",11,22
"1722","FBG","FBG13",2016,"FBG132016","summer",2016-07-13,2016-08-24,NA,NA,42,"FBG132016_summer",25,68
"1723","FBG","FBG14",2016,"FBG142016","summer",2016-07-13,2016-08-24,NA,NA,42,"FBG142016_summer",16,42
"1724","FBG","FBG15",2016,"FBG152016","summer",2016-07-13,2016-08-24,NA,NA,42,"FBG152016_summer",16,52
"1725","FBG","FBG16",2016,"FBG162016","summer",2016-07-13,2016-08-24,NA,NA,42,"FBG162016_summer",19,75
"1726","GFH","GFH01",2016,"GFH012016","summer",2016-07-12,2016-08-23,NA,NA,42,"GFH012016_summer",4,5
"1727","GFH","GFH02",2016,"GFH022016","summer",2016-07-12,2016-08-23,NA,NA,42,"GFH022016_summer",3,3
"1728","GFH","GFH03",2016,"GFH032016","summer",2016-07-12,2016-08-23,NA,NA,42,"GFH032016_summer",17,41
"1729","GFH","GFH04",2016,"GFH042016","summer",2016-07-12,2016-08-23,NA,NA,42,"GFH042016_summer",21,44
"1730","GFH","GFH05",2016,"GFH052016","summer",2016-07-12,2016-08-23,NA,NA,42,"GFH052016_summer",16,28
"1731","GFH","GFH06",2016,"GFH062016","summer",2016-07-12,2016-08-23,NA,NA,42,"GFH062016_summer",4,4
"1732","GFH","GFH07",2016,"GFH072016","summer",2016-07-12,2016-08-23,NA,NA,42,"GFH072016_summer",3,5
"1733","GFH","GFH08",2016,"GFH082016","summer",2016-07-12,2016-08-23,NA,NA,42,"GFH082016_summer",12,15
"1734","GFH","GFH09",2016,"GFH092016","summer",2016-07-12,2016-08-23,NA,NA,42,"GFH092016_summer",9,11
"1735","GFH","GFH10",2016,"GFH102016","summer",2016-07-12,2016-08-23,NA,NA,42,"GFH102016_summer",11,12
"1736","GFH","GFH11",2016,"GFH112016","summer",2016-07-12,2016-08-23,NA,NA,42,"GFH112016_summer",12,35
"1737","GFH","GFH12",2016,"GFH122016","summer",2016-07-12,2016-08-23,NA,NA,42,"GFH122016_summer",8,12
"1738","GFH","GFH13",2016,"GFH132016","summer",2016-07-12,2016-08-23,NA,NA,42,"GFH132016_summer",8,8
"1739","GFH","GFH14",2016,"GFH142016","summer",2016-07-12,2016-08-23,NA,NA,42,"GFH142016_summer",11,19
"1740","GFH","GFH15",2016,"GFH152016","summer",2016-07-12,2016-08-23,NA,NA,42,"GFH152016_summer",18,33
"1741","GFH","GFH16",2016,"GFH162016","summer",2016-07-12,2016-08-23,NA,NA,42,"GFH162016_summer",14,19
"1742","HAR","HAR01",2016,"HAR012016","summer",2016-07-11,2016-08-22,NA,NA,42,"HAR012016_summer",15,34
"1743","HAR","HAR02",2016,"HAR022016","summer",2016-07-11,2016-08-22,NA,NA,42,"HAR022016_summer",8,10
"1744","HAR","HAR03",2016,"HAR032016","summer",2016-07-11,2016-08-22,NA,NA,42,"HAR032016_summer",13,26
"1745","HAR","HAR04",2016,"HAR042016","summer",2016-07-11,2016-08-22,NA,NA,42,"HAR042016_summer",7,9
"1746","HAR","HAR05",2016,"HAR052016","summer",2016-07-11,2016-08-22,NA,NA,42,"HAR052016_summer",20,71
"1747","HAR","HAR06",2016,"HAR062016","summer",2016-07-11,2016-08-22,NA,NA,42,"HAR062016_summer",10,27
"1748","HAR","HAR07",2016,"HAR072016","summer",2016-07-11,2016-08-22,NA,NA,42,"HAR072016_summer",7,11
"1749","HAR","HAR08",2016,"HAR082016","summer",2016-07-11,2016-08-22,2016-07-25,2016-08-08,28,"HAR082016_summer",8,11
"1750","HAR","HAR09",2016,"HAR092016","summer",2016-07-11,2016-08-22,NA,NA,42,"HAR092016_summer",11,23
"1751","HAR","HAR10",2016,"HAR102016","summer",2016-07-11,2016-08-22,2016-07-25,2016-08-08,28,"HAR102016_summer",19,72
"1752","HAR","HAR11",2016,"HAR112016","summer",2016-07-11,2016-08-08,NA,NA,28,"HAR112016_summer",4,4
"1753","HAR","HAR12",2016,"HAR122016","summer",2016-07-11,2016-07-25,NA,NA,14,"HAR122016_summer",1,2
"1754","HAR","HAR13",2016,"HAR132016","summer",2016-07-11,2016-08-22,NA,NA,42,"HAR132016_summer",7,12
"1755","HAR","HAR14",2016,"HAR142016","summer",2016-07-11,2016-08-22,2016-07-25,2016-08-08,28,"HAR142016_summer",8,16
"1756","HAR","HAR15",2016,"HAR152016","summer",2016-07-11,2016-08-22,NA,NA,42,"HAR152016_summer",17,36
"1757","HAR","HAR16",2016,"HAR162016","summer",2016-07-11,2016-08-22,NA,NA,42,"HAR162016_summer",18,50
"1758","SIP","SIP01",2016,"SIP012016","summer",2016-07-12,2016-08-23,NA,NA,42,"SIP012016_summer",7,16
"1759","SIP","SIP02",2016,"SIP022016","summer",2016-07-12,2016-08-23,NA,NA,42,"SIP022016_summer",13,29
"1760","SIP","SIP03",2016,"SIP032016","summer",2016-07-12,2016-08-23,NA,NA,42,"SIP032016_summer",10,33
"1761","SIP","SIP05",2016,"SIP052016","summer",2016-07-12,2016-08-23,NA,NA,42,"SIP052016_summer",8,11
"1762","SIP","SIP06",2016,"SIP062016","summer",2016-07-12,2016-08-09,NA,NA,28,"SIP062016_summer",6,15
"1763","SIP","SIP07",2016,"SIP072016","summer",2016-07-12,2016-08-23,NA,NA,42,"SIP072016_summer",8,13
"1764","SIP","SIP08",2016,"SIP082016","summer",2016-07-12,2016-08-23,NA,NA,42,"SIP082016_summer",9,12
"1765","SIP","SIP09",2016,"SIP092016","summer",2016-07-12,2016-08-23,NA,NA,42,"SIP092016_summer",9,23
"1766","SIP","SIP10",2016,"SIP102016","summer",2016-07-12,2016-08-23,2016-07-26,2016-08-09,28,"SIP102016_summer",3,8
"1767","SIP","SIP11",2016,"SIP112016","summer",2016-07-12,2016-08-23,NA,NA,42,"SIP112016_summer",9,18
"1768","SIP","SIP12",2016,"SIP122016","summer",2016-07-12,2016-08-23,NA,NA,42,"SIP122016_summer",11,22
"1769","SIP","SIP13",2016,"SIP132016","summer",2016-07-12,2016-08-23,NA,NA,42,"SIP132016_summer",7,22
"1770","SIP","SIP14",2016,"SIP142016","summer",2016-07-12,2016-08-23,NA,NA,42,"SIP142016_summer",14,31
"1771","SIP","SIP15",2016,"SIP152016","summer",2016-07-12,2016-08-23,NA,NA,42,"SIP152016_summer",12,38
"1772","SIP","SIP16",2016,"SIP162016","summer",2016-07-12,2016-08-23,NA,NA,42,"SIP162016_summer",9,15
"1773","SST","SST01",2016,"SST012016","summer",2016-07-13,2016-08-10,NA,NA,28,"SST012016_summer",15,27
"1774","SST","SST02",2016,"SST022016","summer",2016-07-13,2016-08-10,NA,NA,28,"SST022016_summer",13,23
"1775","SST","SST03",2016,"SST032016","summer",2016-07-13,2016-08-24,NA,NA,42,"SST032016_summer",15,26
"1776","SST","SST04",2016,"SST042016","summer",2016-07-13,2016-08-24,NA,NA,42,"SST042016_summer",19,35
"1777","SST","SST05",2016,"SST052016","summer",2016-07-13,2016-08-24,NA,NA,42,"SST052016_summer",18,34
"1778","SST","SST06",2016,"SST062016","summer",2016-07-13,2016-08-24,NA,NA,42,"SST062016_summer",9,11
"1779","SST","SST07",2016,"SST072016","summer",2016-07-13,2016-08-24,NA,NA,42,"SST072016_summer",8,17
"1780","SST","SST08",2016,"SST082016","summer",2016-07-13,2016-08-24,NA,NA,42,"SST082016_summer",16,24
"1781","SST","SST09",2016,"SST092016","summer",2016-07-13,2016-08-24,NA,NA,42,"SST092016_summer",11,18
"1782","SST","SST10",2016,"SST102016","summer",2016-07-13,2016-08-24,NA,NA,42,"SST102016_summer",23,75
"1783","SST","SST11",2016,"SST112016","summer",2016-07-13,2016-08-24,NA,NA,42,"SST112016_summer",10,16
"1784","SST","SST12",2016,"SST122016","summer",2016-07-13,2016-08-24,NA,NA,42,"SST122016_summer",16,31
"1785","SST","SST13",2016,"SST132016","summer",2016-07-13,2016-08-24,NA,NA,42,"SST132016_summer",16,24
"1786","SST","SST14",2016,"SST142016","summer",2016-07-13,2016-08-24,NA,NA,42,"SST142016_summer",16,35
"1787","SST","SST15",2016,"SST152016","summer",2016-07-13,2016-08-24,NA,NA,42,"SST152016_summer",13,21
"1788","SST","SST16",2016,"SST162016","summer",2016-07-13,2016-08-24,NA,NA,42,"SST162016_summer",32,151
"1789","WAN","WAN01",2016,"WAN012016","summer",2016-07-11,2016-08-22,NA,NA,42,"WAN012016_summer",8,11
"1790","WAN","WAN02",2016,"WAN022016","summer",2016-07-11,2016-08-22,NA,NA,42,"WAN022016_summer",5,10
"1791","WAN","WAN03",2016,"WAN032016","summer",2016-07-11,2016-08-22,NA,NA,42,"WAN032016_summer",7,8
"1792","WAN","WAN04",2016,"WAN042016","summer",2016-07-11,2016-08-22,NA,NA,42,"WAN042016_summer",7,8
"1793","WAN","WAN05",2016,"WAN052016","summer",2016-07-11,2016-08-22,NA,NA,42,"WAN052016_summer",4,4
"1794","WAN","WAN06",2016,"WAN062016","summer",2016-07-11,2016-08-22,NA,NA,42,"WAN062016_summer",11,38
"1795","WAN","WAN07",2016,"WAN072016","summer",2016-07-11,2016-08-22,NA,NA,42,"WAN072016_summer",9,12
"1796","WAN","WAN08",2016,"WAN082016","summer",2016-07-25,2016-08-22,NA,NA,28,"WAN082016_summer",1,1
"1797","WAN","WAN09",2016,"WAN092016","summer",2016-07-11,2016-08-22,NA,NA,42,"WAN092016_summer",11,59
"1798","WAN","WAN10",2016,"WAN102016","summer",2016-07-11,2016-08-22,NA,NA,42,"WAN102016_summer",17,108
"1799","WAN","WAN11",2016,"WAN112016","summer",2016-07-25,2016-08-08,NA,NA,14,"WAN112016_summer",0,0
"1800","WAN","WAN12",2016,"WAN122016","summer",2016-07-11,2016-08-22,NA,NA,42,"WAN122016_summer",7,12
"1801","WAN","WAN13",2016,"WAN132016","summer",2016-07-11,2016-08-22,2016-07-25,2016-08-08,28,"WAN132016_summer",3,3
"1802","WAN","WAN14",2016,"WAN142016","summer",2016-07-11,2016-08-08,NA,NA,28,"WAN142016_summer",4,8
"1803","WAN","WAN15",2016,"WAN152016","summer",2016-07-11,2016-08-22,NA,NA,42,"WAN152016_summer",12,29
"1804","WAN","WAN16",2016,"WAN162016","summer",2016-07-11,2016-08-08,NA,NA,28,"WAN162016_summer",4,7
"1805","FBG","FBG01",2017,"FBG012017","summer",2017-07-26,2017-09-06,NA,NA,42,"FBG012017_summer",21,78
"1806","FBG","FBG02",2017,"FBG022017","summer",2017-07-26,2017-09-06,NA,NA,42,"FBG022017_summer",34,142
"1807","FBG","FBG03",2017,"FBG032017","summer",2017-07-26,2017-09-06,NA,NA,42,"FBG032017_summer",21,69
"1808","FBG","FBG04",2017,"FBG042017","summer",2017-07-26,2017-09-06,NA,NA,42,"FBG042017_summer",22,126
"1809","FBG","FBG05",2017,"FBG052017","summer",2017-07-26,2017-09-06,NA,NA,42,"FBG052017_summer",29,117
"1810","FBG","FBG06",2017,"FBG062017","summer",2017-07-26,2017-09-06,NA,NA,42,"FBG062017_summer",27,139
"1811","FBG","FBG07",2017,"FBG072017","summer",2017-07-26,2017-09-06,NA,NA,42,"FBG072017_summer",30,132
"1812","FBG","FBG08",2017,"FBG082017","summer",2017-07-26,2017-09-06,NA,NA,42,"FBG082017_summer",28,169
"1813","FBG","FBG09",2017,"FBG092017","summer",2017-07-26,2017-09-06,NA,NA,42,"FBG092017_summer",14,46
"1814","FBG","FBG10",2017,"FBG102017","summer",2017-07-26,2017-09-06,NA,NA,42,"FBG102017_summer",41,491
"1815","FBG","FBG11",2017,"FBG112017","summer",2017-07-26,2017-08-09,NA,NA,14,"FBG112017_summer",12,25
"1816","FBG","FBG12",2017,"FBG122017","summer",2017-07-26,2017-09-06,NA,NA,42,"FBG122017_summer",17,54
"1817","FBG","FBG13",2017,"FBG132017","summer",2017-07-26,2017-09-06,NA,NA,42,"FBG132017_summer",24,173
"1818","FBG","FBG14",2017,"FBG142017","summer",2017-07-26,2017-09-06,NA,NA,42,"FBG142017_summer",15,37
"1819","FBG","FBG15",2017,"FBG152017","summer",2017-07-26,2017-09-06,NA,NA,42,"FBG152017_summer",23,53
"1820","FBG","FBG16",2017,"FBG162017","summer",2017-07-26,2017-09-06,NA,NA,42,"FBG162017_summer",24,70
"1821","GFH","GFH01",2017,"GFH012017","summer",2017-08-22,2017-09-05,NA,NA,14,"GFH012017_summer",3,4
"1822","GFH","GFH02",2017,"GFH022017","summer",2017-07-25,2017-09-05,NA,NA,42,"GFH022017_summer",3,4
"1823","GFH","GFH03",2017,"GFH032017","summer",2017-07-25,2017-09-05,NA,NA,42,"GFH032017_summer",10,15
"1824","GFH","GFH04",2017,"GFH042017","summer",2017-07-25,2017-09-05,NA,NA,42,"GFH042017_summer",15,24
"1825","GFH","GFH05",2017,"GFH052017","summer",2017-07-25,2017-09-05,NA,NA,42,"GFH052017_summer",12,28
"1826","GFH","GFH06",2017,"GFH062017","summer",2017-08-08,2017-09-05,NA,NA,28,"GFH062017_summer",4,10
"1827","GFH","GFH07",2017,"GFH072017","summer",2017-08-08,2017-09-05,NA,NA,28,"GFH072017_summer",2,2
"1828","GFH","GFH08",2017,"GFH082017","summer",2017-07-25,2017-09-05,NA,NA,42,"GFH082017_summer",6,7
"1829","GFH","GFH09",2017,"GFH092017","summer",2017-07-25,2017-09-05,NA,NA,42,"GFH092017_summer",9,9
"1830","GFH","GFH10",2017,"GFH102017","summer",2017-07-25,2017-09-05,2017-08-08,2017-08-22,28,"GFH102017_summer",4,4
"1831","GFH","GFH11",2017,"GFH112017","summer",2017-07-25,2017-09-05,NA,NA,42,"GFH112017_summer",7,12
"1832","GFH","GFH12",2017,"GFH122017","summer",2017-07-25,2017-09-05,2017-08-08,2017-08-22,28,"GFH122017_summer",12,21
"1833","GFH","GFH13",2017,"GFH132017","summer",2017-07-25,2017-09-05,NA,NA,42,"GFH132017_summer",16,18
"1834","GFH","GFH14",2017,"GFH142017","summer",2017-07-25,2017-09-05,NA,NA,42,"GFH142017_summer",9,24
"1835","GFH","GFH15",2017,"GFH152017","summer",2017-07-25,2017-09-05,2017-08-08,2017-08-22,28,"GFH152017_summer",8,13
"1836","GFH","GFH16",2017,"GFH162017","summer",2017-08-08,2017-09-05,NA,NA,28,"GFH162017_summer",12,22
"1837","HAR","HAR01",2017,"HAR012017","summer",2017-07-24,2017-09-04,NA,NA,42,"HAR012017_summer",12,30
"1838","HAR","HAR02",2017,"HAR022017","summer",2017-07-24,2017-09-04,NA,NA,42,"HAR022017_summer",9,11
"1839","HAR","HAR03",2017,"HAR032017","summer",2017-07-24,2017-09-04,NA,NA,42,"HAR032017_summer",7,9
"1840","HAR","HAR04",2017,"HAR042017","summer",2017-07-24,2017-08-21,NA,NA,28,"HAR042017_summer",3,4
"1841","HAR","HAR05",2017,"HAR052017","summer",2017-07-24,2017-09-04,NA,NA,42,"HAR052017_summer",12,21
"1842","HAR","HAR06",2017,"HAR062017","summer",2017-07-24,2017-09-04,NA,NA,42,"HAR062017_summer",7,12
"1843","HAR","HAR07",2017,"HAR072017","summer",2017-07-24,2017-09-04,NA,NA,42,"HAR072017_summer",2,2
"1844","HAR","HAR08",2017,"HAR082017","summer",2017-07-24,2017-09-04,NA,NA,42,"HAR082017_summer",12,32
"1845","HAR","HAR09",2017,"HAR092017","summer",2017-08-07,2017-09-04,NA,NA,28,"HAR092017_summer",10,18
"1846","HAR","HAR10",2017,"HAR102017","summer",2017-07-24,2017-09-04,NA,NA,42,"HAR102017_summer",14,24
"1847","HAR","HAR11",2017,"HAR112017","summer",2017-08-07,2017-09-04,NA,NA,28,"HAR112017_summer",9,21
"1848","HAR","HAR12",2017,"HAR122017","summer",2017-08-07,2017-09-04,NA,NA,28,"HAR122017_summer",1,1
"1849","HAR","HAR13",2017,"HAR132017","summer",2017-07-24,2017-09-04,NA,NA,42,"HAR132017_summer",10,11
"1850","HAR","HAR14",2017,"HAR142017","summer",2017-07-24,2017-09-04,NA,NA,42,"HAR142017_summer",5,7
"1851","HAR","HAR15",2017,"HAR152017","summer",2017-07-24,2017-09-04,NA,NA,42,"HAR152017_summer",15,42
"1852","HAR","HAR16",2017,"HAR162017","summer",2017-07-24,2017-09-04,NA,NA,42,"HAR162017_summer",13,39
"1853","SIP","SIP01",2017,"SIP012017","summer",2017-07-25,2017-09-05,2017-08-08,2017-08-22,28,"SIP012017_summer",7,8
"1854","SIP","SIP02",2017,"SIP022017","summer",2017-07-25,2017-09-05,NA,NA,42,"SIP022017_summer",12,61
"1855","SIP","SIP03",2017,"SIP032017","summer",2017-07-25,2017-08-22,NA,NA,28,"SIP032017_summer",10,18
"1856","SIP","SIP05",2017,"SIP052017","summer",2017-08-08,2017-08-22,NA,NA,14,"SIP052017_summer",1,1
"1857","SIP","SIP06",2017,"SIP062017","summer",2017-07-25,2017-09-05,NA,NA,42,"SIP062017_summer",6,9
"1858","SIP","SIP07",2017,"SIP072017","summer",2017-07-25,2017-09-05,NA,NA,42,"SIP072017_summer",9,16
"1859","SIP","SIP08",2017,"SIP082017","summer",2017-07-25,2017-09-05,NA,NA,42,"SIP082017_summer",7,24
"1860","SIP","SIP09",2017,"SIP092017","summer",2017-07-25,2017-09-05,NA,NA,42,"SIP092017_summer",4,9
"1861","SIP","SIP10",2017,"SIP102017","summer",2017-07-25,2017-09-05,NA,NA,42,"SIP102017_summer",8,14
"1862","SIP","SIP11",2017,"SIP112017","summer",2017-07-25,2017-09-05,NA,NA,42,"SIP112017_summer",13,34
"1863","SIP","SIP12",2017,"SIP122017","summer",2017-07-25,2017-09-05,NA,NA,42,"SIP122017_summer",4,4
"1864","SIP","SIP13",2017,"SIP132017","summer",2017-07-25,2017-09-05,NA,NA,42,"SIP132017_summer",2,7
"1865","SIP","SIP14",2017,"SIP142017","summer",2017-08-08,2017-09-05,NA,NA,28,"SIP142017_summer",7,13
"1866","SIP","SIP15",2017,"SIP152017","summer",2017-07-25,2017-09-05,NA,NA,42,"SIP152017_summer",12,30
"1867","SIP","SIP16",2017,"SIP162017","summer",2017-07-25,2017-08-22,NA,NA,28,"SIP162017_summer",8,16
"1868","SST","SST01",2017,"SST012017","summer",2017-07-26,2017-09-06,NA,NA,42,"SST012017_summer",11,30
"1869","SST","SST02",2017,"SST022017","summer",2017-07-26,2017-09-06,NA,NA,42,"SST022017_summer",13,29
"1870","SST","SST03",2017,"SST032017","summer",2017-07-26,2017-09-06,NA,NA,42,"SST032017_summer",19,35
"1871","SST","SST04",2017,"SST042017","summer",2017-07-26,2017-09-06,NA,NA,42,"SST042017_summer",19,41
"1872","SST","SST05",2017,"SST052017","summer",2017-07-26,2017-08-23,NA,NA,28,"SST052017_summer",8,21
"1873","SST","SST06",2017,"SST062017","summer",2017-07-26,2017-09-06,NA,NA,42,"SST062017_summer",16,42
"1874","SST","SST07",2017,"SST072017","summer",2017-07-26,2017-09-06,NA,NA,42,"SST072017_summer",11,19
"1875","SST","SST08",2017,"SST082017","summer",2017-07-26,2017-09-06,NA,NA,42,"SST082017_summer",16,27
"1876","SST","SST09",2017,"SST092017","summer",2017-07-26,2017-09-06,NA,NA,42,"SST092017_summer",26,101
"1877","SST","SST10",2017,"SST102017","summer",2017-07-26,2017-09-06,NA,NA,42,"SST102017_summer",8,29
"1878","SST","SST11",2017,"SST112017","summer",2017-07-26,2017-08-09,NA,NA,14,"SST112017_summer",1,1
"1879","SST","SST12",2017,"SST122017","summer",2017-07-26,2017-08-23,NA,NA,28,"SST122017_summer",15,22
"1880","SST","SST13",2017,"SST132017","summer",2017-08-09,2017-09-06,NA,NA,28,"SST132017_summer",11,20
"1881","SST","SST14",2017,"SST142017","summer",2017-08-09,2017-09-06,NA,NA,28,"SST142017_summer",14,30
"1882","SST","SST15",2017,"SST152017","summer",2017-07-26,2017-09-06,NA,NA,42,"SST152017_summer",8,15
"1883","SST","SST16",2017,"SST162017","summer",2017-07-26,2017-09-06,NA,NA,42,"SST162017_summer",19,40
"1884","WAN","WAN01",2017,"WAN012017","summer",2017-07-24,2017-09-04,NA,NA,42,"WAN012017_summer",10,19
"1885","WAN","WAN02",2017,"WAN022017","summer",2017-07-24,2017-09-04,NA,NA,42,"WAN022017_summer",11,20
"1886","WAN","WAN03",2017,"WAN032017","summer",2017-07-24,2017-09-04,NA,NA,42,"WAN032017_summer",3,3
"1887","WAN","WAN04",2017,"WAN042017","summer",2017-07-24,2017-09-04,NA,NA,42,"WAN042017_summer",10,13
"1888","WAN","WAN05",2017,"WAN052017","summer",2017-07-24,2017-09-04,NA,NA,42,"WAN052017_summer",2,3
"1889","WAN","WAN06",2017,"WAN062017","summer",2017-07-24,2017-09-04,NA,NA,42,"WAN062017_summer",9,10
"1890","WAN","WAN07",2017,"WAN072017","summer",2017-07-24,2017-09-04,NA,NA,42,"WAN072017_summer",4,6
"1891","WAN","WAN08",2017,"WAN082017","summer",2017-07-24,2017-09-04,NA,NA,42,"WAN082017_summer",4,7
"1892","WAN","WAN09",2017,"WAN092017","summer",2017-07-24,2017-09-04,NA,NA,42,"WAN092017_summer",11,21
"1893","WAN","WAN10",2017,"WAN102017","summer",2017-07-24,2017-09-04,NA,NA,42,"WAN102017_summer",19,65
"1894","WAN","WAN11",2017,"WAN112017","summer",2017-08-07,2017-08-21,NA,NA,14,"WAN112017_summer",1,1
"1895","WAN","WAN12",2017,"WAN122017","summer",2017-07-24,2017-09-04,NA,NA,42,"WAN122017_summer",18,59
"1896","WAN","WAN13",2017,"WAN132017","summer",2017-07-24,2017-09-04,NA,NA,42,"WAN132017_summer",2,2
"1897","WAN","WAN14",2017,"WAN142017","summer",2017-07-24,2017-09-04,NA,NA,42,"WAN142017_summer",13,17
"1898","WAN","WAN15",2017,"WAN152017","summer",2017-07-24,2017-09-04,NA,NA,42,"WAN152017_summer",5,8
"1899","WAN","WAN16",2017,"WAN162017","summer",2017-07-24,2017-09-04,NA,NA,42,"WAN162017_summer",8,28
"1900","FBG","FBG01",2018,"FBG012018","summer",2018-08-01,2018-09-12,NA,NA,42,"FBG012018_summer",16,41
"1901","FBG","FBG02",2018,"FBG022018","summer",2018-08-01,2018-09-12,2018-08-15,2018-08-29,28,"FBG022018_summer",22,137
"1902","FBG","FBG03",2018,"FBG032018","summer",2018-08-01,2018-09-12,NA,NA,42,"FBG032018_summer",6,15
"1903","FBG","FBG04",2018,"FBG042018","summer",2018-08-01,2018-09-12,NA,NA,42,"FBG042018_summer",7,34
"1904","FBG","FBG05",2018,"FBG052018","summer",2018-08-01,2018-09-12,NA,NA,42,"FBG052018_summer",16,41
"1905","FBG","FBG06",2018,"FBG062018","summer",2018-08-01,2018-09-12,NA,NA,42,"FBG062018_summer",14,54
"1906","FBG","FBG07",2018,"FBG072018","summer",2018-08-01,2018-09-12,NA,NA,42,"FBG072018_summer",16,244
"1907","FBG","FBG08",2018,"FBG082018","summer",2018-08-01,2018-09-12,NA,NA,42,"FBG082018_summer",7,216
"1908","FBG","FBG09",2018,"FBG092018","summer",2018-08-01,2018-09-12,NA,NA,42,"FBG092018_summer",7,11
"1909","FBG","FBG10",2018,"FBG102018","summer",2018-08-01,2018-09-12,NA,NA,42,"FBG102018_summer",20,147
"1910","FBG","FBG11",2018,"FBG112018","summer",2018-08-01,2018-09-12,NA,NA,42,"FBG112018_summer",6,32
"1911","FBG","FBG12",2018,"FBG122018","summer",2018-08-01,2018-09-12,NA,NA,42,"FBG122018_summer",8,14
"1912","FBG","FBG13",2018,"FBG132018","summer",2018-08-01,2018-09-12,NA,NA,42,"FBG132018_summer",10,105
"1913","FBG","FBG14",2018,"FBG142018","summer",2018-08-01,2018-09-12,NA,NA,42,"FBG142018_summer",11,68
"1914","FBG","FBG15",2018,"FBG152018","summer",2018-08-15,2018-09-12,NA,NA,28,"FBG152018_summer",7,22
"1915","FBG","FBG16",2018,"FBG162018","summer",2018-08-01,2018-09-12,NA,NA,42,"FBG162018_summer",13,116
"1916","GFH","GFH01",2018,"GFH012018","summer",2018-08-02,2018-09-13,2018-09-13,2018-08-02,29,"GFH012018_summer",3,3
"1917","GFH","GFH02",2018,"GFH022018","summer",2018-08-02,2018-08-30,NA,NA,28,"GFH022018_summer",3,3
"1918","GFH","GFH04",2018,"GFH042018","summer",2018-08-02,2018-09-13,NA,NA,42,"GFH042018_summer",12,16
"1919","GFH","GFH05",2018,"GFH052018","summer",2018-08-02,2018-09-13,2018-08-17,2018-08-30,29,"GFH052018_summer",8,8
"1920","GFH","GFH06",2018,"GFH062018","summer",2018-08-02,2018-09-13,NA,NA,42,"GFH062018_summer",8,10
"1921","GFH","GFH07",2018,"GFH072018","summer",2018-08-02,2018-09-13,NA,NA,42,"GFH072018_summer",6,8
"1922","GFH","GFH08",2018,"GFH082018","summer",2018-08-02,2018-09-13,NA,NA,42,"GFH082018_summer",5,8
"1923","GFH","GFH09",2018,"GFH092018","summer",2018-08-02,2018-09-13,NA,NA,42,"GFH092018_summer",6,11
"1924","GFH","GFH10",2018,"GFH102018","summer",2018-08-02,2018-09-13,NA,NA,42,"GFH102018_summer",4,4
"1925","GFH","GFH11",2018,"GFH112018","summer",2018-08-02,2018-09-13,NA,NA,42,"GFH112018_summer",9,20
"1926","GFH","GFH12",2018,"GFH122018","summer",2018-08-02,2018-09-13,NA,NA,42,"GFH122018_summer",6,7
"1927","GFH","GFH13",2018,"GFH132018","summer",2018-08-02,2018-09-13,NA,NA,42,"GFH132018_summer",6,8
"1928","GFH","GFH14",2018,"GFH142018","summer",2018-08-02,2018-09-13,NA,NA,42,"GFH142018_summer",20,31
"1929","GFH","GFH15",2018,"GFH152018","summer",2018-08-02,2018-08-30,NA,NA,28,"GFH152018_summer",9,12
"1930","GFH","GFH16",2018,"GFH162018","summer",2018-08-02,2018-09-13,NA,NA,42,"GFH162018_summer",9,13
"1931","HAR","HAR01",2018,"HAR012018","summer",2018-07-30,2018-09-10,NA,NA,42,"HAR012018_summer",25,61
"1932","HAR","HAR02",2018,"HAR022018","summer",2018-07-30,2018-09-10,NA,NA,42,"HAR022018_summer",16,76
"1933","HAR","HAR03",2018,"HAR032018","summer",2018-07-30,2018-09-10,NA,NA,42,"HAR032018_summer",19,44
"1934","HAR","HAR04",2018,"HAR042018","summer",2018-07-30,2018-09-10,NA,NA,42,"HAR042018_summer",10,18
"1935","HAR","HAR05",2018,"HAR052018","summer",2018-07-30,2018-09-10,NA,NA,42,"HAR052018_summer",19,39
"1936","HAR","HAR06",2018,"HAR062018","summer",2018-07-30,2018-09-10,NA,NA,42,"HAR062018_summer",26,155
"1937","HAR","HAR07",2018,"HAR072018","summer",2018-07-30,2018-09-10,NA,NA,42,"HAR072018_summer",8,23
"1938","HAR","HAR08",2018,"HAR082018","summer",2018-07-30,2018-09-10,NA,NA,42,"HAR082018_summer",4,6
"1939","HAR","HAR09",2018,"HAR092018","summer",2018-07-30,2018-09-10,NA,NA,42,"HAR092018_summer",29,170
"1940","HAR","HAR10",2018,"HAR102018","summer",2018-07-30,2018-09-10,2018-09-10,2018-07-30,28,"HAR102018_summer",19,80
"1941","HAR","HAR11",2018,"HAR112018","summer",2018-07-30,2018-09-10,NA,NA,42,"HAR112018_summer",24,93
"1942","HAR","HAR12",2018,"HAR122018","summer",2018-07-30,2018-09-10,NA,NA,42,"HAR122018_summer",9,12
"1943","HAR","HAR13",2018,"HAR132018","summer",2018-07-30,2018-09-10,NA,NA,42,"HAR132018_summer",25,94
"1944","HAR","HAR14",2018,"HAR142018","summer",2018-07-30,2018-09-10,2018-09-10,2018-07-30,28,"HAR142018_summer",20,111
"1945","HAR","HAR15",2018,"HAR152018","summer",2018-07-30,2018-09-10,NA,NA,42,"HAR152018_summer",20,200
"1946","HAR","HAR16",2018,"HAR162018","summer",2018-08-13,2018-09-10,NA,NA,28,"HAR162018_summer",21,68
"1947","SIP","SIP01",2018,"SIP012018","summer",2018-08-02,2018-08-30,NA,NA,28,"SIP012018_summer",10,22
"1948","SIP","SIP02",2018,"SIP022018","summer",2018-08-02,2018-09-13,NA,NA,42,"SIP022018_summer",7,12
"1949","SIP","SIP03",2018,"SIP032018","summer",2018-08-02,2018-08-30,NA,NA,28,"SIP032018_summer",7,9
"1950","SIP","SIP05",2018,"SIP052018","summer",2018-08-02,2018-08-30,NA,NA,28,"SIP052018_summer",3,3
"1951","SIP","SIP06",2018,"SIP062018","summer",2018-08-02,2018-09-13,NA,NA,42,"SIP062018_summer",4,6
"1952","SIP","SIP07",2018,"SIP072018","summer",2018-08-02,2018-09-13,NA,NA,42,"SIP072018_summer",2,4
"1953","SIP","SIP08",2018,"SIP082018","summer",2018-08-02,2018-09-13,NA,NA,42,"SIP082018_summer",9,15
"1954","SIP","SIP09",2018,"SIP092018","summer",2018-08-02,2018-08-30,NA,NA,28,"SIP092018_summer",5,10
"1955","SIP","SIP10",2018,"SIP102018","summer",2018-08-02,2018-09-13,NA,NA,42,"SIP102018_summer",5,6
"1956","SIP","SIP11",2018,"SIP112018","summer",2018-08-02,2018-09-13,NA,NA,42,"SIP112018_summer",8,10
"1957","SIP","SIP12",2018,"SIP122018","summer",2018-08-02,2018-09-13,NA,NA,42,"SIP122018_summer",7,11
"1958","SIP","SIP13",2018,"SIP132018","summer",2018-08-02,2018-08-30,NA,NA,28,"SIP132018_summer",5,6
"1959","SIP","SIP14",2018,"SIP142018","summer",2018-08-02,2018-09-13,NA,NA,42,"SIP142018_summer",13,54
"1960","SIP","SIP15",2018,"SIP152018","summer",2018-08-02,2018-09-13,NA,NA,42,"SIP152018_summer",8,13
"1961","SIP","SIP16",2018,"SIP162018","summer",2018-08-02,2018-09-13,NA,NA,42,"SIP162018_summer",7,27
"1962","SST","SST01",2018,"SST012018","summer",2018-08-01,2018-09-12,NA,NA,42,"SST012018_summer",9,12
"1963","SST","SST02",2018,"SST022018","summer",2018-08-01,2018-09-12,2018-08-15,2018-08-29,28,"SST022018_summer",3,5
"1964","SST","SST03",2018,"SST032018","summer",2018-08-01,2018-09-12,NA,NA,42,"SST032018_summer",13,20
"1965","SST","SST04",2018,"SST042018","summer",2018-08-01,2018-09-12,NA,NA,42,"SST042018_summer",12,21
"1966","SST","SST05",2018,"SST052018","summer",2018-08-01,2018-09-12,NA,NA,42,"SST052018_summer",11,23
"1967","SST","SST06",2018,"SST062018","summer",2018-08-01,2018-09-12,NA,NA,42,"SST062018_summer",8,13
"1968","SST","SST07",2018,"SST072018","summer",2018-08-01,2018-08-15,NA,NA,14,"SST072018_summer",4,5
"1969","SST","SST08",2018,"SST082018","summer",2018-08-01,2018-09-12,NA,NA,42,"SST082018_summer",3,4
"1970","SST","SST09",2018,"SST092018","summer",2018-08-01,2018-09-12,NA,NA,42,"SST092018_summer",11,31
"1971","SST","SST10",2018,"SST102018","summer",2018-08-01,2018-09-12,NA,NA,42,"SST102018_summer",10,18
"1972","SST","SST11",2018,"SST112018","summer",2018-08-15,2018-08-29,NA,NA,14,"SST112018_summer",0,0
"1973","SST","SST12",2018,"SST122018","summer",2018-08-01,2018-09-12,NA,NA,42,"SST122018_summer",12,17
"1974","SST","SST13",2018,"SST132018","summer",2018-08-01,2018-09-12,NA,NA,42,"SST132018_summer",15,44
"1975","SST","SST14",2018,"SST142018","summer",2018-08-01,2018-09-12,NA,NA,42,"SST142018_summer",6,8
"1976","SST","SST15",2018,"SST152018","summer",2018-08-01,2018-09-12,NA,NA,42,"SST152018_summer",8,13
"1977","SST","SST16",2018,"SST162018","summer",2018-08-01,2018-09-12,NA,NA,42,"SST162018_summer",8,11
"1978","WAN","WAN01",2018,"WAN012018","summer",2018-08-13,2018-09-10,NA,NA,28,"WAN012018_summer",8,17
"1979","WAN","WAN02",2018,"WAN022018","summer",2018-07-30,2018-09-10,NA,NA,42,"WAN022018_summer",10,13
"1980","WAN","WAN03",2018,"WAN032018","summer",2018-08-13,2018-09-10,NA,NA,28,"WAN032018_summer",5,6
"1981","WAN","WAN04",2018,"WAN042018","summer",2018-07-30,2018-09-10,NA,NA,42,"WAN042018_summer",12,18
"1982","WAN","WAN05",2018,"WAN052018","summer",2018-07-30,2018-09-10,NA,NA,42,"WAN052018_summer",3,4
"1983","WAN","WAN06",2018,"WAN062018","summer",2018-07-30,2018-09-10,NA,NA,42,"WAN062018_summer",15,28
"1984","WAN","WAN07",2018,"WAN072018","summer",2018-07-30,2018-09-10,NA,NA,42,"WAN072018_summer",8,8
"1985","WAN","WAN08",2018,"WAN082018","summer",2018-07-30,2018-09-10,NA,NA,42,"WAN082018_summer",6,11
"1986","WAN","WAN09",2018,"WAN092018","summer",2018-07-30,2018-09-10,NA,NA,42,"WAN092018_summer",8,22
"1987","WAN","WAN10",2018,"WAN102018","summer",2018-07-30,2018-09-10,NA,NA,42,"WAN102018_summer",14,37
"1988","WAN","WAN11",2018,"WAN112018","summer",2018-08-13,2018-08-27,NA,NA,14,"WAN112018_summer",1,1
"1989","WAN","WAN12",2018,"WAN122018","summer",2018-08-13,2018-09-10,NA,NA,28,"WAN122018_summer",8,15
"1990","WAN","WAN13",2018,"WAN132018","summer",2018-08-13,2018-09-10,NA,NA,28,"WAN132018_summer",0,0
"1991","WAN","WAN14",2018,"WAN142018","summer",2018-07-30,2018-09-10,NA,NA,42,"WAN142018_summer",5,16
"1992","WAN","WAN15",2018,"WAN152018","summer",2018-07-30,2018-09-10,NA,NA,42,"WAN152018_summer",6,10
"1993","WAN","WAN16",2018,"WAN162018","summer",2018-07-30,2018-09-10,2018-08-13,2018-08-27,28,"WAN162018_summer",25,75
"1994","FBG","FBG01",2019,"FBG012019","summer",2019-07-22,2019-09-02,NA,NA,42,"FBG012019_summer",34,223
"1995","FBG","FBG02",2019,"FBG022019","summer",2019-07-22,2019-09-02,NA,NA,42,"FBG022019_summer",21,77
"1996","FBG","FBG03",2019,"FBG032019","summer",2019-07-22,2019-09-02,NA,NA,42,"FBG032019_summer",9,13
"1997","FBG","FBG04",2019,"FBG042019","summer",2019-07-22,2019-09-02,NA,NA,42,"FBG042019_summer",12,19
"1998","FBG","FBG05",2019,"FBG052019","summer",2019-07-22,2019-09-02,NA,NA,42,"FBG052019_summer",22,59
"1999","FBG","FBG06",2019,"FBG062019","summer",2019-07-22,2019-09-02,2019-08-05,2019-08-19,28,"FBG062019_summer",13,36
"2000","FBG","FBG07",2019,"FBG072019","summer",2019-07-22,2019-09-02,NA,NA,42,"FBG072019_summer",22,115
"2001","FBG","FBG08",2019,"FBG082019","summer",2019-07-22,2019-09-02,NA,NA,42,"FBG082019_summer",14,93
"2002","FBG","FBG09",2019,"FBG092019","summer",2019-07-22,2019-09-02,NA,NA,42,"FBG092019_summer",19,48
"2003","FBG","FBG10",2019,"FBG102019","summer",2019-07-22,2019-09-02,NA,NA,42,"FBG102019_summer",15,44
"2004","FBG","FBG11",2019,"FBG112019","summer",2019-07-22,2019-09-02,NA,NA,42,"FBG112019_summer",8,15
"2005","FBG","FBG12",2019,"FBG122019","summer",2019-07-22,2019-09-02,2019-08-05,2019-08-19,28,"FBG122019_summer",8,12
"2006","FBG","FBG13",2019,"FBG132019","summer",2019-07-22,2019-09-02,NA,NA,42,"FBG132019_summer",19,136
"2007","FBG","FBG14",2019,"FBG142019","summer",2019-07-22,2019-09-02,NA,NA,42,"FBG142019_summer",21,108
"2008","FBG","FBG15",2019,"FBG152019","summer",2019-07-22,2019-09-02,NA,NA,42,"FBG152019_summer",21,58
"2009","FBG","FBG16",2019,"FBG162019","summer",2019-07-22,2019-09-02,NA,NA,42,"FBG162019_summer",12,17
"2010","GFH","GFH01",2019,"GFH012019","summer",2019-07-23,2019-08-20,NA,NA,28,"GFH012019_summer",7,7
"2011","GFH","GFH02",2019,"GFH022019","summer",2019-07-23,2019-09-04,NA,NA,43,"GFH022019_summer",7,9
"2012","GFH","GFH03",2019,"GFH032019","summer",2019-07-23,2019-09-04,NA,NA,43,"GFH032019_summer",28,49
"2013","GFH","GFH04",2019,"GFH042019","summer",2019-07-23,2019-09-04,2019-08-06,2019-08-20,29,"GFH042019_summer",12,33
"2014","GFH","GFH05",2019,"GFH052019","summer",2019-07-23,2019-09-04,NA,NA,43,"GFH052019_summer",14,24
"2015","GFH","GFH06",2019,"GFH062019","summer",2019-07-23,2019-09-04,2019-08-06,2019-08-20,29,"GFH062019_summer",9,19
"2016","GFH","GFH07",2019,"GFH072019","summer",2019-07-23,2019-09-04,2019-08-06,2019-08-20,29,"GFH072019_summer",5,5
"2017","GFH","GFH08",2019,"GFH082019","summer",2019-07-23,2019-09-04,NA,NA,43,"GFH082019_summer",9,13
"2018","GFH","GFH09",2019,"GFH092019","summer",2019-07-23,2019-09-04,NA,NA,43,"GFH092019_summer",8,9
"2019","GFH","GFH10",2019,"GFH102019","summer",2019-07-23,2019-09-04,NA,NA,43,"GFH102019_summer",13,22
"2020","GFH","GFH11",2019,"GFH112019","summer",2019-07-23,2019-09-04,NA,NA,43,"GFH112019_summer",34,282
"2021","GFH","GFH12",2019,"GFH122019","summer",2019-07-23,2019-09-04,NA,NA,43,"GFH122019_summer",9,14
"2022","GFH","GFH13",2019,"GFH132019","summer",2019-07-23,2019-09-04,NA,NA,43,"GFH132019_summer",19,31
"2023","GFH","GFH14",2019,"GFH142019","summer",2019-07-23,2019-09-04,NA,NA,43,"GFH142019_summer",22,41
"2024","GFH","GFH15",2019,"GFH152019","summer",2019-07-23,2019-09-04,NA,NA,43,"GFH152019_summer",29,132
"2025","GFH","GFH16",2019,"GFH162019","summer",2019-07-23,2019-09-04,NA,NA,43,"GFH162019_summer",25,70
"2026","HAR","HAR01",2019,"HAR012019","summer",2019-07-24,2019-09-05,NA,NA,43,"HAR012019_summer",20,48
"2027","HAR","HAR02",2019,"HAR022019","summer",2019-07-24,2019-09-05,NA,NA,43,"HAR022019_summer",16,41
"2028","HAR","HAR03",2019,"HAR032019","summer",2019-07-24,2019-08-21,NA,NA,28,"HAR032019_summer",10,16
"2029","HAR","HAR04",2019,"HAR042019","summer",2019-07-24,2019-09-05,NA,NA,43,"HAR042019_summer",6,9
"2030","HAR","HAR05",2019,"HAR052019","summer",2019-07-24,2019-09-05,NA,NA,43,"HAR052019_summer",25,82
"2031","HAR","HAR06",2019,"HAR062019","summer",2019-07-24,2019-09-05,NA,NA,43,"HAR062019_summer",18,31
"2032","HAR","HAR07",2019,"HAR072019","summer",2019-07-24,2019-08-21,NA,NA,28,"HAR072019_summer",10,14
"2033","HAR","HAR08",2019,"HAR082019","summer",2019-07-24,2019-09-05,2019-08-07,2019-08-21,29,"HAR082019_summer",9,11
"2034","HAR","HAR09",2019,"HAR092019","summer",2019-07-24,2019-09-05,NA,NA,43,"HAR092019_summer",25,62
"2035","HAR","HAR10",2019,"HAR102019","summer",2019-07-24,2019-09-05,NA,NA,43,"HAR102019_summer",26,85
"2036","HAR","HAR11",2019,"HAR112019","summer",2019-07-24,2019-09-05,NA,NA,43,"HAR112019_summer",16,20
"2037","HAR","HAR12",2019,"HAR122019","summer",2019-07-24,2019-09-05,2019-08-07,2019-08-21,29,"HAR122019_summer",7,11
"2038","HAR","HAR13",2019,"HAR132019","summer",2019-07-24,2019-09-05,NA,NA,43,"HAR132019_summer",28,67
"2039","HAR","HAR14",2019,"HAR142019","summer",2019-07-24,2019-09-05,NA,NA,43,"HAR142019_summer",23,50
"2040","HAR","HAR15",2019,"HAR152019","summer",2019-07-24,2019-09-05,NA,NA,43,"HAR152019_summer",30,210
"2041","HAR","HAR16",2019,"HAR162019","summer",2019-07-24,2019-09-05,NA,NA,43,"HAR162019_summer",20,47
"2042","SIP","SIP01",2019,"SIP012019","summer",2019-07-23,2019-09-04,NA,NA,43,"SIP012019_summer",9,11
"2043","SIP","SIP02",2019,"SIP022019","summer",2019-07-23,2019-09-04,NA,NA,43,"SIP022019_summer",14,39
"2044","SIP","SIP03",2019,"SIP032019","summer",2019-07-23,2019-09-04,2019-08-06,2019-08-20,29,"SIP032019_summer",13,27
"2045","SIP","SIP05",2019,"SIP052019","summer",2019-07-23,2019-09-04,NA,NA,43,"SIP052019_summer",4,5
"2046","SIP","SIP06",2019,"SIP062019","summer",2019-07-23,2019-09-04,NA,NA,43,"SIP062019_summer",7,7
"2047","SIP","SIP07",2019,"SIP072019","summer",2019-07-23,2019-09-04,NA,NA,43,"SIP072019_summer",4,5
"2048","SIP","SIP08",2019,"SIP082019","summer",2019-07-23,2019-09-04,NA,NA,43,"SIP082019_summer",7,12
"2049","SIP","SIP09",2019,"SIP092019","summer",2019-07-23,2019-09-04,NA,NA,43,"SIP092019_summer",16,25
"2050","SIP","SIP10",2019,"SIP102019","summer",2019-07-23,2019-09-04,NA,NA,43,"SIP102019_summer",2,2
"2051","SIP","SIP11",2019,"SIP112019","summer",2019-07-23,2019-09-04,NA,NA,43,"SIP112019_summer",4,6
"2052","SIP","SIP12",2019,"SIP122019","summer",2019-07-23,2019-09-04,NA,NA,43,"SIP122019_summer",8,8
"2053","SIP","SIP13",2019,"SIP132019","summer",2019-07-23,2019-09-04,NA,NA,43,"SIP132019_summer",13,24
"2054","SIP","SIP14",2019,"SIP142019","summer",2019-07-23,2019-09-04,NA,NA,43,"SIP142019_summer",13,21
"2055","SIP","SIP15",2019,"SIP152019","summer",2019-08-06,2019-09-04,NA,NA,29,"SIP152019_summer",2,3
"2056","SIP","SIP16",2019,"SIP162019","summer",2019-07-23,2019-09-04,NA,NA,43,"SIP162019_summer",10,16
"2057","SST","SST01",2019,"SST012019","summer",2019-07-22,2019-09-03,NA,NA,43,"SST012019_summer",12,16
"2058","SST","SST02",2019,"SST022019","summer",2019-07-22,2019-09-03,NA,NA,43,"SST022019_summer",15,18
"2059","SST","SST03",2019,"SST032019","summer",2019-07-22,2019-08-19,NA,NA,28,"SST032019_summer",6,9
"2060","SST","SST04",2019,"SST042019","summer",2019-07-22,2019-09-03,NA,NA,43,"SST042019_summer",15,28
"2061","SST","SST05",2019,"SST052019","summer",2019-07-22,2019-09-03,NA,NA,43,"SST052019_summer",6,7
"2062","SST","SST06",2019,"SST062019","summer",2019-07-22,2019-08-19,NA,NA,28,"SST062019_summer",12,16
"2063","SST","SST07",2019,"SST072019","summer",2019-07-22,2019-09-03,NA,NA,43,"SST072019_summer",10,20
"2064","SST","SST08",2019,"SST082019","summer",2019-07-22,2019-09-03,NA,NA,43,"SST082019_summer",12,23
"2065","SST","SST09",2019,"SST092019","summer",2019-07-22,2019-09-03,NA,NA,43,"SST092019_summer",30,92
"2066","SST","SST10",2019,"SST102019","summer",2019-07-22,2019-09-03,NA,NA,43,"SST102019_summer",11,25
"2067","SST","SST11",2019,"SST112019","summer",2019-07-22,2019-09-03,NA,NA,43,"SST112019_summer",17,24
"2068","SST","SST12",2019,"SST122019","summer",2019-07-22,2019-09-03,NA,NA,43,"SST122019_summer",12,38
"2069","SST","SST13",2019,"SST132019","summer",2019-07-22,2019-09-03,NA,NA,43,"SST132019_summer",26,48
"2070","SST","SST14",2019,"SST142019","summer",2019-07-22,2019-09-03,NA,NA,43,"SST142019_summer",20,38
"2071","SST","SST15",2019,"SST152019","summer",2019-07-22,2019-08-05,NA,NA,14,"SST152019_summer",3,5
"2072","SST","SST16",2019,"SST162019","summer",2019-07-22,2019-08-19,NA,NA,28,"SST162019_summer",4,5
"2073","WAN","WAN01",2019,"WAN012019","summer",2019-07-24,2019-09-05,NA,NA,43,"WAN012019_summer",24,40
"2074","WAN","WAN02",2019,"WAN022019","summer",2019-07-24,2019-09-05,NA,NA,43,"WAN022019_summer",12,23
"2075","WAN","WAN03",2019,"WAN032019","summer",2019-07-24,2019-09-05,NA,NA,43,"WAN032019_summer",10,12
"2076","WAN","WAN04",2019,"WAN042019","summer",2019-07-24,2019-09-05,NA,NA,43,"WAN042019_summer",15,25
"2077","WAN","WAN05",2019,"WAN052019","summer",2019-07-24,2019-09-05,NA,NA,43,"WAN052019_summer",8,11
"2078","WAN","WAN06",2019,"WAN062019","summer",2019-07-24,2019-09-05,NA,NA,43,"WAN062019_summer",18,33
"2079","WAN","WAN07",2019,"WAN072019","summer",2019-07-24,2019-09-05,NA,NA,43,"WAN072019_summer",6,10
"2080","WAN","WAN08",2019,"WAN082019","summer",2019-07-24,2019-09-05,2019-08-07,2019-08-21,29,"WAN082019_summer",4,6
"2081","WAN","WAN09",2019,"WAN092019","summer",2019-07-24,2019-09-05,NA,NA,43,"WAN092019_summer",6,12
"2082","WAN","WAN10",2019,"WAN102019","summer",2019-07-24,2019-09-05,NA,NA,43,"WAN102019_summer",19,71
"2083","WAN","WAN11",2019,"WAN112019","summer",2019-07-24,2019-08-07,NA,NA,14,"WAN112019_summer",1,1
"2084","WAN","WAN12",2019,"WAN122019","summer",2019-07-24,2019-09-05,NA,NA,43,"WAN122019_summer",10,16
"2085","WAN","WAN13",2019,"WAN132019","summer",2019-07-24,2019-09-05,NA,NA,43,"WAN132019_summer",11,18
"2086","WAN","WAN14",2019,"WAN142019","summer",2019-07-24,2019-09-05,NA,NA,43,"WAN142019_summer",14,21
"2087","WAN","WAN15",2019,"WAN152019","summer",2019-07-24,2019-09-05,NA,NA,43,"WAN152019_summer",12,16
"2088","WAN","WAN16",2019,"WAN162019","summer",2019-07-24,2019-09-05,2019-08-07,2019-08-21,29,"WAN162019_summer",7,13
"2089","FBG","FBG01",2020,"FBG012020","summer",2020-07-22,2020-09-02,NA,NA,42,"FBG012020_summer",21,52
"2090","FBG","FBG02",2020,"FBG022020","summer",2020-07-22,2020-09-02,NA,NA,42,"FBG022020_summer",11,25
"2091","FBG","FBG03",2020,"FBG032020","summer",2020-07-22,2020-09-02,NA,NA,42,"FBG032020_summer",17,32
"2092","FBG","FBG04",2020,"FBG042020","summer",2020-07-22,2020-09-02,NA,NA,42,"FBG042020_summer",7,13
"2093","FBG","FBG05",2020,"FBG052020","summer",2020-07-22,2020-08-19,NA,NA,28,"FBG052020_summer",15,34
"2094","FBG","FBG06",2020,"FBG062020","summer",2020-07-22,2020-09-02,NA,NA,42,"FBG062020_summer",23,63
"2095","FBG","FBG07",2020,"FBG072020","summer",2020-07-22,2020-09-02,NA,NA,42,"FBG072020_summer",14,31
"2096","FBG","FBG08",2020,"FBG082020","summer",2020-07-22,2020-09-02,NA,NA,42,"FBG082020_summer",15,84
"2097","FBG","FBG09",2020,"FBG092020","summer",2020-07-22,2020-09-02,NA,NA,42,"FBG092020_summer",20,53
"2098","FBG","FBG10",2020,"FBG102020","summer",2020-07-22,2020-09-02,NA,NA,42,"FBG102020_summer",24,65
"2099","FBG","FBG11",2020,"FBG112020","summer",2020-07-22,2020-09-02,2020-08-05,2020-08-19,28,"FBG112020_summer",13,27
"2100","FBG","FBG12",2020,"FBG122020","summer",2020-07-22,2020-09-02,NA,NA,42,"FBG122020_summer",19,40
"2101","FBG","FBG13",2020,"FBG132020","summer",2020-07-22,2020-09-02,NA,NA,42,"FBG132020_summer",23,129
"2102","FBG","FBG14",2020,"FBG142020","summer",2020-07-22,2020-09-02,NA,NA,42,"FBG142020_summer",22,63
"2103","FBG","FBG15",2020,"FBG152020","summer",2020-07-22,2020-08-19,NA,NA,28,"FBG152020_summer",9,33
"2104","FBG","FBG16",2020,"FBG162020","summer",2020-07-22,2020-09-02,NA,NA,42,"FBG162020_summer",12,16
"2105","GFH","GFH01",2020,"GFH012020","summer",2020-07-23,2020-09-03,NA,NA,42,"GFH012020_summer",11,19
"2106","GFH","GFH02",2020,"GFH022020","summer",2020-07-23,2020-09-03,NA,NA,42,"GFH022020_summer",17,36
"2107","GFH","GFH03",2020,"GFH032020","summer",2020-07-23,2020-09-03,NA,NA,42,"GFH032020_summer",18,22
"2108","GFH","GFH04",2020,"GFH042020","summer",2020-07-23,2020-09-03,NA,NA,42,"GFH042020_summer",12,22
"2109","GFH","GFH05",2020,"GFH052020","summer",2020-07-23,2020-09-03,NA,NA,42,"GFH052020_summer",25,55
"2110","GFH","GFH06",2020,"GFH062020","summer",2020-07-23,2020-09-03,NA,NA,42,"GFH062020_summer",16,40
"2111","GFH","GFH07",2020,"GFH072020","summer",2020-07-23,2020-09-03,NA,NA,42,"GFH072020_summer",11,15
"2112","GFH","GFH08",2020,"GFH082020","summer",2020-07-23,2020-09-03,NA,NA,42,"GFH082020_summer",10,15
"2113","GFH","GFH09",2020,"GFH092020","summer",2020-07-23,2020-09-03,NA,NA,42,"GFH092020_summer",20,28
"2114","GFH","GFH10",2020,"GFH102020","summer",2020-07-23,2020-09-03,NA,NA,42,"GFH102020_summer",22,29
"2115","GFH","GFH11",2020,"GFH112020","summer",2020-07-23,2020-09-03,NA,NA,42,"GFH112020_summer",32,117
"2116","GFH","GFH12",2020,"GFH122020","summer",2020-07-23,2020-09-03,NA,NA,42,"GFH122020_summer",22,36
"2117","GFH","GFH13",2020,"GFH132020","summer",2020-07-23,2020-09-03,NA,NA,42,"GFH132020_summer",22,34
"2118","GFH","GFH14",2020,"GFH142020","summer",2020-07-23,2020-09-03,NA,NA,42,"GFH142020_summer",13,18
"2119","GFH","GFH15",2020,"GFH152020","summer",2020-07-23,2020-09-03,NA,NA,42,"GFH152020_summer",25,339
"2120","GFH","GFH16",2020,"GFH162020","summer",2020-07-23,2020-09-03,NA,NA,42,"GFH162020_summer",22,34
"2121","HAR","HAR01",2020,"HAR012020","summer",2020-08-04,2020-09-01,NA,NA,28,"HAR012020_summer",11,17
"2122","HAR","HAR02",2020,"HAR022020","summer",2020-07-21,2020-09-01,2020-08-04,2020-08-18,28,"HAR022020_summer",15,34
"2123","HAR","HAR03",2020,"HAR032020","summer",2020-07-21,2020-09-01,NA,NA,42,"HAR032020_summer",9,10
"2124","HAR","HAR04",2020,"HAR042020","summer",2020-07-21,2020-09-01,NA,NA,42,"HAR042020_summer",17,28
"2125","HAR","HAR05",2020,"HAR052020","summer",2020-07-21,2020-09-01,NA,NA,42,"HAR052020_summer",25,180
"2126","HAR","HAR06",2020,"HAR062020","summer",2020-07-21,2020-09-01,NA,NA,42,"HAR062020_summer",19,31
"2127","HAR","HAR07",2020,"HAR072020","summer",2020-07-21,2020-09-01,NA,NA,42,"HAR072020_summer",8,17
"2128","HAR","HAR08",2020,"HAR082020","summer",2020-07-21,2020-09-01,NA,NA,42,"HAR082020_summer",9,12
"2129","HAR","HAR09",2020,"HAR092020","summer",2020-07-21,2020-09-01,NA,NA,42,"HAR092020_summer",27,65
"2130","HAR","HAR10",2020,"HAR102020","summer",2020-07-21,2020-09-01,NA,NA,42,"HAR102020_summer",27,121
"2131","HAR","HAR11",2020,"HAR112020","summer",2020-07-21,2020-09-01,NA,NA,42,"HAR112020_summer",16,32
"2132","HAR","HAR12",2020,"HAR122020","summer",2020-07-21,2020-09-01,NA,NA,42,"HAR122020_summer",11,13
"2133","HAR","HAR13",2020,"HAR132020","summer",2020-07-21,2020-09-01,NA,NA,42,"HAR132020_summer",11,18
"2134","HAR","HAR14",2020,"HAR142020","summer",2020-07-21,2020-09-01,NA,NA,42,"HAR142020_summer",14,92
"2135","HAR","HAR15",2020,"HAR152020","summer",2020-07-21,2020-09-01,2020-08-18,2020-08-17,43,"HAR152020_summer",21,137
"2136","HAR","HAR16",2020,"HAR162020","summer",2020-07-21,2020-09-01,NA,NA,42,"HAR162020_summer",23,46
"2137","SIP","SIP01",2020,"SIP012020","summer",2020-07-23,2020-09-03,NA,NA,42,"SIP012020_summer",9,18
"2138","SIP","SIP02",2020,"SIP022020","summer",2020-07-23,2020-09-03,NA,NA,42,"SIP022020_summer",14,43
"2139","SIP","SIP03",2020,"SIP032020","summer",2020-07-23,2020-09-03,NA,NA,42,"SIP032020_summer",20,41
"2140","SIP","SIP05",2020,"SIP052020","summer",2020-07-23,2020-09-03,NA,NA,42,"SIP052020_summer",15,22
"2141","SIP","SIP06",2020,"SIP062020","summer",2020-07-23,2020-09-03,NA,NA,42,"SIP062020_summer",10,19
"2142","SIP","SIP07",2020,"SIP072020","summer",2020-07-23,2020-09-03,NA,NA,42,"SIP072020_summer",18,40
"2143","SIP","SIP08",2020,"SIP082020","summer",2020-07-23,2020-09-03,NA,NA,42,"SIP082020_summer",11,22
"2144","SIP","SIP09",2020,"SIP092020","summer",2020-07-23,2020-09-03,NA,NA,42,"SIP092020_summer",6,12
"2145","SIP","SIP10",2020,"SIP102020","summer",2020-07-23,2020-09-03,NA,NA,42,"SIP102020_summer",12,25
"2146","SIP","SIP11",2020,"SIP112020","summer",2020-07-23,2020-09-03,NA,NA,42,"SIP112020_summer",11,15
"2147","SIP","SIP12",2020,"SIP122020","summer",2020-07-23,2020-09-03,NA,NA,42,"SIP122020_summer",13,23
"2148","SIP","SIP13",2020,"SIP132020","summer",2020-08-06,2020-09-03,NA,NA,28,"SIP132020_summer",6,11
"2149","SIP","SIP14",2020,"SIP142020","summer",2020-07-23,2020-09-03,NA,NA,42,"SIP142020_summer",13,22
"2150","SIP","SIP15",2020,"SIP152020","summer",2020-07-23,2020-09-03,NA,NA,42,"SIP152020_summer",17,35
"2151","SIP","SIP16",2020,"SIP162020","summer",2020-07-23,2020-09-03,NA,NA,42,"SIP162020_summer",17,53
"2152","SST","SST01",2020,"SST012020","summer",2020-07-22,2020-09-02,2020-08-05,2020-08-19,28,"SST012020_summer",10,15
"2153","SST","SST02",2020,"SST022020","summer",2020-07-22,2020-09-02,NA,NA,42,"SST022020_summer",19,66
"2154","SST","SST03",2020,"SST032020","summer",2020-07-22,2020-09-02,NA,NA,42,"SST032020_summer",24,83
"2155","SST","SST04",2020,"SST042020","summer",2020-07-22,2020-09-02,NA,NA,42,"SST042020_summer",32,674
"2156","SST","SST05",2020,"SST052020","summer",2020-07-22,2020-09-02,NA,NA,42,"SST052020_summer",24,113
"2157","SST","SST06",2020,"SST062020","summer",2020-07-22,2020-09-02,NA,NA,42,"SST062020_summer",13,26
"2158","SST","SST07",2020,"SST072020","summer",2020-07-22,2020-09-02,NA,NA,42,"SST072020_summer",13,14
"2159","SST","SST08",2020,"SST082020","summer",2020-07-22,2020-09-02,NA,NA,42,"SST082020_summer",20,35
"2160","SST","SST09",2020,"SST092020","summer",2020-07-22,2020-09-02,NA,NA,42,"SST092020_summer",31,155
"2161","SST","SST10",2020,"SST102020","summer",2020-07-22,2020-09-02,NA,NA,42,"SST102020_summer",29,185
"2162","SST","SST11",2020,"SST112020","summer",2020-07-22,2020-09-02,NA,NA,42,"SST112020_summer",5,16
"2163","SST","SST12",2020,"SST122020","summer",2020-07-22,2020-09-02,NA,NA,42,"SST122020_summer",13,38
"2164","SST","SST13",2020,"SST132020","summer",2020-07-22,2020-09-02,NA,NA,42,"SST132020_summer",36,195
"2165","SST","SST14",2020,"SST142020","summer",2020-07-22,2020-09-02,NA,NA,42,"SST142020_summer",25,107
"2166","SST","SST15",2020,"SST152020","summer",2020-07-22,2020-09-02,NA,NA,42,"SST152020_summer",19,49
"2167","SST","SST16",2020,"SST162020","summer",2020-07-22,2020-09-02,NA,NA,42,"SST162020_summer",37,368
"2168","WAN","WAN01",2020,"WAN012020","summer",2020-07-21,2020-09-01,NA,NA,42,"WAN012020_summer",15,21
"2169","WAN","WAN02",2020,"WAN022020","summer",2020-07-21,2020-09-01,NA,NA,42,"WAN022020_summer",8,10
"2170","WAN","WAN03",2020,"WAN032020","summer",2020-07-21,2020-09-01,NA,NA,42,"WAN032020_summer",8,10
"2171","WAN","WAN04",2020,"WAN042020","summer",2020-07-21,2020-09-01,NA,NA,42,"WAN042020_summer",13,20
"2172","WAN","WAN05",2020,"WAN052020","summer",2020-07-21,2020-09-01,2020-08-04,2020-08-18,28,"WAN052020_summer",5,11
"2173","WAN","WAN06",2020,"WAN062020","summer",2020-07-21,2020-09-01,2020-08-04,2020-08-18,28,"WAN062020_summer",12,36
"2174","WAN","WAN07",2020,"WAN072020","summer",2020-07-21,2020-09-01,NA,NA,42,"WAN072020_summer",10,19
"2175","WAN","WAN08",2020,"WAN082020","summer",2020-07-21,2020-08-18,NA,NA,28,"WAN082020_summer",3,3
"2176","WAN","WAN09",2020,"WAN092020","summer",2020-07-21,2020-09-01,NA,NA,42,"WAN092020_summer",6,10
"2177","WAN","WAN10",2020,"WAN102020","summer",2020-07-21,2020-09-01,NA,NA,42,"WAN102020_summer",14,53
"2178","WAN","WAN11",2020,"WAN112020","summer",2020-07-21,2020-08-18,NA,NA,28,"WAN112020_summer",2,2
"2179","WAN","WAN12",2020,"WAN122020","summer",2020-07-21,2020-09-01,NA,NA,42,"WAN122020_summer",15,23
"2180","WAN","WAN13",2020,"WAN132020","summer",2020-07-21,2020-09-01,NA,NA,42,"WAN132020_summer",7,10
"2181","WAN","WAN14",2020,"WAN142020","summer",2020-07-21,2020-08-18,NA,NA,28,"WAN142020_summer",8,9
"2182","WAN","WAN15",2020,"WAN152020","summer",2020-07-21,2020-09-01,NA,NA,42,"WAN152020_summer",11,20
"2183","WAN","WAN16",2020,"WAN162020","summer",2020-07-21,2020-08-18,NA,NA,28,"WAN162020_summer",9,21
"2184","FBG","FBG01",2021,"FBG012021","summer",2021-07-22,2021-09-02,NA,NA,42,"FBG012021_summer",35,157
"2185","FBG","FBG02",2021,"FBG022021","summer",2021-07-22,2021-08-19,NA,NA,28,"FBG022021_summer",12,31
"2186","FBG","FBG03",2021,"FBG032021","summer",2021-07-22,2021-09-02,2021-09-02,2021-07-22,28,"FBG032021_summer",9,17
"2187","FBG","FBG04",2021,"FBG042021","summer",2021-07-22,2021-09-02,NA,NA,42,"FBG042021_summer",20,47
"2188","FBG","FBG05",2021,"FBG052021","summer",2021-08-05,2021-09-02,NA,NA,28,"FBG052021_summer",11,42
"2189","FBG","FBG06",2021,"FBG062021","summer",2021-07-22,2021-09-02,NA,NA,42,"FBG062021_summer",13,30
"2190","FBG","FBG07",2021,"FBG072021","summer",2021-07-22,2021-09-02,NA,NA,42,"FBG072021_summer",17,61
"2191","FBG","FBG08",2021,"FBG082021","summer",2021-07-22,2021-09-02,NA,NA,42,"FBG082021_summer",12,26
"2192","FBG","FBG09",2021,"FBG092021","summer",2021-07-22,2021-08-19,NA,NA,28,"FBG092021_summer",16,28
"2193","FBG","FBG10",2021,"FBG102021","summer",2021-07-22,2021-09-02,NA,NA,42,"FBG102021_summer",22,203
"2194","FBG","FBG11",2021,"FBG112021","summer",2021-07-22,2021-09-02,NA,NA,42,"FBG112021_summer",11,17
"2195","FBG","FBG12",2021,"FBG122021","summer",2021-07-22,2021-09-02,NA,NA,42,"FBG122021_summer",16,39
"2196","FBG","FBG13",2021,"FBG132021","summer",2021-07-22,2021-09-02,NA,NA,42,"FBG132021_summer",34,102
"2197","FBG","FBG14",2021,"FBG142021","summer",2021-07-22,2021-09-02,NA,NA,42,"FBG142021_summer",12,66
"2198","FBG","FBG15",2021,"FBG152021","summer",2021-07-22,2021-09-02,NA,NA,42,"FBG152021_summer",18,30
"2199","FBG","FBG16",2021,"FBG162021","summer",2021-07-22,2021-09-02,NA,NA,42,"FBG162021_summer",8,14
"2200","GFH","GFH01",2021,"GFH012021","summer",2021-07-21,2021-09-01,NA,NA,42,"GFH012021_summer",11,25
"2201","GFH","GFH02",2021,"GFH022021","summer",2021-07-21,2021-09-01,NA,NA,42,"GFH022021_summer",13,209
"2202","GFH","GFH03",2021,"GFH032021","summer",2021-07-21,2021-09-01,NA,NA,42,"GFH032021_summer",23,75
"2203","GFH","GFH04",2021,"GFH042021","summer",2021-07-21,2021-09-01,NA,NA,42,"GFH042021_summer",39,270
"2204","GFH","GFH05",2021,"GFH052021","summer",2021-07-21,2021-09-01,NA,NA,42,"GFH052021_summer",30,109
"2205","GFH","GFH06",2021,"GFH062021","summer",2021-07-21,2021-09-01,NA,NA,42,"GFH062021_summer",12,31
"2206","GFH","GFH07",2021,"GFH072021","summer",2021-07-21,2021-09-01,NA,NA,42,"GFH072021_summer",9,13
"2207","GFH","GFH08",2021,"GFH082021","summer",2021-07-21,2021-09-01,NA,NA,42,"GFH082021_summer",11,18
"2208","GFH","GFH09",2021,"GFH092021","summer",2021-07-21,2021-09-01,NA,NA,42,"GFH092021_summer",19,32
"2209","GFH","GFH10",2021,"GFH102021","summer",2021-07-21,2021-09-01,NA,NA,42,"GFH102021_summer",19,52
"2210","GFH","GFH11",2021,"GFH112021","summer",2021-07-21,2021-09-01,NA,NA,42,"GFH112021_summer",18,47
"2211","GFH","GFH12",2021,"GFH122021","summer",2021-07-21,2021-09-01,NA,NA,42,"GFH122021_summer",11,21
"2212","GFH","GFH13",2021,"GFH132021","summer",2021-07-21,2021-09-01,NA,NA,42,"GFH132021_summer",17,23
"2213","GFH","GFH14",2021,"GFH142021","summer",2021-07-21,2021-09-01,NA,NA,42,"GFH142021_summer",23,75
"2214","GFH","GFH15",2021,"GFH152021","summer",2021-07-21,2021-09-01,NA,NA,42,"GFH152021_summer",15,44
"2215","GFH","GFH16",2021,"GFH162021","summer",2021-08-04,2021-09-01,NA,NA,28,"GFH162021_summer",6,10
"2216","HAR","HAR01",2021,"HAR012021","summer",2021-07-20,2021-08-31,NA,NA,42,"HAR012021_summer",22,44
"2217","HAR","HAR02",2021,"HAR022021","summer",2021-07-20,2021-08-31,NA,NA,42,"HAR022021_summer",16,33
"2218","HAR","HAR03",2021,"HAR032021","summer",2021-07-20,2021-08-31,NA,NA,42,"HAR032021_summer",16,22
"2219","HAR","HAR04",2021,"HAR042021","summer",2021-07-20,2021-08-31,NA,NA,42,"HAR042021_summer",12,15
"2220","HAR","HAR05",2021,"HAR052021","summer",2021-07-20,2021-08-31,NA,NA,42,"HAR052021_summer",21,67
"2221","HAR","HAR06",2021,"HAR062021","summer",2021-08-03,2021-08-31,NA,NA,28,"HAR062021_summer",17,28
"2222","HAR","HAR07",2021,"HAR072021","summer",2021-07-20,2021-08-31,NA,NA,42,"HAR072021_summer",18,42
"2223","HAR","HAR08",2021,"HAR082021","summer",2021-07-20,2021-08-31,NA,NA,42,"HAR082021_summer",8,13
"2224","HAR","HAR09",2021,"HAR092021","summer",2021-07-20,2021-08-31,NA,NA,42,"HAR092021_summer",20,72
"2225","HAR","HAR10",2021,"HAR102021","summer",2021-08-03,2021-08-31,NA,NA,28,"HAR102021_summer",17,43
"2226","HAR","HAR11",2021,"HAR112021","summer",2021-07-20,2021-08-31,NA,NA,42,"HAR112021_summer",31,98
"2227","HAR","HAR12",2021,"HAR122021","summer",2021-07-20,2021-08-31,NA,NA,42,"HAR122021_summer",21,29
"2228","HAR","HAR13",2021,"HAR132021","summer",2021-07-20,2021-08-31,NA,NA,42,"HAR132021_summer",19,26
"2229","HAR","HAR14",2021,"HAR142021","summer",2021-07-20,2021-08-31,NA,NA,42,"HAR142021_summer",19,59
"2230","HAR","HAR15",2021,"HAR152021","summer",2021-07-20,2021-08-17,NA,NA,28,"HAR152021_summer",26,147
"2231","HAR","HAR16",2021,"HAR162021","summer",2021-08-03,2021-08-31,NA,NA,28,"HAR162021_summer",27,65
"2232","SIP","SIP01",2021,"SIP012021","summer",2021-07-21,2021-08-18,NA,NA,28,"SIP012021_summer",5,7
"2233","SIP","SIP02",2021,"SIP022021","summer",2021-07-21,2021-08-18,NA,NA,28,"SIP022021_summer",18,45
"2234","SIP","SIP03",2021,"SIP032021","summer",2021-07-21,2021-08-18,NA,NA,28,"SIP032021_summer",16,49
"2235","SIP","SIP05",2021,"SIP052021","summer",2021-07-21,2021-08-18,NA,NA,28,"SIP052021_summer",5,5
"2236","SIP","SIP06",2021,"SIP062021","summer",2021-07-21,2021-08-18,NA,NA,28,"SIP062021_summer",8,23
"2237","SIP","SIP07",2021,"SIP072021","summer",2021-07-21,2021-08-18,NA,NA,28,"SIP072021_summer",13,22
"2238","SIP","SIP08",2021,"SIP082021","summer",2021-07-21,2021-08-18,NA,NA,28,"SIP082021_summer",8,13
"2239","SIP","SIP09",2021,"SIP092021","summer",2021-07-21,2021-08-18,NA,NA,28,"SIP092021_summer",6,9
"2240","SIP","SIP10",2021,"SIP102021","summer",2021-07-21,2021-08-18,NA,NA,28,"SIP102021_summer",7,12
"2241","SIP","SIP11",2021,"SIP112021","summer",2021-07-21,2021-08-18,NA,NA,28,"SIP112021_summer",8,155
"2242","SIP","SIP12",2021,"SIP122021","summer",2021-07-21,2021-08-18,NA,NA,28,"SIP122021_summer",12,28
"2243","SIP","SIP13",2021,"SIP132021","summer",2021-07-21,2021-08-18,NA,NA,28,"SIP132021_summer",7,13
"2244","SIP","SIP14",2021,"SIP142021","summer",2021-07-21,2021-08-18,NA,NA,28,"SIP142021_summer",7,14
"2245","SIP","SIP15",2021,"SIP152021","summer",2021-07-21,2021-08-18,NA,NA,28,"SIP152021_summer",12,44
"2246","SIP","SIP16",2021,"SIP162021","summer",2021-07-21,2021-08-18,NA,NA,28,"SIP162021_summer",14,91
"2247","SST","SST01",2021,"SST012021","summer",2021-07-22,2021-08-19,NA,NA,28,"SST012021_summer",9,12
"2248","SST","SST02",2021,"SST022021","summer",2021-07-22,2021-08-19,NA,NA,28,"SST022021_summer",18,31
"2249","SST","SST03",2021,"SST032021","summer",2021-07-22,2021-08-19,NA,NA,28,"SST032021_summer",14,29
"2250","SST","SST04",2021,"SST042021","summer",2021-07-22,2021-08-19,NA,NA,28,"SST042021_summer",17,43
"2251","SST","SST05",2021,"SST052021","summer",2021-07-22,2021-08-19,NA,NA,28,"SST052021_summer",4,4
"2252","SST","SST06",2021,"SST062021","summer",2021-07-22,2021-08-19,NA,NA,28,"SST062021_summer",19,27
"2253","SST","SST07",2021,"SST072021","summer",2021-07-22,2021-08-19,NA,NA,28,"SST072021_summer",6,7
"2254","SST","SST08",2021,"SST082021","summer",2021-07-22,2021-08-19,NA,NA,28,"SST082021_summer",9,11
"2255","SST","SST09",2021,"SST092021","summer",2021-07-22,2021-08-19,NA,NA,28,"SST092021_summer",8,9
"2256","SST","SST10",2021,"SST102021","summer",2021-07-22,2021-08-19,NA,NA,28,"SST102021_summer",9,13
"2257","SST","SST11",2021,"SST112021","summer",2021-07-22,2021-08-19,NA,NA,28,"SST112021_summer",11,21
"2258","SST","SST12",2021,"SST122021","summer",2021-07-22,2021-08-19,NA,NA,28,"SST122021_summer",6,8
"2259","SST","SST13",2021,"SST132021","summer",2021-07-22,2021-08-19,NA,NA,28,"SST132021_summer",9,23
"2260","SST","SST14",2021,"SST142021","summer",2021-07-22,2021-08-19,NA,NA,28,"SST142021_summer",15,33
"2261","SST","SST15",2021,"SST152021","summer",2021-07-22,2021-08-19,NA,NA,28,"SST152021_summer",17,48
"2262","SST","SST16",2021,"SST162021","summer",2021-07-22,2021-08-19,NA,NA,28,"SST162021_summer",30,186
"2263","WAN","WAN01",2021,"WAN012021","summer",2021-07-20,2021-08-31,NA,NA,42,"WAN012021_summer",14,33
"2264","WAN","WAN02",2021,"WAN022021","summer",2021-07-20,2021-08-31,NA,NA,42,"WAN022021_summer",16,36
"2265","WAN","WAN03",2021,"WAN032021","summer",2021-07-20,2021-08-31,NA,NA,42,"WAN032021_summer",15,23
"2266","WAN","WAN04",2021,"WAN042021","summer",2021-07-20,2021-08-31,NA,NA,42,"WAN042021_summer",19,42
"2267","WAN","WAN05",2021,"WAN052021","summer",2021-07-20,2021-08-31,NA,NA,42,"WAN052021_summer",11,27
"2268","WAN","WAN06",2021,"WAN062021","summer",2021-07-20,2021-08-31,NA,NA,42,"WAN062021_summer",29,52
"2269","WAN","WAN07",2021,"WAN072021","summer",2021-07-20,2021-08-17,NA,NA,28,"WAN072021_summer",2,2
"2270","WAN","WAN08",2021,"WAN082021","summer",2021-07-20,2021-08-31,NA,NA,42,"WAN082021_summer",7,11
"2271","WAN","WAN09",2021,"WAN092021","summer",2021-07-20,2021-08-31,NA,NA,42,"WAN092021_summer",10,12
"2272","WAN","WAN10",2021,"WAN102021","summer",2021-07-20,2021-08-31,NA,NA,42,"WAN102021_summer",23,81
"2273","WAN","WAN11",2021,"WAN112021","summer",2021-07-20,2021-08-31,NA,NA,42,"WAN112021_summer",2,2
"2274","WAN","WAN12",2021,"WAN122021","summer",2021-07-20,2021-08-31,NA,NA,42,"WAN122021_summer",17,32
"2275","WAN","WAN13",2021,"WAN132021","summer",2021-07-20,2021-08-31,2021-08-03,2021-08-17,28,"WAN132021_summer",6,6
"2276","WAN","WAN14",2021,"WAN142021","summer",2021-07-20,2021-08-31,NA,NA,42,"WAN142021_summer",21,48
"2277","WAN","WAN15",2021,"WAN152021","summer",2021-07-20,2021-08-31,NA,NA,42,"WAN152021_summer",15,32
"2278","WAN","WAN16",2021,"WAN162021","summer",2021-07-20,2021-08-31,NA,NA,42,"WAN162021_summer",9,11
